branch,phase,step,theta0,theta1,loss,g0,g1,g_norm,m0,m1,m_norm,v0,v1,sqrt_v0,sqrt_v1,adam_step_count,cos_m_g,update0,update1,update_norm,predicted_update_norm,predicted_matches_actual,update_cos_neg_g
warmup,A,0,-1.0,1.0,8.125,-4.0,0.25,4.007804870605469,0.0,0.0,0.0,0.0,0.0,0.0,0.0,0.0,nan,0.09999996423721313,-0.09999996423721313,0.14142130315303802,0.14142043888568878,True,0.7498378753662109
warmup,A,1,-0.9000000357627869,0.9000000357627869,7.7062506675720215,-3.9000000953674316,0.22500000894069672,3.906485080718994,-0.4000000059604645,0.02500000037252903,0.40078049898147583,0.01600000075995922,6.25000029685907e-05,0.12649111449718475,0.007905694656074047,1.0,0.9999884963035583,0.09992599487304688,-0.09958773851394653,0.14107771217823029,0.14107631146907806,True,0.7477865815162659
warmup,A,2,-0.80007404088974,0.8004122972488403,7.300364017486572,-3.8000741004943848,0.20010307431221008,3.8053388595581055,-0.75,0.04500000178813934,0.7513487935066223,0.03119400329887867,0.00011306250962661579,0.17661824822425842,0.01063308585435152,2.0,0.9999732375144958,0.09980016946792603,-0.09882593154907227,0.1404515504837036,0.14045104384422302,True,0.7465837001800537
warmup,A,3,-0.700273871421814,0.7015863656997681,6.907541751861572,-3.7002739906311035,0.17539659142494202,3.7044286727905273,-1.0550074577331543,0.0605103075504303,1.0567413568496704,0.045603372156620026,0.0001529906876385212,0.21354946494102478,0.012368940748274326,3.0,0.999950647354126,0.09962064027786255,-0.09764719009399414,0.13949640095233917,0.13949504494667053,True,0.7464873194694519
warmup,A,4,-0.6006532311439514,0.6039391756057739,6.527944564819336,-3.6006531715393066,0.15098479390144348,3.6038174629211426,-1.3195340633392334,0.07199893891811371,1.321496844291687,0.05924979969859123,0.00018360167450737208,0.2434128224849701,0.013549969531595707,4.0,0.9999206066131592,0.09938567876815796,-0.09597539901733398,0.13816218078136444,0.13816095888614655,True,0.7478122711181641
warmup,A,5,-0.5012675523757935,0.5079637765884399,6.1616902351379395,-3.501267433166504,0.12699094414710999,3.5035696029663086,-1.547645926475525,0.07989752292633057,1.5497069358825684,0.07215525209903717,0.00020621447765734047,0.26861730217933655,0.014360169880092144,5.0,0.9998825192451477,0.09909370541572571,-0.09372720122337341,0.13639776408672333,0.1363970786333084,True,0.7509349584579468
warmup,A,6,-0.40217384696006775,0.41423657536506653,5.808842182159424,-3.4021737575531006,0.10355914384126663,3.403749465942383,-1.7430081367492676,0.08460686355829239,1.7450603246688843,0.08434197306632996,0.00022213495685718954,0.2904168963432312,0.01490419264882803,6.0,0.9998366832733154,0.09874311089515686,-0.09081575274467468,0.1341555118560791,0.13415446877479553,True,0.7562900185585022
warmup,A,7,-0.3034307360649109,0.32342082262039185,5.46940279006958,-3.3034307956695557,0.08085520565509796,3.304420232772827,-1.9089246988296509,0.0865020900964737,1.9108835458755493,0.09583242237567902,0.00023263732146006078,0.3095681369304657,0.015252453275024891,7.0,0.9997835159301758,0.0983324944972992,-0.0871569812297821,0.13139870762825012,0.13139773905277252,True,0.7643581032752991
warmup,A,8,-0.2050982415676117,0.23626384139060974,5.143304824829102,-3.2050981521606445,0.059065960347652435,3.2056424617767334,-2.048375368118286,0.08593740314245224,2.0501773357391357,0.106649249792099,0.0002389422443229705,0.3265719711780548,0.01545775681734085,8.0,0.9997237920761108,0.09786052256822586,-0.08267916738986969,0.12811137735843658,0.1281103491783142,True,0.7756322622299194
warmup,A,9,-0.10723771899938583,0.15358467400074005,4.8304123878479,-3.1072378158569336,0.03839616850018501,3.1074750423431396,-2.1640477180480957,0.0832502618432045,2.1656484603881836,0.11681525409221649,0.00024219209444709122,0.34178248047828674,0.01556252222508192,9.0,0.999659538269043,0.09732598811388016,-0.0773354098200798,0.12431055307388306,0.1243097260594368,True,0.7905532717704773
warmup,A,10,-0.009911730885505676,0.07624926418066025,4.530511379241943,-3.0099117755889893,0.019062316045165062,3.009972095489502,-2.258366823196411,0.07876485586166382,2.259739875793457,0.12635336816310883,0.00024342417600564659,0.3554621934890747,0.015602056868374348,10.0,0.9995931386947632,0.09672784805297852,-0.07111765444278717,0.12005830556154251,0.12005750834941864,True,0.8094092607498169
warmup,A,11,0.08681611716747284,0.005131609737873077,4.243323802947998,-2.9131839275360107,0.0012829024344682693,2.913184404373169,-2.3335213661193848,0.0727946013212204,2.3346564769744873,0.1352865844964981,0.00024354412744287401,0.36781325936317444,0.015605900436639786,11.0,0.9995273947715759,0.09606517851352692,-0.06406939774751663,0.11547037214040756,0.11546949297189713,True,0.8321906924247742
warmup,A,12,0.18288129568099976,-0.058937788009643555,3.968512773513794,-2.8171186447143555,-0.014734447002410889,2.817157030105591,-2.3914875984191895,0.06564342975616455,2.392388343811035,0.14363794028759003,0.00024330223095603287,0.37899595499038696,0.015598148107528687,12.0,0.9994664192199707,0.09533721208572388,-0.0562930554151535,0.11071626842021942,0.11071548610925674,True,0.8584238290786743
warmup,A,13,0.27821850776672363,-0.11523084342479706,3.70570707321167,-2.7217814922332764,-0.028807710856199265,2.7219338417053223,-2.4340507984161377,0.057605642825365067,2.434732437133789,0.15143047273159027,0.0002432760375086218,0.38914069533348083,0.015597308985888958,13.0,0.9994136691093445,0.09454336762428284,-0.047948554158210754,0.10600713640451431,0.10600633919239044,True,0.887021541595459
warmup,A,14,0.37276187539100647,-0.1631793975830078,3.4545180797576904,-2.6272380352020264,-0.04079484939575195,2.6275546550750732,-2.4628238677978516,0.048964306712150574,2.463310480117798,0.15868714451789856,0.0002438626397633925,0.39835554361343384,0.015616102144122124,14.0,0.9993734359741211,0.0936831533908844,-0.03924162685871124,0.10156987607479095,0.10156922787427902,True,0.916242241859436
warmup,A,15,0.46644502878189087,-0.20242102444171906,3.2145721912384033,-2.533555030822754,-0.050605256110429764,2.534060478210449,-2.4792652130126953,0.03998839110136032,2.4795875549316406,0.16543084383010864,0.0002452830085530877,0.40673190355300903,0.015661513432860374,15.0,0.999348521232605,0.09275639057159424,-0.03040383756160736,0.09761220216751099,0.09761153906583786,True,0.9438443779945374
warmup,A,16,0.5592014193534851,-0.23282486200332642,2.9855246543884277,-2.44079852104187,-0.058206215500831604,2.4414925575256348,-2.484694242477417,0.030929025262594223,2.484886646270752,0.17168430984020233,0.00024759862571954727,0.4143480658531189,0.015735266730189323,16.0,0.9993416666984558,0.0917629599571228,-0.0216691792011261,0.09428676217794418,0.09428620338439941,True,0.967477023601532
warmup,A,17,0.6509643793106079,-0.2544940412044525,2.767080545425415,-2.3490357398986816,-0.06362351030111313,2.3498971462249756,-2.480304718017578,0.02201550081372261,2.4804022312164307,0.1774701327085495,0.0002507390163373202,0.42127203941345215,0.015834741294384003,17.0,0.9993538856506348,0.09070301055908203,-0.013253211975097656,0.09166615456342697,0.0916655883193016,True,0.9852156639099121
warmup,A,18,0.7416673898696899,-0.26774725317955017,2.5589942932128906,-2.2583327293395996,-0.06693681329488754,2.259324550628662,-2.4671778678894043,0.013451599515974522,2.467214584350586,0.18281063437461853,0.00025453625130467117,0.4275636076927185,0.015954192727804184,18.0,0.9993847012519836,0.08957678079605103,-0.005338490009307861,0.0897357165813446,0.08973509818315506,True,0.9960280060768127
warmup,A,19,0.831244170665741,-0.27308574318885803,2.3610727787017822,-2.1687557697296143,-0.06827143579721451,2.169830083847046,-2.446293354034424,0.005412758328020573,2.4462993144989014,0.1877278983592987,0.00025876224390231073,0.4332757890224457,0.016086088493466377,19.0,0.9994328022003174,0.08838486671447754,0.0019316673278808594,0.08840597420930862,0.08840535581111908,True,0.9999536871910095
warmup,A,20,0.9196290373802185,-0.2711540758609772,2.1731622219085693,-2.0803709030151367,-0.0677885189652443,2.081475019454956,-2.418539524078369,-0.001955660991370678,2.4185402393341064,0.19224368035793304,0.0002631644601933658,0.4384560286998749,0.01622234471142292,20.0,0.9994956254959106,0.08712798357009888,0.008453041315078735,0.08753707259893417,0.08753649145364761,True,0.9979435801506042
warmup,A,21,1.0067570209503174,-0.26270103454589844,1.9951353073120117,-1.9932429790496826,-0.06567525863647461,1.9943246841430664,-2.3847227096557617,-0.008538947440683842,2.384737968444824,0.1963793784379959,0.0002674965944606811,0.44314712285995483,0.016355322673916817,21.0,0.9995690584182739,0.0858069658279419,0.014155730605125427,0.08696677535772324,0.08696622401475906,True,0.9914888739585876
warmup,A,22,1.0925639867782593,-0.248545303940773,1.8268779516220093,-1.9074360132217407,-0.06213632598519325,1.9084478616714478,-2.3455746173858643,-0.01425257883965969,2.3456180095672607,0.20015601813793182,0.0002715423470363021,0.4473879933357239,0.016478542238473892,22.0,0.9996491074562073,0.08442306518554688,0.018997743725776672,0.08653420209884644,0.08653368800878525,True,0.9822341203689575
warmup,A,23,1.1769870519638062,-0.22954756021499634,1.6682746410369873,-1.8230129480361938,-0.057386890053749084,1.823915958404541,-2.301760673522949,-0.019040953367948532,2.3018393516540527,0.2035941779613495,0.00027513172244653106,0.45121410489082336,0.016587095335125923,23.0,0.9997310638427734,0.08297765254974365,0.022958651185035706,0.08609523624181747,0.0860946774482727,True,0.9717022180557251
warmup,A,24,1.2599647045135498,-0.20658890902996063,1.5191962718963623,-1.7400352954864502,-0.05164722725749016,1.7408015727996826,-2.2538859844207764,-0.022875547409057617,2.254002094268799,0.2067139595746994,0.00027814984787255526,0.45465806126594543,0.016677824780344963,24.0,0.9998093843460083,0.08147227764129639,0.026034459471702576,0.0855308473110199,0.08553030341863632,True,0.961159884929657
warmup,A,25,1.3414369821548462,-0.18055444955825806,1.379490613937378,-1.6585630178451538,-0.045138612389564514,1.6591771841049194,-2.202500820159912,-0.0257527157664299,2.2026515007019043,0.20953497290611267,0.0002805391268339008,0.4577499032020569,0.016749301925301552,25.0,0.9998794794082642,0.07990884780883789,0.028234213590621948,0.08475019037723541,0.08474960923194885,True,0.9515895247459412
warmup,A,26,1.421345829963684,-0.1523202359676361,1.2489745616912842,-1.578654170036316,-0.03808005899190903,1.5791133642196655,-2.1481070518493652,-0.027691304683685303,2.148285388946533,0.21207627654075623,0.00028229609597474337,0.46051740646362305,0.01680167019367218,26.0,0.9999370574951172,0.07828915119171143,0.029578201472759247,0.08369027078151703,0.08368974179029465,True,0.9437137246131897
warmup,A,27,1.4996349811553955,-0.12274203449487686,1.12743079662323,-1.5003650188446045,-0.030685508623719215,1.5006787776947021,-2.0911617279052734,-0.028730180114507675,2.0913591384887695,0.21435634791851044,0.00028346391627565026,0.4629863500595093,0.016836386173963547,27.0,0.9999775290489197,0.07661569118499756,0.030097462236881256,0.08231537789106369,0.0823148638010025,True,0.9380397796630859
warmup,A,28,1.576250672340393,-0.0926445722579956,1.0146039724349976,-1.423749327659607,-0.0231611430644989,1.4239376783370972,-2.0320820808410645,-0.028925713151693344,2.032288074493408,0.21639308333396912,0.0002841220411937684,0.4651806950569153,0.016855919733643532,28.0,0.9999979138374329,0.0748908519744873,0.029834218323230743,0.08061464130878448,0.08061414211988449,True,0.9348949193954468
warmup,A,29,1.6511415243148804,-0.06281035393476486,0.9102027416229248,-1.3488584756851196,-0.015702588483691216,1.3489497900009155,-1.971248745918274,-0.0283492561429739,1.9714525938034058,0.21820375323295593,0.00028437437140382826,0.4671228528022766,0.016863403841853142,29.0,0.9999963045120239,0.07311725616455078,0.02884272113442421,0.07860048115253448,0.07859998196363449,True,0.9344478845596313
warmup,A,30,1.7242587804794312,-0.03396763280034065,0.8139020800590515,-1.2757412195205688,-0.008491908200085163,1.2757694721221924,-1.9090096950531006,-0.0270845890045166,1.9092018604278564,0.21980497241020203,0.00028433656552806497,0.4688336253166199,0.016862282529473305,30.0,0.9999716877937317,0.07129788398742676,0.027189843356609344,0.07630646228790283,0.07630594819784164,True,0.9367133975028992
warmup,A,31,1.795556664466858,-0.006777789443731308,0.7253475785255432,-1.204443335533142,-0.001694447360932827,1.2044445276260376,-1.8456828594207764,-0.0252253208309412,1.8458552360534668,0.22121268510818481,0.00028412434039637446,0.470332533121109,0.016855988651514053,31.0,0.9999248385429382,0.069435715675354,0.02495516650378704,0.0737840011715889,0.07378347963094711,True,0.9415421485900879
warmup,A,32,1.864992380142212,0.018177377060055733,0.6441624760627747,-1.135007619857788,0.004544344265013933,1.135016679763794,-1.781558871269226,-0.022872233763337135,1.7817057371139526,0.222442165017128,0.00028384311008267105,0.4716377556324005,0.0168476440012455,32.0,0.9998581409454346,0.06753408908843994,0.022230131551623344,0.07109875231981277,0.07109831273555756,True,0.9486038088798523
warmup,A,33,1.9325264692306519,0.04040750861167908,0.569953978061676,-1.0674735307693481,0.01010187715291977,1.067521333694458,-1.7169036865234375,-0.020130576565861702,1.7170217037200928,0.22350795567035675,0.0002835799241438508,0.47276628017425537,0.016839832067489624,33.0,0.9997755885124207,0.06559646129608154,0.019116081297397614,0.06832510232925415,0.06832468509674072,True,0.957373321056366
warmup,A,34,1.9981229305267334,0.05952358990907669,0.502321720123291,-1.0018770694732666,0.014880897477269173,1.0019875764846802,-1.6519606113433838,-0.01710733026266098,1.65204918384552,0.22442395985126495,0.0002833983744494617,0.473734050989151,0.0168344397097826,34.0,0.9996822476387024,0.06362652778625488,0.01572137326002121,0.06554003804922104,0.06553956866264343,True,0.967134416103363
warmup,A,35,2.0617494583129883,0.0752449631690979,0.4408647418022156,-0.9382505416870117,0.018811240792274475,0.9384390711784363,-1.5869522094726562,-0.01390850730240345,1.5870131254196167,0.22520329058170319,0.00028333644149824977,0.4745558798313141,0.01683260127902031,35.0,0.999584972858429,0.061627864837646484,0.012157708406448364,0.06281563639640808,0.06281515955924988,True,0.9770143628120422
warmup,A,36,2.1233773231506348,0.08740267157554626,0.3851885497570038,-0.8766226768493652,0.021850667893886566,0.8768949508666992,-1.5220820903778076,-0.010636532679200172,1.5221192836761475,0.2258584052324295,0.0002834069891832769,0.4752456247806549,0.016834696754813194,36.0,0.9994909167289734,0.05960440635681152,0.008536122739315033,0.06021254509687424,0.060212235897779465,True,0.9860601425170898
warmup,A,37,2.1829817295074463,0.0959387943148613,0.33490994572639465,-0.8170182704925537,0.023984698578715324,0.8173702359199524,-1.4575361013412476,-0.007387812715023756,1.457554817199707,0.22640101611614227,0.00028360102442093194,0.47581616044044495,0.016840457916259766,37.0,0.9994078278541565,0.05756044387817383,0.004963099956512451,0.05777401849627495,0.05777362734079361,True,0.9933534860610962
warmup,A,38,2.24054217338562,0.10090189427137375,0.2896607518196106,-0.7594578266143799,0.025225473567843437,0.7598766684532166,-1.393484354019165,-0.004250561818480492,1.3934909105300903,0.22684213519096375,0.0002838927030097693,0.47627946734428406,0.01684911549091339,38.0,0.9993428587913513,0.05549979209899902,0.0015370696783065796,0.05552107095718384,0.055520735681056976,True,0.9981467723846436
warmup,A,39,2.296041965484619,0.10243896394968033,0.24909017980098724,-0.7039580345153809,0.025609740987420082,0.704423725605011,-1.3300817012786865,-0.00130295823328197,1.3300822973251343,0.22719207406044006,0.00028424515039660037,0.47664669156074524,0.016859572380781174,39.0,0.9993028044700623,0.05342698097229004,-0.0016543641686439514,0.053452588617801666,0.05345211923122406,True,0.9999853372573853
warmup,A,40,2.349468946456909,0.10078459978103638,0.21286502480506897,-0.6505310535430908,0.025196149945259094,0.6510187983512878,-1.2674692869186401,0.001388311618939042,1.267470121383667,0.22746044397354126,0.0002846167772077024,0.47692814469337463,0.016870589926838875,40.0,0.9992926120758057,0.0513458251953125,-0.004536464810371399,0.05154583603143692,0.05154547095298767,True,0.9987797737121582
warmup,A,41,2.4008147716522217,0.09624813497066498,0.18066944181919098,-0.5991852283477783,0.024062033742666245,0.5996681451797485,-1.205775499343872,0.0037690955214202404,1.20578134059906,0.22765618562698364,0.00028496701270341873,0.47713330388069153,0.01688096672296524,41.0,0.9993153214454651,0.049260854721069336,-0.007048614323139191,0.04976258426904678,0.04976233094930649,True,0.9948038458824158
warmup,A,42,2.450075626373291,0.08919952064752579,0.15220297873020172,-0.549924373626709,0.022299880161881447,0.5503763556480408,-1.1451164484024048,0.005798389203846455,1.1451311111450195,0.2277875542640686,0.0002852610487025231,0.4772709310054779,0.016889672726392746,42.0,0.9993711113929749,0.04717659950256348,-0.009144961833953857,0.048054780811071396,0.04805444926023483,True,0.9886298179626465
warmup,A,43,2.4972522258758545,0.08005455881357193,0.12717874348163605,-0.5027477741241455,0.020013639703392982,0.5031459331512451,-1.085597276687622,0.007448538206517696,1.085622787475586,0.2278621941804886,0.0002854730992112309,0.4773491322994232,0.016895949840545654,43.0,0.9994581341743469,0.04509711265563965,-0.010794587433338165,0.04637103155255318,0.04637063294649124,True,0.9810176491737366
warmup,A,44,2.542349338531494,0.06925997138023376,0.10532167553901672,-0.45765066146850586,0.01731499284505844,0.45797809958457947,-1.0273122787475586,0.008705048821866512,1.0273492336273193,0.2278870940208435,0.0002855881757568568,0.47737520933151245,0.01689935475587845,44.0,0.9995694756507874,0.04302644729614258,-0.011981286108493805,0.044663477689027786,0.04466330632567406,True,0.9728007912635803
warmup,A,45,2.5853757858276367,0.05727868527173996,0.08636672049760818,-0.4146242141723633,0.01431967131793499,0.4148714244365692,-0.9703460931777954,0.009566043503582478,0.9703932404518127,0.22786866128444672,0.0002856023784261197,0.4773558974266052,0.016899773851037025,45.0,0.9996958374977112,0.0409693717956543,-0.012703098356723785,0.04289356619119644,0.04289332032203674,True,0.9647931456565857
warmup,A,46,2.626345157623291,0.044575586915016174,0.07005733996629715,-0.373654842376709,0.011143896728754044,0.373820960521698,-0.9147738814353943,0.010041406378149986,0.9148290157318115,0.22781270742416382,0.0002855218481272459,0.477297306060791,0.01689739152789116,46.0,0.9998225569725037,0.03892970085144043,-0.012971587479114532,0.04103393107652664,0.041033655405044556,True,0.9577218890190125
warmup,A,47,2.6652748584747314,0.03160399943590164,0.0561453141272068,-0.33472514152526855,0.00790099985897541,0.33481839299201965,-0.8606619834899902,0.010151655413210392,0.8607218265533447,0.22772452235221863,0.00028536052559502423,0.47720491886138916,0.01689261756837368,47.0,0.999930202960968,0.0369114875793457,-0.012810934334993362,0.03907144442200661,0.039071209728717804,True,0.9521920084953308
warmup,A,48,2.702186346054077,0.01879306510090828,0.04439063370227814,-0.29781365394592285,0.00469826627522707,0.29785069823265076,-0.8080682754516602,0.009926590137183666,0.8081292510032654,0.2276088446378708,0.00028513759025372565,0.477083683013916,0.016886018216609955,48.0,0.9999939799308777,0.034918785095214844,-0.012256721034646034,0.0370074138045311,0.037007104605436325,True,0.9486688375473022
warmup,A,49,2.737105131149292,0.006536344066262245,0.03456219658255577,-0.262894868850708,0.0016340860165655613,0.2628999352455139,-0.7570428252220154,0.009403757750988007,0.7571012377738953,0.22746993601322174,0.00028487452073022723,0.4769380986690521,0.016878226771950722,49.0,0.9999807476997375,0.032955169677734375,-0.011354461312294006,0.03485637530684471,0.034856121987104416,True,0.9474624395370483
warmup,A,50,2.7700603008270264,-0.004818117246031761,0.026439035311341286,-0.22993969917297363,-0.0012045293115079403,0.22994285821914673,-0.7076280117034912,0.008626790717244148,0.7076806426048279,0.22731158137321472,0.00028459232999011874,0.4767720401287079,0.016869865357875824,50.0,0.9998480677604675,0.031024456024169922,-0.010157858021557331,0.03264504298567772,0.03264480456709862,True,0.9487143158912659
warmup,A,51,2.8010847568511963,-0.014975975267589092,0.01981167122721672,-0.1989152431488037,-0.003743993816897273,0.19895046949386597,-0.6598591804504395,0.007643658667802811,0.6599034667015076,0.22713714838027954,0.00028430920792743564,0.4765890836715698,0.01686147041618824,51.0,0.9995377063751221,0.029129981994628906,-0.008726782165467739,0.030409088358283043,0.030408887192606926,True,0.9523665308952332
warmup,A,52,2.830214738845825,-0.02370275743305683,0.014483745209872723,-0.1697852611541748,-0.005925689358264208,0.16988864541053772,-0.613764762878418,0.0065048933029174805,0.6137992739677429,0.2269495725631714,0.00028403892065398395,0.4763922393321991,0.01685345359146595,52.0,0.9989655613899231,0.02727508544921875,-0.0071250516921281815,0.028190363198518753,0.028190217912197113,True,0.9581276178359985
warmup,A,53,2.857489824295044,-0.030827809125185013,0.010273369029164314,-0.14251017570495605,-0.007706952281296253,0.14271841943264008,-0.5693668127059937,0.005261835176497698,0.569391131401062,0.22675146162509918,0.00028379002469591796,0.47618427872657776,0.01684606820344925,53.0,0.9979991316795349,0.025462865829467773,-0.005418118089437485,0.026032932102680206,0.02603277750313282,True,0.9654359221458435
warmup,A,54,2.8829526901245117,-0.0362459272146225,0.007014257367700338,-0.11704730987548828,-0.009061481803655624,0.11739753931760788,-0.526681125164032,0.003964956384152174,0.5266960859298706,0.22654502093791962,0.00028356563416309655,0.4759674668312073,0.0168394073843956,54.0,0.9964074492454529,0.023696184158325195,-0.0036707334220409393,0.023978812620043755,0.02397860400378704,True,0.9734494686126709
warmup,A,55,2.906648874282837,-0.03991666063666344,0.004556383937597275,-0.09335112571716309,-0.00997916515916586,0.09388299286365509,-0.4857177436351776,0.0026623124722391367,0.4857250452041626,0.2263321727514267,0.00028336417744867504,0.4757438004016876,0.01683342456817627,55.0,0.9937372207641602,0.02197742462158203,-0.0019447579979896545,0.022063301876187325,0.02206321619451046,True,0.9810953140258789
warmup,A,56,2.928626298904419,-0.04186141863465309,0.002766149817034602,-0.07137370109558105,-0.010465354658663273,0.07213687151670456,-0.4464810788631439,0.0013981646625325084,0.4464832544326782,0.22611455619335175,0.0002831804158631712,0.4755150377750397,0.016827965155243874,56.0,0.988961398601532,0.0203092098236084,-0.0002971738576889038,0.02031138353049755,0.020311374217271805,True,0.9871920943260193
warmup,A,57,2.9489355087280273,-0.042158592492341995,0.001525959582068026,-0.051064491271972656,-0.010539648123085499,0.05214083567261696,-0.40897032618522644,0.0002118127013090998,0.4089703857898712,0.2258935421705246,0.0002830067533068359,0.47528257966041565,0.016822803765535355,57.0,0.9792521595954895,0.018693923950195312,0.0012216009199619293,0.01873379573225975,0.01873358152806759,True,0.9904536604881287
warmup,A,58,2.9676294326782227,-0.040936991572380066,0.0007334064575843513,-0.032370567321777344,-0.010234247893095016,0.03394986689090729,-0.37317973375320435,-0.0008633334073238075,0.37318071722984314,0.22567026317119598,0.00028283483698032796,0.47504764795303345,0.016817694529891014,58.0,0.9541763067245483,0.017132997512817383,0.0025690384209156036,0.0173245370388031,0.01732431724667549,True,0.9876417517662048
warmup,A,59,2.98476243019104,-0.03836795315146446,0.00030010423506610096,-0.015237569808959961,-0.009591988287866116,0.01800527051091194,-0.33909881114959717,-0.0018004248850047588,0.3391035795211792,0.22544564306735992,0.0002826567506417632,0.4748111665248871,0.01681239902973175,59.0,0.8491004109382629,0.01562809944152832,0.003711473196744919,0.016062768176198006,0.016062738373875618,True,0.9464762806892395
CARRY_ALL,B,0,3.0003905296325684,-0.03465647995471954,18.00249481201172,6.000390529632568,-0.008664119988679886,6.000397205352783,-0.30671268701553345,-0.0025795812252908945,0.30672353506088257,0.2252204418182373,0.00028246609144844115,0.4745739698410034,0.016806727275252342,60.0,-0.9999514222145081,-0.015456199645996094,0.00462469644844532,0.016133256256580353,0.016133254393935204,True,0.9584463238716125
CARRY_ALL,B,1,2.9849343299865723,-0.030031783506274223,17.909832000732422,5.984934329986572,-0.007507945876568556,5.984939098358154,0.3239976465702057,-0.0031880352180451155,0.3240133225917816,0.2609999179840088,0.00028225869755260646,0.5108814835548401,0.01680055633187294,61.0,0.9999631643295288,-0.040143728256225586,0.005294181406497955,0.04049132391810417,0.04049094766378403,True,0.9915787577629089
CARRY_ALL,B,2,2.9447906017303467,-0.024737602099776268,17.670345306396484,5.944790840148926,-0.006184400524944067,5.944794178009033,0.8900913596153259,-0.0036200264003127813,0.8900986909866333,0.29655835032463074,0.00028203282272443175,0.5445716977119446,0.016793832182884216,62.0,0.9999954700469971,-0.05997633934020996,0.00571497343480587,0.060248006135225296,0.06024771183729172,True,0.995589017868042
CARRY_ALL,B,3,2.8848142623901367,-0.019022628664970398,17.31556510925293,5.884814262390137,-0.0047556571662425995,5.8848161697387695,1.3955613374710083,-0.003876463742926717,1.395566701889038,0.3316023349761963,0.00028178904904052615,0.5758492350578308,0.016786573454737663,63.0,0.9999980330467224,-0.07603073120117188,0.005891273729503155,0.07625863701105118,0.07625813037157059,True,0.9970735311508179
CARRY_ALL,B,4,2.808783531188965,-0.013131354935467243,16.871004104614258,5.808783531188965,-0.003282838733866811,5.808784484863281,1.8444865942001343,-0.003964383155107498,1.844490885734558,0.36590176820755005,0.00028152987943030894,0.6048981547355652,0.0167788527905941,64.0,0.9999987483024597,-0.08908247947692871,0.005835726857185364,0.08927342295646667,0.08927278220653534,True,0.9978978633880615
CARRY_ALL,B,5,2.719701051712036,-0.007295628078281879,16.357494354248047,5.719700813293457,-0.0018239070195704699,5.719701290130615,2.2409162521362305,-0.003896228736266494,2.240919589996338,0.39927786588668823,0.00028125912649556994,0.6318843960762024,0.016770781949162483,65.0,0.9999989867210388,-0.09970688819885254,0.005568460561335087,0.09986226260662079,0.09986177086830139,True,0.9984617233276367
CARRY_ALL,B,6,2.6199941635131836,-0.0017271675169467926,15.792167663574219,5.619994163513184,-0.00043179187923669815,5.619994163513184,2.588794708251953,-0.003688996657729149,2.5887973308563232,0.4315935969352722,0.00028098118491470814,0.6569578647613525,0.016762493178248405,66.0,0.9999991655349731,-0.10834169387817383,0.005115911830216646,0.10846241563558578,0.1084618866443634,True,0.9988905787467957
CARRY_ALL,B,7,2.5116524696350098,0.0033887443132698536,15.18915843963623,5.51165246963501,0.0008471860783174634,5.51165246963501,2.8919146060943604,-0.003363276133313775,2.891916513442993,0.4627463221549988,0.00028070039115846157,0.6802545785903931,0.016754115000367165,67.0,0.9999991655349731,-0.1153256893157959,0.004509476479142904,0.11541382223367691,0.11541315168142319,True,0.9992304444313049
CARRY_ALL,B,8,2.396326780319214,0.007898220792412758,14.5601806640625,5.396327018737793,0.0019745551981031895,5.396327495574951,3.153888463973999,-0.0029422298539429903,3.1538898944854736,0.49266189336776733,0.0002804204123094678,0.7018987536430359,0.016745757311582565,68.0,0.9999991059303284,-0.1209261417388916,0.0037840474396944046,0.12098532915115356,0.12098465859889984,True,0.9994993209838867
CARRY_ALL,B,9,2.2754006385803223,0.011682268232107162,13.914942741394043,5.275400638580322,0.0029205670580267906,5.2754011154174805,3.3781323432922363,-0.0024505513720214367,3.3781332969665527,0.521289587020874,0.00028014389681629837,0.7220038771629333,0.016737500205636024,69.0,0.9999991655349731,-0.12535762786865234,0.0029764939099550247,0.12539295852184296,0.12539218366146088,True,0.9997050166130066
CARRY_ALL,B,10,2.15004301071167,0.014658762142062187,13.26149845123291,5.15004301071167,0.003664690535515547,5.1500444412231445,3.567859172821045,-0.0019134394824504852,3.567859649658203,0.5485981106758118,0.00027987227076664567,0.7406740784645081,0.016729382798075676,70.0,0.9999991655349731,-0.12879395484924316,0.0021241381764411926,0.12881146371364594,0.1288105994462967,True,0.9998521208763123
CARRY_ALL,B,11,2.0212490558624268,0.01678290031850338,12.606505393981934,5.021248817443848,0.004195725079625845,5.0212507247924805,3.7260775566101074,-0.0013556265039369464,3.7260777950286865,0.5745724439620972,0.00027960582519881427,0.7580055594444275,0.016721418127417564,71.0,0.9999992847442627,-0.1313779354095459,0.0012633055448532104,0.131384015083313,0.1313832551240921,True,0.999945342540741
CARRY_ALL,B,12,1.8898711204528809,0.01804620586335659,11.955460548400879,4.889871120452881,0.004511551465839148,4.889873027801514,3.8555946350097656,-0.0008004913106560707,3.8555948734283447,0.599210798740387,0.00027934383251704276,0.7740870714187622,0.01671358197927475,72.0,0.9999994039535522,-0.13322854042053223,0.0004279911518096924,0.13322922587394714,0.13322843611240387,True,0.9999914765357971
CARRY_ALL,B,13,1.7566425800323486,0.018474197015166283,11.3128662109375,4.7566423416137695,0.004618549253791571,4.7566447257995605,3.959022283554077,-0.0002692870330065489,3.959022283554077,0.6225224137306213,0.0002790848375298083,0.7890008687973022,0.0167058315128088,73.0,0.9999994039535522,-0.13444507122039795,-0.0003512967377901077,0.13444553315639496,0.13444462418556213,True,0.9999986290931702
CARRY_ALL,B,14,1.6221975088119507,0.018122900277376175,10.68239688873291,4.62219762802124,0.004530725069344044,4.622200012207031,4.038784503936768,0.0002194965782109648,4.038784503936768,0.6445255279541016,0.00027882709400728345,0.8028234839439392,0.016698116436600685,74.0,0.9999995827674866,-0.13511145114898682,-0.0010484904050827026,0.13511551916599274,0.1351146399974823,True,0.9999769926071167
CARRY_ALL,B,15,1.4870860576629639,0.017074409872293472,10.067008018493652,4.487086296081543,0.004268602468073368,4.487088203430176,4.097126007080078,0.000650619447696954,4.097126007080078,0.6652457118034363,0.00027856879751197994,0.8156259655952454,0.01669038087129593,75.0,0.9999995827674866,-0.1352992057800293,-0.0016426807269454002,0.13530917465686798,0.13530831038951874,True,0.9999375343322754
CARRY_ALL,B,16,1.3517868518829346,0.015431729145348072,9.469053268432617,4.3517866134643555,0.003857932286337018,4.351788520812988,4.136122226715088,0.001012417720630765,4.136122703552246,0.6847144365310669,0.00027830846374854445,0.8274747133255005,0.01668258011341095,76.0,0.9999997019767761,-0.1350696086883545,-0.0021185828372836113,0.13508622348308563,0.13508543372154236,True,0.9998905062675476
CARRY_ALL,B,17,1.21671724319458,0.01331314630806446,8.890374183654785,4.21671724319458,0.003328286577016115,4.216718673706055,4.157688617706299,0.0012969691306352615,4.157689094543457,0.7029678225517273,0.00027804504497908056,0.8384317755699158,0.01667468249797821,77.0,0.9999997615814209,-0.13447558879852295,-0.002466757781803608,0.1344982087612152,0.13449732959270477,True,0.9998459219932556
CARRY_ALL,B,18,1.0822416543960571,0.010846388526260853,8.332362174987793,4.082241535186768,0.002711597131565213,4.082242488861084,4.163591384887695,0.0015001008287072182,4.163591384887695,0.7200455665588379,0.0002777781046461314,0.8485549688339233,0.016666676849126816,78.0,1.0,-0.13356274366378784,-0.002683582715690136,0.1335896998643875,0.13358886539936066,True,0.9998113512992859
CARRY_ALL,B,19,0.9486789107322693,0.008162805810570717,7.796041011810303,3.948678970336914,0.002040701452642679,3.9486794471740723,4.15545654296875,0.001621250412426889,4.15545654296875,0.7359902262687683,0.0002775077009573579,0.8578987121582031,0.016658563166856766,79.0,1.0000001192092896,-0.13237106800079346,-0.0027709961868822575,0.13240006566047668,0.13239924609661102,True,0.99979168176651
CARRY_ALL,B,20,0.8163078427314758,0.005391809623688459,7.282106399536133,3.816307783126831,0.0013479524059221148,3.81630802154541,4.13477897644043,0.0016631955513730645,4.134779453277588,0.750846266746521,0.00027723435778170824,0.8665138483047485,0.016650356352329254,80.0,1.0,-0.13093549013137817,-0.0027360371313989162,0.13096407055854797,0.13096323609352112,True,0.9997891187667847
CARRY_ALL,B,21,0.6853723526000977,0.002655772492289543,6.790985584259033,3.6853723526000977,0.0006639431230723858,3.6853723526000977,4.102931976318359,0.0016316712135449052,4.102932453155518,0.7646596431732178,0.0002769589191302657,0.8744481801986694,0.01664208248257637,81.0,1.0,-0.12928670644760132,-0.002590207615867257,0.1293126493692398,0.12931182980537415,True,0.9998030066490173
CARRY_ALL,B,22,0.5560856461524963,6.556487642228603e-05,6.322872161865234,3.5560855865478516,1.639121910557151e-05,3.5560855865478516,4.06117582321167,0.0015348984161391854,4.06117582321167,0.777476966381073,0.0002766824036370963,0.8817465305328369,0.01663377322256565,82.0,1.0,-0.12745186686515808,-0.002348695183172822,0.12747350335121155,0.12747272849082947,True,0.9998303651809692
CARRY_ALL,B,23,0.42863377928733826,-0.002283130306750536,5.87776517868042,3.428633689880371,-0.000570782576687634,3.428633689880371,4.010666847229004,0.0013830476673319936,4.010667324066162,0.7893452048301697,0.0002764057135209441,0.8884510397911072,0.016625454649329185,83.0,0.9999998211860657,-0.12545502185821533,-0.002029490191489458,0.12547142803668976,0.12547068297863007,True,0.9998664855957031
CARRY_ALL,B,24,0.3031787574291229,-0.004312620498239994,5.4554972648620605,3.3031787872314453,-0.0010781551245599985,3.3031787872314453,3.9524636268615723,0.0011876646894961596,3.9524636268615723,0.8003113865852356,0.00027612963458523154,0.8946012258529663,0.016617149114608765,84.0,0.9999999403953552,-0.12331755459308624,-0.0016524437814950943,0.12332862615585327,0.12332783639431,True,0.9999058246612549
CARRY_ALL,B,25,0.17986120283603668,-0.005965064279735088,5.055763244628906,3.179861307144165,-0.001491266069933772,3.179861545562744,3.8875350952148438,0.0009610826964490116,3.887535333633423,0.8104220628738403,0.0002758546615950763,0.9002344608306885,0.01660887338221073,85.0,0.9999997019767761,-0.12105850875377655,-0.0012383097782731056,0.12106484174728394,0.12106411159038544,True,0.9999427795410156
CARRY_ALL,B,26,0.05880269408226013,-0.007203374058008194,4.678143501281738,3.058802604675293,-0.0018008435145020485,3.058803081512451,3.816767692565918,0.0007158478256314993,3.816767930984497,0.8197231888771057,0.0002755810273811221,0.9053856730461121,0.016600633040070534,86.0,0.9999997019767761,-0.11869505047798157,-0.0008078049868345261,0.11869779974222183,0.11869709938764572,True,0.9999726414680481
CARRY_ALL,B,27,-0.059892356395721436,-0.00801117904484272,4.322124481201172,2.940107583999634,-0.00200279476121068,2.940108299255371,3.740971088409424,0.00046417867997661233,3.740971088409424,0.8282597661018372,0.000275308673735708,0.9100877642631531,0.01659242808818817,87.0,0.9999996423721313,-0.11624249815940857,-0.00038073956966400146,0.11624312400817871,0.11624239385128021,True,0.9999921321868896
CARRY_ALL,B,28,-0.17613485455513,-0.008391918614506721,3.9871160984039307,2.8238651752471924,-0.0020979796536266804,2.8238658905029297,3.6608846187591553,0.0002174813416786492,3.6608846187591553,0.8360757231712341,0.0002750373969320208,0.9143717885017395,0.016584251075983047,88.0,0.9999998211860657,-0.11371466517448425,2.476852387189865e-05,0.11371466517448425,0.11371396481990814,True,1.0
CARRY_ALL,B,29,-0.28984951972961426,-0.008367150090634823,3.672466516494751,2.7101504802703857,-0.0020917875226587057,2.710151195526123,3.5771827697753906,-1.4064755305298604e-05,3.5771827697753906,0.8432138562202454,0.0002747667604126036,0.918266773223877,0.016576090827584267,89.0,0.9999998211860657,-0.11112406849861145,0.0003929389640688896,0.11112476140260696,0.11112409085035324,True,0.9999963641166687
CARRY_ALL,B,30,-0.4009735882282257,-0.007974211126565933,3.3774771690368652,2.5990264415740967,-0.0019935527816414833,2.599027156829834,3.4904794692993164,-0.00022183702094480395,3.4904794692993164,0.849715530872345,0.0002744963567238301,0.9218001365661621,0.016567932441830635,90.0,0.9999997615814209,-0.10848197340965271,0.0007108482532203197,0.10848430544137955,0.10848363488912582,True,0.9999833106994629
CARRY_ALL,B,31,-0.5094555616378784,-0.0072633628733456135,3.101412296295166,2.490544319152832,-0.0018158407183364034,2.4905450344085693,3.401334047317505,-0.0003990085970144719,3.401334047317505,0.8556207418441772,0.00027422583661973476,0.9249976873397827,0.016559764742851257,91.0,0.9999998807907104,-0.10579866170883179,0.0009687738493084908,0.10580309480428696,0.10580244660377502,True,0.9999644756317139
CARRY_ALL,B,32,-0.6152542233467102,-0.006294589024037123,2.8435113430023193,2.3847458362579346,-0.0015736472560092807,2.3847463130950928,3.3102550506591797,-0.0005406918353401124,3.3102550506591797,0.8609679341316223,0.00027395490906201303,0.9278835654258728,0.016551584005355835,92.0,0.9999999403953552,-0.10308343172073364,0.0011603878811001778,0.10308996587991714,0.1030893549323082,True,0.9999438524246216
CARRY_ALL,B,33,-0.7183376550674438,-0.005134201142936945,2.6029951572418213,2.2816624641418457,-0.0012835502857342362,2.281662702560425,3.2177040576934814,-0.0006439873832277954,3.2177040576934814,0.8657940030097961,0.0002736834285315126,0.9304805397987366,0.016543380916118622,93.0,1.0,-0.10034483671188354,0.0012827841565012932,0.10035303980112076,0.10035242140293121,True,0.9999253153800964
CARRY_ALL,B,34,-0.8186824917793274,-0.0038514169864356518,2.379075050354004,2.1813175678253174,-0.0009628542466089129,2.1813178062438965,3.1240999698638916,-0.0007079436909407377,3.1240999698638916,0.8701342344284058,0.00027341139502823353,0.9328098893165588,0.016535155475139618,94.0,1.0,-0.09759056568145752,0.0013363542966544628,0.09759972244501114,0.09759911894798279,True,0.9999120831489563
CARRY_ALL,B,35,-0.9162730574607849,-0.002515062689781189,2.17095947265625,2.0837268829345703,-0.0006287656724452972,2.0837268829345703,3.0298216342926025,-0.0007334347465075552,3.0298218727111816,0.8740222454071045,0.0002731389249674976,0.9348915815353394,0.01652691513299942,95.0,1.0,-0.09482771158218384,0.0013245276641100645,0.09483696520328522,0.09483638405799866,True,0.9999066591262817
CARRY_ALL,B,36,-1.0111007690429688,-0.0011905350256711245,1.9778602123260498,1.9888992309570312,-0.0002976337564177811,1.9888992309570312,2.9352121353149414,-0.0007229678449220955,2.9352121353149414,0.8774901628494263,0.00027286619297228754,0.9367444515228271,0.016518661752343178,96.0,1.0,-0.09206283092498779,0.0012533925473690033,0.09207136183977127,0.09207078814506531,True,0.9999093413352966
CARRY_ALL,B,37,-1.1031635999679565,6.285752169787884e-05,1.7989941835403442,1.8968364000320435,1.571438042446971e-05,1.8968364000320435,2.840580940246582,-0.0006804344593547285,2.840580940246582,0.8805683851242065,0.00027259343187324703,0.938386082649231,0.016510404646396637,97.0,1.0,-0.0893017053604126,0.0011312267743051052,0.08930886536836624,0.08930834382772446,True,0.9999197125434875
CARRY_ALL,B,38,-1.1924653053283691,0.001194084296002984,1.6335909366607666,1.8075346946716309,0.000298521074000746,1.8075346946716309,2.746206521987915,-0.0006108195520937443,2.746206521987915,0.8832858204841614,0.00027232084539718926,0.939832866191864,0.016502147540450096,98.0,1.0,-0.08654999732971191,0.0009679612703621387,0.08655541390180588,0.08655483275651932,True,0.9999356269836426
CARRY_ALL,B,39,-1.279015302658081,0.002162045566365123,1.4808948040008545,1.720984697341919,0.0005405113915912807,1.7209848165512085,2.652339220046997,-0.0005198855069465935,2.652339458465576,0.8856697082519531,0.00027204860816709697,0.9411002397537231,0.016493896022439003,99.0,0.9999997615814209,-0.08381247520446777,0.0007746047340333462,0.0838160514831543,0.08381549268960953,True,0.9999544620513916
RESET_M_KEEP_V_STEP,B,0,3.0003905296325684,-0.03465647995471954,18.00249481201172,6.000390529632568,-0.008664119988679886,6.000397205352783,0.0,0.0,0.0,0.2252204418182373,0.00028246609144844115,0.4745739698410034,0.016806727275252342,60.0,nan,-0.028624773025512695,0.0012568533420562744,0.028652353212237358,0.028652256354689598,True,0.9990996718406677
RESET_M_KEEP_V_STEP,B,1,2.9717657566070557,-0.03339962661266327,17.831130981445312,5.971765518188477,-0.008349906653165817,5.971771240234375,0.6000390648841858,-0.0008664120105095208,0.6000397205352783,0.2609999179840088,0.00028225869755260646,0.5108814835548401,0.01680055633187294,61.0,0.9999999403953552,-0.051302433013916016,0.0023614857345819473,0.05135675519704819,0.0513564832508564,True,0.9990056157112122
RESET_M_KEEP_V_STEP,B,2,2.9204633235931396,-0.03103814087808132,17.526063919067383,5.920463562011719,-0.00775953521952033,5.920468807220459,1.1372116804122925,-0.0016147614223882556,1.137212872505188,0.29640090465545654,0.0002820461813826114,0.5444271564483643,0.01679423078894615,62.0,0.9999999403953552,-0.06947708129882812,0.0032863039523363113,0.06955476105213165,0.06955419480800629,True,0.9989443421363831
RESET_M_KEEP_V_STEP,B,3,2.8509862422943115,-0.02775183692574501,17.117116928100586,5.850986480712891,-0.006937959231436253,5.8509907722473145,1.6155368089675903,-0.002229238860309124,1.6155383586883545,0.3311564028263092,0.00028182435198687017,0.5754619240760803,0.01678762584924698,63.0,0.9999998807907104,-0.08414888381958008,0.00401206873357296,0.08424447476863861,0.0842440128326416,True,0.9989210367202759
RESET_M_KEEP_V_STEP,B,4,2.7668373584747314,-0.02373976819217205,16.62827491760254,5.766837120056152,-0.005934942048043013,5.766839981079102,2.0390818119049072,-0.002700110897421837,2.039083480834961,0.3650592863559723,0.00028159067733213305,0.6042013764381409,0.016780663281679153,64.0,1.0,-0.09603738784790039,0.0045280177146196365,0.09614407271146774,0.09614360332489014,True,0.9989383816719055
RESET_M_KEEP_V_STEP,B,5,2.670799970626831,-0.019211750477552414,16.07903289794922,5.67080020904541,-0.0048029376193881035,5.670802116394043,2.4118573665618896,-0.003023593919351697,2.4118592739105225,0.3979506492614746,0.0002813443134073168,0.6308332681655884,0.016773320734500885,65.0,0.9999999403953552,-0.10567474365234375,0.004831735976040363,0.10578514635562897,0.105784572660923,True,0.9989945888519287
RESET_M_KEEP_V_STEP,B,6,2.5651252269744873,-0.01438001450151205,15.485336303710938,5.565125465393066,-0.0035950036253780127,5.565126419067383,2.7377517223358154,-0.0032015282195061445,2.7377536296844482,0.4297106862068176,0.00028108604601584375,0.6555232405662537,0.016765620559453964,66.0,0.9999998807907104,-0.1134648323059082,0.004928695037961006,0.11357182264328003,0.11357124894857407,True,0.9990857243537903
RESET_M_KEEP_V_STEP,B,7,2.451660394668579,-0.009451319463551044,14.860310554504395,5.45166015625,-0.002362829865887761,5.451660633087158,3.02048921585083,-0.003240875666961074,3.020490884780884,0.4602515995502472,0.0002808178833220154,0.6784184575080872,0.016757622361183167,67.0,0.9999997615814209,-0.1197209358215332,0.004831572994589806,0.11981839686632156,0.11981775611639023,True,0.9992040395736694
RESET_M_KEEP_V_STEP,B,8,2.331939458847046,-0.004619746468961239,14.21479320526123,5.331939697265625,-0.0011549366172403097,5.331939697265625,3.263606309890747,-0.003153071040287614,3.2636077404022217,0.48951196670532227,0.0002805426483973861,0.699651300907135,0.016749408096075058,68.0,0.9999997615814209,-0.12469029426574707,0.004559334833174944,0.12477362155914307,0.12477288395166397,True,0.9993400573730469
RESET_M_KEEP_V_STEP,B,9,2.207249164581299,-6.041163578629494e-05,13.557722091674805,5.207249164581299,-1.5102908946573734e-05,5.207249164581299,3.4704396724700928,-0.002953257644549012,3.4704408645629883,0.5174520611763,0.00028026345535181463,0.7193413972854614,0.0167410708963871,69.0,0.9999995827674866,-0.1285712718963623,0.004136136267334223,0.12863779067993164,0.12863685190677643,True,0.9994829893112183
RESET_M_KEEP_V_STEP,B,10,2.0786778926849365,0.004075724631547928,12.89648723602295,5.078678131103516,0.001018931157886982,5.078678131103516,3.644120693206787,-0.002659442136064172,3.6441216468811035,0.5440500974655151,0.0002799831854645163,0.7375975251197815,0.016732698306441307,70.0,0.9999997019767761,-0.13152456283569336,0.0035900953225791454,0.13157355785369873,0.13157278299331665,True,0.9996221661567688
RESET_M_KEEP_V_STEP,B,11,1.9471533298492432,0.007665819954127073,12.23716926574707,4.947153091430664,0.0019164549885317683,4.947153568267822,3.78757643699646,-0.0022916048765182495,3.7875771522521973,0.5692989826202393,0.00027970425435341895,0.7545190453529358,0.01672436110675335,71.0,0.999999463558197,-0.1336832046508789,0.0029519773088395596,0.13371579349040985,0.13371500372886658,True,0.999747633934021
RESET_M_KEEP_V_STEP,B,12,1.8134701251983643,0.010617797262966633,11.584760665893555,4.813469886779785,0.002654449315741658,4.813470840454102,3.903534173965454,-0.0018707988783717155,3.9035346508026123,0.5932040214538574,0.0002794282336253673,0.7701973915100098,0.016716107726097107,72.0,0.9999994039535522,-0.13515722751617432,0.0022538425400853157,0.13517601788043976,0.13517522811889648,True,0.9998515844345093
RESET_M_KEEP_V_STEP,B,13,1.67831289768219,0.012871639803051949,10.943325996398926,4.6783127784729,0.003217909950762987,4.678313732147217,3.994527816772461,-0.0014182741288095713,3.99452805519104,0.6157803535461426,0.0002791558508761227,0.7847167253494263,0.016707956790924072,73.0,0.999999463558197,-0.136039137840271,0.0015277303755283356,0.13604770600795746,0.13604684174060822,True,0.9999291896820068
RESET_M_KEEP_V_STEP,B,14,1.542273759841919,0.014399370178580284,10.316149711608887,4.54227352142334,0.003599842544645071,4.5422749519348145,4.062906265258789,-0.0009546556975692511,4.062906265258789,0.6370511651039124,0.0002788870478980243,0.7981548309326172,0.016699912026524544,74.0,0.999999463558197,-0.1364070177078247,0.0008044084534049034,0.13640938699245453,0.13640852272510529,True,0.9999775886535645
RESET_M_KEEP_V_STEP,B,15,1.4058667421340942,0.015203778631985188,9.705859184265137,4.405866622924805,0.003800944657996297,4.4058685302734375,4.110843181610107,-0.0004992058966308832,4.110843181610107,0.657046377658844,0.00027862112619914114,0.8105839490890503,0.016691947355866432,75.0,0.9999993443489075,-0.1363276243209839,0.00011225417256355286,0.13632766902446747,0.13632677495479584,True,0.9999985098838806
RESET_M_KEEP_V_STEP,B,16,1.2695391178131104,0.01531603280454874,9.114510536193848,4.269538879394531,0.003829008201137185,4.269540786743164,4.140345573425293,-6.919083534739912e-05,4.140345573425293,0.6758010387420654,0.0002783569507300854,0.8220711946487427,0.01668403297662735,76.0,0.9999995827674866,-0.13585805892944336,-0.000523698516190052,0.13585907220840454,0.13585829734802246,True,0.9999955892562866
RESET_M_KEEP_V_STEP,B,17,1.133681058883667,0.014792334288358688,8.54368782043457,4.133681297302246,0.003698083572089672,4.133682727813721,4.153264999389648,0.00032062907121144235,4.153264999389648,0.6933541893959045,0.00027809327002614737,0.8326789140701294,0.016676127910614014,77.0,0.9999997615814209,-0.13504791259765625,-0.0010825283825397491,0.13505224883556366,0.1350513994693756,True,0.9999746680259705
RESET_M_KEEP_V_STEP,B,18,0.9986331462860107,0.01370980590581894,7.994556903839111,3.9986331462860107,0.003427451476454735,3.9986345767974854,4.151306629180908,0.0006583745125681162,4.151306629180908,0.7097482085227966,0.00027782886172644794,0.8424655795097351,0.016668198630213737,78.0,0.9999997615814209,-0.13393986225128174,-0.001547977328300476,0.13394880294799805,0.13394802808761597,True,0.9999426603317261
RESET_M_KEEP_V_STEP,B,19,0.864693284034729,0.012161828577518463,7.467945098876953,3.8646931648254395,0.003040457144379616,3.864694356918335,4.1360392570495605,0.000935282208956778,4.1360392570495605,0.7250275611877441,0.0002775627945084125,0.8514854907989502,0.016660215333104134,79.0,0.9999998807907104,-0.13257145881652832,-0.001908772625029087,0.13258519768714905,0.13258439302444458,True,0.9999073147773743
RESET_M_KEEP_V_STEP,B,20,0.7321218252182007,0.010253055952489376,6.964380264282227,3.7321219444274902,0.002563263988122344,3.7321228981018066,4.108904838562012,0.0011457997607067227,4.108904838562012,0.7392383813858032,0.00027729448629543185,0.8597897291183472,0.01665216125547886,80.0,0.9999999403953552,-0.13097548484802246,-0.002158745191991329,0.13099327683448792,0.13099242746829987,True,0.9998751878738403
RESET_M_KEEP_V_STEP,B,21,0.6011463403701782,0.008094310760498047,6.484135150909424,3.6011462211608887,0.0020235776901245117,3.601146697998047,4.071226596832275,0.0012875462416559458,4.071227073669434,0.752427875995636,0.0002770237624645233,0.8674259781837463,0.016644030809402466,81.0,0.9999999403953552,-0.12918072938919067,-0.0022967145778238773,0.12920114398002625,0.12920035421848297,True,0.9998518228530884
RESET_M_KEEP_V_STEP,B,22,0.47196561098098755,0.0057975961826741695,6.027276515960693,3.4719655513763428,0.0014493990456685424,3.471965789794922,4.024218559265137,0.001361149363219738,4.024219036102295,0.7646437287330627,0.0002767508558463305,0.8744391202926636,0.016635829582810402,82.0,1.0,-0.12721291184425354,-0.0023261974565684795,0.12723417580127716,0.12723340094089508,True,0.9998404383659363
RESET_M_KEEP_V_STEP,B,23,0.344752699136734,0.00347139872610569,5.593687057495117,3.344752788543701,0.0008678496815264225,3.3447530269622803,3.9689931869506836,0.0013699743431061506,3.9689934253692627,0.7759336829185486,0.00027647620299831033,0.8808709979057312,0.01662757433950901,83.0,0.9999999403953552,-0.12509460747241974,-0.002254929393529892,0.12511493265628815,0.12511417269706726,True,0.9998421669006348
RESET_M_KEEP_V_STEP,B,24,0.21965809166431427,0.001216469332575798,5.183099269866943,3.219658136367798,0.0003041173331439495,3.219658136367798,3.906569242477417,0.0013197618536651134,3.906569480895996,0.7863451242446899,0.00027620047330856323,0.8867610096931458,0.016619279980659485,84.0,1.0,-0.1228460818529129,-0.0020942511036992073,0.12286392599344254,0.12286313623189926,True,0.9998563528060913
RESET_M_KEEP_V_STEP,B,25,0.09681200981140137,-0.0008777817711234093,4.795122146606445,3.0968120098114014,-0.00021944544278085232,3.0968120098114014,3.8378782272338867,0.001218197401612997,3.837878465652466,0.795924961566925,0.0002759243652690202,0.8921462893486023,0.016610970720648766,85.0,0.9999999403953552,-0.12048535794019699,-0.0018583806231617928,0.12049968540668488,0.12049895524978638,True,0.9998800158500671
RESET_M_KEEP_V_STEP,B,26,-0.023673348128795624,-0.002736162394285202,4.429261207580566,2.9763267040252686,-0.0006840405985713005,2.9763267040252686,3.7637715339660645,0.0010744330938905478,3.7637717723846436,0.8047193288803101,0.0002756484900601208,0.8970614671707153,0.016602665185928345,86.0,0.9999998211860657,-0.1180286779999733,-0.0015636156313121319,0.11803903430700302,0.11803832650184631,True,0.9999091625213623
RESET_M_KEEP_V_STEP,B,27,-0.14170202612876892,-0.004299778025597334,4.084936141967773,2.8582980632781982,-0.0010749445063993335,2.8582980632781982,3.6850271224975586,0.0008985857130028307,3.6850273609161377,0.8127731084823608,0.0002753733133431524,0.9015393257141113,0.016594376415014267,87.0,0.9999998211860657,-0.1154906153678894,-0.0012274933978915215,0.11549714207649231,0.11549641937017441,True,0.999939501285553
RESET_M_KEEP_V_STEP,B,28,-0.2571926414966583,-0.005527271423488855,3.7614998817443848,2.742807388305664,-0.0013818178558722138,2.742807626724243,3.6023542881011963,0.0007012326968833804,3.6023545265197754,0.8201302289962769,0.00027509909705258906,0.9056104421615601,0.01658611185848713,88.0,0.9999997019767761,-0.1128842830657959,-0.0008679572492837906,0.11288762092590332,0.1128869354724884,True,0.9999665021896362
RESET_M_KEEP_V_STEP,B,29,-0.3700769245624542,-0.006395228672772646,3.4582526683807373,2.629923105239868,-0.0015988071681931615,2.6299235820770264,3.516399621963501,0.0004929276183247566,3.516399621963501,0.8268331289291382,0.00027482592849992216,0.9093036651611328,0.01657787524163723,89.0,0.9999998211860657,-0.11022162437438965,-0.0005025602877140045,0.11022277176380157,0.11022210121154785,True,0.9999866485595703
RESET_M_KEEP_V_STEP,B,30,-0.48029854893684387,-0.0068977889604866505,3.1744537353515625,2.5197014808654785,-0.0017244472401216626,2.5197019577026367,3.4277520179748535,0.0002837541396729648,3.4277520179748535,0.8329228162765503,0.0002745536621659994,0.9126460552215576,0.01656966097652912,90.0,0.9999996423721313,-0.10751339793205261,-0.00014773476868867874,0.10751349478960037,0.10751280933618546,True,0.9999979138374329
RESET_M_KEEP_V_STEP,B,31,-0.5878119468688965,-0.007045523729175329,2.909331798553467,2.4121880531311035,-0.0017613809322938323,2.412188768386841,3.336946964263916,8.293400605907664e-05,3.336946964263916,0.8384388089179993,0.00027428209432400763,0.9156630635261536,0.016561463475227356,91.0,0.9999997615814209,-0.10476940870285034,0.00018183747306466103,0.10476957261562347,0.10476890206336975,True,0.9999994039535522
RESET_M_KEEP_V_STEP,B,32,-0.6925813555717468,-0.006863686256110668,2.6620962619781494,2.3074185848236084,-0.001715921564027667,2.3074193000793457,3.2444710731506348,-0.00010149749141419306,3.2444710731506348,0.843419075012207,0.00027401093393564224,0.9183785319328308,0.016553275287151337,92.0,0.9999997019767761,-0.10199856758117676,0.0004737372510135174,0.1019996702671051,0.10199902951717377,True,0.9999924302101135
RESET_M_KEEP_V_STEP,B,33,-0.7945799231529236,-0.006389949005097151,2.431943655014038,2.2054200172424316,-0.0015974872512742877,2.20542049407959,3.150765895843506,-0.00026293989503756166,3.150765895843506,0.847899854183197,0.0002737398608587682,0.9208147525787354,0.016545085236430168,93.0,0.9999998211860657,-0.0992090106010437,0.0007181866094470024,0.09921161085367203,0.09921099990606308,True,0.9999788403511047
RESET_M_KEEP_V_STEP,B,34,-0.8937889337539673,-0.005671762395650148,2.218066930770874,2.1062111854553223,-0.001417940598912537,2.1062116622924805,3.0562312602996826,-0.00039639463648200035,3.0562312602996826,0.8519158363342285,0.0002734686713665724,0.9229928851127625,0.016536887735128403,94.0,0.9999998807907104,-0.09640824794769287,0.0009082844480872154,0.0964125245809555,0.09641189128160477,True,0.9999616742134094
RESET_M_KEEP_V_STEP,B,35,-0.9901971817016602,-0.004763477947562933,2.0196566581726074,2.00980281829834,-0.0011908694868907332,2.009803295135498,2.9612293243408203,-0.0004985492560081184,2.9612293243408203,0.8555000424385071,0.0002731972199399024,0.9249324798583984,0.016528679057955742,95.0,0.9999998211860657,-0.09360301494598389,0.001040101982653141,0.0936087965965271,0.09360817074775696,True,0.9999445676803589
RESET_M_KEEP_V_STEP,B,36,-1.083800196647644,-0.003723375964909792,1.8359125852584839,1.916199803352356,-0.000930843991227448,1.916200041770935,2.866086721420288,-0.0005677812732756138,2.866086721420288,0.8586838245391846,0.00027292544837109745,0.9266519546508789,0.016520455479621887,96.0,1.0,-0.09079957008361816,0.001112635713070631,0.09080638736486435,0.09080579876899719,True,0.9999307990074158
RESET_M_KEEP_V_STEP,B,37,-1.1745997667312622,-0.002610740251839161,1.6660438776016235,1.8254002332687378,-0.0006526850629597902,1.8254003524780273,2.7710981369018555,-0.0006040875450707972,2.7710983753204346,0.8614969849586487,0.0002726533857639879,0.9281685948371887,0.016512218862771988,97.0,0.9999998807907104,-0.08800363540649414,0.0011276346631348133,0.08801086246967316,0.0880102813243866,True,0.9999223947525024
RESET_M_KEEP_V_STEP,B,38,-1.2626034021377563,-0.0014831055887043476,1.509273648262024,1.7373965978622437,-0.0003707763971760869,1.7373965978622437,2.6765284538269043,-0.0006089473026804626,2.6765284538269043,0.8639675974845886,0.00027238117763772607,0.929498553276062,0.01650397479534149,98.0,1.0,-0.08522045612335205,0.0010893179569393396,0.08522741496562958,0.085226871073246,True,0.9999210834503174
RESET_M_KEEP_V_STEP,B,39,-1.3478238582611084,-0.00039378763176500797,1.3648430109024048,1.6521761417388916,-9.844690794125199e-05,1.6521761417388916,2.582615375518799,-0.0005851301830261946,2.582615613937378,0.8661221861839294,0.0002721089404076338,0.9306568503379822,0.016495725139975548,99.0,0.9999998807907104,-0.08245480060577393,0.0010039971675723791,0.0824609100818634,0.08246045559644699,True,0.999926745891571
RESET_V_KEEP_M_STEP,B,0,3.0003905296325684,-0.03465647995471954,18.00249481201172,6.000390529632568,-0.008664119988679886,6.000397205352783,-0.30671268701553345,-0.0025795812252908945,0.30672353506088257,0.0,0.0,0.0,0.0,60.0,-0.9999514222145081,-0.041614532470703125,0.28358200192451477,0.2866191267967224,0.28661736845970154,True,0.146619513630867
RESET_V_KEEP_M_STEP,B,1,2.9587759971618652,0.24892552196979523,17.76125144958496,5.958775997161865,0.06223138049244881,5.959100723266602,0.3239976465702057,-0.0031880352180451155,0.3240133225917816,0.036004688590765,7.506697841108689e-08,0.18974901735782623,0.00027398354723118246,61.0,0.9997944235801697,-0.08152937889099121,-0.041458457708358765,0.09146498143672943,0.09146440029144287,True,0.896057665348053
RESET_V_KEEP_M_STEP,B,2,2.877246618270874,0.20746706426143646,17.276395797729492,5.877246856689453,0.051866766065359116,5.877475738525391,0.8874754905700684,0.0033539060968905687,0.8874818086624146,0.07147569954395294,3.947736786358291e-06,0.26734939217567444,0.0019868912640959024,62.0,0.9999873042106628,-0.10541510581970215,-0.07883931696414948,0.13163580000400543,0.1316349357366562,True,0.8060628175735474
RESET_V_KEEP_M_STEP,B,3,2.771831512451172,0.128627747297287,16.659086227416992,5.771831512451172,0.03215693682432175,5.771921157836914,1.3864526748657227,0.008205192163586617,1.386476993560791,0.10594625771045685,6.6339507611701265e-06,0.32549387216567993,0.002575645688921213,63.0,0.9999998807907104,-0.12198543548583984,-0.09549105912446976,0.15491606295108795,0.15491507947444916,True,0.7908511757850647
RESET_V_KEEP_M_STEP,B,4,2.649846076965332,0.03313668817281723,15.960517883300781,5.649846076965332,0.008284172043204308,5.649852275848389,1.8249905109405518,0.01060036662966013,1.8250212669372559,0.1391543447971344,7.661385097890161e-06,0.37303397059440613,0.0027679207269102335,64.0,0.9999905824661255,-0.13411688804626465,-0.09372489154338837,0.16362057626247406,0.1636195033788681,True,0.8205212354660034
RESET_V_KEEP_M_STEP,B,5,2.5157291889190674,-0.060588203370571136,15.212091445922852,5.515728950500488,-0.015147050842642784,5.515749454498291,2.2074761390686035,0.01036874670535326,2.207500457763672,0.1709359586238861,7.722351256234106e-06,0.41344401240348816,0.0027789119631052017,65.0,0.9999723434448242,-0.1431882381439209,-0.07017674297094345,0.15946048498153687,0.15945954620838165,True,0.8967424631118774
RESET_V_KEEP_M_STEP,B,6,2.3725409507751465,-0.1307649463415146,14.434235572814941,5.3725409507751465,-0.03269123658537865,5.372640609741211,2.538301467895508,0.007817166857421398,2.538313627243042,0.20118829607963562,7.944061508169398e-06,0.44854018092155457,0.002818521112203598,66.0,0.9999579787254333,-0.149993896484375,-0.03198613226413727,0.15336649119853973,0.15336547791957855,True,0.9767224788665771
RESET_V_KEEP_M_STEP,B,7,2.2225470542907715,-0.16275107860565186,13.640810012817383,5.2225470542907715,-0.040687769651412964,5.222705364227295,2.821725368499756,0.003766326466575265,2.821727991104126,0.22985130548477173,9.004835192172322e-06,0.47942811250686646,0.003000805852934718,67.0,0.999958336353302,-0.155043363571167,0.005340412259101868,0.15513531863689423,0.15513435006141663,True,0.9996451735496521
RESET_V_KEEP_M_STEP,B,8,2.0675036907196045,-0.15741066634655,12.8428955078125,5.067503929138184,-0.0393526665866375,5.067656517028809,3.061807632446289,-0.000679083401337266,3.061807632446289,0.2568964660167694,1.0651325283106416e-05,0.5068495273590088,0.003263636725023389,68.0,0.9999716281890869,-0.15868926048278809,0.03365620970726013,0.16221904754638672,0.16221795976161957,True,0.9798222780227661
RESET_V_KEEP_M_STEP,B,9,1.9088144302368164,-0.12375445663928986,12.050143241882324,4.908814430236816,-0.030938614159822464,4.90891170501709,3.2623772621154785,-0.004546441603451967,3.262380599975586,0.28231915831565857,1.2189306289656088e-05,0.5313371419906616,0.0034913187846541405,69.0,0.9999879598617554,-0.16118764877319336,0.051597997546195984,0.16924482583999634,0.1692437380552292,True,0.9542959928512573
RESET_V_KEEP_M_STEP,B,10,1.747626781463623,-0.07215645909309387,11.270630836486816,4.747626781463623,-0.018039114773273468,4.747661113739014,3.427021026611328,-0.007185658905655146,3.4270286560058594,0.30613330006599426,1.3134314940543845e-05,0.5532931685447693,0.0036241295747458935,70.0,0.9999984502792358,-0.16273236274719238,0.05909731239080429,0.17313091456890106,0.17312981188297272,True,0.941228449344635
RESET_V_KEEP_M_STEP,B,11,1.5848944187164307,-0.013059146702289581,10.510648727416992,4.584894180297852,-0.0032647866755723953,4.584895610809326,3.559081554412842,-0.008271005004644394,3.559091329574585,0.3283671438694,1.3446590855892282e-05,0.5730332732200623,0.00366695923730731,71.0,0.9999985694885254,-0.1634742021560669,0.0558987520635128,0.17276714742183685,0.17276611924171448,True,0.9464412331581116
RESET_V_KEEP_M_STEP,B,12,1.4214202165603638,0.04283960536122322,9.774707794189453,4.421420097351074,0.010709901340305805,4.421432971954346,3.6616628170013428,-0.0077703832648694515,3.6616711616516113,0.3490600287914276,1.344380416412605e-05,0.5908130407333374,0.003666579257696867,72.0,0.9999896287918091,-0.16353356838226318,0.0427258275449276,0.16902285814285278,0.1690218150615692,True,0.9669082760810852
RESET_V_KEEP_M_STEP,B,13,1.2578866481781006,0.08556543290615082,9.065715789794922,4.25788688659668,0.021391358226537704,4.257940769195557,3.737638473510742,-0.005922354757785797,3.737643241882324,0.3682599365711212,1.3545062756747939e-05,0.6068442463874817,0.003680361667647958,73.0,0.9999781250953674,-0.16300809383392334,0.022800445556640625,0.16459494829177856,0.1645939201116562,True,0.9896506071090698
RESET_V_KEEP_M_STEP,B,14,1.0948785543441772,0.10836587846279144,8.385483741760254,4.094878673553467,0.02709146961569786,4.094968318939209,3.789663314819336,-0.0031909833196550608,3.7896647453308105,0.3860212564468384,1.398910808347864e-05,0.6213060617446899,0.0037402017042040825,74.0,0.9999721646308899,-0.16197854280471802,0.0011413022875785828,0.16198256611824036,0.16198153793811798,True,0.9999066591262817
RESET_V_KEEP_M_STEP,B,15,0.9329000115394592,0.10950718075037003,7.735350131988525,3.9328999519348145,0.027376795187592506,3.932995319366455,3.8201849460601807,-0.00016273799701593816,3.8201849460601807,0.4024032652378082,1.4709066817886196e-05,0.6343526244163513,0.0038352401461452246,75.0,0.9999754428863525,-0.16051238775253296,-0.0178476944565773,0.16150160133838654,0.16150060296058655,True,0.9946200847625732
RESET_V_KEEP_M_STEP,B,16,0.7723876237869263,0.09165948629379272,7.116503715515137,3.7723875045776367,0.02291487157344818,3.7724571228027344,3.831456422805786,0.002591215306892991,3.8314573764801025,0.4174685776233673,1.544384576845914e-05,0.6461181044578552,0.003929866012185812,76.0,0.9999853372573853,-0.15866702795028687,-0.0315299816429615,0.16176947951316833,0.16176848113536835,True,0.9819876551628113
RESET_V_KEEP_M_STEP,B,17,0.6137205958366394,0.06012950465083122,6.529940605163574,3.613720655441284,0.015032376162707806,3.6137518882751465,3.825549602508545,0.004623581189662218,3.825552225112915,0.43128201365470886,1.5953493857523426e-05,0.6567206382751465,0.00399418268352747,77.0,0.9999957084655762,-0.15649130940437317,-0.03861406818032265,0.1611849069595337,0.1611839085817337,True,0.9718688130378723
RESET_V_KEEP_M_STEP,B,18,0.45722928643226624,0.021515436470508575,5.9762749671936035,3.4572293758392334,0.005378859117627144,3.457233428955078,3.8043665885925293,0.005664460826665163,3.804370880126953,0.44390973448753357,1.616351437405683e-05,0.6662654876708984,0.004020387306809425,78.0,1.0,-0.15402767062187195,-0.03863902390003204,0.1588001698255539,0.1587992161512375,True,0.970323920249939
RESET_V_KEEP_M_STEP,B,19,0.3032016158103943,-0.017123587429523468,5.4556074142456055,3.303201675415039,-0.004280896857380867,3.3032045364379883,3.769652843475342,0.0056359004229307175,3.7696568965911865,0.45541825890541077,1.6176283679669723e-05,0.6748468279838562,0.004021975211799145,79.0,0.9999960660934448,-0.1513129025697708,-0.03203026205301285,0.15466587245464325,0.15466493368148804,True,0.978052020072937
RESET_V_KEEP_M_STEP,B,20,0.15188871324062347,-0.049153849482536316,4.967502593994141,3.151888608932495,-0.012288462370634079,3.1519124507904053,3.7230076789855957,0.004644220694899559,3.723010778427124,0.46587398648262024,1.6178433725144714e-05,0.6825495958328247,0.004022242501378059,80.0,0.9999867677688599,-0.14837948977947235,-0.020388655364513397,0.1497737318277359,0.1497727930545807,True,0.9901527762413025
RESET_V_KEEP_M_STEP,B,21,0.003509223461151123,-0.06954250484704971,4.511138439178467,3.003509283065796,-0.01738562621176243,3.0035595893859863,3.665895700454712,0.0029509523883461952,3.6658968925476074,0.4753425121307373,1.6313262676703744e-05,0.6894508600234985,0.004038968123495579,81.0,0.999978244304657,-0.14525608718395233,-0.006319902837276459,0.145393505692482,0.14539261162281036,True,0.9987865686416626
RESET_V_KEEP_M_STEP,B,22,-0.1417468637228012,-0.07586240768432617,4.0855255126953125,2.858253240585327,-0.018965601921081543,2.85831618309021,3.5996570587158203,0.000917294411920011,3.5996572971343994,0.4838882386684418,1.6599209629930556e-05,0.6956207752227783,0.00407421262934804,82.0,0.9999762773513794,-0.14196832478046417,0.007346227765083313,0.14215825498104095,0.1421573907136917,True,0.9989848136901855
RESET_V_KEEP_M_STEP,B,23,-0.2837151885032654,-0.06851617991924286,3.689688205718994,2.71628475189209,-0.017129044979810715,2.716338634490967,3.5255167484283447,-0.0010709953494369984,3.5255167484283447,0.4915739893913269,1.6942305592237972e-05,0.7011233568191528,0.0041161030530929565,83.0,0.9999820590019226,-0.13853904604911804,0.018317420035600662,0.13974475860595703,0.13974390923976898,True,0.9921789765357971
RESET_V_KEEP_M_STEP,B,24,-0.4222542345523834,-0.0501987598836422,3.3227014541625977,2.5777456760406494,-0.01254968997091055,2.5777761936187744,3.4445934295654297,-0.0026768003590404987,3.444594621658325,0.4984606206417084,1.7218768334714696e-05,0.7060174345970154,0.004149550572037697,84.0,0.9999915957450867,-0.13498899340629578,0.025113604962825775,0.13730521500110626,0.1373043656349182,True,0.9840096235275269
RESET_V_KEEP_M_STEP,B,25,-0.5572432279586792,-0.02508515492081642,2.9836087226867676,2.4427566528320312,-0.006271288730204105,2.4427647590637207,3.3579087257385254,-0.0036640893667936325,3.357910633087158,0.5046069622039795,1.7359045159537345e-05,0.7103569507598877,0.004166418686509132,85.0,0.9999988079071045,-0.1313369870185852,0.027034226804971695,0.13409046828746796,0.13408967852592468,True,0.9799798130989075
RESET_V_KEEP_M_STEP,B,26,-0.6885802149772644,0.0019490718841552734,2.6713311672210693,2.311419725418091,0.00048726797103881836,2.311419725418091,3.2663934230804443,-0.003924809396266937,3.2663958072662354,0.5100694298744202,1.7381014913553372e-05,0.7141914367675781,0.004169054329395294,86.0,0.9999990463256836,-0.12760013341903687,0.024139951914548874,0.12986351549625397,0.12986277043819427,True,0.9825319051742554
RESET_V_KEEP_M_STEP,B,27,-0.8161803483963013,0.026089023798704147,2.3846194744110107,2.1838197708129883,0.006522255949676037,2.1838295459747314,3.170896053314209,-0.003483601612970233,3.170897960662842,0.5149020552635193,1.7363872757414356e-05,0.7175667881965637,0.004166997969150543,87.0,0.9999915957450867,-0.12379425764083862,0.017287928611040115,0.12499555945396423,0.12499477714300156,True,0.9899717569351196
RESET_V_KEEP_M_STEP,B,28,-0.9399746060371399,0.04337695240974426,2.1220874786376953,2.060025453567505,0.010844238102436066,2.060054063796997,3.072188377380371,-0.0024830158799886703,3.0721893310546875,0.5191562175750732,1.7389049389748834e-05,0.7205249667167664,0.004170017782598734,88.0,0.9999816417694092,-0.11993378400802612,0.008029080927371979,0.12020224332809448,0.120201475918293,True,0.9974011182785034
RESET_V_KEEP_M_STEP,B,29,-1.059908390045166,0.05140603333711624,1.882308006286621,1.940091609954834,0.01285150833427906,1.9401341676712036,2.9709720611572266,-0.0011502904817461967,2.9709722995758057,0.5228807926177979,1.7489257515990175e-05,0.7231049537658691,0.004182016011327505,89.0,0.9999754428863525,-0.11603212356567383,-0.0017462074756622314,0.1160452589392662,0.1160445287823677,True,0.9999645352363586
RESET_V_KEEP_M_STEP,B,30,-1.1759405136108398,0.04965982586145401,1.6639047861099243,1.8240594863891602,0.012414956465363503,1.8241016864776611,2.8678839206695557,0.00024988941731862724,2.8678839206695557,0.5261219143867493,1.763692853273824e-05,0.7253426313400269,0.004199634306132793,90.0,0.9999774694442749,-0.11210179328918457,-0.01026158407330513,0.11257047951221466,0.11256974190473557,True,0.9964338541030884
RESET_V_KEEP_M_STEP,B,31,-1.2880423069000244,0.03939824178814888,1.465593695640564,1.7119576930999756,0.00984956044703722,1.7119860649108887,2.7635014057159424,0.0014663961483165622,2.7635018825531006,0.528922975063324,1.7773421859601513e-05,0.7272709012031555,0.004215853754431009,91.0,0.9999862909317017,-0.108154296875,-0.01617622561752796,0.1093573123216629,0.10935664176940918,True,0.9898338913917542
RESET_V_KEEP_M_STEP,B,32,-1.3961966037750244,0.02322201617062092,1.2861599922180176,1.6038033962249756,0.00580550404265523,1.603813886642456,2.6583471298217773,0.0023047125432640314,2.6583480834960938,0.5313248634338379,1.785266249498818e-05,0.7289203405380249,0.004225241020321846,92.0,0.9999963045120239,-0.10420060157775879,-0.01872130297124386,0.10586903989315033,0.1058683842420578,True,0.9848743081092834
RESET_V_KEEP_M_STEP,B,33,-1.5003972053527832,0.00450071319937706,1.1244068145751953,1.4996027946472168,0.001125178299844265,1.499603271484375,2.5528926849365234,0.002654791809618473,2.552894115447998,0.5333657264709473,1.7868514987640083e-05,0.7303189039230347,0.004227116703987122,93.0,0.9999999403953552,-0.1002507209777832,-0.017741015180945396,0.10180839896202087,0.10180775076150894,True,0.9848304390907288
RESET_V_KEEP_M_STEP,B,34,-1.6006479263305664,-0.013240301981568336,0.9791150689125061,1.3993520736694336,-0.003310075495392084,1.3993560075759888,2.447563648223877,0.0025018304586410522,2.4475648403167725,0.5350812077522278,1.785191307135392e-05,0.7314924597740173,0.0042251525446772575,94.0,0.9999942779541016,-0.09631407260894775,-0.013691125437617302,0.0972823053598404,0.09728176146745682,True,0.9897114634513855
RESET_V_KEEP_M_STEP,B,35,-1.6969619989395142,-0.02693142741918564,0.849044680595398,1.3030380010604858,-0.00673285685479641,1.3030554056167603,2.342742443084717,0.001920639886520803,2.342743158340454,0.536504328250885,1.7845017282525077e-05,0.7324645519256592,0.004224336240440607,95.0,0.9999821186065674,-0.0923997163772583,-0.007554329931735992,0.09270801395177841,0.09270744770765305,True,0.9962401390075684
RESET_V_KEEP_M_STEP,B,36,-1.7893617153167725,-0.03448575735092163,0.73297119140625,1.2106382846832275,-0.008621439337730408,1.2106690406799316,2.238771915435791,0.001055290224030614,2.23877215385437,0.5376657247543335,1.787250403140206e-05,0.7332569360733032,0.004227588418871164,96.0,0.9999711513519287,-0.0885157585144043,-0.0006293170154094696,0.08851799368858337,0.08851750940084457,True,0.9998987913131714
RESET_V_KEEP_M_STEP,B,37,-1.8778774738311768,-0.0351150743663311,0.6297336220741272,1.1221225261688232,-0.008778768591582775,1.1221568584442139,2.135958433151245,8.76172780408524e-05,2.135958433151245,0.5385937094688416,1.7928961824509315e-05,0.7338894605636597,0.00423426041379571,97.0,0.9999690651893616,-0.0846700668334961,0.005757614970207214,0.08486559987068176,0.08486510068178177,True,0.9981961846351624
RESET_V_KEEP_M_STEP,B,38,-1.9625475406646729,-0.029357459396123886,0.5382615327835083,1.0374524593353271,-0.0073393648490309715,1.0374784469604492,2.0345747470855713,-0.0007990212761797011,2.0345749855041504,0.5393142700195312,1.7988100807997398e-05,0.7343801856040955,0.004241238348186016,98.0,0.9999776482582092,-0.08086991310119629,0.01051066443324089,0.08155008405447006,0.08154953271150589,True,0.9925464391708374
RESET_V_KEEP_M_STEP,B,39,-2.043417453765869,-0.018846794962882996,0.4575694799423218,0.9565825462341309,-0.004711698740720749,0.9565941095352173,1.934862494468689,-0.0014530556509271264,1.9348630905151367,0.5398512482643127,1.8023978554992937e-05,0.7347456812858582,0.004245465621352196,99.0,0.9999912977218628,-0.07712173461914062,0.012927910313010216,0.07819778472185135,0.07819738984107971,True,0.9870417714118958
RESET_MV_KEEP_STEP,B,0,3.0003905296325684,-0.03465647995471954,18.00249481201172,6.000390529632568,-0.008664119988679886,6.000397205352783,0.0,0.0,0.0,0.0,0.0,0.0,0.0,60.0,nan,-0.07706975936889648,0.07706905156373978,0.10899259895086288,0.10899192094802856,True,0.7081301808357239
RESET_MV_KEEP_STEP,B,1,2.923320770263672,0.04241257160902023,17.543088912963867,5.923320770263672,0.010603142902255058,5.923329830169678,0.6000390648841858,-0.0008664120105095208,0.6000397205352783,0.036004688590765,7.506697841108689e-08,0.18974901735782623,0.00027398354723118246,61.0,0.9999947547912598,-0.10433459281921387,-0.015915799885988235,0.10554154962301254,0.10554096847772598,True,0.9888325333595276
RESET_MV_KEEP_STEP,B,2,2.818986177444458,0.026496771723031998,16.93038558959961,5.818985939025879,0.006624192930757999,5.8189897537231445,1.1323672533035278,0.0002805435215122998,1.1323673725128174,0.07105441391468048,1.8741855001280783e-07,0.2665603458881378,0.0004329186340328306,62.0,0.9999995231628418,-0.12236809730529785,-0.04709834232926369,0.13111905753612518,0.13111817836761475,True,0.9336677193641663
RESET_MV_KEEP_STEP,B,3,2.69661808013916,-0.02060157060623169,16.22578239440918,5.69661808013916,-0.005150392651557922,5.696620464324951,1.6010291576385498,0.000914908479899168,1.6010295152664185,0.10484395921230316,2.3111107338991133e-07,0.32379618287086487,0.0004807401273865253,63.0,0.9999988675117493,-0.13534951210021973,-0.01515541598200798,0.1361953616142273,0.13619449734687805,True,0.9936884045600891
RESET_MV_KEEP_STEP,B,4,2.5612685680389404,-0.03575698658823967,15.46401596069336,5.5612688064575195,-0.008939246647059917,5.561275959014893,2.0105879306793213,0.000308378366753459,2.0105879306793213,0.137190580368042,2.5740649789440795e-07,0.37039247155189514,0.0005073524662293494,64.0,0.9999984502792358,-0.14498567581176758,0.026668604463338852,0.14741797745227814,0.1474171131849289,True,0.9837902784347534
RESET_MV_KEEP_STEP,B,5,2.416282892227173,-0.009088382124900818,14.668069839477539,5.416282653808594,-0.0022720955312252045,5.416283130645752,2.3656561374664307,-0.0006163841462694108,2.3656561374664307,0.1679811030626297,3.370592196461075e-07,0.4098549783229828,0.0005805680411867797,65.0,1.0,-0.15219354629516602,0.03383808583021164,0.15590988099575043,0.15590892732143402,True,0.9762544631958008
RESET_MV_KEEP_STEP,B,6,2.264089345932007,0.02474970370531082,13.855396270751953,5.264089584350586,0.006187425926327705,5.264093399047852,2.6707189083099365,-0.0007819552556611598,2.6707189083099365,0.19714924693107605,3.418845722080732e-07,0.44401490688323975,0.0005847089923918247,66.0,0.999998927116394,-0.15754055976867676,0.003515554592013359,0.15757977962493896,0.15757884085178375,True,0.9997241497039795
RESET_MV_KEEP_STEP,B,7,2.10654878616333,0.02826525829732418,13.038520812988281,5.10654878616333,0.007066314574331045,5.106553554534912,2.930056095123291,-8.50171345518902e-05,2.930056095123291,0.22466275095939636,3.798269290200551e-07,0.47398602962493896,0.0006163010257296264,67.0,0.9999990463256836,-0.16141045093536377,-0.024680403992533684,0.16328641772270203,0.16328541934490204,True,0.9887194037437439
RESET_MV_KEEP_STEP,B,8,1.9451383352279663,0.003584854304790497,12.227198600769043,4.945138454437256,0.0008962135761976242,4.945138454437256,3.147705316543579,0.0006301160319708288,3.147705316543579,0.2505149245262146,4.293798951948702e-07,0.5005146861076355,0.0006552708800882101,68.0,1.0000001192092896,-0.16407811641693115,-0.02589142508804798,0.1661083847284317,0.16610725224018097,True,0.9878057241439819
RESET_MV_KEEP_STEP,B,9,1.7810602188110352,-0.022306570783257484,11.429330825805664,4.781060218811035,-0.005576642695814371,4.781063556671143,3.327448606491089,0.0006567257805727422,3.327448606491089,0.2747187912464142,4.297537259390083e-07,0.5241362452507019,0.0006555560394190252,69.0,0.9999991059303284,-0.16574931144714355,-0.0012805387377738953,0.1657542586326599,0.16575326025485992,True,0.9999604225158691
RESET_MV_KEEP_STEP,B,10,1.6153109073638916,-0.02358710952103138,10.650615692138672,4.6153106689453125,-0.005896777380257845,4.615314483642578,3.4728097915649414,3.338891838211566e-05,3.4728097915649414,0.29730260372161865,4.6042293888604036e-07,0.545254647731781,0.0006785447476431727,70.0,0.9999991655349731,-0.16658341884613037,0.02084621973335743,0.16788269579410553,0.16788163781166077,True,0.992418646812439
RESET_MV_KEEP_STEP,B,11,1.4487274885177612,-0.00274088978767395,9.895589828491211,4.448727607727051,-0.0006852224469184875,4.448727607727051,3.58705997467041,-0.000559627718757838,3.58705997467041,0.3183063864707947,4.947345360051258e-07,0.5641864538192749,0.0007033736910670996,71.0,1.0,-0.16670644283294678,0.021457668393850327,0.16808173060417175,0.1680806577205658,True,0.9918373823165894
RESET_MV_KEEP_STEP,B,12,1.2820210456848145,0.018716778606176376,9.167896270751953,4.2820210456848145,0.004679194651544094,4.2820234298706055,3.673226833343506,-0.0005721871857531369,3.673226833343506,0.33777928352355957,4.947093543705705e-07,0.5811878442764282,0.0007033557631075382,72.0,0.9999992251396179,-0.16622042655944824,0.0017388593405485153,0.1662295162677765,0.1662285476922989,True,0.9999333620071411
RESET_MV_KEEP_STEP,B,13,1.1158006191253662,0.02045563794672489,8.469961166381836,4.115800857543945,0.005113909486681223,4.115804195404053,3.7341063022613525,-4.7048975829966366e-05,3.7341063022613525,0.35577720403671265,5.161095373296121e-07,0.5964705944061279,0.0007184076239354908,73.0,0.9999991655349731,-0.16520965099334717,-0.01703064702451229,0.1660851389169693,0.16608405113220215,True,0.9948552846908569
RESET_MV_KEEP_STEP,B,14,0.950590968132019,0.0034249909222126007,7.803586483001709,3.9505910873413086,0.0008562477305531502,3.9505913257598877,3.772275686264038,0.0004690468776971102,3.772275686264038,0.3723612427711487,5.417455213319045e-07,0.610214114189148,0.0007360336603596807,74.0,0.9999999403953552,-0.16374409198760986,-0.018552066758275032,0.16479170322418213,0.16479067504405975,True,0.9936671257019043
RESET_MV_KEEP_STEP,B,15,0.7868468761444092,-0.015127075836062431,7.170133113861084,3.786846876144409,-0.003781768959015608,3.786848783493042,3.790107250213623,0.0005077669629827142,3.790107250213623,0.387596070766449,5.419369699666277e-07,0.622572124004364,0.0007361636962741613,75.0,0.9999994039535522,-0.16188311576843262,-0.0028617791831493378,0.16190840303897858,0.1619074046611786,True,0.9998255968093872
RESET_MV_KEEP_STEP,B,16,0.6249637603759766,-0.01798885501921177,6.570221900939941,3.6249637603759766,-0.004497213754802942,3.624966621398926,3.789781093597412,7.881337660364807e-05,3.789781093597412,0.40154871344566345,5.55696828996588e-07,0.6336787343025208,0.0007454507285729051,76.0,0.9999991655349731,-0.15967753529548645,0.013601835817098618,0.1602558046579361,0.1602548360824585,True,0.9964960813522339
RESET_MV_KEEP_STEP,B,17,0.4652862250804901,-0.0043870192021131516,6.0041069984436035,3.4652862548828125,-0.0010967548005282879,3.4652864933013916,3.7732994556427,-0.00037878932198509574,3.7732994556427,0.4142875075340271,5.753660730078991e-07,0.6436517238616943,0.0007585288840346038,77.0,0.9999999403953552,-0.15717101097106934,0.016271304339170456,0.15801101922988892,0.15801002085208893,True,0.9947163462638855
RESET_MV_KEEP_STEP,B,18,0.3081152141094208,0.011884285137057304,5.47183084487915,3.308115243911743,0.002971071284264326,3.3081164360046387,3.7424981594085693,-0.00045058588148094714,3.7424981594085693,0.42588144540786743,5.759935675087036e-07,0.6525959372520447,0.0007589423912577331,78.0,0.9999995231628418,-0.15440165996551514,0.003911232575774193,0.1544511914253235,0.15445023775100708,True,0.9996562004089355
RESET_MV_KEEP_STEP,B,19,0.15371355414390564,0.015795517712831497,4.97298526763916,3.1537134647369385,0.003948879428207874,3.1537158489227295,3.6990599632263184,-0.00010842015035450459,3.6990599632263184,0.4363991916179657,5.842448445037007e-07,0.6606051921844482,0.0007643590797670186,79.0,0.9999992847442627,-0.15140290558338165,-0.010654138401150703,0.15177731215953827,0.15177638828754425,True,0.9976203441619873
RESET_MV_KEEP_STEP,B,20,0.002310648560523987,0.005141379311680794,4.506938457489014,3.0023107528686523,0.0012853448279201984,3.0023112297058105,3.6445252895355225,0.0002973098016809672,3.6445252895355225,0.44590869545936584,5.992542355670594e-07,0.6677639484405518,0.000774115149397403,80.0,0.9999998211860657,-0.14820443093776703,-0.014266853220760822,0.14888954162597656,0.14888860285282135,True,0.995439350605011
RESET_MV_KEEP_STEP,B,21,-0.14589378237724304,-0.009125473909080029,4.072971343994141,2.8541061878204346,-0.002281368477270007,2.854106903076172,3.580303907394409,0.0003961132897529751,3.580303907394409,0.45447665452957153,6.003070893711993e-07,0.6741488575935364,0.0007747948402538896,81.0,0.9999997019767761,-0.144832581281662,-0.004632818512618542,0.1449066549539566,0.14490576088428497,True,0.9994630217552185
RESET_MV_KEEP_STEP,B,22,-0.29072636365890503,-0.01375829242169857,3.670105218887329,2.70927357673645,-0.0034395731054246426,2.709275722503662,3.5076842308044434,0.0001283651072299108,3.5076842308044434,0.4621680974960327,6.049114062989247e-07,0.679829478263855,0.0007777605205774307,82.0,0.9999992251396179,-0.14131110906600952,0.008216248825192451,0.14154976606369019,0.14154890179634094,True,0.9983868598937988
RESET_MV_KEEP_STEP,B,23,-0.43203747272491455,-0.005542043596506119,3.29721999168396,2.567962646484375,-0.0013855108991265297,2.567963123321533,3.4278430938720703,-0.0002284287184011191,3.4278430938720703,0.46904608607292175,6.161371288726514e-07,0.6848694086074829,0.0007849440444260836,83.0,0.9999997615814209,-0.13766133785247803,0.012436029501259327,0.13822191953659058,0.1382211297750473,True,0.9959927201271057
RESET_MV_KEEP_STEP,B,24,-0.5696988105773926,0.006893985904753208,2.953187942504883,2.4303011894226074,0.001723496476188302,2.4303019046783447,3.341855049133301,-0.0003441369335632771,3.341855049133301,0.4751714766025543,6.174406621539674e-07,0.689326822757721,0.0007857739110477269,84.0,0.9999996423721313,-0.133902907371521,0.004982925020158291,0.13399559259414673,0.1339947134256363,True,0.9992817044258118
RESET_MV_KEEP_STEP,B,25,-0.7036017179489136,0.011876910924911499,2.63673996925354,2.296398162841797,0.0029692277312278748,2.2964000701904297,3.250699758529663,-0.00013737358676735312,3.250699758529663,0.4806026816368103,6.197936954777106e-07,0.6932551264762878,0.0007872697897255421,85.0,0.9999991059303284,-0.13005340099334717,-0.006279428023844957,0.13020490109920502,0.13020414113998413,True,0.998897910118103
RESET_MV_KEEP_STEP,B,26,-0.8336551189422607,0.005597482901066542,2.3465287685394287,2.1663448810577393,0.0013993707252666354,2.1663453578948975,3.1552696228027344,0.00017328654939774424,3.1552696228027344,0.48539552092552185,6.279902322603448e-07,0.696703314781189,0.0007924583624117076,86.0,0.9999997615814209,-0.1261293888092041,-0.010770395398139954,0.12658840417861938,0.1265876740217209,True,0.9964287281036377
RESET_MV_KEEP_STEP,B,27,-0.9597845077514648,-0.005172912497073412,2.0812430381774902,2.040215492248535,-0.001293228124268353,2.0402159690856934,3.0563771724700928,0.000295894977170974,3.0563771724700928,0.489603191614151,6.293204819485254e-07,0.6997165083885193,0.0007932971930131316,87.0,0.9999997019767761,-0.1221458911895752,-0.005009220447391272,0.1222485676407814,0.12224782258272171,True,0.9991338849067688
RESET_MV_KEEP_STEP,B,28,-1.08193039894104,-0.010182132944464684,1.8395085334777832,1.91806960105896,-0.002545533236116171,1.9180712699890137,2.954761028289795,0.00013698266411665827,2.954761028289795,0.49327608942985535,6.303636155280401e-07,0.7023361921310425,0.0007939544157125056,88.0,0.9999989867210388,-0.11811697483062744,0.004804003052413464,0.11821462959051132,0.1182139590382576,True,0.9992270469665527
RESET_MV_KEEP_STEP,B,29,-1.2000473737716675,-0.00537812989205122,1.6199183464050293,1.7999526262283325,-0.001344532473012805,1.7999532222747803,2.8510918617248535,-0.00013126892736181617,2.8510918617248535,0.49646180868148804,6.362130307024927e-07,0.70460045337677,0.0007976296474225819,89.0,0.9999996423721313,-0.11405575275421143,0.009285015054047108,0.11443306505680084,0.11443240195512772,True,0.9967630505561829
RESET_MV_KEEP_STEP,B,30,-1.314103126525879,0.003906885161995888,1.4211260080337524,1.685896873474121,0.000976721290498972,1.6858971118927002,2.7459778785705566,-0.00025259528774768114,2.7459778785705566,0.49920520186424255,6.373846304086328e-07,0.7065445780754089,0.0007983637042343616,90.0,0.9999998211860657,-0.10997438430786133,0.004790236242115498,0.11007866263389587,0.11007795482873917,True,0.9990273714065552
RESET_MV_KEEP_STEP,B,31,-1.4240775108337402,0.008697121404111385,1.2417752742767334,1.5759224891662598,0.0021742803510278463,1.575924038887024,2.639969825744629,-0.00012966363283339888,2.639969825744629,0.5015482902526855,6.377012482516875e-07,0.7082007527351379,0.0007985619595274329,91.0,0.9999989867210388,-0.10588431358337402,-0.0037288586609065533,0.10594995319843292,0.10594926029443741,True,0.9994280338287354
RESET_MV_KEEP_STEP,B,32,-1.5299618244171143,0.004968262743204832,1.0805091857910156,1.4700381755828857,0.001242065685801208,1.470038652420044,2.533565044403076,0.00010073076555272564,2.533565044403076,0.5035303235054016,6.417910753953038e-07,0.7095987200737,0.0008011186146177351,92.0,0.9999997615814209,-0.10179615020751953,-0.007989345118403435,0.10210918635129929,0.10210860520601273,True,0.9970000982284546
RESET_MV_KEEP_STEP,B,33,-1.6317579746246338,-0.0030210823751986027,0.9360442757606506,1.3682420253753662,-0.0007552705937996507,1.3682422637939453,2.4272122383117676,0.00021486425248440355,2.4272122383117676,0.5051878094673157,6.426920435842476e-07,0.7107656598091125,0.0008016807842068374,93.0,0.9999997019767761,-0.09772014617919922,-0.004404706880450249,0.09781936556100845,0.0978187769651413,True,0.9989606738090515
RESET_MV_KEEP_STEP,B,34,-1.729478120803833,-0.007425789255648851,0.8071198463439941,1.270521879196167,-0.0018564473139122128,1.270523190498352,2.321315288543701,0.0001178507664008066,2.321315288543701,0.5065546631813049,6.426197955988755e-07,0.7117265462875366,0.0008016356732696295,94.0,0.999998927116394,-0.0936657190322876,0.002982818055897951,0.0937132015824318,0.09371260553598404,True,0.9995388388633728
RESET_MV_KEEP_STEP,B,35,-1.8231438398361206,-0.0044429711997509,0.6924976706504822,1.1768561601638794,-0.001110742799937725,1.1768566370010376,2.216235876083374,-7.957905472721905e-05,2.216235876083374,0.5076623558998108,6.454235972341849e-07,0.7125042676925659,0.0008033826015889645,95.0,0.9999995231628418,-0.08964169025421143,0.006878959480673075,0.08990524709224701,0.08990462124347687,True,0.9971404075622559
RESET_MV_KEEP_STEP,B,36,-1.912785530090332,0.0024359882809221745,0.5910183787345886,1.087214469909668,0.0006089970702305436,1.0872145891189575,2.112298011779785,-0.00018269542488269508,2.112298011779785,0.5085396766662598,6.460119266193942e-07,0.7131196856498718,0.0008037486695684493,96.0,0.9999998807907104,-0.08565628528594971,0.003918134607374668,0.08574585616588593,0.08574536442756653,True,0.9989296793937683
RESET_MV_KEEP_STEP,B,37,-1.9984418153762817,0.006354122888296843,0.5015644431114197,1.0015581846237183,0.0015885307220742106,1.0015593767166138,2.0097897052764893,-0.00010352617391617969,2.0097897052764893,0.5092131495475769,6.457368044721079e-07,0.7135917544364929,0.0008035774808377028,97.0,0.9999986886978149,-0.0817176103591919,-0.002494292100891471,0.08175566792488098,0.08175509423017502,True,0.9995816946029663
RESET_MV_KEEP_STEP,B,38,-2.0801594257354736,0.0038598307874053717,0.4230552017688751,0.9198405742645264,0.0009649576968513429,0.9198411107063293,1.9089665412902832,6.567951641045511e-05,1.9089665412902832,0.5097070932388306,6.47614513127337e-07,0.7139377593994141,0.0008047450101003051,98.0,0.999999463558197,-0.07783269882202148,-0.005936749279499054,0.07805878669023514,0.07805820554494858,True,0.9971828460693359
RESET_MV_KEEP_STEP,B,39,-2.157992124557495,-0.0020769184920936823,0.35448917746543884,0.8420078754425049,-0.0005192296230234206,0.8420080542564392,1.8100539445877075,0.00015560734027530998,1.8100539445877075,0.5100435018539429,6.478980481006147e-07,0.7141733169555664,0.0008049211464822292,99.0,0.9999997019767761,-0.07400822639465332,-0.0033791863825172186,0.07408533245325089,0.07408490777015686,True,0.9989308714866638
RESET_STEP_ONLY,B,0,3.0003905296325684,-0.03465647995471954,18.00249481201172,6.000390529632568,-0.008664119988679886,6.000397205352783,-0.30671268701553345,-0.0025795812252908945,0.30672353506088257,0.2252204418182373,0.00028246609144844115,0.4745739698410034,0.016806727275252342,0.0,-0.9999514222145081,-0.020055055618286133,0.006000665947794914,0.020933542400598526,0.020933309569954872,True,0.958447277545929
RESET_STEP_ONLY,B,1,2.9803354740142822,-0.02865581400692463,17.882307052612305,5.980335235595703,-0.007163953501731157,5.980339050292969,0.3239976465702057,-0.0031880352180451155,0.3240133225917816,0.2609999179840088,0.00028225869755260646,0.5108814835548401,0.01680055633187294,1.0,0.9999628067016602,-0.03844571113586426,0.00502425990998745,0.038772616535425186,0.03877225145697594,True,0.9917232394218445
RESET_STEP_ONLY,B,2,2.941889762878418,-0.02363155409693718,17.65309715270996,5.941889762878418,-0.005907888524234295,5.941892623901367,0.889631450176239,-0.003585627069696784,0.8896386623382568,0.29650333523750305,0.0002820277586579323,0.5445212125778198,0.01679368130862713,2.0,0.9999952912330627,-0.048938751220703125,0.004594495519995689,0.049153950065374374,0.04915386438369751,True,0.9957143664360046
RESET_STEP_ONLY,B,3,2.892951011657715,-0.01903705857694149,17.363481521606445,5.892951011657715,-0.0047592646442353725,5.892952919006348,1.3948572874069214,-0.003817853284999728,1.3948625326156616,0.3315128982067108,0.00028178063803352416,0.5757715702056885,0.016786323860287666,3.0,0.999998152256012,-0.05604076385498047,0.004284641705453396,0.05620431900024414,0.056203752756118774,True,0.9971511960029602
RESET_STEP_ONLY,B,4,2.8369102478027344,-0.014752416871488094,17.034788131713867,5.836910247802734,-0.0036881042178720236,5.836911678314209,1.844666600227356,-0.003911994397640228,1.8446707725524902,0.36590826511383057,0.0002815214975271374,0.604903519153595,0.016778603196144104,4.0,0.9999988675117493,-0.06123065948486328,0.004000761546194553,0.061361223459243774,0.06136064603924751,True,0.997913122177124
RESET_STEP_ONLY,B,5,2.775679588317871,-0.010751655325293541,16.67925262451172,5.775679588317871,-0.0026879138313233852,5.775680065155029,2.2438910007476807,-0.003889605402946472,2.243894338607788,0.39961186051368713,0.0002812535676639527,0.6321486234664917,0.0167706161737442,5.0,0.9999991655349731,-0.06519651412963867,0.0037128515541553497,0.06530214846134186,0.06530170887708664,True,0.9984087347984314
RESET_STEP_ONLY,B,6,2.7104830741882324,-0.007038803771138191,16.304813385009766,5.710483074188232,-0.0017597009427845478,5.710483074188232,2.5970699787139893,-0.003769436152651906,2.5970728397369385,0.4325707256793976,0.0002809795259963721,0.6577010750770569,0.016762444749474525,6.0,0.9999993443489075,-0.06831574440002441,0.0034106168895959854,0.06840083003044128,0.06840039789676666,True,0.9987714290618896
RESET_STEP_ONLY,B,7,2.642167329788208,-0.003628186881542206,15.91702651977539,5.642167091369629,-0.0009070467203855515,5.642167091369629,2.9084112644195557,-0.003568462561815977,2.9084134101867676,0.4647477865219116,0.0002807016426231712,0.6817241311073303,0.01675415225327015,7.0,0.9999995231628418,-0.07081818580627441,0.00309157557785511,0.07088563591241837,0.07088522613048553,True,0.9990555047988892
RESET_STEP_ONLY,B,8,2.5713491439819336,-0.0005366113036870956,15.519965171813965,5.571349143981934,-0.0001341528259217739,5.571349143981934,3.1817867755889893,-0.003302321070805192,3.181788444519043,0.49611708521842957,0.0002804217510856688,0.704355776309967,0.01674579828977585,8.0,0.999999463558197,-0.07285261154174805,0.002756890607997775,0.07290475815534592,0.07290422171354294,True,0.9992856383323669
RESET_STEP_ONLY,B,9,2.4984965324401855,0.0022202793043106794,15.116732597351074,5.4984965324401855,0.0005550698260776699,5.4984965324401855,3.420742988586426,-0.002985504223033786,3.4207441806793213,0.5266609191894531,0.00028014136478304863,0.7257140874862671,0.016737423837184906,9.0,0.999999463558197,-0.07452058792114258,0.0024096320848912,0.0745595395565033,0.07455901801586151,True,0.9994743466377258
RESET_STEP_ONLY,B,10,2.423975944519043,0.0046299113892018795,14.709760665893555,5.423975944519043,0.0011574778473004699,5.423975944519043,3.6285183429718018,-0.002631446812301874,3.628519296646118,0.5563676953315735,0.0002798615605570376,0.745900571346283,0.016729062423110008,10.0,0.9999995231628418,-0.07589411735534668,0.0020539364777505398,0.0759219080209732,0.07592133432626724,True,0.9996281862258911
RESET_STEP_ONLY,B,11,2.3480818271636963,0.006683847866952419,14.300993919372559,5.348081588745117,0.0016709619667381048,5.348081588745117,3.8080642223358154,-0.002252554288133979,3.8080649375915527,0.5852308869361877,0.00027958303689956665,0.7650038599967957,0.016720736399292946,11.0,0.9999996423721313,-0.0770258903503418,0.0016945423558354378,0.0770445242524147,0.07704385370016098,True,0.9997512698173523
RESET_STEP_ONLY,B,12,2.2710559368133545,0.008378390222787857,13.892024993896484,5.271056175231934,0.0020945975556969643,5.271056652069092,3.9620659351348877,-0.0018602026393637061,3.962066411972046,0.6132476925849915,0.0002793062594719231,0.7831013202667236,0.016712458804249763,12.0,0.9999995231628418,-0.07795524597167969,0.001336498185992241,0.07796670496463776,0.07796620577573776,True,0.9998461008071899
RESET_STEP_ONLY,B,13,2.193100690841675,0.009714888408780098,13.484160423278809,5.193100929260254,0.0024287221021950245,5.193101406097412,4.092965126037598,-0.0014647225616499782,4.092965126037598,0.640418529510498,0.0002790313446894288,0.8002615571022034,0.01670423150062561,13.0,0.9999997019767761,-0.07871270179748535,0.0009849537163972855,0.07871886342763901,0.07871837913990021,True,0.9999157786369324
RESET_STEP_ONLY,B,14,2.1143879890441895,0.010699842125177383,13.078496932983398,5.1143879890441895,0.002674960531294346,5.114388942718506,4.202978610992432,-0.001075378037057817,4.20297908782959,0.6667464375495911,0.0002787582343444228,0.8165454268455505,0.016696054488420486,14.0,0.999999463558197,-0.07932209968566895,0.0006449948996305466,0.07932472229003906,0.07932411134243011,True,0.9999624490737915
RESET_STEP_ONLY,B,15,2.0350658893585205,0.01134483702480793,12.675959587097168,5.035065650939941,0.0028362092562019825,5.035066604614258,4.294119358062744,-0.0007003441569395363,4.294119358062744,0.6922366619110107,0.0002784866373986006,0.8320075869560242,0.016687918454408646,15.0,0.9999996423721313,-0.07980167865753174,0.00032150279730558395,0.07980232685804367,0.0798017755150795,True,0.99998939037323
RESET_STEP_ONLY,B,16,1.9552642107009888,0.011666339822113514,12.277338027954102,4.955264091491699,0.0029165849555283785,4.955265045166016,4.368214130401611,-0.00034668881562538445,4.368214130401611,0.7168962955474854,0.00027821617550216615,0.8466972708702087,0.016679814085364342,16.0,0.9999997615814209,-0.08016693592071533,1.9035302102565765e-05,0.08016693592071533,0.08016648888587952,True,0.9999996423721313
RESET_STEP_ONLY,B,17,1.8750972747802734,0.01168537512421608,11.88330364227295,4.875097274780273,0.00292134378105402,4.87509822845459,4.426918983459473,-2.0361436327220872e-05,4.426918983459473,0.7407341003417969,0.0002779464703053236,0.860659122467041,0.01667172648012638,17.0,0.9999998211860657,-0.08043026924133301,-0.0002582855522632599,0.08043067902326584,0.08043023943901062,True,0.9999966621398926
RESET_STEP_ONLY,B,18,1.7946670055389404,0.01142708957195282,11.494433403015137,4.7946672439575195,0.002856772392988205,4.794668197631836,4.471736907958984,0.0002738090988714248,4.471736907958984,0.763759970664978,0.0002776770561467856,0.8739336133003235,0.016663644462823868,18.0,0.9999998211860657,-0.08060193061828613,-0.0005068620666861534,0.08060352504253387,0.0806029811501503,True,0.9999837875366211
RESET_STEP_ONLY,B,19,1.7140650749206543,0.010920227505266666,11.111220359802246,4.714065074920654,0.0027300568763166666,4.714066028594971,4.504029750823975,0.0005321054486557841,4.504029750823975,0.7859850525856018,0.0002774075255729258,0.8865579962730408,0.016655554994940758,19.0,0.9999998807907104,-0.08069050312042236,-0.0007237084209918976,0.08069375157356262,0.08069316297769547,True,0.9999646544456482
RESET_STEP_ONLY,B,20,1.633374571800232,0.010196519084274769,10.73409366607666,4.6333746910095215,0.002549129771068692,4.63337516784668,4.525033473968506,0.0007519006030634046,4.525033473968506,0.8074215054512024,0.00027713755844160914,0.8985663652420044,0.016647448763251305,20.0,1.0,-0.0807032585144043,-0.0009065102785825729,0.080708347260952,0.080707848072052,True,0.9999430179595947
RESET_STEP_ONLY,B,21,1.5526713132858276,0.009290008805692196,10.363419532775879,4.552671432495117,0.002322502201423049,4.552672386169434,4.535867691040039,0.0009316235082224011,4.535867691040039,0.828082263469696,0.000276866921922192,0.9099902510643005,0.01663931831717491,21.0,0.9999998211860657,-0.08064663410186768,-0.0010536769405007362,0.08065351843833923,0.08065290749073029,True,0.9999210834503174
RESET_STEP_ONLY,B,22,1.47202467918396,0.00823633186519146,9.99951171875,4.472024917602539,0.002059082966297865,4.472025394439697,4.537548065185547,0.0010707114124670625,4.537548065185547,0.8479809761047363,0.00027659544139169157,0.9208588004112244,0.01663115806877613,22.0,1.0,-0.08052575588226318,-0.0011643767356872559,0.08053417503833771,0.08053366839885712,True,0.9999019503593445
RESET_STEP_ONLY,B,23,1.3914989233016968,0.007071955129504204,9.642638206481934,4.391499042510986,0.001767988782376051,4.3914995193481445,4.530995845794678,0.0011695486027747393,4.530995845794678,0.8671320080757141,0.00027632308774627745,0.9311992526054382,0.016622968018054962,23.0,1.0,-0.08034563064575195,-0.0012385430745780468,0.08035517483949661,0.08035461604595184,True,0.9998873472213745
RESET_STEP_ONLY,B,24,1.3111532926559448,0.005833412054926157,9.293025970458984,4.311153411865234,0.0014583530137315392,4.311153888702393,4.517045974731445,0.001229392597451806,4.517045974731445,0.8855501413345337,0.0002760498900897801,0.9410367608070374,0.016614750027656555,24.0,1.0,-0.08011031150817871,-0.0012768753804266453,0.08012048900127411,0.08011996746063232,True,0.9998782873153687
RESET_STEP_ONLY,B,25,1.2310429811477661,0.004556536674499512,8.950864791870117,4.231042861938477,0.001139134168624878,4.231043338775635,4.496456623077393,0.0012522886972874403,4.496457099914551,0.9032506346702576,0.0002757759648375213,0.9503949880599976,0.01660650409758091,25.0,0.9999998807907104,-0.07982361316680908,-0.001280811382457614,0.07983388751745224,0.07983335852622986,True,0.9998756051063538
RESET_STEP_ONLY,B,26,1.151219367980957,0.0032757252920418978,8.616312026977539,4.151219367980957,0.0008189313230104744,4.151219367980957,4.469915390014648,0.001240973244421184,4.469915866851807,0.9202491044998169,0.0002755015157163143,0.9592961668968201,0.016598237678408623,26.0,1.0,-0.07948875427246094,-0.0012524849735200405,0.07949861884117126,0.07949814200401306,True,0.999879002571106
RESET_STEP_ONLY,B,27,1.071730613708496,0.0020232403185218573,8.289496421813965,4.071730613708496,0.0005058100796304643,4.071730613708496,4.438045978546143,0.0011987690813839436,4.438046455383301,0.9365614652633667,0.0002752266882453114,0.9677610397338867,0.01658995822072029,27.0,0.9999998807907104,-0.07910895347595215,-0.0011946643935516477,0.07911797612905502,0.07911744713783264,True,0.9998878836631775
RESET_STEP_ONLY,B,28,0.992621660232544,0.0008285759249702096,7.970513820648193,3.992621660232544,0.0002071439812425524,3.992621660232544,4.401414394378662,0.001129473210312426,4.401414394378662,0.9522038698196411,0.00027495171525515616,0.9758093357086182,0.016581667587161064,28.0,1.0,-0.07868677377700806,-0.0011106739984825253,0.07869461178779602,0.07869412004947662,True,0.9999011754989624
RESET_STEP_ONLY,B,29,0.9139348864555359,-0.00028209807351231575,7.659443378448486,3.9139349460601807,-7.052451837807894e-05,3.9139349460601807,4.360535144805908,0.0010372402612119913,4.360535621643066,0.9671927094459534,0.00027467680047266185,0.9834595322608948,0.016573376953601837,29.0,0.9999998807907104,-0.078224778175354,-0.0010043036891147494,0.07823122292757034,0.07823073863983154,True,0.9999173879623413
RESET_STEP_ONLY,B,30,0.8357101082801819,-0.0012864017626270652,7.356335639953613,3.835710048675537,-0.0003216004406567663,3.835710048675537,4.315875053405762,0.0009264638065360487,4.315875053405762,0.9815443754196167,0.0002744021185208112,0.9907292127609253,0.01656508818268776,30.0,1.0,-0.077725350856781,-0.0008797036716714501,0.07773032784461975,0.07772984355688095,True,0.9999351501464844
RESET_STEP_ONLY,B,31,0.7579847574234009,-0.0021661054342985153,7.061224937438965,3.7579846382141113,-0.0005415263585746288,3.7579846382141113,4.267858505249023,0.0008016573847271502,4.267858505249023,0.9952755570411682,0.00027412784402258694,0.997635006904602,0.01655680686235428,31.0,1.0,-0.07719063758850098,-0.0007412726990878582,0.0771941989660263,0.07719365507364273,True,0.9999525547027588
RESET_STEP_ONLY,B,32,0.6807941198348999,-0.0029073781333863735,6.7741241455078125,3.6807942390441895,-0.0007268445333465934,3.6807944774627686,4.21687126159668,0.0006673390162177384,4.21687126159668,1.008402705192566,0.00027385400608181953,1.004192590713501,0.016548534855246544,32.0,0.9999998807907104,-0.0766226053237915,-0.0005935393273830414,0.07662490755319595,0.07662443071603775,True,0.999968409538269
RESET_STEP_ONLY,B,33,0.6041715145111084,-0.003500917460769415,6.495027542114258,3.6041715145111084,-0.0008752293651923537,3.6041717529296875,4.163263320922852,0.0005279206670820713,4.163263320922852,1.0209425687789917,0.00027358069201000035,1.0104169845581055,0.016540274024009705,33.0,0.9999999403953552,-0.0760231614112854,-0.0004410413093864918,0.07602444291114807,0.07602396607398987,True,0.999981701374054
RESET_STEP_ONLY,B,34,0.528148353099823,-0.003941958770155907,6.223917484283447,3.5281484127044678,-0.0009854896925389767,3.528148651123047,4.107354164123535,0.0003876056580338627,4.107354164123535,1.0329116582870483,0.0002733078727032989,1.0163226127624512,0.01653202623128891,34.0,0.9999999403953552,-0.07539409399032593,-0.0002882080152630806,0.0753946453332901,0.07539418339729309,True,0.9999914765357971
RESET_STEP_ONLY,B,35,0.45275425910949707,-0.004230166785418987,5.960758209228516,3.452754259109497,-0.0010575416963547468,3.452754259109497,4.049433708190918,0.00025029611424542964,4.049433708190918,1.0443265438079834,0.0002730355190578848,1.0219229459762573,0.016523785889148712,35.0,1.0,-0.0747370719909668,-0.00013924390077590942,0.07473720610141754,0.07473670691251755,True,0.9999975562095642
RESET_STEP_ONLY,B,36,0.3780171871185303,-0.004369410686194897,5.705502510070801,3.3780171871185303,-0.0010923526715487242,3.3780174255371094,3.9897656440734863,0.00011951233318541199,3.9897656440734863,1.0552037954330444,0.00027276360196992755,1.0272310972213745,0.01651555672287941,36.0,0.9999999403953552,-0.07405367493629456,1.973472535610199e-06,0.07405367493629456,0.07405321300029755,True,0.9999998807907104
RESET_STEP_ONLY,B,37,0.3039635121822357,-0.0043674372136592865,5.458089351654053,3.3039634227752686,-0.0010918593034148216,3.3039634227752686,3.928590774536133,-1.6741676063247724e-06,3.928590774536133,1.0655595064163208,0.00027249203412793577,1.032259464263916,0.016507333144545555,37.0,1.0,-0.07334542274475098,0.00013199029490351677,0.07334554195404053,0.07334506511688232,True,0.9999989867210388
RESET_STEP_ONLY,B,38,0.23061808943748474,-0.00423544691875577,5.218448638916016,3.2306180000305176,-0.0010588617296889424,3.2306182384490967,3.8661279678344727,-0.00011069267929997295,3.8661279678344727,1.07541024684906,0.0002722207282204181,1.0370198488235474,0.016499113291502,38.0,0.9999999403953552,-0.07261373102664948,0.00024785520508885384,0.0726141557097435,0.0726136714220047,True,0.9999951720237732
RESET_STEP_ONLY,B,39,0.15800435841083527,-0.003987591713666916,4.986497402191162,3.1580042839050293,-0.000996897928416729,3.1580045223236084,3.802577018737793,-0.00020550958288367838,3.802577018737793,1.084771752357483,0.0002719496551435441,1.041523814201355,0.016490895301103592,39.0,0.9999999403953552,-0.07186000794172287,0.00034718122333288193,0.07186084985733032,0.07186036556959152,True,0.9999896883964539
FRESH_ADAM,B,0,3.0003905296325684,-0.03465647995471954,18.00249481201172,6.000390529632568,-0.008664119988679886,6.000397205352783,0.0,0.0,0.0,0.0,0.0,0.0,0.0,0.0,nan,-0.09999990463256836,0.09999987483024597,0.14142119884490967,0.14142033457756042,True,0.7081271409988403
FRESH_ADAM,B,1,2.900390625,0.06534339487552643,17.407838821411133,5.900390625,0.016335848718881607,5.9004130363464355,0.6000390648841858,-0.0008664120105095208,0.6000397205352783,0.036004688590765,7.506697841108689e-08,0.18974901735782623,0.00027398354723118246,1.0,0.9999911189079285,-0.09995269775390625,-0.03436344861984253,0.10569478571414948,0.10569370537996292,True,0.9465695023536682
FRESH_ADAM,B,2,2.8004379272460938,0.0309799462556839,16.822660446166992,5.800437927246094,0.007744986563920975,5.800443172454834,1.1300742626190186,0.0008538140100426972,1.1300745010375977,0.07078329473733902,3.4185185882051883e-07,0.2660512924194336,0.0005846809945069253,2.0,0.9999998807907104,-0.09987282752990723,-0.04919040575623512,0.1113295927643776,0.11132914572954178,True,0.8976806402206421
FRESH_ADAM,B,3,2.7005650997161865,-0.018210459500551224,16.24826431274414,5.700565338134766,-0.004552614875137806,5.70056676864624,1.597110629081726,0.0015429313061758876,1.5971113443374634,0.10435759276151657,4.0149481606022164e-07,0.3230442702770233,0.0006336361984722316,3.0,0.9999985098838806,-0.09975957870483398,-0.026409808546304703,0.1031961739063263,0.10319527238607407,True,0.9664938449859619
FRESH_ADAM,B,4,2.6008055210113525,-0.044620268046855927,15.684759140014648,5.600805282592773,-0.011155067011713982,5.600816249847412,2.007456064224243,0.0009333766647614539,2.0074563026428223,0.13674968481063843,4.2181963522125443e-07,0.3697968125343323,0.0006494764238595963,4.0,0.9999969601631165,-0.09961271286010742,0.006431709975004196,0.09982013702392578,0.09981925040483475,True,0.9980484247207642
FRESH_ADAM,B,5,2.501192808151245,-0.03818855807185173,15.131744384765625,5.501193046569824,-0.009547139517962933,5.501201152801514,2.366791009902954,-0.0002754677552729845,2.366791009902954,0.16798195242881775,5.458333589558606e-07,0.40985602140426636,0.0007388053345493972,5.0,0.9999987483024597,-0.09943151473999023,0.0248899944126606,0.10249945521354675,0.102498859167099,True,0.9704886674880981
FRESH_ADAM,B,6,2.401761293411255,-0.013298563659191132,14.589532852172852,5.401761054992676,-0.003324640914797783,5.401762008666992,2.6802313327789307,-0.0012026350013911724,2.6802315711975098,0.19807709753513336,6.364354021570762e-07,0.44505852460861206,0.0007977689965628088,6.0,1.0,-0.09921526908874512,0.028169376775622368,0.10313672572374344,0.10313596576452255,True,0.9621460437774658
FRESH_ADAM,B,7,2.3025460243225098,0.014870813116431236,14.058525085449219,5.30254602432251,0.003717703279107809,5.302547454833984,2.9523842334747314,-0.001414835569448769,2.9523844718933105,0.2270580381155014,6.468522428804135e-07,0.4765060842037201,0.0008042712579481304,7.0,0.9999992847442627,-0.09896397590637207,0.01739763654768467,0.10048156976699829,0.10048086941242218,True,0.9847751259803772
FRESH_ADAM,B,8,2.2035820484161377,0.032268449664115906,13.538761138916016,5.203581809997559,0.008067112416028976,5.203588008880615,3.1874003410339355,-0.0009015816613100469,3.1874005794525146,0.2549479901790619,6.600267283829453e-07,0.5049237608909607,0.0008124202722683549,8.0,0.9999982714653015,-0.09867715835571289,8.556991815567017e-05,0.09867719560861588,0.09867645055055618,True,0.9999969601631165
FRESH_ADAM,B,9,2.104904890060425,0.032354019582271576,13.030158996582031,5.104905128479004,0.008088504895567894,5.1049113273620605,3.3890185356140137,-4.712234385806369e-06,3.3890185356140137,0.2817702889442444,7.244450443977257e-07,0.530820369720459,0.0008511433843523264,9.0,0.9999988079071045,-0.09835457801818848,-0.013875037431716919,0.09932844340801239,0.09932785481214523,True,0.990415632724762
FRESH_ADAM,B,10,2.0065503120422363,0.018478982150554657,12.532815933227539,5.006550312042236,0.004619745537638664,5.006552219390869,3.5606071949005127,0.0008046095026656985,3.5606071949005127,0.30754855275154114,7.891445648056106e-07,0.5545706152915955,0.0008883380796760321,10.0,0.9999997615814209,-0.09799623489379883,-0.020097175613045692,0.10003578662872314,0.10003514587879181,True,0.9797967672348022
FRESH_ADAM,B,11,1.9085540771484375,-0.0016181934624910355,12.046951293945312,4.9085540771484375,-0.00040454836562275887,4.9085540771484375,3.7052016258239746,0.0011861231178045273,3.7052018642425537,0.33230656385421753,8.096974397631129e-07,0.5764603614807129,0.0008998318808153272,11.0,1.0,-0.09760189056396484,-0.017383530735969543,0.09913786500692368,0.09913711994886398,True,0.9844922423362732
FRESH_ADAM,B,12,1.8109521865844727,-0.01900172419846058,11.572675704956055,4.810952186584473,-0.004750431049615145,4.810954570770264,3.8255369663238525,0.0010270560160279274,3.8255372047424316,0.3560681641101837,8.090514143077598e-07,0.5967144966125488,0.0008994728559628129,12.0,0.9999991655349731,-0.09717154502868652,-0.007513318210840225,0.09746158123016357,0.09746095538139343,True,0.9969474673271179
FRESH_ADAM,B,13,1.7137806415557861,-0.026515042409300804,11.10995101928711,4.713780403137207,-0.006628760602325201,4.713785171508789,3.9240784645080566,0.0004493072920013219,3.9240784645080566,0.3788573443889618,8.308089718411793e-07,0.6155138611793518,0.0009114872082136571,13.0,0.9999987483024597,-0.09670543670654297,0.004228556528687477,0.09679783880710602,0.09679707139730453,True,0.9991058111190796
FRESH_ADAM,B,14,1.6170752048492432,-0.022286485880613327,10.65875244140625,4.617074966430664,-0.005571621470153332,4.6170783042907715,4.003048896789551,-0.00025849949452094734,4.003048896789551,0.4006982147693634,8.739186228012841e-07,0.633007287979126,0.0009348361636511981,14.0,0.9999994039535522,-0.09620344638824463,0.012766285799443722,0.09704679250717163,0.09704620391130447,True,0.9914679527282715
FRESH_ADAM,B,15,1.5208717584609985,-0.009520200081169605,10.219151496887207,4.520871639251709,-0.0023800500202924013,4.520872116088867,4.064451694488525,-0.0007898117182776332,4.064451694488525,0.4216149151325226,9.040876989274693e-07,0.6493188142776489,0.0009508352377451956,15.0,1.0,-0.09566605091094971,0.015395045280456543,0.09689685702323914,0.0968962013721466,True,0.9873812794685364
FRESH_ADAM,B,16,1.4252057075500488,0.005874845199286938,9.791227340698242,4.425205707550049,0.0014687112998217344,4.425205707550049,4.110093593597412,-0.0009488355717621744,4.110093593597412,0.44163158535957336,9.088482215702243e-07,0.664553701877594,0.00095333531498909,16.0,0.9999998807907104,-0.0950934886932373,0.011551803909242153,0.09579256922006607,0.09579192847013474,True,0.9926621317863464
FRESH_ADAM,B,17,1.3301122188568115,0.01742664910852909,9.374975204467773,4.330112457275391,0.004356662277132273,4.330114841461182,4.141604900360107,-0.0007070808787830174,4.141604900360107,0.46077239513397217,9.100965030484076e-07,0.6788021922111511,0.000953989801928401,17.0,0.9999992847442627,-0.09448599815368652,0.003274686634540558,0.0945427268743515,0.09454210102558136,True,0.9993645548820496
FRESH_ADAM,B,18,1.235626220703125,0.02070133574306965,8.970317840576172,4.235626220703125,0.005175333935767412,4.235629081726074,4.160455703735352,-0.00020070653408765793,4.160455703735352,0.479061484336853,9.281669690608396e-07,0.6921426653862,0.0009634142043069005,18.0,0.9999992251396179,-0.09384405612945557,-0.005472291260957718,0.09400346875190735,0.09400278329849243,True,0.9983746409416199
FRESH_ADAM,B,19,1.1417821645736694,0.01522904448211193,8.577208518981934,4.141782283782959,0.0038072611205279827,4.141784191131592,4.167972564697266,0.00033689753036014736,4.167972564697266,0.4965229630470276,9.540228802507045e-07,0.7046438455581665,0.0009767409646883607,19.0,0.9999996423721313,-0.09316813945770264,-0.011141006834805012,0.09383189678192139,0.09383122622966766,True,0.9930347800254822
FRESH_ADAM,B,20,1.0486140251159668,0.004088037647306919,8.195639610290527,4.048614025115967,0.0010220094118267298,4.048614025115967,4.165353298187256,0.0006839339039288461,4.165353298187256,0.5131807923316956,9.675641194917262e-07,0.7163664102554321,0.00098364835139364,20.0,1.0,-0.09245884418487549,-0.011813481338322163,0.09321049600839615,0.09320991486310959,True,0.9919679760932922
FRESH_ADAM,B,21,0.9561551809310913,-0.0077254436910152435,7.825590133666992,3.956155300140381,-0.0019313609227538109,3.956155776977539,4.153679370880127,0.0007177414372563362,4.153679370880127,0.5290588736534119,9.676410854808637e-07,0.7273643612861633,0.0009836874669417739,21.0,0.9999997615814209,-0.09171676635742188,-0.007523452863097191,0.09202481806278229,0.09202421456575394,True,0.9966124892234802
FRESH_ADAM,B,22,0.8644384145736694,-0.015248896554112434,7.4669718742370605,3.864438533782959,-0.0038122241385281086,3.864440441131592,4.133926868438721,0.00045283118379302323,4.133926868438721,0.5441809892654419,9.70403675637499e-07,0.7376862168312073,0.0009850907372310758,22.0,0.9999994039535522,-0.09094256162643433,-0.00043920986354351044,0.09094361960887909,0.09094303101301193,True,0.9999831318855286
FRESH_ADAM,B,23,0.7734958529472351,-0.015688106417655945,7.119666576385498,3.77349591255188,-0.003922026604413986,3.7734978199005127,4.106977939605713,2.6325624276068993e-05,4.106977939605713,0.5585706830024719,9.839662880040123e-07,0.7473758459091187,0.0009919507429003716,23.0,0.9999995231628418,-0.09013688564300537,0.006173307076096535,0.09034803509712219,0.09034737944602966,True,0.9977334141731262
FRESH_ADAM,B,24,0.6833589673042297,-0.00951479934155941,6.783577919006348,3.683358907699585,-0.0023786998353898525,3.6833596229553223,4.073629856109619,-0.00036850961623713374,4.073629856109619,0.5722513794898987,9.983646123146173e-07,0.7564730048179626,0.0009991819970309734,24.0,0.9999998807907104,-0.08930045366287231,0.009629003703594208,0.0898180827498436,0.08981748670339584,True,0.9943059682846069
FRESH_ADAM,B,25,0.5940585136413574,0.00011420436203479767,6.458628177642822,3.5940585136413574,2.8551090508699417e-05,3.5940585136413574,4.034602642059326,-0.0005695286090485752,4.034602642059326,0.5852462649345398,1.0030244084191509e-06,0.7650138735771179,0.001001511118374765,25.0,1.0,-0.08843410015106201,0.008723236620426178,0.08886329084634781,0.08886275440454483,True,0.995169460773468
FRESH_ADAM,B,26,0.5056244134902954,0.008837440982460976,6.144710540771484,3.505624294281006,0.002209360245615244,3.505625009536743,3.9905481338500977,-0.0005097206449136138,3.9905481338500977,0.5975782871246338,1.002022145257797e-06,0.7730318903923035,0.001001010532490909,26.0,0.9999997019767761,-0.0875387191772461,0.004109970293939114,0.08763515204191208,0.08763455599546432,True,0.998869776725769
FRESH_ADAM,B,27,0.4180856943130493,0.01294741127640009,5.841675281524658,3.4180855751037598,0.0032368528191000223,3.4180870056152344,3.9420557022094727,-0.0002378125354880467,3.9420557022094727,0.6092700958251953,1.005901367534534e-06,0.7805575728416443,0.0010029462864622474,27.0,0.9999995827674866,-0.08661505579948425,-0.0019085751846432686,0.08663608133792877,0.0866355299949646,True,0.9997776746749878
FRESH_ADAM,B,28,0.33147063851356506,0.01103883609175682,5.54936408996582,3.3314707279205322,0.002759709022939205,3.3314719200134277,3.8896586894989014,0.00010965400724671781,3.8896586894989014,0.6203441023826599,1.0153727316719596e-06,0.7876192331314087,0.0010076570324599743,28.0,0.9999996423721313,-0.0856640636920929,-0.00657710200175643,0.0859161838889122,0.08591567724943161,True,0.9971285462379456
FRESH_ADAM,B,29,0.24580657482147217,0.004461734090000391,5.267632961273193,3.2458066940307617,0.0011154335225000978,3.245806932449341,3.8338398933410645,0.0003746595175471157,3.8338398933410645,0.6308224201202393,1.0219733894700767e-06,0.7942432761192322,0.001010927022434771,29.0,0.9999999403953552,-0.08468666672706604,-0.007969928905367851,0.08506087213754654,0.08506035059690475,True,0.9956328272819519
FRESH_ADAM,B,30,0.16111990809440613,-0.0035081948153674603,4.996341228485107,3.1611199378967285,-0.0008770487038418651,3.1611201763153076,3.775036573410034,0.00044873691513203084,3.775036573410034,0.6407268643379211,1.0221956472378224e-06,0.8004541397094727,0.0010110369184985757,30.0,0.9999999403953552,-0.08368384838104248,-0.0056821792386472225,0.08387653529644012,0.08387602865695953,True,0.9976838827133179
FRESH_ADAM,B,31,0.07743605971336365,-0.009190374054014683,4.735316753387451,3.0774359703063965,-0.0022975935135036707,3.077436923980713,3.7136449813842773,0.0003161583445034921,3.7136449813842773,0.6500788331031799,1.0219426940238918e-06,0.8062746524810791,0.0010109117720276117,31.0,0.9999996423721313,-0.08265655487775803,-0.0009940797463059425,0.08266253024339676,0.08266197144985199,True,0.9999183416366577
FRESH_ADAM,B,32,-0.005220495164394379,-0.010184453800320625,4.484365463256836,2.994779586791992,-0.0025461134500801563,2.9947807788848877,3.650024175643921,5.4783147788839415e-05,3.650024175643921,0.6588994264602661,1.0261996976623777e-06,0.8117262125015259,0.0010130151640623808,32.0,0.9999995827674866,-0.08160580694675446,0.003758876584470272,0.08169233053922653,0.08169183880090714,True,0.9989796280860901
FRESH_ADAM,B,33,-0.08682630211114883,-0.006425577215850353,4.243295669555664,2.9131736755371094,-0.0016063943039625883,2.9131741523742676,3.5844995975494385,-0.00020530652545858175,3.5844995975494385,0.667209267616272,1.0316562111256644e-06,0.8168287873268127,0.0010157048236578703,33.0,0.9999998807907104,-0.08053263276815414,0.006392383482307196,0.08078593760728836,0.08078544586896896,True,0.9969080090522766
FRESH_ADAM,B,34,-0.16735893487930298,-3.319373354315758e-05,4.011928081512451,2.832641124725342,-8.298433385789394e-06,2.832641124725342,3.517366886138916,-0.0003454152902122587,3.517366886138916,0.6750286221504211,1.0332050806027837e-06,0.8216012716293335,0.0010164669947698712,34.0,1.0,-0.07943807542324066,0.005837491247802973,0.07965227216482162,0.07965178042650223,True,0.9973110556602478
FRESH_ADAM,B,35,-0.24679701030254364,0.005804297514259815,3.790067434310913,2.7532029151916504,0.0014510743785649538,2.7532031536102295,3.4488942623138428,-0.00031170359579846263,3.4488942623138428,0.6823774576187134,1.0321720083084074e-06,0.8260614275932312,0.001015958609059453,35.0,0.9999998807907104,-0.07832320034503937,0.002563632093369961,0.07836514711380005,0.07836463302373886,True,0.9994474053382874
FRESH_ADAM,B,36,-0.325120210647583,0.008367929607629776,3.5774998664855957,2.674879789352417,0.002091982401907444,2.6748807430267334,3.3793251514434814,-0.00013542578381020576,3.3793251514434814,0.6892752051353455,1.0332454394301749e-06,0.8302260041236877,0.0010164867853745818,36.0,0.9999997019767761,-0.0771891176700592,-0.001668720506131649,0.07720715552568436,0.07720666378736496,True,0.9997828602790833
FRESH_ADAM,B,37,-0.4023093283176422,0.006699209101498127,3.3740038871765137,2.5976905822753906,0.0016748022753745317,2.597691059112549,3.308880567550659,8.73150274856016e-05,3.308880567550659,0.6957409381866455,1.0365886282670544e-06,0.8341108560562134,0.001018129987642169,37.0,0.9999997615814209,-0.07603684067726135,-0.0047506969422101974,0.07618510723114014,0.07618460804224014,True,0.998093843460083
FRESH_ADAM,B,38,-0.47834616899490356,0.0019485121592879295,3.1793696880340576,2.521653890609741,0.0004871280398219824,2.521653890609741,3.2377614974975586,0.00024606374790892005,3.2377614974975586,0.7017932534217834,1.0383570270278142e-06,0.8377310037612915,0.0010189980966970325,38.0,1.0,-0.07486754655838013,-0.005275222472846508,0.07505316287279129,0.0750526636838913,True,0.9975404143333435
FRESH_ADAM,B,39,-0.5532137155532837,-0.0033267103135585785,2.9933831691741943,2.446786403656006,-0.0008316775783896446,2.446786403656006,3.1661508083343506,0.00027017018874175847,3.1661508083343506,0.7074502110481262,1.0375559895692277e-06,0.8411005735397339,0.001018604962155223,39.0,1.0,-0.07368230819702148,-0.0031580673530697823,0.07374995946884155,0.07374946027994156,True,0.9990682005882263
