domain,layer,layer_ordinal,layer_name,expert_id,routing_frequency,routing_rank,gate_mass,gate_rank,functional_contribution,functional_rank,normalized_routing,normalized_gate,normalized_contribution
general,0,0,model.layers.0.mlp,0,0.01547446389723402,27.0,0.004830863381202735,38.0,0.0031283140397838738,32.0,0.01547446389723402,0.012681568125567748,0.012059010926731294
general,0,0,model.layers.0.mlp,1,0.007704858593183466,58.0,0.003128480135709106,54.0,0.0017974482464091675,53.0,0.007704858593183466,0.008212617670964411,0.006928795436784105
general,0,0,model.layers.0.mlp,2,0.00789909872578473,57.0,0.004910645998167668,35.0,0.002579089051822047,46.0,0.00789909872578473,0.012891006607354202,0.009941860906996352
general,0,0,model.layers.0.mlp,3,0.016911840878483374,17.0,0.005204370969517248,31.0,0.0028897971511570226,40.0,0.016911840878483374,0.01366206820450969,0.011139577094455342
general,0,0,model.layers.0.mlp,4,0.011278877033046721,46.0,0.004532130656434528,43.0,0.002795290561773228,43.0,0.011278877033046721,0.011897360603735222,0.01077527351766162
general,0,0,model.layers.0.mlp,5,0.017805345488449188,14.0,0.00810595940866829,11.0,0.005849321660703697,9.0,0.017805345488449188,0.021279069257909896,0.022547938897229485
general,0,0,model.layers.0.mlp,6,0.0742126799958562,1.0,0.02172766835358826,2.0,0.025372289454393297,2.0,0.0742126799958562,0.057037611021649476,0.09780498756699509
general,0,0,model.layers.0.mlp,7,0.016147829690251737,22.0,0.0038587016342069825,49.0,0.0010692670271394908,58.0,0.016147829690251737,0.010129532505688932,0.0041218057394133735
general,0,0,model.layers.0.mlp,8,0.011563762560861909,43.5,0.004894611070554491,36.0,0.002228736758191981,49.0,0.011563762560861909,0.012848913090964089,0.00859132445721517
general,0,0,model.layers.0.mlp,9,0.015021236921164405,30.0,0.00509946106456542,32.0,0.003707817726020157,25.0,0.015021236921164405,0.01338666772188163,0.014292879136742332
general,0,0,model.layers.0.mlp,10,0.011252978348699885,47.0,0.006152884992036155,23.0,0.002932290077509719,38.0,0.011252978348699885,0.016152025846746933,0.011303378636333586
general,0,0,model.layers.0.mlp,11,0.017054283642390967,16.0,0.004331441144430488,46.0,0.0019308366013620784,52.0,0.017054283642390967,0.011370527713269058,0.007442980269067438
general,0,0,model.layers.0.mlp,12,0.03159639490313892,3.0,0.010080158704305009,5.0,0.008954331370842996,3.0,0.03159639490313892,0.02646156788920668,0.03451711639859167
general,0,0,model.layers.0.mlp,13,0.015888842846783383,24.0,0.006674829473350254,19.0,0.003198421175272202,30.0,0.015888842846783383,0.01752218972331281,0.012329259598106369
general,0,0,model.layers.0.mlp,14,0.01134362374391381,45.0,0.004849933310887807,37.0,0.0028085780482826816,42.0,0.01134362374391381,0.012731628869034855,0.0108264940610497
general,0,0,model.layers.0.mlp,15,0.009077488863565731,51.0,0.0030486342895343415,56.0,0.0017233177162104816,54.0,0.009077488863565731,0.008003013205280518,0.006643037401528764
general,0,0,model.layers.0.mlp,16,0.016471563244587175,18.0,0.006194995645783694,22.0,0.0031816951180293524,31.0,0.016471563244587175,0.016262571122440214,0.012264784067680851
general,0,0,model.layers.0.mlp,17,0.02821661659587693,4.0,0.011312894347935875,3.0,0.007966804525079868,4.0,0.02821661659587693,0.029697639748814578,0.03071040234365594
general,0,0,model.layers.0.mlp,18,0.01893193825753652,13.0,0.007531730693744821,13.0,0.004362310048728783,13.0,0.01893193825753652,0.01977165329655307,0.01681581320622288
general,0,0,model.layers.0.mlp,19,0.025549052108152906,7.0,0.010433059893135553,4.0,0.007192610208735088,5.0,0.025549052108152906,0.027387973815973785,0.02772604156609795
general,0,0,model.layers.0.mlp,20,0.008935046099658138,52.5,0.0025494776154433856,59.0,0.0017202095712589981,55.0,0.008935046099658138,0.006692669925351066,0.006631056138313133
general,0,0,model.layers.0.mlp,21,0.004454573707655651,63.0,0.0011027047736131255,61.0,0.0006332468983819436,62.0,0.004454573707655651,0.002894725974527978,0.002441037303094459
general,0,0,model.layers.0.mlp,22,0.019165026416658033,12.0,0.007032378009103388,16.0,0.003415742650258378,27.0,0.019165026416658033,0.018460795466541564,0.013166989444964299
general,0,0,model.layers.0.mlp,23,0.004946648710245519,62.0,0.0010755541509116337,63.0,0.0008203554934198086,60.0,0.004946648710245519,0.002823452488968378,0.0031623026758646556
general,0,0,model.layers.0.mlp,24,0.013700404019475811,33.0,0.004480775892209676,44.0,0.0023902006193861946,47.0,0.013700404019475811,0.011762548482236602,0.009213734625008862
general,0,0,model.layers.0.mlp,25,0.011563762560861909,43.5,0.005996645614543406,27.0,0.004150596404741258,16.0,0.011563762560861909,0.01574187963617923,0.015999700401141445
general,0,0,model.layers.0.mlp,26,0.02020097379053144,11.0,0.00840397132044442,10.0,0.005936923731711986,8.0,0.02020097379053144,0.022061384563311637,0.02288562696756345
general,0,0,model.layers.0.mlp,27,0.006966746089298663,60.0,0.0027588042375103596,58.0,0.001545148581568579,56.0,0.006966746089298663,0.007242176216207172,0.005956231820589902
general,0,0,model.layers.0.mlp,28,0.02633896198073138,5.0,0.007152924497646457,15.0,0.004341120175796538,14.0,0.02633896198073138,0.01877724376700588,0.016734130579102863
general,0,0,model.layers.0.mlp,29,0.015189578369418833,28.0,0.006984336455473687,17.0,0.003879012158645131,19.0,0.015189578369418833,0.018334680901268663,0.014952798667635324
general,0,0,model.layers.0.mlp,30,0.016406816533720087,19.0,0.008072928469452501,12.0,0.004587017533063617,12.0,0.016406816533720087,0.021192359269888623,0.017682014608783884
general,0,0,model.layers.0.mlp,31,0.00967315860354294,49.0,0.004411919282703564,45.0,0.00286060536981106,41.0,0.00967315860354294,0.011581792017927323,0.011027048746679223
general,0,0,model.layers.0.mlp,32,0.008740805967056873,54.0,0.0034315377384297628,53.0,0.0025982853484153904,45.0,0.008740805967056873,0.009008178491381651,0.010015858704988488
general,0,0,model.layers.0.mlp,33,0.01559100797679478,26.0,0.006149306218759712,24.0,0.004129578972459734,17.0,0.01559100797679478,0.016142631158151982,0.015918682497468247
general,0,0,model.layers.0.mlp,34,0.009530715839635346,50.0,0.00241401535630115,60.0,0.0013047835091249545,57.0,0.009530715839635346,0.006337066023481277,0.005029673617628131
general,0,0,model.layers.0.mlp,35,0.00849476846576194,55.0,0.003611209861085932,50.0,0.0022949322612969094,48.0,0.00849476846576194,0.009479838334339638,0.00884649458562656
general,0,0,model.layers.0.mlp,36,0.007173935564073345,59.0,0.003471751515882368,52.0,0.0021470134455923292,51.0,0.007173935564073345,0.009113744250151809,0.008276297798422318
general,0,0,model.layers.0.mlp,37,0.012068786905625194,41.0,0.005012128879946649,33.0,0.0029125391864757624,39.0,0.012068786905625194,0.013157410762741156,0.011227242990179718
general,0,0,model.layers.0.mlp,38,0.017222625090645396,15.0,0.010059134992036154,6.0,0.006615780184050644,6.0,0.017222625090645396,0.026406378243308756,0.025502479774642716
general,0,0,model.layers.0.mlp,39,0.013402569149487205,36.0,0.003080375352869574,55.0,0.0009019007628406732,59.0,0.013402569149487205,0.00808633712179407,0.003476643014610631
general,0,0,model.layers.0.mlp,40,0.013583859939915052,35.0,0.004784187578505387,39.0,0.003467560454888145,26.0,0.013583859939915052,0.012559038812479493,0.013366736485792962
general,0,0,model.layers.0.mlp,41,0.04520615352740081,2.0,0.022084483430507354,1.0,0.02897502717155935,1.0,0.04520615352740081,0.057974291351667956,0.11169280475700262
general,0,0,model.layers.0.mlp,42,0.012185330985185953,40.0,0.004953136027174195,34.0,0.002935166580790277,36.0,0.012185330985185953,0.013002547786432105,0.011314466968275294
general,0,0,model.layers.0.mlp,43,0.012470216513001139,38.0,0.0028108671688853205,57.0,0.0007535202900148634,61.0,0.012470216513001139,0.00737884735735709,0.002904666633606499
general,0,0,model.layers.0.mlp,44,0.015694602714182118,25.0,0.006873824442530819,18.0,0.0038563648835411163,20.0,0.015694602714182118,0.01804457424532765,0.014865498053161568
general,0,0,model.layers.0.mlp,45,0.01515073034289858,29.0,0.006467108873212991,21.0,0.0040589048472476925,18.0,0.01515073034289858,0.016976899423451614,0.015646248196649754
general,0,0,model.layers.0.mlp,46,0.024357712628198486,8.0,0.009981818314254636,7.0,0.005070039809697973,11.0,0.024357712628198486,0.02620341313352236,0.019543966713883518
general,0,0,model.layers.0.mlp,47,0.01042422044960116,48.0,0.004640081886379235,42.0,0.0030408692262054887,34.0,0.01042422044960116,0.012180744911830018,0.01172192905163266
general,0,0,model.layers.0.mlp,48,0.012457267170827723,39.0,0.0046580832424181606,41.0,0.0029324217309977902,37.0,0.012457267170827723,0.012228000527430432,0.011303886133608797
general,0,0,model.layers.0.mlp,49,0.013234227701232778,37.0,0.005623036859493163,29.0,0.0030463000480268924,33.0,0.013234227701232778,0.01476111398300139,0.011742863759226776
general,0,0,model.layers.0.mlp,50,0.011926344141717601,42.0,0.005477280884990417,30.0,0.003362634888463557,28.0,0.011926344141717601,0.0143784879026288,0.012962269883042618
general,0,0,model.layers.0.mlp,51,0.02606702579508961,6.0,0.008981829392012199,9.0,0.0063955723646189604,7.0,0.02606702579508961,0.023578328000381364,0.02465362366016458
general,0,0,model.layers.0.mlp,52,0.001799958562105045,64.0,0.0003494931344206464,64.0,0.00021014000266662264,64.0,0.001799958562105045,0.0009174593946952343,0.0008100467395770848
general,0,0,model.layers.0.mlp,53,0.016238475085465658,20.0,0.007351875206380141,14.0,0.0038516654553968376,21.0,0.016238475085465658,0.019299512100292515,0.014847382718632954
general,0,0,model.layers.0.mlp,54,0.02241531130218585,9.0,0.00975378849191961,8.0,0.005725859393560861,10.0,0.02241531130218585,0.025604808805804284,0.02207201710370733
general,0,0,model.layers.0.mlp,55,0.013933492178597327,32.0,0.006102630416062364,25.0,0.0029966887495223166,35.0,0.013933492178597327,0.016020101845063726,0.011551622348310964
general,0,0,model.layers.0.mlp,56,0.008935046099658138,52.5,0.003983503448571688,48.0,0.00260091670493113,44.0,0.008935046099658138,0.010457151522450784,0.010026002046280921
general,0,0,model.layers.0.mlp,57,0.021211022480058014,10.0,0.005896503192012846,28.0,0.004183901641079858,15.0,0.021211022480058014,0.01547899433941795,0.016128085276769944
general,0,0,model.layers.0.mlp,58,0.014503263234227702,31.0,0.0040562739461663475,47.0,0.0037491428616129524,23.0,0.014503263234227702,0.010648182390011434,0.014452179084038097
general,0,0,model.layers.0.mlp,59,0.013661555992955559,34.0,0.006561611250226614,20.0,0.003729190319800848,24.0,0.013661555992955559,0.01722497895656148,0.014375266115369245
general,0,0,model.layers.0.mlp,60,0.01591474153113022,23.0,0.005997556115164975,26.0,0.0038002872109022595,22.0,0.01591474153113022,0.015744269804302328,0.014649330092241522
general,0,0,model.layers.0.mlp,61,0.01617372837459857,21.0,0.0047384728597974725,40.0,0.0032719346392376058,29.0,0.01617372837459857,0.012439032454632286,0.012612638969213854
general,0,0,model.layers.0.mlp,62,0.008196933595773335,56.0,0.0035517870496866257,51.0,0.002151943580515194,50.0,0.008196933595773335,0.009323846667528012,0.008295302460406061
general,0,0,model.layers.0.mlp,63,0.005089091474153113,61.0,0.001101237855945043,62.0,0.0003975205826089226,63.0,0.005089091474153113,0.0028908751481074315,0.0015323605585367546
general,1,1,model.layers.1.mlp,0,0.012457267170827723,38.0,0.005175348762204755,26.0,0.004932977271894463,18.0,0.012457267170827723,0.01622567385909074,0.013026054306266273
general,1,1,model.layers.1.mlp,1,0.013078835595151767,35.0,0.0038921878237335545,38.0,0.0032085294337528525,34.0,0.013078835595151767,0.012202727415672908,0.00847246527678966
general,1,1,model.layers.1.mlp,2,0.011032839531751788,47.0,0.00312316888208329,48.0,0.0025112176796203943,50.0,0.011032839531751788,0.009791711054842257,0.006631138978880555
general,1,1,model.layers.1.mlp,3,0.01129182637522014,43.5,0.002853635406415104,56.0,0.0019775337875749975,60.0,0.01129182637522014,0.008946673846482978,0.005221889558703698
general,1,1,model.layers.1.mlp,4,0.010981042163058117,48.0,0.003433889865035481,44.0,0.002453053014492428,51.0,0.010981042163058117,0.010765878702707314,0.006477548957094034
general,1,1,model.layers.1.mlp,5,0.04068683310887807,1.0,0.012515387460504507,1.0,0.011746210634448294,4.0,0.04068683310887807,0.03923805031987636,0.031017126003989287
general,1,1,model.layers.1.mlp,6,0.00897389412617839,57.0,0.0028755000671747124,54.0,0.0023487059919127503,53.0,0.00897389412617839,0.009015223594688532,0.006202009479025837
general,1,1,model.layers.1.mlp,7,0.011252978348699885,45.0,0.0039237012619133945,37.0,0.0029815096444984145,40.0,0.011252978348699885,0.012301527862479294,0.00787299523254805
general,1,1,model.layers.1.mlp,8,0.019618253392727648,17.0,0.00548240245098674,21.0,0.0032375915893333744,33.0,0.019618253392727648,0.017188343862664525,0.00854920700819919
general,1,1,model.layers.1.mlp,9,0.017921889568009945,20.0,0.00852124885883922,6.0,0.05174198601806669,2.0,0.017921889568009945,0.026715688392906063,0.1366302503815441
general,1,1,model.layers.1.mlp,10,0.007937946752304983,61.0,0.0023716517857142855,60.0,0.0021396351198237525,57.0,0.007937946752304983,0.007435566210215475,0.00564993547106191
general,1,1,model.layers.1.mlp,11,0.02890293173106806,4.0,0.009232236031706465,4.0,0.016696677230916765,3.0,0.02890293173106806,0.02894476444458964,0.04408936274311997
general,1,1,model.layers.1.mlp,12,0.020032632342277014,16.0,0.005877762054218896,19.0,0.004874859559491059,19.0,0.020032632342277014,0.018427869211362306,0.012872588268172816
general,1,1,model.layers.1.mlp,13,0.02231171656479851,9.0,0.006990817449481379,14.0,0.00515084014795462,16.0,0.02231171656479851,0.021917503371386836,0.013601344541444894
general,1,1,model.layers.1.mlp,14,0.01654925929762768,23.0,0.004484266144592354,30.0,0.003192168624667779,35.0,0.01654925929762768,0.014059002262974279,0.008429262809822936
general,1,1,model.layers.1.mlp,15,0.010722055319589766,49.0,0.0031016772736616855,50.0,0.0022375222444970394,55.0,0.010722055319589766,0.00972433089459047,0.00590841689751065
general,1,1,model.layers.1.mlp,16,0.015759349425049207,28.0,0.00344334895482622,43.0,0.002059911073429695,58.0,0.015759349425049207,0.010795534695568943,0.005439415596226674
general,1,1,model.layers.1.mlp,17,0.011991090852584688,42.0,0.005325499166790764,23.0,0.003752445313517237,26.0,0.011991090852584688,0.016696423098719805,0.009908733355343063
general,1,1,model.layers.1.mlp,18,0.032632342277012324,2.0,0.01109176915531441,2.0,0.07099825980489666,1.0,0.032632342277012324,0.03477474410010277,0.18747850170284985
general,1,1,model.layers.1.mlp,19,0.012172381643012535,40.0,0.0035979443728633587,42.0,0.0027524279823182693,44.0,0.012172381643012535,0.011280219873020017,0.007268080592229359
general,1,1,model.layers.1.mlp,20,0.013791049414689734,32.0,0.004410743219400704,31.0,0.003596390883875248,29.0,0.013791049414689734,0.013828494318458897,0.009496654936325882
general,1,1,model.layers.1.mlp,21,0.016704651403708692,22.0,0.005200001831117917,24.0,0.005372149165880676,14.0,0.016704651403708692,0.016302965781662588,0.014185734682951498
general,1,1,model.layers.1.mlp,22,0.01129182637522014,43.5,0.003261312059722366,46.0,0.00281727559160988,43.0,0.01129182637522014,0.010224815421179723,0.007439317643143169
general,1,1,model.layers.1.mlp,23,0.01881539417797576,18.0,0.006992429794332073,13.0,0.004524081630894129,23.0,0.01881539417797576,0.021922558370170066,0.01194632161509569
general,1,1,model.layers.1.mlp,24,0.007782554646223972,62.0,0.002340353326847871,61.0,0.0018849889928216263,62.0,0.007782554646223972,0.007337439763246852,0.004977515126028333
general,1,1,model.layers.1.mlp,25,0.004920750025898684,64.0,0.0011756839276002278,64.0,0.0010800866758815368,64.0,0.004920750025898684,0.0036859861715849754,0.0028520844350260603
general,1,1,model.layers.1.mlp,26,0.009336475707034083,52.0,0.002726171642316508,57.0,0.002059600336538329,59.0,0.009336475707034083,0.008547051413262683,0.005438595062216726
general,1,1,model.layers.1.mlp,27,0.020602403397907386,15.0,0.007532103746082824,11.0,0.005364576353079159,15.0,0.020602403397907386,0.023614535845254078,0.014165737860471537
general,1,1,model.layers.1.mlp,28,0.008960944784004972,58.0,0.0030288941302250598,51.0,0.0023596637321646307,52.0,0.008960944784004972,0.009496142302457983,0.006230944564619723
general,1,1,model.layers.1.mlp,29,0.021793742877861805,12.0,0.006821458010948669,15.0,0.004600416754499675,22.0,0.021793742877861805,0.02138653026390107,0.01214789267669913
general,1,1,model.layers.1.mlp,30,0.012016989536931524,41.0,0.0037932467561897854,39.0,0.002563521615724008,47.0,0.012016989536931524,0.011892528902104219,0.006769253118590648
general,1,1,model.layers.1.mlp,31,0.012690355329949238,36.0,0.003970415002136641,36.0,0.0028482349168813736,42.0,0.012690355329949238,0.012447984062520541,0.0075210690541155055
general,1,1,model.layers.1.mlp,32,0.02181964156220864,11.0,0.007613176238928312,10.0,0.005437981331520077,13.0,0.02181964156220864,0.02386871307818977,0.014359571560247432
general,1,1,model.layers.1.mlp,33,0.00924583031182016,55.0,0.0027088025783758934,58.0,0.003058297450306977,37.0,0.00924583031182016,0.008492596191076259,0.008075761649944745
general,1,1,model.layers.1.mlp,34,0.00859836320314928,59.0,0.002868317228937895,55.0,0.0021633196713403448,56.0,0.00859836320314928,0.00899270407069735,0.005712477063546525
general,1,1,model.layers.1.mlp,35,0.021612452087433957,13.0,0.00615052021958847,18.0,0.006656637623686933,10.0,0.021612452087433957,0.019283016417288048,0.017577563893778334
general,1,1,model.layers.1.mlp,36,0.009854449393970786,51.0,0.003105806141063659,49.0,0.0022422216690233133,54.0,0.009854449393970786,0.009737275656180471,0.005920826230802375
general,1,1,model.layers.1.mlp,37,0.025277115922511136,6.0,0.0083901620610173,8.0,0.008823865329570614,6.0,0.025277115922511136,0.026304707080066977,0.023300360540689312
general,1,1,model.layers.1.mlp,38,0.009323526364860665,53.0,0.002635393465761939,59.0,0.002546997486712004,48.0,0.009323526364860665,0.008262445070004398,0.006725619387881922
general,1,1,model.layers.1.mlp,39,0.016251424427639077,25.0,0.005194987754778307,25.0,0.0037039730118603627,27.0,0.016251424427639077,0.01628724572662297,0.009780737056367683
general,1,1,model.layers.1.mlp,40,0.022544804723920026,8.0,0.007492762531725888,12.0,0.0070359915260279175,8.0,0.022544804723920026,0.023491193874943216,0.0185792884631052
general,1,1,model.layers.1.mlp,41,0.01820677509582513,19.0,0.005470540651222418,22.0,0.0046299647122674025,21.0,0.01820677509582513,0.017151154930439647,0.012225917220763948
general,1,1,model.layers.1.mlp,42,0.024810939604268105,7.0,0.00796669075109422,9.0,0.006607224451590051,11.0,0.024810939604268105,0.0249770463408192,0.01744708312573464
general,1,1,model.layers.1.mlp,43,0.00919403294312649,56.0,0.0029053379312940276,53.0,0.0030156708143301843,39.0,0.00919403294312649,0.009108770807465286,0.00796320145667349
general,1,1,model.layers.1.mlp,44,0.01057961255568217,50.0,0.0033764650966668394,45.0,0.002512787745870541,49.0,0.01057961255568217,0.010585841451925693,0.006635284906808374
general,1,1,model.layers.1.mlp,45,0.02207862840567699,10.0,0.00628046889163343,17.0,0.006418460979671796,12.0,0.02207862840567699,0.019690429495691913,0.016948632980777402
general,1,1,model.layers.1.mlp,46,0.009271728996166994,54.0,0.0031788991076284576,47.0,0.002591676767218901,46.0,0.009271728996166994,0.009966435601020325,0.006843599808664245
general,1,1,model.layers.1.mlp,47,0.029226665285403502,3.0,0.00839393684484422,7.0,0.0067859151792624426,9.0,0.029226665285403502,0.026316541724277134,0.017918935111744888
general,1,1,model.layers.1.mlp,48,0.016160779032425153,26.0,0.00641628523435072,16.0,0.0051487811964468725,17.0,0.016160779032425153,0.020116238804961814,0.013595907659684523
general,1,1,model.layers.1.mlp,49,0.015824096135916295,27.0,0.004374007048488812,33.0,0.0033611059993486955,31.0,0.015824096135916295,0.013713319640299766,0.008875360023667702
general,1,1,model.layers.1.mlp,50,0.01542266652854035,29.0,0.00477391915482881,27.0,0.0040421651068086525,24.0,0.01542266652854035,0.014967117926738438,0.010673769469033667
general,1,1,model.layers.1.mlp,51,0.014114782969025174,31.0,0.004406304528870558,32.0,0.003308672425226666,32.0,0.014114782969025174,0.013814578204161529,0.008736903560898943
general,1,1,model.layers.1.mlp,52,0.014555060602921372,30.0,0.0039790774038835075,35.0,0.0029415379505186552,41.0,0.014555060602921372,0.012475142291277514,0.007767445697694053
general,1,1,model.layers.1.mlp,53,0.021508857350046616,14.0,0.01005372257167461,3.0,0.00705682109482953,7.0,0.021508857350046616,0.03152027641288405,0.01863429116825282
general,1,1,model.layers.1.mlp,54,0.013700404019475811,33.0,0.004178236769009635,34.0,0.003096905656874421,36.0,0.013700404019475811,0.013099543670392195,0.008177710750395785
general,1,1,model.layers.1.mlp,55,0.012496115197347975,37.0,0.003734234934654382,40.0,0.003998804305087997,25.0,0.012496115197347975,0.011707515946637926,0.010559270632561311
general,1,1,model.layers.1.mlp,56,0.007614213197969543,63.0,0.002248430701595359,62.0,0.0019104260894164365,61.0,0.007614213197969543,0.007049245362028705,0.005044684501311201
general,1,1,model.layers.1.mlp,57,0.011110535584792292,46.0,0.002932520168600435,52.0,0.0026281830600681766,45.0,0.011110535584792292,0.009193992139893185,0.006939998581041418
general,1,1,model.layers.1.mlp,58,0.012237128353879623,39.0,0.004705132097453512,28.0,0.0036559558821724174,28.0,0.012237128353879623,0.01475145780217851,0.009653942687678854
general,1,1,model.layers.1.mlp,59,0.0266497461928934,5.0,0.008959262887023464,5.0,0.010381320109371877,5.0,0.0266497461928934,0.028088943238826134,0.027412986531656837
general,1,1,model.layers.1.mlp,60,0.008196933595773335,60.0,0.002047323876806433,63.0,0.0015817558651256103,63.0,0.008196933595773335,0.006418738337324866,0.004176795606939539
general,1,1,model.layers.1.mlp,61,0.017520459960633998,21.0,0.005666399451595359,20.0,0.004860887889775676,20.0,0.017520459960633998,0.017765208429692182,0.01283569457934544
general,1,1,model.layers.1.mlp,62,0.01644566456024034,24.0,0.004573362424165415,29.0,0.003385342348636734,30.0,0.01644566456024034,0.014338335548678291,0.008939358697209205
general,1,1,model.layers.1.mlp,63,0.013532062571221382,34.0,0.0036137390294791773,41.0,0.0030461069990301037,38.0,0.013532062571221382,0.01132973903757105,0.008043571458991471
general,2,2,model.layers.2.mlp,0,0.00946596912876826,54.0,0.003127986947872423,56.0,0.002955650349220846,55.0,0.00946596912876826,0.009086451829330182,0.003202608912240046
general,2,2,model.layers.2.mlp,1,0.017287371801512484,24.0,0.005626324778404382,29.0,0.006835160855700547,16.0,0.017287371801512484,0.016343843477323653,0.007406270866522319
general,2,2,model.layers.2.mlp,2,0.010929244794364447,47.0,0.0037052633107097534,44.0,0.0038819645820337015,44.0,0.010929244794364447,0.010763375023239324,0.004206321079453362
general,2,2,model.layers.2.mlp,3,0.010916295452191029,48.0,0.0034199415013467316,50.0,0.0031155468310397065,52.0,0.010916295452191029,0.009934547115757862,0.0033758655012150933
general,2,2,model.layers.2.mlp,4,0.013091784937325183,36.0,0.004072264613332642,40.0,0.005897401427020591,25.0,0.013091784937325183,0.011829472712634261,0.00639015720320647
general,2,2,model.layers.2.mlp,5,0.002369729617735419,64.0,0.000668032409168458,64.0,0.0007227461203881821,64.0,0.002369729617735419,0.0019405593461536894,0.0007831349763859219
general,2,2,model.layers.2.mlp,6,0.010307676370040401,50.0,0.0032677108557572776,53.0,0.0038634359111626767,45.0,0.010307676370040401,0.009492334136244871,0.004186244250514801
general,2,2,model.layers.2.mlp,7,0.019385165233606134,12.0,0.006314827644255672,16.0,0.006782177710278743,18.0,0.019385165233606134,0.01834386720797532,0.007348860728759877
general,2,2,model.layers.2.mlp,8,0.0056200145032632345,63.0,0.0014202924487529784,61.0,0.001305807759877463,61.0,0.0056200145032632345,0.004125790527333651,0.0014149141729698199
general,2,2,model.layers.2.mlp,9,0.034108567284781934,3.0,0.011100950036581892,4.0,0.01072227413977667,5.0,0.034108567284781934,0.032247016834840214,0.01161817084642034
general,2,2,model.layers.2.mlp,10,0.030599295555785767,4.0,0.008425747460310266,7.0,0.0067403577267158826,19.0,0.030599295555785767,0.024475852904784212,0.007303546487816777
general,2,2,model.layers.2.mlp,11,0.012509064539521393,39.0,0.004325143515131307,38.0,0.005330604966585159,31.0,0.012509064539521393,0.012564057606414065,0.0057760022182992915
general,2,2,model.layers.2.mlp,12,0.0107479540039366,49.0,0.0034541232121814464,49.0,0.004055862856734964,42.0,0.0107479540039366,0.010033841158258576,0.004394749377316215
general,2,2,model.layers.2.mlp,13,0.011382471770434062,44.0,0.0035296821179296592,46.0,0.0038976205979266167,43.0,0.011382471770434062,0.010253331318799375,0.00422328522950651
general,2,2,model.layers.2.mlp,14,0.01831036983321247,18.0,0.006222761172550793,19.0,0.007601633324090723,10.0,0.01831036983321247,0.01807642441675403,0.008236785734053962
general,2,2,model.layers.2.mlp,15,0.012159432300839117,41.0,0.003836900202657205,42.0,0.004350353990205147,39.0,0.012159432300839117,0.01114576545439404,0.00471384663754387
general,2,2,model.layers.2.mlp,16,0.01666580337718844,28.0,0.00572520261673832,26.0,0.006420823718222122,20.0,0.01666580337718844,0.016631072525904154,0.006957313901937439
general,2,2,model.layers.2.mlp,17,0.009556614523982182,53.0,0.0036202200234868695,45.0,0.0035040936872776413,46.0,0.009556614523982182,0.010516333796521858,0.003796877284607704
general,2,2,model.layers.2.mlp,18,0.013428467833834041,35.0,0.004381607199510515,37.0,0.005292424723339256,32.0,0.013428467833834041,0.012728078287052502,0.0057346318351878195
general,2,2,model.layers.2.mlp,19,0.015539210608101109,30.0,0.006129831622131721,20.0,0.005228115587046538,33.0,0.015539210608101109,0.017806474478510664,0.005664949366460147
general,2,2,model.layers.2.mlp,20,0.017170827721951724,26.0,0.005891723063749611,24.0,0.007810299949214753,8.0,0.017170827721951724,0.01711479577845666,0.00846288744242601
general,2,2,model.layers.2.mlp,21,0.016096032321558065,29.0,0.005651287670445716,28.0,0.0063522656813941565,22.0,0.016096032321558065,0.016416357883500647,0.006883027516943082
general,2,2,model.layers.2.mlp,22,0.017494561276287166,23.0,0.006489899841896626,15.0,0.006792051158416088,17.0,0.017494561276287166,0.018852432338530456,0.007359559150177531
general,2,2,model.layers.2.mlp,23,0.015085983632031492,31.0,0.005290805299356418,33.0,0.0057228720414753366,28.0,0.015085983632031492,0.015369196960257807,0.006201045062204286
general,2,2,model.layers.2.mlp,24,0.007225732932767015,61.0,0.0013423498017941314,62.0,0.0009961098341946064,62.0,0.007225732932767015,0.0038993758654937848,0.001079339521131981
general,2,2,model.layers.2.mlp,25,0.018465761939293484,16.0,0.006292741681261654,17.0,0.00719661287338971,13.0,0.018465761939293484,0.018279709958538583,0.00779792390948243
general,2,2,model.layers.2.mlp,26,0.017183777064125143,25.0,0.008980798755891951,5.0,0.0075546599331018675,11.0,0.017183777064125143,0.026088214766952694,0.008185887494125582
general,2,2,model.layers.2.mlp,27,0.018129079042784626,20.0,0.0062236764153631,18.0,0.005891830733148784,26.0,0.018129079042784626,0.01807908309464008,0.006384121051519612
general,2,2,model.layers.2.mlp,28,0.02231171656479851,8.5,0.006628773316909251,14.0,0.005560183403057396,29.0,0.02231171656479851,0.01925584423317797,0.006024763018743074
general,2,2,model.layers.2.mlp,29,0.023710245519527606,6.0,0.007639353131798404,10.0,0.008030730960829869,7.0,0.023710245519527606,0.02219146543643442,0.008701736507410558
general,2,2,model.layers.2.mlp,30,0.007886149383611313,59.0,0.013421803475117839,2.0,0.5757764940569096,1.0,0.007886149383611313,0.03898883619778095,0.6238853428014883
general,2,2,model.layers.2.mlp,31,0.009724955972236611,52.0,0.003183363089842536,55.0,0.0027668946912273104,57.0,0.009724955972236611,0.009247313321047028,0.002998081826454953
general,2,2,model.layers.2.mlp,32,0.014088884284678338,33.0,0.005698554666254986,27.0,0.006326577108938818,23.0,0.014088884284678338,0.01655366321363644,0.006855192542785912
general,2,2,model.layers.2.mlp,33,0.012703304672122656,38.0,0.004479549245538951,36.0,0.004822724629731903,36.0,0.012703304672122656,0.013012588963770238,0.005225686077695415
general,2,2,model.layers.2.mlp,34,0.01864705272972133,15.0,0.007739780085773205,9.0,0.00740251920601716,12.0,0.01864705272972133,0.022483194492490442,0.008021034689867252
general,2,2,model.layers.2.mlp,35,0.017585206671501086,22.0,0.0059560903993577125,23.0,0.006391704635706008,21.0,0.017585206671501086,0.017301775680908987,0.006925761782382111
general,2,2,model.layers.2.mlp,36,0.04415725681135398,1.0,0.017032760419364447,1.0,0.02098732874994542,2.0,0.04415725681135398,0.04947826178633693,0.02274091930948653
general,2,2,model.layers.2.mlp,37,0.011473117165647985,43.0,0.0034599023619600123,48.0,0.0033708680386381126,49.0,0.011473117165647985,0.010050628941248894,0.0036525200030421115
general,2,2,model.layers.2.mlp,38,0.020447011291826377,11.0,0.006749743441158189,13.0,0.005844636207897404,27.0,0.020447011291826377,0.01960724889857266,0.006332983200515399
general,2,2,model.layers.2.mlp,39,0.018362167201906143,17.0,0.007339216718571947,11.0,0.0071952039360271445,14.0,0.018362167201906143,0.021319602763585,0.0077963972487408
general,2,2,model.layers.2.mlp,40,0.0068502020097379055,62.0,0.0012405808078406648,63.0,0.0009754278636194505,63.0,0.0068502020097379055,0.0036037483335737623,0.0010569294741167308
general,2,2,model.layers.2.mlp,41,0.007937946752304983,58.0,0.0022804626192958147,59.0,0.002322373541737145,59.0,0.007937946752304983,0.006624488555783029,0.0025164188329240425
general,2,2,model.layers.2.mlp,42,0.009129286232259401,55.0,0.0030930338406777685,57.0,0.0030300993580202494,54.0,0.009129286232259401,0.00898491696678043,0.003283278487770609
general,2,2,model.layers.2.mlp,43,0.01386874546773024,34.0,0.004980198128981923,34.0,0.005379106058102067,30.0,0.01386874546773024,0.014466917910349346,0.0058285558053588595
general,2,2,model.layers.2.mlp,44,0.021741945509168133,10.0,0.008276830025315964,8.0,0.008586073676922107,6.0,0.021741945509168133,0.024043264431055606,0.00930348073347351
general,2,2,model.layers.2.mlp,45,0.02231171656479851,8.5,0.00586040089392951,25.0,0.004620001391079507,38.0,0.02231171656479851,0.01702380838240821,0.005006024353839114
general,2,2,model.layers.2.mlp,46,0.017883041541489692,21.0,0.004753129390636331,35.0,0.003472477280041115,47.0,0.017883041541489692,0.013807308651324984,0.0037626191770425105
general,2,2,model.layers.2.mlp,47,0.012224179011706205,40.0,0.004029600703999081,41.0,0.004121002406854401,41.0,0.012224179011706205,0.011705538833282878,0.004465331644872597
general,2,2,model.layers.2.mlp,48,0.016743499430228945,27.0,0.006025908092853258,22.0,0.006867850776968238,15.0,0.016743499430228945,0.017504588262724174,0.007441692185292291
general,2,2,model.layers.2.mlp,49,0.010009841500051797,51.0,0.0034786434997539626,47.0,0.0034110627898256184,48.0,0.010009841500051797,0.010105069848013992,0.003696073215759682
general,2,2,model.layers.2.mlp,50,0.012832798093856831,37.0,0.005496173772887962,30.0,0.006111219009361551,24.0,0.012832798093856831,0.01596576937986995,0.00662184025562818
general,2,2,model.layers.2.mlp,51,0.01129182637522014,45.0,0.003203545853620636,54.0,0.00273865904357243,58.0,0.01129182637522014,0.009305941989870978,0.0029674869569210017
general,2,2,model.layers.2.mlp,52,0.009090438205739149,57.0,0.0030764424960180773,58.0,0.002882789677642089,56.0,0.009090438205739149,0.00893672096834871,0.0031236603870156616
general,2,2,model.layers.2.mlp,53,0.007381125038848027,60.0,0.0019734848055656274,60.0,0.0021817108854924683,60.0,0.007381125038848027,0.005732752380531505,0.00236400314660062
general,2,2,model.layers.2.mlp,54,0.011900445457370765,42.0,0.0032690386691637315,52.0,0.0030614855389491744,53.0,0.011900445457370765,0.009496191285509605,0.0033172871325315334
general,2,2,model.layers.2.mlp,55,0.011162332953485963,46.0,0.0037808158935369834,43.0,0.003364076802151417,50.0,0.011162332953485963,0.01098284681640267,0.0036451613266333294
general,2,2,model.layers.2.mlp,56,0.014101833626851756,32.0,0.004136220959076842,39.0,0.004281856588429612,40.0,0.014101833626851756,0.012015258735552268,0.004639625953947298
general,2,2,model.layers.2.mlp,57,0.023023930384336477,7.0,0.006960714022680773,12.0,0.007796865906560592,9.0,0.023023930384336477,0.020220094814606487,0.008448330921982727
general,2,2,model.layers.2.mlp,58,0.02763389619807314,5.0,0.00880666551201699,6.0,0.012597457877307509,4.0,0.02763389619807314,0.02558237719194905,0.01365003505237657
general,2,2,model.layers.2.mlp,59,0.03529990676473635,2.0,0.01134607229506452,3.0,0.01547586635296581,3.0,0.03529990676473635,0.03295906954833186,0.01676894816726537
general,2,2,model.layers.2.mlp,60,0.018297420491039055,19.0,0.0053601961956856025,32.0,0.005146107059199813,34.0,0.018297420491039055,0.015570769744095044,0.005576088638319268
general,2,2,model.layers.2.mlp,61,0.01912617839013778,13.0,0.005468732295821247,31.0,0.005099840627960636,35.0,0.01912617839013778,0.01588605496173212,0.005525956427970641
general,2,2,model.layers.2.mlp,62,0.009103387547912565,56.0,0.003382535100810629,51.0,0.0033104377118068867,51.0,0.009103387547912565,0.00982588571075708,0.003587040436648109
general,2,2,model.layers.2.mlp,63,0.018724748782761837,14.0,0.006100935873238889,21.0,0.004757844142235277,37.0,0.018724748782761837,0.01772253556355908,0.005155384518669008
general,3,3,model.layers.3.mlp,0,0.02455195276079975,7.0,0.00945563747588185,8.0,0.013049759640405953,6.0,0.02455195276079975,0.025723768354357177,0.024765335361710245
general,3,3,model.layers.3.mlp,1,0.009724955972236611,50.0,0.0031203741510087537,54.0,0.003954899475043281,49.0,0.009724955972236611,0.008488881055794411,0.007505457151718988
general,3,3,model.layers.3.mlp,2,0.009530715839635346,51.0,0.003140733956574381,53.0,0.004044200766954745,48.0,0.009530715839635346,0.008544269275091715,0.007674929732315314
general,3,3,model.layers.3.mlp,3,0.01897078628405677,20.0,0.007549883799887341,17.0,0.009274664725118427,17.0,0.01897078628405677,0.020539224612405454,0.017601104435195313
general,3,3,model.layers.3.mlp,4,0.020718947477468146,15.0,0.006998702131947322,19.0,0.008881062762996057,22.0,0.020718947477468146,0.019039751987379193,0.016854141666562707
general,3,3,model.layers.3.mlp,5,0.007666010566663214,59.0,0.00308944242155936,55.0,0.0030528825196292526,54.0,0.007666010566663214,0.008404732245607328,0.005793643829609222
general,3,3,model.layers.3.mlp,6,0.01177095203563659,44.0,0.0034341933652426706,50.0,0.0032626600266676127,53.0,0.01177095203563659,0.009342616490627884,0.006191751569238586
general,3,3,model.layers.3.mlp,7,0.008999792810525225,54.0,0.0040508425570418526,43.0,0.0042801432202126425,45.0,0.008999792810525225,0.011020191482922556,0.008122692307413188
general,3,3,model.layers.3.mlp,8,0.01289754480472392,34.0,0.0046274423673339895,37.0,0.006397330090148849,29.0,0.01289754480472392,0.012588813375518744,0.01214060867539226
general,3,3,model.layers.3.mlp,9,0.02257070340826686,12.5,0.0097742747559049,6.0,0.014225762036042325,5.0,0.02257070340826686,0.02659061118767032,0.02699710778638637
general,3,3,model.layers.3.mlp,10,0.01763700404019476,22.0,0.0054851213070094785,31.0,0.006717722397442341,27.0,0.01763700404019476,0.014922102318003859,0.012748636957604254
general,3,3,model.layers.3.mlp,11,0.009880348078317622,49.0,0.0032728324217535998,51.0,0.0038839112461696917,50.0,0.009880348078317622,0.00890363905073124,0.00737073840262074
general,3,3,model.layers.3.mlp,12,0.022829690251735212,11.0,0.008297000143252098,13.0,0.008908158643264778,20.0,0.022829690251735212,0.02257173144227173,0.016905563193109284
general,3,3,model.layers.3.mlp,13,0.009012742152698643,53.0,0.0037812015917169533,48.0,0.0038691455400699866,51.0,0.009012742152698643,0.010286641603440097,0.007342716609615495
general,3,3,model.layers.3.mlp,14,0.012327773749093546,39.0,0.0028720603981598983,56.0,0.0016116373242804965,60.0,0.012327773749093546,0.007813351196091394,0.0030585037515690407
general,3,3,model.layers.3.mlp,15,0.008041541489692324,57.0,0.0020049855979035014,61.0,0.0014671984219924194,62.0,0.008041541489692324,0.005454501106439885,0.002784393120185009
general,3,3,model.layers.3.mlp,16,0.01581114679374288,29.0,0.005377770754558168,32.0,0.005430446380025165,36.0,0.01581114679374288,0.014630058471038137,0.010305693704020206
general,3,3,model.layers.3.mlp,17,0.011240029006526469,45.0,0.005008271898146949,34.0,0.005534538064307528,33.0,0.011240029006526469,0.013624848297343777,0.010503234926284265
general,3,3,model.layers.3.mlp,18,0.01832331917538589,21.0,0.0057582209101121416,26.0,0.00662876087280721,28.0,0.01832331917538589,0.015665061314242723,0.012579809174366286
general,3,3,model.layers.3.mlp,19,0.011887496115197347,42.5,0.003847206563859681,45.0,0.003510330496210206,52.0,0.011887496115197347,0.010466206082087474,0.006661771125646581
general,3,3,model.layers.3.mlp,20,0.02257070340826686,12.5,0.008929229012353672,10.0,0.011609764657756412,8.0,0.02257070340826686,0.02429169046324608,0.022032567889574133
general,3,3,model.layers.3.mlp,21,0.005594115818916399,62.0,0.0015366468406842432,62.0,0.0019997576384575616,59.0,0.005594115818916399,0.00418040004949849,0.0037950636581228717
general,3,3,model.layers.3.mlp,22,0.02745260540764529,5.0,0.008618033810327748,11.0,0.009056300358046191,19.0,0.02745260540764529,0.02344509357220403,0.01718670088060055
general,3,3,model.layers.3.mlp,23,0.04191702061535274,1.0,0.009723198200203304,7.0,0.007656038273849488,24.0,0.04191702061535274,0.02645165900273752,0.01452933698540317
general,3,3,model.layers.3.mlp,24,0.02901947581062882,4.0,0.014742396105809075,1.0,0.022307068959116244,2.0,0.02901947581062882,0.04010623116435016,0.04233350336957816
general,3,3,model.layers.3.mlp,25,0.03256759556614524,2.0,0.012818078333808143,2.0,0.01780305612408953,3.0,0.03256759556614524,0.03487118437523792,0.03378595985869906
general,3,3,model.layers.3.mlp,26,0.008986843468351808,55.0,0.004336145397641925,42.0,0.0043838683111149515,44.0,0.008986843468351808,0.011796349008119121,0.00831953782276397
general,3,3,model.layers.3.mlp,27,0.010722055319589766,46.0,0.003236159480051538,52.0,0.00408030450143407,47.0,0.010722055319589766,0.00880387145075473,0.007743446020494459
general,3,3,model.layers.3.mlp,28,0.01922977312752512,19.0,0.006632946444758106,22.0,0.010001975554796521,15.0,0.01922977312752512,0.018044724989406572,0.01898136714543029
general,3,3,model.layers.3.mlp,29,0.01509893297420491,30.0,0.005703951279314073,27.0,0.006160430087884785,31.0,0.01509893297420491,0.015517422467587829,0.01169102890036761
general,3,3,model.layers.3.mlp,30,0.02508287578990987,6.0,0.008946933191106392,9.0,0.010344240472907787,14.0,0.02508287578990987,0.02433985413220026,0.019630904432946957
general,3,3,model.layers.3.mlp,31,0.02354190407127318,9.0,0.008254522760087538,14.0,0.012268975754127123,7.0,0.02354190407127318,0.022456173039402387,0.023283593527259637
general,3,3,model.layers.3.mlp,32,0.012366621775613798,38.0,0.004716747303299493,36.0,0.006310936140326235,30.0,0.012366621775613798,0.012831764682771887,0.011976653537555464
general,3,3,model.layers.3.mlp,33,0.020123277737490935,16.0,0.007180599922789547,18.0,0.01126600258838855,9.0,0.020123277737490935,0.01953459928326268,0.02138018936559193
general,3,3,model.layers.3.mlp,34,0.01047601781829483,47.0,0.004006234349505982,44.0,0.005419320100682036,37.0,0.01047601781829483,0.01089883623846837,0.010284578676092221
general,3,3,model.layers.3.mlp,35,0.010035740184398633,48.0,0.0038292747599515693,46.0,0.004942363711674294,41.0,0.010035740184398633,0.010417423165961028,0.009379429060147293
general,3,3,model.layers.3.mlp,36,0.013570910597741634,33.0,0.0055011056512547915,30.0,0.005410033518595701,38.0,0.013570910597741634,0.014965587230545344,0.010266954955344135
general,3,3,model.layers.3.mlp,37,0.016911840878483374,24.0,0.00646576841396457,24.0,0.008025415310412136,23.0,0.016911840878483374,0.017589922343996416,0.015230326615669197
general,3,3,model.layers.3.mlp,38,0.014568009945094789,31.0,0.005246797769313944,33.0,0.00549086791443032,34.0,0.014568009945094789,0.01427375052863927,0.010420359383990248
general,3,3,model.layers.3.mlp,39,0.006966746089298663,61.0,0.008179406458808143,15.0,0.0948986389668361,1.0,0.006966746089298663,0.02225182147255395,0.18009501202663147
general,3,3,model.layers.3.mlp,40,0.02294623433129597,10.0,0.009992238488034808,4.0,0.010920245629153226,10.0,0.02294623433129597,0.027183574757737604,0.020724025015821455
general,3,3,model.layers.3.mlp,41,0.01584999482026313,28.0,0.0066296458800049205,23.0,0.010473008696049665,12.0,0.01584999482026313,0.018035745905408688,0.0198752758480469
general,3,3,model.layers.3.mlp,42,0.012664456645602404,36.0,0.00479647933689656,35.0,0.005474449838220759,35.0,0.012664456645602404,0.013048673206169092,0.01038920178610891
general,3,3,model.layers.3.mlp,43,0.004752408577644256,63.0,0.0012241870544616958,63.0,0.001187704165132212,63.0,0.004752408577644256,0.0033303628963882856,0.0022539795958329474
general,3,3,model.layers.3.mlp,44,0.007458821091888532,60.0,0.002644751388816948,57.0,0.002945230587266056,55.0,0.007458821091888532,0.007194964089340441,0.0055893461045342045
general,3,3,model.layers.3.mlp,45,0.008857350046617632,56.0,0.0025695971500116544,58.0,0.0027033662971305585,56.0,0.008857350046617632,0.006990509314629959,0.005130345293616491
general,3,3,model.layers.3.mlp,46,0.011887496115197347,42.5,0.003826581195612763,47.0,0.004700880563107536,42.0,0.011887496115197347,0.010410095407755858,0.00892115156513962
general,3,3,model.layers.3.mlp,47,0.017313270485859317,23.0,0.006812643859098208,21.0,0.00890689664936635,21.0,0.017313270485859317,0.018533586229291472,0.016903168229295377
general,3,3,model.layers.3.mlp,48,0.03053454884491868,3.0,0.011700223841519477,3.0,0.015906982542961405,4.0,0.03053454884491868,0.03183009591485049,0.030187663843979806
general,3,3,model.layers.3.mlp,49,0.023580752097793433,8.0,0.00848638427253833,12.0,0.010365925068578904,13.0,0.023580752097793433,0.0230869450895987,0.019672056630288245
general,3,3,model.layers.3.mlp,50,0.012586760592561898,37.0,0.004377143217296436,40.0,0.005247139699867473,39.0,0.012586760592561898,0.011907882304368723,0.0099578212884938
general,3,3,model.layers.3.mlp,51,0.01279395006733658,35.0,0.002399453669277038,60.0,0.00152875766827483,61.0,0.01279395006733658,0.006527639254669975,0.0029012179062965935
general,3,3,model.layers.3.mlp,52,0.019618253392727648,17.0,0.0069309204190083394,20.0,0.009203960526088946,18.0,0.019618253392727648,0.018855353940526058,0.017466924707085642
general,3,3,model.layers.3.mlp,53,0.009453019786594841,52.0,0.004336575356268776,41.0,0.005077177302279547,40.0,0.009453019786594841,0.011797518697222295,0.009635273142694054
general,3,3,model.layers.3.mlp,54,0.013959390862944163,32.0,0.004416117702236351,39.0,0.004103423289682203,46.0,0.013959390862944163,0.012013911181309277,0.00778731997372411
general,3,3,model.layers.3.mlp,55,0.016134880348078317,27.0,0.003758344232362996,49.0,0.002452537984425455,57.0,0.016134880348078317,0.010224458866558187,0.004654332903080187
general,3,3,model.layers.3.mlp,56,0.012237128353879623,40.0,0.00455485523444784,38.0,0.005800036820959801,32.0,0.012237128353879623,0.012391342332806617,0.011007088324951621
general,3,3,model.layers.3.mlp,57,0.016342069822853,25.0,0.005609252891749974,28.0,0.007362058149058498,25.0,0.016342069822853,0.015259798442614003,0.013971432734233392
general,3,3,model.layers.3.mlp,58,0.016199627058945405,26.0,0.006418409735801046,25.0,0.009766066763162193,16.0,0.016199627058945405,0.01746108452954399,0.018533668452075793
general,3,3,model.layers.3.mlp,59,0.019540557339687143,18.0,0.007609003111079457,16.0,0.010805263903077298,11.0,0.019540557339687143,0.020700056864091723,0.020505817088227005
general,3,3,model.layers.3.mlp,60,0.012185330985185953,41.0,0.0055328972979578886,29.0,0.006778077697957363,26.0,0.012185330985185953,0.015052075418938774,0.012863176941427653
general,3,3,model.layers.3.mlp,61,0.02079664353050865,14.0,0.009948736791670984,5.0,0.004633323698770882,43.0,0.02079664353050865,0.027065229742593056,0.008792944728585906
general,3,3,model.layers.3.mlp,62,0.003250284885527815,64.0,0.0009088566621128146,64.0,0.0010623457216094544,64.0,0.003250284885527815,0.0024725163483833674,0.0020160791302450205
general,3,3,model.layers.3.mlp,63,0.007860250699264477,58.0,0.0025500087408059672,59.0,0.002111087477176773,58.0,0.007860250699264477,0.00693721965519423,0.004006341173389093
general,4,4,model.layers.4.mlp,0,0.010165233606132808,48.0,0.003254154513169481,47.0,0.005612706986857883,43.0,0.010165233606132808,0.009569697917663782,0.009858108339223324
general,4,4,model.layers.4.mlp,1,0.011965192168237854,41.0,0.0037374533014347872,43.0,0.006284935583395129,40.0,0.011965192168237854,0.010990965220416178,0.011038804632278541
general,4,4,model.layers.4.mlp,2,0.009077488863565731,54.0,0.0019556794600771783,57.0,0.0014312309485538988,59.0,0.009077488863565731,0.005751190234200069,0.0025138012339376284
general,4,4,model.layers.4.mlp,3,0.017054283642390967,19.0,0.005362115202203978,21.0,0.007501597042617793,29.0,0.017054283642390967,0.015768711189692735,0.01317573793473997
general,4,4,model.layers.4.mlp,4,0.01364860665078214,34.0,0.005009068586190822,25.0,0.00653171137389767,38.0,0.01364860665078214,0.014730484684950432,0.011472239423007465
general,4,4,model.layers.4.mlp,5,0.0095695638661556,50.0,0.0030516692916062365,49.0,0.00490421099005728,49.0,0.0095695638661556,0.008974236824679549,0.008613712308801574
general,4,4,model.layers.4.mlp,6,0.012327773749093546,40.0,0.004292112575915518,34.0,0.005358661922738982,48.0,0.012327773749093546,0.012622086816680318,0.009411905861347122
general,4,4,model.layers.4.mlp,7,0.019812493525328913,15.0,0.007934728385524578,13.0,0.01049122940180662,17.0,0.019812493525328913,0.02333415742887546,0.01842670146451982
general,4,4,model.layers.4.mlp,8,0.0159017921889568,28.0,0.005363594765714027,20.0,0.008879246015561303,22.0,0.0159017921889568,0.015773062235650715,0.015595428266071484
general,4,4,model.layers.4.mlp,9,0.01171915466694292,42.5,0.004290253637146483,35.0,0.008533557240175765,24.0,0.01171915466694292,0.012616620117912602,0.014988263593591079
general,4,4,model.layers.4.mlp,10,0.025859836320314928,7.0,0.010222765864158163,9.0,0.01722853970121043,7.0,0.025859836320314928,0.030062733901260116,0.030260053000953694
general,4,4,model.layers.4.mlp,11,0.009556614523982182,51.0,0.0029240537774040455,50.0,0.003725461586175231,53.0,0.009556614523982182,0.008598949813697137,0.006543367401170931
general,4,4,model.layers.4.mlp,12,0.02535481197555164,9.0,0.010665490468474826,6.0,0.011906183874208507,12.0,0.02535481197555164,0.03136468213601102,0.02091191484135694
general,4,4,model.layers.4.mlp,13,0.016238475085465658,22.0,0.005219508042350824,22.0,0.009870725728345266,18.0,0.016238475085465658,0.015349337298512173,0.017336854363612715
general,4,4,model.layers.4.mlp,14,0.017870092199316276,17.0,0.01482961447785015,2.0,0.056063110748066455,1.0,0.017870092199316276,0.04361038488311268,0.09846874616515745
general,4,4,model.layers.4.mlp,15,0.01090334611001761,45.0,0.004636294456710349,29.0,0.00548879243008963,46.0,0.01090334611001761,0.013634244234101743,0.00964046592028206
general,4,4,model.layers.4.mlp,16,0.02170309748264788,14.0,0.008827177067686211,11.0,0.010976268831867404,14.0,0.02170309748264788,0.025958637692716936,0.01927862038021065
general,4,4,model.layers.4.mlp,17,0.005555267792396146,59.0,0.001903730341279913,58.0,0.0024838691956868115,56.0,0.005555267792396146,0.0055984201761199275,0.004362645634071845
general,4,4,model.layers.4.mlp,18,0.0025898684346835183,61.0,0.0006661703089389309,62.0,0.0009304612105459324,62.0,0.0025898684346835183,0.0019590491454731683,0.0016342537460951084
general,4,4,model.layers.4.mlp,19,0.0028100072516316172,60.0,0.0006678522059204393,61.0,0.0009533566758800736,61.0,0.0028100072516316172,0.001963995206263007,0.0016744671365801962
general,4,4,model.layers.4.mlp,20,0.009453019786594841,53.0,0.0031653680567245933,48.0,0.005389394952737024,47.0,0.009453019786594841,0.009308597971758066,0.009465885080291331
general,4,4,model.layers.4.mlp,21,0.013674505335128975,33.0,0.004179691040835751,37.0,0.006817668400443206,33.0,0.013674505335128975,0.012291481700727918,0.011974491786198475
general,4,4,model.layers.4.mlp,22,0.01101989018957837,44.0,0.0033113895939086294,46.0,0.005545103308679798,45.0,0.01101989018957837,0.009738012738226274,0.009739369843668499
general,4,4,model.layers.4.mlp,23,0.02417642183777064,10.0,0.007477372542052989,15.0,0.013442985303634363,9.0,0.02417642183777064,0.021989182184095655,0.023611139123441656
general,4,4,model.layers.4.mlp,24,0.013791049414689734,31.0,0.004198293074368072,36.0,0.006566303145492755,36.0,0.013791049414689734,0.012346185876832078,0.011532996101171582
general,4,4,model.layers.4.mlp,25,0.008404123070548017,56.0,0.002260577032803921,55.0,0.0025149351041843133,55.0,0.008404123070548017,0.0066478218031731096,0.004417209517834504
general,4,4,model.layers.4.mlp,26,0.05073552263545012,1.0,0.017466588673857867,1.0,0.02650562169659938,3.0,0.05073552263545012,0.05136510162146748,0.04655423682286751
general,4,4,model.layers.4.mlp,27,0.008637211229669532,55.0,0.0034941220103206255,45.0,0.013000379729540153,10.0,0.008637211229669532,0.010275385508250141,0.022833750652748033
general,4,4,model.layers.4.mlp,28,0.01859525536102766,16.0,0.008164838448863048,12.0,0.010831327280914377,15.0,0.01859525536102766,0.024010856640622125,0.019024046336795303
general,4,4,model.layers.4.mlp,29,0.015668704029835286,29.0,0.005077153799336993,24.0,0.008404023996658997,25.0,0.015668704029835286,0.014930707175871435,0.01476075256351071
general,4,4,model.layers.4.mlp,30,0.007510618460582203,57.0,0.002352607147713146,54.0,0.004319059435503169,51.0,0.007510618460582203,0.006918460580602085,0.007585957353275435
general,4,4,model.layers.4.mlp,31,0.0024992230394695948,62.0,0.0006970641008624262,60.0,0.0011808163640113936,60.0,0.0024992230394695948,0.0020499004726128433,0.00207397529791035
general,4,4,model.layers.4.mlp,32,0.017857142857142856,18.0,0.007382718414935771,16.0,0.009277306519287442,19.0,0.017857142857142856,0.02171082680806599,0.016294578173680487
general,4,4,model.layers.4.mlp,33,0.01649746192893401,21.0,0.004740774403035326,28.0,0.007050110252764538,31.0,0.01649746192893401,0.013941495017903625,0.012382750576140444
general,4,4,model.layers.4.mlp,34,0.026351911322904795,6.0,0.010406661698031052,7.0,0.01807382749909751,6.0,0.026351911322904795,0.03060352800656718,0.03174470892703461
general,4,4,model.layers.4.mlp,35,0.028721640940640215,5.0,0.010954485894929037,5.0,0.018559219151053,5.0,0.028721640940640215,0.032214549258042534,0.03259724648211025
general,4,4,model.layers.4.mlp,36,0.013350771780793535,36.0,0.0040535740589065575,39.0,0.00671193165355157,34.0,0.013350771780793535,0.011920601518343973,0.01178877670990187
general,4,4,model.layers.4.mlp,37,0.03348699886045789,4.0,0.012294616351458097,4.0,0.024293238746316264,4.0,0.03348699886045789,0.036155555620015496,0.04266842720144789
general,4,4,model.layers.4.mlp,38,0.013428467833834041,35.0,0.003920160426162851,41.0,0.006847237405927456,32.0,0.013428467833834041,0.011528263613586063,0.012026426522900275
general,4,4,model.layers.4.mlp,39,0.009996892157878379,49.0,0.0026875828555565627,53.0,0.0038712948020811983,52.0,0.009996892157878379,0.007903544823173864,0.006799507556932598
general,4,4,model.layers.4.mlp,40,0.012806899409509997,37.0,0.0036107040274072828,44.0,0.006206792158803198,41.0,0.012806899409509997,0.010618225616682669,0.010901554220413294
general,4,4,model.layers.4.mlp,41,0.010346524396560655,47.0,0.0028025462048715424,51.0,0.003133453985435548,54.0,0.010346524396560655,0.00824162481295151,0.0055035705474601295
general,4,4,model.layers.4.mlp,42,0.013713353361649229,32.0,0.004444507617450534,32.0,0.00668405274585882,35.0,0.013713353361649229,0.013070244550352127,0.01173981044584108
general,4,4,model.layers.4.mlp,43,0.022751994198694708,12.0,0.006626990253192013,18.0,0.00893591106378679,21.0,0.022751994198694708,0.01948840922264064,0.01569495424983692
general,4,4,model.layers.4.mlp,44,0.009491867813115094,52.0,0.002781832315730861,52.0,0.00472916077714775,50.0,0.009491867813115094,0.008180710169539807,0.008306255680884441
general,4,4,model.layers.4.mlp,45,0.016096032321558065,24.0,0.005112498927632601,23.0,0.00881213146263511,23.0,0.016096032321558065,0.015034648829312037,0.015477548865733265
general,4,4,model.layers.4.mlp,46,0.015979488241997308,27.0,0.004625526522276106,30.0,0.007724960491897789,28.0,0.015979488241997308,0.013602578288518675,0.013568051498797501
general,4,4,model.layers.4.mlp,47,0.04477882523567803,2.0,0.010392011490113177,8.0,0.011760469827046321,13.0,0.04477882523567803,0.03056044521389779,0.02065598399251074
general,4,4,model.layers.4.mlp,48,0.0017611105355847922,63.0,0.00044574063762560864,63.0,0.0006199415171503292,63.0,0.0017611105355847922,0.0013108176745883222,0.0010888597345915867
general,4,4,model.layers.4.mlp,49,0.025652646845540247,8.0,0.008968608164236508,10.0,0.013881856091663983,8.0,0.025652646845540247,0.026374553060187312,0.02438196784930364
general,4,4,model.layers.4.mlp,50,0.0219361856417694,13.0,0.007150932777536776,17.0,0.010595750035292607,16.0,0.0219361856417694,0.021029200129742985,0.018610280570110348
general,4,4,model.layers.4.mlp,51,0.016096032321558065,24.0,0.004969525038362426,26.0,0.008068050423132056,26.0,0.016096032321558065,0.014614196473748727,0.01417065158466044
general,4,4,model.layers.4.mlp,52,0.01235367243344038,38.5,0.00453457130393401,31.0,0.007806430861861746,27.0,0.01235367243344038,0.013335100527383958,0.013711145327750595
general,4,4,model.layers.4.mlp,53,0.016510411271107427,20.0,0.004374892257426447,33.0,0.0063696828294816715,39.0,0.016510411271107427,0.012865522259765179,0.011187653937137701
general,4,4,model.layers.4.mlp,54,0.005904900031078421,58.0,0.0012624849868564177,59.0,0.0014421679859091972,58.0,0.005904900031078421,0.0037126694202465546,0.002533010948503367
general,4,4,model.layers.4.mlp,55,0.0014632756655961877,64.0,0.00038148711459520357,64.0,0.0005008130310487095,64.0,0.0014632756655961877,0.001121863277045674,0.0008796235273519725
general,4,4,model.layers.4.mlp,56,0.01509893297420491,30.0,0.004143688328757899,38.0,0.006559379466069427,37.0,0.01509893297420491,0.01218560624908377,0.011520835412573186
general,4,4,model.layers.4.mlp,57,0.01171915466694292,42.5,0.003925939575941417,40.0,0.006052559335431163,42.0,0.01171915466694292,0.011545258724721074,0.010630661069242936
general,4,4,model.layers.4.mlp,58,0.022933284989122553,11.0,0.007602895169409769,14.0,0.012229409998505273,11.0,0.022933284989122553,0.022358314510411013,0.021479626314420776
general,4,4,model.layers.4.mlp,59,0.016096032321558065,24.0,0.005387545990398063,19.0,0.00739040186785576,30.0,0.016096032321558065,0.015843497116372184,0.012980435724564083
general,4,4,model.layers.4.mlp,60,0.016057184295037812,26.0,0.004934875431374961,27.0,0.009020929336995519,20.0,0.016057184295037812,0.014512300183792643,0.015844279584308823
general,4,4,model.layers.4.mlp,61,0.01235367243344038,38.5,0.003844323311891381,42.0,0.005612685390748373,44.0,0.01235367243344038,0.01130524461691941,0.009858070408009784
general,4,4,model.layers.4.mlp,62,0.034147415311302186,3.0,0.012471190242832539,3.0,0.029382302884757672,2.0,0.034147415311302186,0.03667481762609461,0.051606813926334996
general,4,4,model.layers.4.mlp,63,0.010411271107427744,46.0,0.0021533339700093236,56.0,0.0014723545176439287,57.0,0.010411271107427744,0.006332445348073636,0.0025860303027869904
general,5,5,model.layers.5.mlp,0,0.008119237542732829,54.0,0.0027698440575468766,50.0,0.004610385838191731,48.0,0.008119237542732829,0.008124225819220064,0.007281993132974836
general,5,5,model.layers.5.mlp,1,0.013739252045996063,33.0,0.004397123647603076,35.0,0.0072957280740384226,36.0,0.013739252045996063,0.012897197360561314,0.011523426368157718
general,5,5,model.layers.5.mlp,2,0.004713560551124003,59.0,0.0017155096294545738,58.0,0.0028011070530235267,58.0,0.004713560551124003,0.005031758949303094,0.004424280969257226
general,5,5,model.layers.5.mlp,3,0.006979695431472081,55.0,0.001893525146813167,56.0,0.003966815872713159,53.0,0.006979695431472081,0.005553896019946474,0.006265489908801753
general,5,5,model.layers.5.mlp,4,0.00887029938879105,52.0,0.002613149429743344,51.0,0.0056453915184567684,45.0,0.00887029938879105,0.007664625020588102,0.008916759619077883
general,5,5,model.layers.5.mlp,5,0.01267740598777582,39.0,0.004860606401507303,30.0,0.006006164843189331,43.0,0.01267740598777582,0.01425663799252484,0.009486592376132644
general,5,5,model.layers.5.mlp,6,0.023878586967782035,12.0,0.010023713988688749,9.0,0.01793809544874339,10.0,0.023878586967782035,0.02940054179927574,0.028332788721134417
general,5,5,model.layers.5.mlp,7,0.009724955972236611,48.0,0.002971380840962654,48.0,0.006211567411926093,42.0,0.009724955972236611,0.00871535308318565,0.009811020774867955
general,5,5,model.layers.5.mlp,8,0.020226872474878275,18.0,0.0067408281225719985,19.0,0.01497646287742778,15.0,0.020226872474878275,0.019771513752592302,0.023654961570950896
general,5,5,model.layers.5.mlp,9,0.013078835595151767,38.0,0.004020315494535378,40.0,0.007963265244588819,34.0,0.013078835595151767,0.01179198188183994,0.012577785214154001
general,5,5,model.layers.5.mlp,10,0.020084429710970682,19.0,0.00676345153384958,18.0,0.013475145933144108,18.0,0.020084429710970682,0.01983787044928769,0.021283667700462087
general,5,5,model.layers.5.mlp,11,0.01344141717600746,36.0,0.0042597771580078735,38.0,0.008567306380280927,33.0,0.01344141717600746,0.012494346559662134,0.013531853605937335
general,5,5,model.layers.5.mlp,12,0.006513519113229048,57.0,0.0017883370333380815,57.0,0.003136692793072536,56.0,0.006513519113229048,0.0052453689080894286,0.004954330544353013
general,5,5,model.layers.5.mlp,13,0.022052729721330155,16.5,0.00684391702628069,17.0,0.009943086162285151,26.0,0.022052729721330155,0.02007388367515285,0.015704864559174553
general,5,5,model.layers.5.mlp,14,0.013661555992955559,34.0,0.004271626311930229,37.0,0.007178107847142291,38.0,0.013661555992955559,0.01252910129683574,0.011337648059222839
general,5,5,model.layers.5.mlp,15,0.01322127835905936,37.0,0.0046294783478905525,31.0,0.010462467531571052,23.0,0.01322127835905936,0.013578716614379704,0.016525214893674627
general,5,5,model.layers.5.mlp,16,0.019009634310577023,21.0,0.005916888289262405,22.0,0.01258056241882708,19.0,0.019009634310577023,0.01735481695371687,0.01987069463556908
general,5,5,model.layers.5.mlp,17,0.014127732311198592,30.0,0.0053697785824355125,24.0,0.010863662102188976,21.0,0.014127732311198592,0.015750090220441656,0.017158892032803696
general,5,5,model.layers.5.mlp,18,0.022221071169584584,14.0,0.00705017070874987,16.0,0.014887372216470844,16.0,0.022221071169584584,0.020678846069284662,0.023514245022690144
general,5,5,model.layers.5.mlp,19,0.013881694809903656,31.0,0.005018097717354709,26.0,0.009684172054405572,27.0,0.013881694809903656,0.014718575555769326,0.015295915976175066
general,5,5,model.layers.5.mlp,20,0.030923029110121205,4.0,0.01114051887609422,5.0,0.022339923084044623,4.0,0.030923029110121205,0.0326762406880162,0.03528536920740768
general,5,5,model.layers.5.mlp,21,0.009556614523982182,49.0,0.002611366366026106,52.0,0.0038684893044044254,55.0,0.009556614523982182,0.007659395118836257,0.006110185467841121
general,5,5,model.layers.5.mlp,22,0.012237128353879623,41.5,0.004235509787274681,39.0,0.007024734329340014,41.0,0.012237128353879623,0.012423167967734548,0.01109539829041511
general,5,5,model.layers.5.mlp,23,0.02545840671293898,9.0,0.008427087919558686,11.0,0.018264071504343955,9.0,0.02545840671293898,0.024717480058264074,0.028847660031629453
general,5,5,model.layers.5.mlp,24,0.004661763182430332,60.0,0.0012787096020990883,60.0,0.0027195701654817135,59.0,0.004661763182430332,0.003750581386108309,0.0042954954237514505
general,5,5,model.layers.5.mlp,25,0.009258779653993576,51.0,0.0031825790476406298,47.0,0.005046955378405618,47.0,0.009258779653993576,0.009334818254515839,0.007971544182600303
general,5,5,model.layers.5.mlp,26,0.01499533823681757,28.0,0.0037202802480446493,41.0,0.004262829294466242,50.0,0.01499533823681757,0.010911948910462172,0.006733035962456947
general,5,5,model.layers.5.mlp,27,0.013506163886874548,35.0,0.004440650635650834,34.0,0.009079261262370776,30.0,0.013506163886874548,0.013024866309709181,0.014340473983192664
general,5,5,model.layers.5.mlp,28,0.03399202320522118,3.0,0.014074354212259142,2.0,0.021433388317264535,5.0,0.03399202320522118,0.04128146910239883,0.033853519427762185
general,5,5,model.layers.5.mlp,29,0.0008676059256189785,64.0,0.0002107303105252253,64.0,0.0003517613410764465,64.0,0.0008676059256189785,0.0006180927857641036,0.0005555985464265121
general,5,5,model.layers.5.mlp,30,0.016147829690251737,24.0,0.005601235427943385,23.0,0.00908930404568094,29.0,0.016147829690251737,0.01642897597763323,0.014356336316990143
general,5,5,model.layers.5.mlp,31,0.005114990158499948,58.0,0.0014931577901623847,59.0,0.0011473090028878284,62.0,0.005114990158499948,0.004379579073397535,0.0018121468730925613
general,5,5,model.layers.5.mlp,32,0.015888842846783383,26.0,0.004977378106223454,27.0,0.010379341929474853,24.0,0.015888842846783383,0.014599140920017982,0.016393920011883056
general,5,5,model.layers.5.mlp,33,0.0029524500155392107,62.0,0.000782259138188905,62.0,0.0016021488214525844,61.0,0.0029524500155392107,0.002294443208988339,0.002530555386313908
general,5,5,model.layers.5.mlp,34,0.014736351393349218,29.0,0.00448287510197607,33.0,0.0089187608034385,31.0,0.014736351393349218,0.013148714834173075,0.014086967382920234
general,5,5,model.layers.5.mlp,35,0.01859525536102766,22.0,0.007935468167279603,14.0,0.01478232014034741,17.0,0.01859525536102766,0.023275510834826405,0.0233483178044954
general,5,5,model.layers.5.mlp,36,0.006733657930177147,56.0,0.0019449052027219517,55.0,0.00400455765280281,51.0,0.006733657930177147,0.005704598791703529,0.00632510213933621
general,5,5,model.layers.5.mlp,37,0.024318864601678234,10.0,0.007777142225862426,15.0,0.0161923320060346,13.0,0.024318864601678234,0.022811125232464032,0.025575397507519627
general,5,5,model.layers.5.mlp,38,0.01117528229565938,44.0,0.0036977959410286958,42.0,0.007042704120654245,40.0,0.01117528229565938,0.01084600022028643,0.011123781141990618
general,5,5,model.layers.5.mlp,39,0.009802652025277116,47.0,0.0036395934533791307,43.0,0.005754413111174921,44.0,0.009802652025277116,0.010675286583315756,0.009088956592906637
general,5,5,model.layers.5.mlp,40,0.030612244897959183,5.0,0.011117490797873717,6.0,0.024129238702865458,3.0,0.030612244897959183,0.03260869706326366,0.03811155003180663
general,5,5,model.layers.5.mlp,41,0.003677613177250596,61.0,0.001031281058187869,61.0,0.001605160847556328,60.0,0.003677613177250596,0.0030248490621608503,0.0025353128088320205
general,5,5,model.layers.5.mlp,42,0.0026805138298974414,63.0,0.0006344165997617321,63.0,0.0008809146602823983,63.0,0.0026805138298974414,0.00186080646160667,0.0013913834399225207
general,5,5,model.layers.5.mlp,43,0.02719361856417694,6.0,0.011960702894339842,3.0,0.01949657899748519,7.0,0.02719361856417694,0.03508192131086115,0.03079437586331669
general,5,5,model.layers.5.mlp,44,0.03848544493939708,1.0,0.014665774949335698,1.0,0.027708745024531793,1.0,0.03848544493939708,0.043016164457932646,0.04376529385469624
general,5,5,model.layers.5.mlp,45,0.015966538899823888,25.0,0.004893169444570341,29.0,0.009529465270140598,28.0,0.015966538899823888,0.014352148609624128,0.01505156034517564
general,5,5,model.layers.5.mlp,46,0.017222625090645396,23.0,0.005078949508896198,25.0,0.010664727084595689,22.0,0.017222625090645396,0.014897059862364193,0.01684467897496758
general,5,5,model.layers.5.mlp,47,0.012586760592561898,40.0,0.004283184611487361,36.0,0.007207763523224609,37.0,0.012586760592561898,0.012563002929468265,0.011384488483682816
general,5,5,model.layers.5.mlp,48,0.0081710349114265,53.0,0.0023375333040894022,54.0,0.005173507478911309,46.0,0.0081710349114265,0.006856215739159355,0.008171430170278817
general,5,5,model.layers.5.mlp,49,0.026054076452916193,7.0,0.008482337603109137,10.0,0.018635590950417467,8.0,0.026054076452916193,0.024879532829567685,0.029434466027922167
general,5,5,model.layers.5.mlp,50,0.025574950792499742,8.0,0.00816697559615534,13.0,0.016975896064634708,11.0,0.025574950792499742,0.023954544958025122,0.02681301802220736
general,5,5,model.layers.5.mlp,51,0.011149383611312545,45.0,0.0033527414971381954,46.0,0.003977380791079111,52.0,0.011149383611312545,0.009833921502550032,0.006282176942315087
general,5,5,model.layers.5.mlp,52,0.01939811457577955,20.0,0.006022025819369626,21.0,0.012185928225285721,20.0,0.01939811457577955,0.017663195699566772,0.019247379453659626
general,5,5,model.layers.5.mlp,53,0.010437169791774578,46.0,0.002947644595592044,49.0,0.004286635163652394,49.0,0.010437169791774578,0.008645732334333078,0.006770636758143506
general,5,5,model.layers.5.mlp,54,0.02349010670257951,13.0,0.008389845914968145,12.0,0.016196402399731736,12.0,0.02349010670257951,0.024608245585503914,0.025581826596101653
general,5,5,model.layers.5.mlp,55,0.022052729721330155,16.5,0.0061336127288796225,20.0,0.007734992547258063,35.0,0.022052729721330155,0.0179904911113276,0.012217233999407908
general,5,5,model.layers.5.mlp,56,0.013778100072516316,32.0,0.0046038072886991094,32.0,0.010270084811809285,25.0,0.013778100072516316,0.013503420865753856,0.01622135103208562
general,5,5,model.layers.5.mlp,57,0.022117476432197244,15.0,0.010873286943663888,8.0,0.025759924542381518,2.0,0.022117476432197244,0.03189242307227166,0.04068717894924506
general,5,5,model.layers.5.mlp,58,0.015085983632031492,27.0,0.004910823039955195,28.0,0.008663640008585374,32.0,0.015085983632031492,0.014403928346117569,0.013684010246272383
general,5,5,model.layers.5.mlp,59,0.011641458613902414,43.0,0.00355388625945302,44.0,0.007171018160651919,39.0,0.011641458613902414,0.010423898929960247,0.011326450070562072
general,5,5,model.layers.5.mlp,60,0.012237128353879623,41.5,0.0034315630301136953,45.0,0.003957787079615604,54.0,0.012237128353879623,0.010065112833182992,0.006251229148066545
general,5,5,model.layers.5.mlp,61,0.009323526364860665,50.0,0.002392062174647778,53.0,0.0030366223537787915,57.0,0.009323526364860665,0.007016154294861156,0.0047962717012700155
general,5,5,model.layers.5.mlp,62,0.024046928416036464,11.0,0.011163306683317362,4.0,0.015206704229945397,14.0,0.024046928416036464,0.032743079574234814,0.024018622229039704
general,5,5,model.layers.5.mlp,63,0.03586967782036673,2.0,0.010938830342574847,7.0,0.02116897658801049,6.0,0.03586967782036673,0.03208466832602918,0.03343588748451876
general,6,6,model.layers.6.mlp,0,0.03471718636693256,4.0,0.011577318903449705,4.0,0.02701556451381716,5.0,0.03471718636693256,0.032864842945686513,0.03566938713922732
general,6,6,model.layers.6.mlp,1,0.012211229669532787,40.0,0.005174008302956334,30.0,0.008397585439238044,37.0,0.012211229669532787,0.014687594916787694,0.011087561243213017
general,6,6,model.layers.6.mlp,2,0.023774992230394695,9.0,0.007793404778630996,12.0,0.01750128001544274,11.0,0.023774992230394695,0.022123345327004117,0.0231074176511681
general,6,6,model.layers.6.mlp,3,0.014373769812493525,34.0,0.00448112997578473,37.0,0.009166813763968997,35.0,0.014373769812493525,0.012720702789787583,0.012103194394215819
general,6,6,model.layers.6.mlp,4,0.014050036258158085,35.0,0.008653878449381022,8.0,0.015518083762445808,16.0,0.014050036258158085,0.024565994811218596,0.020488949512735062
general,6,6,model.layers.6.mlp,5,0.00881850202009738,51.0,0.0026227223321117787,50.0,0.005486855089840439,48.0,0.00881850202009738,0.007445191607299905,0.007244444522943832
general,6,6,model.layers.6.mlp,6,0.018828343520149178,18.0,0.00615531299369367,26.0,0.014451892991504631,22.0,0.018828343520149178,0.017473250629643486,0.019081228739270515
general,6,6,model.layers.6.mlp,7,0.009724955972236611,48.0,0.002986720247267689,48.0,0.006991333407397642,42.0,0.009724955972236611,0.008478482165668455,0.009230848305995442
general,6,6,model.layers.6.mlp,8,0.01671760074588211,24.5,0.007106267663712059,19.0,0.01475652561458475,21.0,0.01671760074588211,0.020172750931851537,0.01948344350558886
general,6,6,model.layers.6.mlp,9,0.018245623122345386,20.0,0.007674951176933337,13.0,0.030044548422168398,2.0,0.018245623122345386,0.021787087938863546,0.03966863726077158
general,6,6,model.layers.6.mlp,10,0.004130840153320211,58.0,0.0012056039896923237,57.0,0.0021302343012260844,58.0,0.004130840153320211,0.0034223800956303518,0.002812606486487904
general,6,6,model.layers.6.mlp,11,0.0012172381643012534,63.0,0.0002790557946687558,63.0,0.0005040634456297579,63.0,0.0012172381643012534,0.0007921631028181902,0.0006655287242176626
general,6,6,model.layers.6.mlp,12,0.02337356262301875,11.0,0.007123718925625453,18.0,0.016958629448685782,12.0,0.02337356262301875,0.020222290292973986,0.022390941297802423
general,6,6,model.layers.6.mlp,13,0.014580959287268207,33.0,0.004336221272693722,39.0,0.008672123378738768,36.0,0.014580959287268207,0.012309346602032398,0.011450041177454209
general,6,6,model.layers.6.mlp,14,0.005671811871956905,55.0,0.0014092652745584275,55.0,0.0029281006409512347,55.0,0.005671811871956905,0.0040005187991644505,0.00386605119027927
general,6,6,model.layers.6.mlp,15,0.02681808764114783,7.0,0.009522597209093028,6.0,0.021469040767730707,7.0,0.02681808764114783,0.027032049848659048,0.028346160460958617
general,6,6,model.layers.6.mlp,16,0.014788148762042888,31.0,0.004694111246179944,35.0,0.009308311529824193,34.0,0.014788148762042888,0.013325298384008092,0.012290017756246377
general,6,6,model.layers.6.mlp,17,0.011278877033046721,43.0,0.003996161936379882,42.0,0.010076522745333298,32.0,0.011278877033046721,0.011344011123812253,0.01330430799018452
general,6,6,model.layers.6.mlp,18,0.059774163472495596,1.0,0.025907498498685642,1.0,0.07797241467806165,1.0,0.059774163472495596,0.07354430471991288,0.10294910713080554
general,6,6,model.layers.6.mlp,19,0.01671760074588211,24.5,0.005889699729035015,28.0,0.010210051272389779,31.0,0.01671760074588211,0.016719247194124688,0.01348060934873183
general,6,6,model.layers.6.mlp,20,0.016639904692841604,26.0,0.007470569079075158,15.0,0.014208809242515406,23.0,0.016639904692841604,0.021206903044326562,0.01876027863121274
general,6,6,model.layers.6.mlp,21,0.03770848440899202,3.0,0.01301240698730317,3.0,0.029517177521324177,3.0,0.03770848440899202,0.036938665640077084,0.03897233506732473
general,6,6,model.layers.6.mlp,22,0.017831244172796024,21.0,0.00751374198354786,14.0,0.018167525214564426,8.0,0.017831244172796024,0.021329459115972973,0.02398707937080267
general,6,6,model.layers.6.mlp,23,0.012651507303428986,39.0,0.0036773349687273388,44.0,0.003494207557021806,53.0,0.012651507303428986,0.010438948534957755,0.0046134976018168735
general,6,6,model.layers.6.mlp,24,0.013208329016885942,37.0,0.0044403091979177455,38.0,0.00775772727478678,40.0,0.013208329016885942,0.012604823762466374,0.01024273904561154
general,6,6,model.layers.6.mlp,25,0.013311923754273283,36.0,0.0038023517624054697,43.0,0.0069752349742555775,43.0,0.013311923754273283,0.0107938370306509,0.00920959310535784
general,6,6,model.layers.6.mlp,26,0.018802444835802342,19.0,0.007316669182346162,17.0,0.013958944239113648,24.0,0.018802444835802342,0.020770023316166987,0.018430375047879387
general,6,6,model.layers.6.mlp,27,0.02439656065471874,8.0,0.006173902381384025,25.0,0.011428969128137054,28.0,0.02439656065471874,0.017526020818665226,0.015089979860509565
general,6,6,model.layers.6.mlp,28,0.037799129804205946,2.0,0.013803745840023827,2.0,0.02850327016352545,4.0,0.037799129804205946,0.039185060278453566,0.03763364551115659
general,6,6,model.layers.6.mlp,29,0.011097586242618874,45.0,0.004065916400665596,41.0,0.0073163790511958995,41.0,0.011097586242618874,0.011542024975950974,0.009660014940682258
general,6,6,model.layers.6.mlp,30,0.016238475085465658,27.0,0.00509245526811613,31.0,0.010251629844656772,30.0,0.016238475085465658,0.014456088148759665,0.013535506672462717
general,6,6,model.layers.6.mlp,31,0.007251631617113851,54.0,0.002124767013007614,54.0,0.0037872813743136157,52.0,0.007251631617113851,0.006031632605184897,0.0050004509613887655
general,6,6,model.layers.6.mlp,32,0.011265927690873303,44.0,0.004148708728018492,40.0,0.005978921444338491,46.0,0.011265927690873303,0.011777049756580452,0.00789413316031443
general,6,6,model.layers.6.mlp,33,0.004804205946337926,56.0,0.0012167576223065368,56.0,0.0022666743381195313,57.0,0.004804205946337926,0.003454042209043396,0.002992751990934191
general,6,6,model.layers.6.mlp,34,0.0024085776442556717,60.0,0.000596491719705014,60.0,0.0011484506281916125,59.0,0.0024085776442556717,0.0016932769020180003,0.0015163307080369927
general,6,6,model.layers.6.mlp,35,0.019877240236196,14.0,0.00613630629321843,27.0,0.015047973794477672,19.0,0.019877240236196,0.017419295803725338,0.01986825049173593
general,6,6,model.layers.6.mlp,36,0.00827462964881384,52.0,0.002511527443702735,51.0,0.0043126145906659166,51.0,0.00827462964881384,0.007129539721539251,0.005694062744388227
general,6,6,model.layers.6.mlp,37,0.02240236196001243,12.0,0.00744021905835621,16.0,0.015988097481848686,14.0,0.02240236196001243,0.021120747633678823,0.02110952145412666
general,6,6,model.layers.6.mlp,38,0.002602817776856936,59.0,0.0006857966556705169,59.0,0.001015468972824737,60.0,0.002602817776856936,0.0019467891978489722,0.0013407513991067507
general,6,6,model.layers.6.mlp,39,0.029032425152802237,6.0,0.011143478003114316,5.0,0.024032259072252076,6.0,0.029032425152802237,0.03163328724856486,0.03173044754404234
general,6,6,model.layers.6.mlp,40,0.01618667771677199,28.0,0.004987975321791153,33.0,0.007852750125950969,39.0,0.01618667771677199,0.014159498147604824,0.010368200309377287
general,6,6,model.layers.6.mlp,41,0.009051590179218895,50.0,0.0024230697791489692,53.0,0.00573204050497985,47.0,0.009051590179218895,0.0068784325975888615,0.007568169518178593
general,6,6,model.layers.6.mlp,42,0.000919403294312649,64.0,0.0002147263965865534,64.0,0.00040283096776896036,64.0,0.000919403294312649,0.0006095495303327533,0.0005318687208505946
general,6,6,model.layers.6.mlp,43,0.0013078835595151767,62.0,0.0003554240343028074,62.0,0.0007581090687544596,61.0,0.0013078835595151767,0.0010089516548605635,0.0010009520938691324
general,6,6,model.layers.6.mlp,44,0.019514658655340307,16.0,0.008433663757381126,9.0,0.017934299211983456,9.0,0.019514658655340307,0.02394086551079371,0.02367914471436637
general,6,6,model.layers.6.mlp,45,0.030754687661866776,5.0,0.008262476994684295,10.0,0.015723847200686692,15.0,0.030754687661866776,0.023454913096652694,0.02076062459596195
general,6,6,model.layers.6.mlp,46,0.010385372423080907,47.0,0.0030230011678687974,47.0,0.006477302036609079,44.0,0.010385372423080907,0.008581473779480273,0.008552158658144947
general,6,6,model.layers.6.mlp,47,0.019644152077074484,15.0,0.00679912545403631,22.0,0.01543721093674725,17.0,0.019644152077074484,0.01930085817609642,0.020382170913775574
general,6,6,model.layers.6.mlp,48,0.02090023826789599,13.0,0.00682497355501528,21.0,0.01494398400053192,20.0,0.02090023826789599,0.019374233867498074,0.019730949928688936
general,6,6,model.layers.6.mlp,49,0.010553713871335337,46.0,0.0034646951360652128,45.0,0.003157206641398791,54.0,0.010553713871335337,0.009835322189107034,0.004168546095455293
general,6,6,model.layers.6.mlp,50,0.011926344141717601,41.0,0.004523493546371595,36.0,0.009569426339536852,33.0,0.011926344141717601,0.012840961383816718,0.012634774765882912
general,6,6,model.layers.6.mlp,51,0.0045452191028695745,57.0,0.0010969888530443902,58.0,0.0023865964524945756,56.0,0.0045452191028695745,0.003114051419774756,0.003151088431470549
general,6,6,model.layers.6.mlp,52,0.0018129079042784628,61.0,0.0004114704058971304,61.0,0.0006330383214649976,62.0,0.0018129079042784628,0.0011680519798567214,0.0008358177727788366
general,6,6,model.layers.6.mlp,53,0.01531907179115301,30.0,0.006675259431977105,23.0,0.012360261793530173,26.0,0.01531907179115301,0.018949236406390332,0.016319590983565696
general,6,6,model.layers.6.mlp,54,0.023477157360406092,10.0,0.009016384155184916,7.0,0.017715340316771078,10.0,0.023477157360406092,0.0255950493952303,0.023390047309168216
general,6,6,model.layers.6.mlp,55,0.019268621154045373,17.0,0.0063079483062260435,24.0,0.01369899094041476,25.0,0.019268621154045373,0.017906540549026073,0.01808715161293441
general,6,6,model.layers.6.mlp,56,0.009427121102248005,49.0,0.0028696197506604165,49.0,0.006408000066390152,45.0,0.009427121102248005,0.008146065872919262,0.008460657375468219
general,6,6,model.layers.6.mlp,57,0.013104734279498601,38.0,0.005085778263557961,32.0,0.01028492730556622,29.0,0.013104734279498601,0.014437133958417163,0.013579470218859272
general,6,6,model.layers.6.mlp,58,0.011486066507821403,42.0,0.003194959326925567,46.0,0.005152983221441652,50.0,0.011486066507821403,0.009069615976975254,0.006803624383030687
general,6,6,model.layers.6.mlp,59,0.014684554024655547,32.0,0.004810402408901378,34.0,0.007987360007953647,38.0,0.014684554024655547,0.013655417199140011,0.010545929410372513
general,6,6,model.layers.6.mlp,60,0.007834352014917643,53.0,0.002485856384511292,52.0,0.005330174043350093,49.0,0.007834352014917643,0.007056666603366372,0.007037574261106991
general,6,6,model.layers.6.mlp,61,0.015940640215477055,29.0,0.005297444366388688,29.0,0.011481234679722384,27.0,0.015940640215477055,0.015037996151509603,0.01515898749470462
general,6,6,model.layers.6.mlp,62,0.017494561276287166,22.0,0.00790912687846395,11.0,0.015066552329505526,18.0,0.017494561276287166,0.022451848728186393,0.019892780238580543
general,6,6,model.layers.6.mlp,63,0.01704133430021755,23.0,0.006833661248446079,20.0,0.016175906666415867,13.0,0.01704133430021755,0.01939889585379599,0.02135749104621877
general,7,7,model.layers.7.mlp,0,0.007251631617113851,52.0,0.0024529266120312337,51.0,0.0044381344945819395,53.0,0.007251631617113851,0.006698610809489462,0.005295292102596237
general,7,7,model.layers.7.mlp,1,0.035053869263441416,3.0,0.010454304907638818,10.0,0.020559959654272448,11.0,0.035053869263441416,0.028549292716922265,0.024530800524381478
general,7,7,model.layers.7.mlp,2,0.0029912980420594634,62.0,0.0009353876385579613,62.0,0.0007427573219670306,63.0,0.0029912980420594634,0.0025544171260462466,0.0008862095067103272
general,7,7,model.layers.7.mlp,3,0.01886719154666943,19.0,0.005639299412261732,29.0,0.012822958365303488,31.0,0.01886719154666943,0.015400163957470655,0.01529951610222845
general,7,7,model.layers.7.mlp,4,0.013635657308608723,37.0,0.00408117360899785,41.0,0.009419467526326017,41.0,0.013635657308608723,0.01114513313139758,0.011238693208533402
general,7,7,model.layers.7.mlp,5,0.028397907386304776,8.0,0.010464434227053766,9.0,0.02846608853233326,6.0,0.028397907386304776,0.028576954518214216,0.03396387693547547
general,7,7,model.layers.7.mlp,6,0.007018543457992334,53.0,0.0018917420830959287,54.0,0.004980232382125093,50.0,0.007018543457992334,0.005166091763380952,0.00594208788272542
general,7,7,model.layers.7.mlp,7,0.007666010566663214,50.0,0.002984241662242308,46.0,0.004970604883973665,51.0,0.007666010566663214,0.008149560349166526,0.005930600980967204
general,7,7,model.layers.7.mlp,8,0.005024344763286025,59.0,0.0013886399063115095,59.0,0.003647804604880886,57.0,0.005024344763286025,0.0037921877651300342,0.004352322116335385
general,7,7,model.layers.7.mlp,9,0.006668911219310059,54.0,0.0024212108403799336,52.0,0.00549758395137076,49.0,0.006668911219310059,0.0066119993267925664,0.00655935797272309
general,7,7,model.layers.7.mlp,10,0.010683207293069511,44.5,0.0034616221964674193,44.0,0.007500190350347561,43.0,0.010683207293069511,0.009453222020541253,0.008948737082810075
general,7,7,model.layers.7.mlp,11,0.015539210608101109,29.0,0.004981273025549052,35.0,0.012611333218282656,32.0,0.015539210608101109,0.013603182896014126,0.015047018803848193
general,7,7,model.layers.7.mlp,12,0.013130632963845437,40.0,0.006085874675457112,27.0,0.01311671526751981,26.0,0.013130632963845437,0.0166197006001972,0.01565000764462948
general,7,7,model.layers.7.mlp,13,0.010683207293069511,44.5,0.0032938751027854034,45.0,0.0059380051349464825,47.0,0.010683207293069511,0.008995127396149577,0.007084839752973711
general,7,7,model.layers.7.mlp,14,0.013415518491660623,39.0,0.004835984947199058,38.0,0.014739123568144115,22.0,0.013415518491660623,0.01320642080482408,0.017585759224932076
general,7,7,model.layers.7.mlp,15,0.009232880969646742,46.0,0.0026511122473259607,50.0,0.006341017527980631,45.0,0.009232880969646742,0.007239828974093031,0.007565687808544672
general,7,7,model.layers.7.mlp,16,0.013998238889464415,35.0,0.005183227121749715,33.0,0.012517025053044199,33.0,0.013998238889464415,0.014154692217652653,0.014934496462939598
general,7,7,model.layers.7.mlp,17,0.0034963223868227492,60.0,0.001010718919150782,60.0,0.001722873889869215,61.0,0.0034963223868227492,0.002760136664493379,0.0020556205572253815
general,7,7,model.layers.7.mlp,18,0.015461514555060603,30.0,0.00485290508374987,37.0,0.011621281196666507,38.0,0.015461514555060603,0.013252627409229362,0.01386575341911873
general,7,7,model.layers.7.mlp,19,0.02004558168445043,15.0,0.00787720877334119,15.0,0.018829042964145937,14.0,0.02004558168445043,0.021511591736539337,0.022465583823385055
general,7,7,model.layers.7.mlp,20,0.014555060602921372,33.0,0.004919498087544028,36.0,0.012054514925817708,35.0,0.014555060602921372,0.013434483895625635,0.014382659598359873
general,7,7,model.layers.7.mlp,21,0.025562001450326322,10.0,0.01202739706486973,4.0,0.029175624575924777,5.0,0.025562001450326322,0.03284519463142109,0.034810448983421366
general,7,7,model.layers.7.mlp,22,0.016316171138506162,25.0,0.005440342380607065,31.0,0.012243222409551915,34.0,0.016316171138506162,0.014856839213742479,0.014607813038287943
general,7,7,model.layers.7.mlp,23,0.01629027245415933,26.0,0.00640454989300606,22.0,0.013107765259507357,27.0,0.01629027245415933,0.01748995951724735,0.015639329079839615
general,7,7,model.layers.7.mlp,24,0.018077281674090957,21.0,0.007850399588372785,16.0,0.015798560918414827,18.0,0.018077281674090957,0.02143837947843829,0.01884981065035253
general,7,7,model.layers.7.mlp,25,0.0030819434372733865,61.0,0.0009714409340036776,61.0,0.00213783322270517,59.0,0.0030819434372733865,0.0026528737995585474,0.0025507229207854154
general,7,7,model.layers.7.mlp,26,0.020705998135294727,13.0,0.00796011491327178,14.0,0.02215808758809877,10.0,0.020705998135294727,0.021737997191308412,0.026437582357437688
general,7,7,model.layers.7.mlp,27,0.011680306640422666,42.0,0.003778956954767948,43.0,0.005924447661418748,48.0,0.011680306640422666,0.01031982032468635,0.0070686638613710094
general,7,7,model.layers.7.mlp,28,0.0009453019786594841,64.0,0.00024253460307028903,64.0,0.0004937243795970382,64.0,0.0009453019786594841,0.0006623291972263812,0.0005890796710489718
general,7,7,model.layers.7.mlp,29,0.014542111260747954,34.0,0.005127585417098311,34.0,0.013025220823151502,29.0,0.014542111260747954,0.014002742248008977,0.015540842451621833
general,7,7,model.layers.7.mlp,30,0.007484719776235368,51.0,0.0019382281981637833,53.0,0.004697204927459327,52.0,0.007484719776235368,0.005293039056201441,0.005604398016107099
general,7,7,model.layers.7.mlp,31,0.028954729099761732,7.0,0.01211245299793458,3.0,0.030550959527856834,2.0,0.028954729099761732,0.03307747088047185,0.036451408787204057
general,7,7,model.layers.7.mlp,32,0.013583859939915052,38.0,0.005256724755257433,32.0,0.014192791818325154,23.0,0.013583859939915052,0.014355404313918347,0.016933911876965115
general,7,7,model.layers.7.mlp,33,0.022544804723920026,11.0,0.006364057907030198,23.0,0.009682724768318846,39.0,0.022544804723920026,0.017379381380247565,0.011552794549125429
general,7,7,model.layers.7.mlp,34,0.010890396767844193,43.0,0.004769505755982596,39.0,0.00967106527443267,40.0,0.010890396767844193,0.013024875125183896,0.011538883202821907
general,7,7,model.layers.7.mlp,35,0.008611312545322698,49.0,0.0028793823406583446,47.0,0.006246490049927788,46.0,0.008611312545322698,0.007863203724556215,0.00745290379791529
general,7,7,model.layers.7.mlp,36,0.01305293691080493,41.0,0.0038376968907010774,42.0,0.007881899027287571,42.0,0.01305293691080493,0.010480231144912458,0.009404166936267746
general,7,7,model.layers.7.mlp,37,0.020602403397907386,14.0,0.009171611865320367,11.0,0.017118907885545494,17.0,0.020602403397907386,0.025046431507627396,0.020425162383444277
general,7,7,model.layers.7.mlp,38,0.03217911530094271,5.0,0.011877354149940433,5.0,0.02727663430899434,7.0,0.03217911530094271,0.03243544772464331,0.03254469787207946
general,7,7,model.layers.7.mlp,39,0.008883248730964468,48.0,0.0027153404786724334,49.0,0.004082946062410642,55.0,0.008883248730964468,0.007415227586779448,0.004871504472431736
general,7,7,model.layers.7.mlp,40,0.018711799440588418,20.0,0.005911741431582151,28.0,0.013465803433014768,25.0,0.018711799440588418,0.01614416626338051,0.01606651683517157
general,7,7,model.layers.7.mlp,41,0.016160779032425153,27.0,0.00547164083947348,30.0,0.013732063347556906,24.0,0.016160779032425153,0.014942311071667047,0.0163842007684625
general,7,7,model.layers.7.mlp,42,0.016134880348078317,28.0,0.007843861688076246,17.0,0.015410771333534063,20.0,0.016134880348078317,0.021420525357005157,0.0183871254548509
general,7,7,model.layers.7.mlp,43,0.04707085880037294,1.0,0.019105742709520358,1.0,0.04752705606042345,1.0,0.04707085880037294,0.05217519921288535,0.056706177995201903
general,7,7,model.layers.7.mlp,44,0.03515746400082876,2.0,0.011271580382232207,6.0,0.029676938831411,4.0,0.03515746400082876,0.0307811614983158,0.035408584398478264
general,7,7,model.layers.7.mlp,45,0.00505024344763286,58.0,0.0017879576580790946,55.0,0.0014556860448004334,62.0,0.00505024344763286,0.004882670535911485,0.0017368294778586668
general,7,7,model.layers.7.mlp,46,0.030832383714907284,6.0,0.011006523534620066,8.0,0.029955903118161552,3.0,0.030832383714907284,0.030057327097467737,0.035741426358617136
general,7,7,model.layers.7.mlp,47,0.01924272246969854,17.0,0.007778179184903657,19.0,0.0174329935169851,16.0,0.01924272246969854,0.0212411553246576,0.020799908837327435
general,7,7,model.layers.7.mlp,48,0.017546358644980834,22.0,0.006967593360710401,20.0,0.01567304097938004,19.0,0.017546358644980834,0.019027555073705318,0.018700048460247504
general,7,7,model.layers.7.mlp,49,0.016976587589350462,23.0,0.00779268396563892,18.0,0.015404048942027161,21.0,0.016976587589350462,0.021280765919016988,0.018379104736528703
general,7,7,model.layers.7.mlp,50,0.009206982285299906,47.0,0.002750179773289392,48.0,0.006941678681503759,44.0,0.009206982285299906,0.0075103689882267954,0.008282357451267382
general,7,7,model.layers.7.mlp,51,0.006409924375841708,55.0,0.0017044192260501916,56.0,0.0038933357677131963,56.0,0.006409924375841708,0.00465453837694191,0.004645273857449683
general,7,7,model.layers.7.mlp,52,0.019747746814461824,16.0,0.008788038186800736,12.0,0.01984880053994261,13.0,0.019747746814461824,0.023998943671438306,0.023682291934477906
general,7,7,model.layers.7.mlp,53,0.005348078317621465,56.0,0.0016338933654045376,57.0,0.004084182862455976,54.0,0.005348078317621465,0.00446194179041855,0.004872980141436481
general,7,7,model.layers.7.mlp,54,0.0025380710659898475,63.0,0.0007478118646728996,63.0,0.0019506746672474386,60.0,0.0025380710659898475,0.0020421730579270065,0.0023274175608738296
general,7,7,model.layers.7.mlp,55,0.032684139645706,4.0,0.01126007266604294,7.0,0.02724464400934331,8.0,0.032684139645706,0.030749735481866766,0.03250652913670008
general,7,7,model.layers.7.mlp,56,0.015357919817673262,32.0,0.00621163757381125,24.0,0.011757217592681416,37.0,0.015357919817673262,0.01696314206567592,0.014027943845107825
general,7,7,model.layers.7.mlp,57,0.013713353361649229,36.0,0.0043899534552082255,40.0,0.011896038456700026,36.0,0.013713353361649229,0.011988369127709961,0.014193575829855186
general,7,7,model.layers.7.mlp,58,0.015435615870713768,31.0,0.0061951853334131874,25.0,0.013056588478426537,28.0,0.015435615870713768,0.016918213222379005,0.015578268288413763
general,7,7,model.layers.7.mlp,59,0.016704651403708692,24.0,0.006148294551402414,26.0,0.012839946734523027,30.0,0.016704651403708692,0.016790160838870197,0.01531978551440468
general,7,7,model.layers.7.mlp,60,0.0051667875271936186,57.0,0.001473822297796022,58.0,0.0036359379706908342,58.0,0.0051667875271936186,0.0040248093550209,0.004338163623755296
general,7,7,model.layers.7.mlp,61,0.01893193825753652,18.0,0.008576296208918211,13.0,0.020027541347356653,12.0,0.01893193825753652,0.023420704968776095,0.023895553787417857
general,7,7,model.layers.7.mlp,62,0.02122397182223143,12.0,0.0065787590119328184,21.0,0.01819421276743457,15.0,0.02122397182223143,0.017965701058568095,0.02170814591084789
general,7,7,model.layers.7.mlp,63,0.02784108567284782,9.0,0.01219616847175101,2.0,0.025020430896863052,9.0,0.02784108567284782,0.03330608651661757,0.029852743375275756
general,8,8,model.layers.8.mlp,0,0.01828447114886564,23.0,0.005431831728963794,35.0,0.014836066520876011,34.0,0.01828447114886564,0.01391919478623941,0.013834293138860143
general,8,8,model.layers.8.mlp,1,0.01219828032735937,43.0,0.0038261828515908265,44.0,0.008962800790936197,48.0,0.01219828032735937,0.009804682298069153,0.008357607005370688
general,8,8,model.layers.8.mlp,2,0.013661555992955559,38.0,0.005937311324037864,30.0,0.015252987291993075,32.0,0.013661555992955559,0.015214497972232545,0.01422306223444199
general,8,8,model.layers.8.mlp,3,0.0011265927690873303,64.0,0.0003528948659095618,64.0,0.0008700160360034977,63.0,0.0011265927690873303,0.0009043012786031336,0.000811270080290177
general,8,8,model.layers.8.mlp,4,0.006940847404951828,55.0,0.001966049050489485,55.0,0.005816011412608911,52.0,0.006940847404951828,0.005038046290562215,0.0054232977904063
general,8,8,model.layers.8.mlp,5,0.031570496218792085,4.0,0.010044984294875945,10.0,0.025684100929537698,13.0,0.031570496218792085,0.025740505229488484,0.023949837429437088
general,8,8,model.layers.8.mlp,6,0.017753548119755515,24.0,0.007487982403462654,23.0,0.02301548860483215,19.0,0.017753548119755515,0.01918812857805753,0.02146141739424762
general,8,8,model.layers.8.mlp,7,0.0036128664663835075,63.0,0.0008498132259724956,63.0,0.0007997570868311775,64.0,0.0036128664663835075,0.0021776661013190417,0.0007457552150723334
general,8,8,model.layers.8.mlp,8,0.004972547394592354,60.0,0.0011605847922925515,62.0,0.002409130960238248,60.0,0.004972547394592354,0.0029740254477560804,0.0022464595900094156
general,8,8,model.layers.8.mlp,9,0.012819848751683415,41.0,0.004193727925418264,43.0,0.013015587851104125,39.0,0.012819848751683415,0.010746525074244914,0.012136738363460057
general,8,8,model.layers.8.mlp,10,0.017054283642390967,25.0,0.0063968485752486275,29.0,0.015884651495384008,31.0,0.017054283642390967,0.01639207283653267,0.014812074675356736
general,8,8,model.layers.8.mlp,11,0.01547446389723402,31.0,0.00536676887204755,36.0,0.01468852503013144,35.0,0.01547446389723402,0.013752469706385145,0.013696714068947461
general,8,8,model.layers.8.mlp,12,0.028993577126281984,5.0,0.012019645163744432,4.0,0.03551908136556448,4.0,0.028993577126281984,0.030800619504381264,0.03312073203114957
general,8,8,model.layers.8.mlp,13,0.009271728996166994,47.0,0.003101266283797783,49.0,0.009494695829830181,46.0,0.009271728996166994,0.007947066780069966,0.008853586979362496
general,8,8,model.layers.8.mlp,14,0.01693773956283021,26.0,0.007315404598149539,24.0,0.019415158214599226,24.0,0.01693773956283021,0.018745893949336217,0.01810419154566144
general,8,8,model.layers.8.mlp,15,0.03220501398528955,2.0,0.011487735758960945,5.0,0.03319684186085671,6.0,0.03220501398528955,0.02943758931801973,0.030955296738610066
general,8,8,model.layers.8.mlp,16,0.008727856624883457,50.0,0.0033030559840528852,46.0,0.005500210139398364,56.0,0.008727856624883457,0.008464157567093194,0.005128820316806915
general,8,8,model.layers.8.mlp,17,0.02321817051693774,11.0,0.008189523132381126,17.0,0.02393297599233964,18.0,0.02321817051693774,0.02098584296678352,0.022316953425454103
general,8,8,model.layers.8.mlp,18,0.03968973376152492,1.0,0.016131668304218895,1.0,0.037049901412272594,3.0,0.03968973376152492,0.04133777417222416,0.0345481867570504
general,8,8,model.layers.8.mlp,19,0.020887288925722572,14.0,0.006824315971233037,27.0,0.01887978768169318,26.0,0.020887288925722572,0.01748746795301736,0.017604970752892125
general,8,8,model.layers.8.mlp,20,0.02040816326530612,17.0,0.006681430602856625,28.0,0.018941281846733424,25.0,0.02040816326530612,0.01712132088260466,0.017662312657115802
general,8,8,model.layers.8.mlp,21,0.01392054283642391,37.0,0.005641474497079924,33.0,0.016581348007770447,29.0,0.01392054283642391,0.014456409241793153,0.015461728258913626
general,8,8,model.layers.8.mlp,22,0.00914223557443282,49.0,0.011478150210750543,6.0,0.05113789976711386,1.0,0.00914223557443282,0.029413026128412435,0.047684923418780174
general,8,8,model.layers.8.mlp,23,0.015992437584170724,27.0,0.007708127543331736,21.0,0.016691978475914266,28.0,0.015992437584170724,0.019752255604810295,0.015564888643388671
general,8,8,model.layers.8.mlp,24,0.019359266549259298,21.0,0.00845034362293458,16.0,0.025523486413354148,14.0,0.019359266549259298,0.021654201523050618,0.023800068061922267
general,8,8,model.layers.8.mlp,25,0.015137781000725162,33.0,0.0050808210935071995,39.0,0.013821984958962976,38.0,0.015137781000725162,0.013019721891873066,0.012888685246466457
general,8,8,model.layers.8.mlp,26,0.026429607375945303,7.0,0.01265772905767637,3.0,0.03384386554574961,5.0,0.026429607375945303,0.03243572428169643,0.031558631545177476
general,8,8,model.layers.8.mlp,27,0.005827203978037916,59.0,0.0017680531028242516,56.0,0.005504680137726651,55.0,0.005827203978037916,0.004530677082539235,0.005132988488142406
general,8,8,model.layers.8.mlp,28,0.019929037604889673,19.0,0.007253920514509738,25.0,0.024259501897006236,16.0,0.019929037604889673,0.01858833955900552,0.022621431372909576
general,8,8,model.layers.8.mlp,29,0.00822283228012017,52.0,0.002494771703097483,52.0,0.005540245258153152,54.0,0.00822283228012017,0.006392910350563542,0.005166152150546234
general,8,8,model.layers.8.mlp,30,0.013104734279498601,40.0,0.004753205265688128,41.0,0.01788463478173343,27.0,0.013104734279498601,0.012180198734674923,0.016677013405393185
general,8,8,model.layers.8.mlp,31,0.00951776649746193,45.0,0.0032844918880464624,47.0,0.009794304441241146,45.0,0.00951776649746193,0.008416586640518644,0.009132965165713564
general,8,8,model.layers.8.mlp,32,0.010411271107427744,44.0,0.00318623369596887,48.0,0.008152783857896811,49.0,0.010411271107427744,0.008164797744412202,0.007602284718069052
general,8,8,model.layers.8.mlp,33,0.023386511965192168,10.0,0.00792218371029408,20.0,0.015021653014923005,33.0,0.023386511965192168,0.020300779497267663,0.014007348305311893
general,8,8,model.layers.8.mlp,34,0.022661348803480783,13.0,0.008472309450429918,15.0,0.025750637705105273,12.0,0.022661348803480783,0.021710489465462057,0.02401188145279201
general,8,8,model.layers.8.mlp,35,0.014555060602921372,34.0,0.005266272365941935,37.0,0.012846020370564362,41.0,0.014555060602921372,0.013494945078668557,0.011978620561190553
general,8,8,model.layers.8.mlp,36,0.01225007769605304,42.0,0.004460201107330622,42.0,0.01424054914152858,36.0,0.01225007769605304,0.011429368783222382,0.013278986785684553
general,8,8,model.layers.8.mlp,37,0.01967005076142132,20.0,0.009312435961456283,13.0,0.025835802301025064,11.0,0.01967005076142132,0.02386333313506713,0.024091295493120633
general,8,8,model.layers.8.mlp,38,0.005904900031078421,58.0,0.0017031925793794674,57.0,0.004637012983123638,57.0,0.005904900031078421,0.004364470486898317,0.004323908686104015
general,8,8,model.layers.8.mlp,39,0.004584067129389827,61.0,0.0012776599972158915,60.0,0.003480782155609373,58.0,0.004584067129389827,0.0032740333757037554,0.0032457498505722698
general,8,8,model.layers.8.mlp,40,0.014192479022065678,36.0,0.004998079349522169,40.0,0.01652856536211899,30.0,0.014192479022065678,0.012807694253877643,0.015412509647527693
general,8,8,model.layers.8.mlp,41,0.00832642701750751,51.0,0.0034663770330467213,45.0,0.009903494258621845,44.0,0.00832642701750751,0.0088826715430539,0.009234782176259967
general,8,8,model.layers.8.mlp,42,0.00924583031182016,48.0,0.0026695498849127215,51.0,0.006701765574825918,51.0,0.00924583031182016,0.006840783495104998,0.006249243313893479
general,8,8,model.layers.8.mlp,43,0.004441624365482234,62.0,0.0012567817121296489,61.0,0.0034526311135886062,59.0,0.004441624365482234,0.003220532285939053,0.0032194996469261986
general,8,8,model.layers.8.mlp,44,0.02086139024137574,15.0,0.010774484980381747,8.0,0.031086292889289113,7.0,0.02086139024137574,0.027609867655446308,0.028987258032696934
general,8,8,model.layers.8.mlp,45,0.020602403397907386,16.0,0.010273178513156532,9.0,0.02411071585674033,17.0,0.020602403397907386,0.026325258206353445,0.022482691788996787
general,8,8,model.layers.8.mlp,46,0.007691909251010049,53.0,0.002439673769650627,53.0,0.007062661278316373,50.0,0.007691909251010049,0.0062517206182165965,0.006585770313662371
general,8,8,model.layers.8.mlp,47,0.009388273075727753,46.0,0.003058637150529628,50.0,0.009191362772128822,47.0,0.009388273075727753,0.007837828637370505,0.00857073583192105
general,8,8,model.layers.8.mlp,48,0.015694602714182118,28.0,0.008154595316870404,18.0,0.02007204339318815,23.0,0.015694602714182118,0.020896339629454565,0.018716721969839874
general,8,8,model.layers.8.mlp,49,0.013428467833834041,39.0,0.005675352707707449,32.0,0.014190597344862542,37.0,0.013428467833834041,0.014543222942265373,0.013232407876314044
general,8,8,model.layers.8.mlp,50,0.014477364549880866,35.0,0.005139624258650161,38.0,0.012852371922215316,40.0,0.014477364549880866,0.013170406366376921,0.011984543238020175
general,8,8,model.layers.8.mlp,51,0.01564280534548845,30.0,0.0054753587170115504,34.0,0.011107855837178158,42.0,0.01564280534548845,0.014030733702635596,0.010357821837714963
general,8,8,model.layers.8.mlp,52,0.02298508235781622,12.0,0.009389765285079768,12.0,0.02465514557089359,15.0,0.02298508235781622,0.024061491320355535,0.022990360061345385
general,8,8,model.layers.8.mlp,53,0.015681653372008702,29.0,0.007663430814902103,22.0,0.021094371708924073,22.0,0.015681653372008702,0.0196377192015557,0.019670019771797484
general,8,8,model.layers.8.mlp,54,0.00752356780275562,54.0,0.0024241067381902,54.0,0.005691499251239005,53.0,0.00752356780275562,0.0062118297390522425,0.0053071930440895775
general,8,8,model.layers.8.mlp,55,0.026520252771159224,6.0,0.011313564577560085,7.0,0.02881652266512655,9.0,0.026520252771159224,0.028991271626118312,0.02687074914573981
general,8,8,model.layers.8.mlp,56,0.03168704029835284,3.0,0.013582329793037138,2.0,0.03707495850402741,2.0,0.03168704029835284,0.0348050351103737,0.03457155192274683
general,8,8,model.layers.8.mlp,57,0.018983735626230187,22.0,0.007166904475940122,26.0,0.021953197583397175,21.0,0.018983735626230187,0.01836535894200315,0.02047085528207108
general,8,8,model.layers.8.mlp,58,0.024797990262094685,8.0,0.009001537936716564,14.0,0.027223711721247913,10.0,0.024797990262094685,0.02306664973599675,0.02538548932425038
general,8,8,model.layers.8.mlp,59,0.006306329638454367,56.0,0.0014876568489070755,58.0,0.0021223640942510565,61.0,0.006306329638454367,0.0038121551786308547,0.0019790560379293067
general,8,8,model.layers.8.mlp,60,0.0059178493732518385,57.0,0.00146906746121672,59.0,0.0019167725556003953,62.0,0.0059178493732518385,0.0037645194415296362,0.0017873466243485295
general,8,8,model.layers.8.mlp,61,0.020382264580959288,18.0,0.007938427294299699,19.0,0.022797932497339645,20.0,0.020382264580959288,0.020342404058020392,0.021258551293521687
general,8,8,model.layers.8.mlp,62,0.015280223764632757,32.0,0.005721193884835025,31.0,0.010202684575080329,43.0,0.015280223764632757,0.014660692021851711,0.00951377031212272
general,8,8,model.layers.8.mlp,63,0.024124624469076972,9.0,0.009460088812253962,11.0,0.028888580795212705,8.0,0.024124624469076972,0.02424169698975681,0.026937941706062132
general,9,9,model.layers.9.mlp,0,0.020382264580959288,16.0,0.007733627883656636,24.0,0.024976834565274494,29.0,0.020382264580959288,0.017906582047643886,0.015581069581171099
general,9,9,model.layers.9.mlp,1,0.011809800062156843,47.0,0.00569858311939941,41.0,0.020640499600024342,41.0,0.011809800062156843,0.01319460254849967,0.012875973519288077
general,9,9,model.layers.9.mlp,2,0.015487413239407439,32.0,0.006799188683246141,30.0,0.03178935569085742,15.0,0.015487413239407439,0.015742964601549014,0.019830862140092147
general,9,9,model.layers.9.mlp,3,0.006604164508442971,59.0,0.0021564574929749817,61.0,0.009578963828299264,54.0,0.006604164508442971,0.0049931007298420725,0.0059755571321177805
general,9,9,model.layers.9.mlp,4,0.0012949342173417591,64.0,0.00043486521353465246,64.0,0.0009439271010939326,64.0,0.0012949342173417591,0.0010068947902549697,0.0005888413843340062
general,9,9,model.layers.9.mlp,5,0.008986843468351808,51.0,0.003783130082616803,50.0,0.011596860551443863,52.0,0.008986843468351808,0.00875952790079902,0.007234363133685562
general,9,9,model.layers.9.mlp,6,0.02349010670257951,7.0,0.011789718465114472,7.0,0.04551377577100697,5.0,0.02349010670257951,0.027298127630414917,0.02839244121734388
general,9,9,model.layers.9.mlp,7,0.018154977727131462,23.0,0.009253076379266808,14.0,0.04340385504844188,7.0,0.018154977727131462,0.021424740609592693,0.027076228728402322
general,9,9,model.layers.9.mlp,8,0.00827462964881384,54.0,0.00888116216704004,19.0,0.0957107055400871,1.0,0.00827462964881384,0.0205636037077258,0.05970633143226274
general,9,9,model.layers.9.mlp,9,0.020265720501398528,17.5,0.009070166921067284,16.0,0.026901278695355767,22.0,0.020265720501398528,0.021001228737827896,0.016781577908898136
general,9,9,model.layers.9.mlp,10,0.021677198798301045,12.0,0.007944421423391692,23.0,0.02958426795808019,19.0,0.021677198798301045,0.018394657226740083,0.018455282488187157
general,9,9,model.layers.9.mlp,11,0.014982388894644151,34.0,0.006242973970203564,35.0,0.021719138393572028,39.0,0.014982388894644151,0.014455094982653625,0.013548850862944063
general,9,9,model.layers.9.mlp,12,0.007407023723194862,56.0,0.0023784805403760487,58.0,0.007380879826524968,58.0,0.007407023723194862,0.005507176914339761,0.004604346553475429
general,9,9,model.layers.9.mlp,13,0.01820677509582513,22.0,0.0076982701095190615,25.0,0.02493891602454038,30.0,0.01820677509582513,0.01782471401712298,0.01555741520575172
general,9,9,model.layers.9.mlp,14,0.014969439552470735,35.0,0.009775868131992644,11.0,0.025978539552353186,25.0,0.014969439552470735,0.022635222100924866,0.016205954014091938
general,9,9,model.layers.9.mlp,15,0.015163679685071998,33.0,0.004685916740585828,46.0,0.014862184645390988,49.0,0.015163679685071998,0.01084985647693902,0.009271340308671525
general,9,9,model.layers.9.mlp,16,0.013985289547290997,39.0,0.00595271395955273,37.0,0.01997383291052868,43.0,0.013985289547290997,0.013783021697765806,0.012460092954065348
general,9,9,model.layers.9.mlp,17,0.03691857453641355,1.0,0.01376070571689177,2.0,0.049318679673142796,4.0,0.03691857453641355,0.03186178720516584,0.030766019514221876
general,9,9,model.layers.9.mlp,18,0.03296902517352118,2.0,0.014737679206755672,1.0,0.043648619876647136,6.0,0.03296902517352118,0.03412388931530115,0.02722891812582467
general,9,9,model.layers.9.mlp,19,0.006189785558893608,60.0,0.002350697625576246,59.0,0.007934807649344023,55.0,0.006189785558893608,0.005442847850300266,0.004949898265712406
general,9,9,model.layers.9.mlp,20,0.018880140888842847,20.0,0.010076409212162022,9.0,0.0501627038444949,3.0,0.018880140888842847,0.02333110036035256,0.03129253937035733
general,9,9,model.layers.9.mlp,21,0.015992437584170724,29.0,0.006368648347663939,34.0,0.02224767822870674,36.0,0.015992437584170724,0.014746083712022994,0.013878565019721326
general,9,9,model.layers.9.mlp,22,0.010786802030456852,48.0,0.004590971759103388,48.0,0.022894361579985024,34.0,0.010786802030456852,0.010630019147485887,0.01428197956238161
general,9,9,model.layers.9.mlp,23,0.014088884284678338,37.0,0.005056945743874961,44.0,0.020933605113060846,40.0,0.014088884284678338,0.011708943750001739,0.013058818842674092
general,9,9,model.layers.9.mlp,24,0.015862944162436547,30.0,0.006814869527284264,28.0,0.02004737326929165,42.0,0.015862944162436547,0.015779272311794337,0.012505968961447933
general,9,9,model.layers.9.mlp,25,0.007173935564073345,57.0,0.002423891758876774,56.0,0.00754498526196177,57.0,0.007173935564073345,0.005612322871993756,0.004706718941838209
general,9,9,model.layers.9.mlp,26,0.020990883663109913,14.0,0.008965370828693153,17.0,0.030273605338356154,17.0,0.020990883663109913,0.020758581967825485,0.018885305502469148
general,9,9,model.layers.9.mlp,27,0.012651507303428986,42.0,0.0057230148860781625,39.0,0.02205426916734772,38.0,0.012651507303428986,0.013251172303494803,0.013757912419217111
general,9,9,model.layers.9.mlp,28,0.014373769812493525,36.0,0.006221779539068165,36.0,0.022621468476751217,35.0,0.014373769812493525,0.014406021012999464,0.01411174316118371
general,9,9,model.layers.9.mlp,29,0.017559307987154254,25.0,0.0067883259049971514,31.0,0.024209064660628794,32.0,0.017559307987154254,0.01571781272808068,0.015102118724714468
general,9,9,model.layers.9.mlp,30,0.017067232984564383,27.0,0.008457425294435668,21.0,0.02527909305868625,28.0,0.017067232984564383,0.019582475679580415,0.015769624724339487
general,9,9,model.layers.9.mlp,31,0.02262250077696053,9.0,0.01280120245770421,5.0,0.03780014656532753,11.0,0.02262250077696053,0.029640135983501424,0.023580518671156167
general,9,9,model.layers.9.mlp,32,0.023282917227804827,8.0,0.009908510368376412,10.0,0.03606941980499561,13.0,0.023282917227804827,0.02294234433702421,0.022500855273128204
general,9,9,model.layers.9.mlp,33,0.012599709934735316,43.0,0.005718702653967679,40.0,0.025347248424455487,27.0,0.012599709934735316,0.013241187683177339,0.015812141460942175
general,9,9,model.layers.9.mlp,34,0.00564591318761007,61.0,0.002387977567692686,57.0,0.00605974211558695,60.0,0.00564591318761007,0.0055291665033673715,0.0037801933347543703
general,9,9,model.layers.9.mlp,35,0.013933492178597327,40.0,0.0053535919047187405,42.0,0.022178964973604397,37.0,0.013933492178597327,0.01239580364269108,0.01383570026013378
general,9,9,model.layers.9.mlp,36,0.02187143893090231,11.0,0.00893698091347897,18.0,0.0283387140370423,20.0,0.02187143893090231,0.020692847444034556,0.017678280011749502
general,9,9,model.layers.9.mlp,37,0.025108774474256707,6.0,0.009535963864051332,12.0,0.03764901142175687,12.0,0.025108774474256707,0.022079743414582912,0.02348623742098491
general,9,9,model.layers.9.mlp,38,0.017818294830622604,24.0,0.00821032554241557,22.0,0.02969813704842621,18.0,0.017818294830622604,0.0190103364391017,0.01852631639823646
general,9,9,model.layers.9.mlp,39,0.0024474256707759244,62.0,0.0008715008449445769,62.0,0.0021090790560693057,62.0,0.0024474256707759244,0.002017888838118282,0.0013156874398525433
general,9,9,model.layers.9.mlp,40,0.019488759970993474,19.0,0.011178848423093857,8.0,0.031038083655530648,16.0,0.019488759970993474,0.025883708073067686,0.019362202998109083
general,9,9,model.layers.9.mlp,41,0.017054283642390967,28.0,0.006776337646813167,32.0,0.026540387362028718,24.0,0.017054283642390967,0.0156900548979899,0.01655644637907537
general,9,9,model.layers.9.mlp,42,0.014062985600331503,38.0,0.005304108725104889,43.0,0.019836312970521845,46.0,0.014062985600331503,0.012281229392537896,0.012374305151433866
general,9,9,model.layers.9.mlp,43,0.021262819848751682,13.0,0.009223061473359965,15.0,0.04022674621738425,10.0,0.021262819848751682,0.021355243552925538,0.02509428207161955
general,9,9,model.layers.9.mlp,44,0.011978141510411272,44.0,0.004593804427703823,47.0,0.019968858271401917,44.0,0.011978141510411272,0.010636577959659235,0.01245698967057389
general,9,9,model.layers.9.mlp,45,0.008935046099658138,53.0,0.0029360230668250805,54.0,0.010278853566291159,53.0,0.008935046099658138,0.0067981209764414055,0.006412162926911356
general,9,9,model.layers.9.mlp,46,0.0019165026416658034,63.0,0.0005325543427237646,63.0,0.0014058131078951077,63.0,0.0019165026416658034,0.0012330859690010334,0.0008769754948326992
general,9,9,model.layers.9.mlp,47,0.013156531648192272,41.0,0.005742729753703512,38.0,0.025719157365008634,26.0,0.013156531648192272,0.01329682046500485,0.016044146003610472
general,9,9,model.layers.9.mlp,48,0.027659794882419972,4.0,0.012079143850195534,6.0,0.04033957630022318,9.0,0.027659794882419972,0.027968268408144516,0.02516466782714707
general,9,9,model.layers.9.mlp,49,0.009362374391380919,50.0,0.0032790288843170517,52.0,0.014692993171024505,50.0,0.009362374391380919,0.007592322857646354,0.009165795143300163
general,9,9,model.layers.9.mlp,50,0.029006526468455404,3.0,0.013642928667739303,3.0,0.041176237929278575,8.0,0.029006526468455404,0.03158908409277083,0.025686594776062055
general,9,9,model.layers.9.mlp,51,0.0068502020097379055,58.0,0.0022579530205959287,60.0,0.007864921881793064,56.0,0.0068502020097379055,0.005228105312446074,0.004906302068440118
general,9,9,model.layers.9.mlp,52,0.011913394799544183,45.0,0.004754115766309697,45.0,0.01974186459381593,47.0,0.011913394799544183,0.011007765736094684,0.012315386287018216
general,9,9,model.layers.9.mlp,53,0.0184787112814669,21.0,0.006805106937286336,29.0,0.024317068535142594,31.0,0.0184787112814669,0.015756667834125472,0.015169493790975878
general,9,9,model.layers.9.mlp,54,0.01579819745156946,31.0,0.006671604783648866,33.0,0.017170324292943524,48.0,0.01579819745156946,0.01544755453004493,0.0107112058912212
general,9,9,model.layers.9.mlp,55,0.020265720501398528,17.5,0.008680864676136952,20.0,0.03526674887929743,14.0,0.020265720501398528,0.020099831270164778,0.02200013243287389
general,9,9,model.layers.9.mlp,56,0.010139334921785974,49.0,0.0033036756303092304,51.0,0.01210787798099835,51.0,0.010139334921785974,0.007649390379636785,0.0075531464489319855
general,9,9,model.layers.9.mlp,57,0.007678959908836631,55.0,0.0028130296078615457,55.0,0.0059187996849467085,61.0,0.007678959908836631,0.006513339694307526,0.003692270511187362
general,9,9,model.layers.9.mlp,58,0.021923236299595982,10.0,0.007478637126249611,26.0,0.024014620590670596,33.0,0.021923236299595982,0.017316171830396555,0.014980820464290511
general,9,9,model.layers.9.mlp,59,0.017170827721951724,26.0,0.006952620683822387,27.0,0.027875084678126185,21.0,0.017170827721951724,0.016098223834134902,0.017389058361893635
general,9,9,model.layers.9.mlp,60,0.020434061949652957,15.0,0.00951756416399047,13.0,0.02659433820206465,23.0,0.020434061949652957,0.022037140415867636,0.016590102036695458
general,9,9,model.layers.9.mlp,61,0.00897389412617839,52.0,0.002996482837265617,53.0,0.006180564942289718,59.0,0.00897389412617839,0.0069381106237663154,0.003855565130364809
general,9,9,model.layers.9.mlp,62,0.011900445457370765,46.0,0.004487187334086554,49.0,0.019873512791303553,45.0,0.011900445457370765,0.010389714810402528,0.012397511174378532
general,9,9,model.layers.9.mlp,63,0.02661089816637315,5.0,0.01353991563908241,4.0,0.05496104896195155,2.0,0.02661089816637315,0.03135056586078824,0.0342858469872284
general,10,10,model.layers.10.mlp,0,0.02128871853309852,13.0,0.012247371485872268,3.0,0.04768543026119541,13.0,0.02128871853309852,0.025958852100841305,0.022105763662086296
general,10,10,model.layers.10.mlp,1,0.02424116854863773,8.0,0.009800236669461566,20.0,0.04167862346332752,24.0,0.02424116854863773,0.020772040314875416,0.019321159419025992
general,10,10,model.layers.10.mlp,2,0.0133248730964467,34.0,0.005016694028896457,47.0,0.023455042268134985,44.0,0.0133248730964467,0.010633107559570518,0.01087316646245227
general,10,10,model.layers.10.mlp,3,0.014477364549880866,31.0,0.007835085473751684,27.0,0.04340778496457939,20.0,0.014477364549880866,0.016606814388310725,0.020122755111271592
general,10,10,model.layers.10.mlp,4,0.006746607272350565,57.5,0.010649468186703615,15.0,0.05575415382456387,6.0,0.006746607272350565,0.022572024530336597,0.02584622055152904
general,10,10,model.layers.10.mlp,5,0.019903138920542837,18.0,0.011653206601089039,8.0,0.0453522983630877,16.0,0.019903138920542837,0.02469949303057932,0.021024182515611577
general,10,10,model.layers.10.mlp,6,0.006746607272350565,57.5,0.0021140306931782867,58.0,0.008497658037370898,58.0,0.006746607272350565,0.004480782685832422,0.003939300101234738
general,10,10,model.layers.10.mlp,7,0.01559100797679478,27.0,0.0068739382551085155,31.0,0.03538231092247458,28.0,0.01559100797679478,0.014569619833979298,0.01640234760987706
general,10,10,model.layers.10.mlp,8,0.02444835802341241,7.0,0.011790704840787838,6.0,0.05494752467083064,7.0,0.02444835802341241,0.024990926704538213,0.02547228760518241
general,10,10,model.layers.10.mlp,9,0.020887288925722572,14.0,0.009501175152802238,22.0,0.04222022645321335,22.0,0.020887288925722572,0.020138166043243498,0.019572232915217935
general,10,10,model.layers.10.mlp,10,0.016678752719361856,24.0,0.005741111085931835,37.0,0.025493296131678448,37.0,0.016678752719361856,0.012168541939478101,0.011818049583859099
general,10,10,model.layers.10.mlp,11,0.011162332953485963,47.0,0.006354990838340412,34.0,0.029191370548673285,36.0,0.011162332953485963,0.013469687554180617,0.013532383681698193
general,10,10,model.layers.10.mlp,12,0.011252978348699885,45.5,0.0065079296510799755,33.0,0.03189081202130805,32.0,0.011252978348699885,0.013793848213875167,0.014783776714891774
general,10,10,model.layers.10.mlp,13,0.01903553299492386,19.0,0.010114422613112503,19.0,0.03242770932776118,31.0,0.01903553299492386,0.021437971486539968,0.01503266877484078
general,10,10,model.layers.10.mlp,14,0.01784419351496944,22.0,0.008936550954852119,25.0,0.04469145207402373,17.0,0.01784419351496944,0.01894141978107201,0.02071783083118728
general,10,10,model.layers.10.mlp,15,0.012224179011706205,41.0,0.005270268452003264,44.0,0.020105821012487365,49.0,0.012224179011706205,0.011170569900251445,0.009320551898132592
general,10,10,model.layers.10.mlp,16,0.008883248730964468,55.0,0.0029142975103271,57.0,0.013091019252588203,56.0,0.008883248730964468,0.006176984027609354,0.006068666594983594
general,10,10,model.layers.10.mlp,17,0.02778928830415415,4.5,0.011641686239057807,9.0,0.06406276009295328,4.0,0.02778928830415415,0.024675075107561152,0.02969788101730043
general,10,10,model.layers.10.mlp,18,0.014814047446389724,30.0,0.011494551867780742,11.0,0.05443642507765029,8.0,0.014814047446389724,0.02436321722137411,0.025235354714931713
general,10,10,model.layers.10.mlp,19,0.003030146068579716,64.0,0.000840246646525044,64.0,0.002061860601722694,64.0,0.003030146068579716,0.0017809403797812574,0.0009558266102705037
general,10,10,model.layers.10.mlp,20,0.004907800683725267,61.0,0.0015239504153501502,62.0,0.0036624018324788563,63.0,0.004907800683725267,0.0032300811228534996,0.001697797186706978
general,10,10,model.layers.10.mlp,21,0.009427121102248005,53.0,0.0045181949385877445,51.0,0.02295999857695945,46.0,0.009427121102248005,0.009576516423043384,0.010643676683717098
general,10,10,model.layers.10.mlp,22,0.009750854656583445,51.0,0.0036057595031984877,55.0,0.01214177008437688,57.0,0.009750854656583445,0.007642568673833787,0.005628618604350544
general,10,10,model.layers.10.mlp,23,0.018064332331917538,21.0,0.009331746162138714,23.0,0.04387593977203471,19.0,0.018064332331917538,0.019779053713279253,0.020339779881189592
general,10,10,model.layers.10.mlp,24,0.023852688283435203,9.0,0.011592519205493111,10.0,0.05425387899174562,9.0,0.023852688283435203,0.024570863379026968,0.02515073095018126
general,10,10,model.layers.10.mlp,25,0.004765357919817673,62.0,0.0015774423268672952,61.0,0.007399660009436567,60.0,0.004765357919817673,0.003343459623805041,0.003430295888123866
general,10,10,model.layers.10.mlp,26,0.010670257950896095,48.0,0.005685279693650938,38.0,0.03413855223245452,30.0,0.010670257950896095,0.012050204804324186,0.015825772427402015
general,10,10,model.layers.10.mlp,27,0.01300113954211126,35.0,0.005899386443981146,36.0,0.029915628577530922,34.0,0.01300113954211126,0.012504013645839683,0.013868131450536591
general,10,10,model.layers.10.mlp,28,0.01230187506474671,39.0,0.005536627821337926,40.0,0.024602534428299072,41.0,0.01230187506474671,0.011735130506762632,0.011405114907873473
general,10,10,model.layers.10.mlp,29,0.01262560861908215,38.0,0.006817651612516834,32.0,0.03625827715669928,27.0,0.01262560861908215,0.01445031777541303,0.01680842347925002
general,10,10,model.layers.10.mlp,30,0.01267740598777582,37.0,0.005234398521266058,45.0,0.023326698058129196,45.0,0.01267740598777582,0.01109454197638642,0.010813669321328769
general,10,10,model.layers.10.mlp,31,0.033953175178700924,2.0,0.016655345265882367,2.0,0.09190667783931217,2.0,0.033953175178700924,0.03530174984438265,0.042605619539447304
general,10,10,model.layers.10.mlp,32,0.02014917642183777,16.0,0.008965370828693153,24.0,0.046857513014200526,15.0,0.02014917642183777,0.019002504793759614,0.021721962092223407
general,10,10,model.layers.10.mlp,33,0.012004040194758106,42.0,0.004289166094737388,52.0,0.017183803982849778,51.0,0.012004040194758106,0.009091079536345187,0.007965978446242748
general,10,10,model.layers.10.mlp,34,0.018880140888842847,20.0,0.010656872327174842,14.0,0.053094277716999434,10.0,0.018880140888842847,0.0225877179375014,0.024613169024423547
general,10,10,model.layers.10.mlp,35,0.0054646223971822235,59.0,0.0019963737795245,59.0,0.008368753898635277,59.0,0.0054646223971822235,0.004231403590595272,0.0038795433912638677
general,10,10,model.layers.10.mlp,36,0.02258365275044028,10.0,0.010149021636732104,18.0,0.04754803877018603,14.0,0.02258365275044028,0.02151130566587884,0.022042072429506464
general,10,10,model.layers.10.mlp,37,0.02611882316378328,6.0,0.01167442632390837,7.0,0.06152365786367583,5.0,0.02611882316378328,0.024744469182966244,0.028520817216327255
general,10,10,model.layers.10.mlp,38,0.011783901377810007,44.0,0.005408550733903968,43.0,0.02938764983795658,35.0,0.011783901377810007,0.011463665386753833,0.013623373813419614
general,10,10,model.layers.10.mlp,39,0.015060084947684658,29.0,0.007144331648030405,29.0,0.03503270484534098,29.0,0.015060084947684658,0.015142730734061064,0.016240279043574668
general,10,10,model.layers.10.mlp,40,0.04867657722987672,1.0,0.01972412438166891,1.0,0.09266882863617013,1.0,0.04867657722987672,0.041806164549917306,0.04295893344052628
general,10,10,model.layers.10.mlp,41,0.021897337615249146,12.0,0.011003387365812441,13.0,0.05242504605379523,11.0,0.021897337615249146,0.023322172073157114,0.02430293009188285
general,10,10,model.layers.10.mlp,42,0.011991090852584688,43.0,0.004694452683913032,50.0,0.024004997504747903,42.0,0.011991090852584688,0.009950102604192932,0.011128111849726775
general,10,10,model.layers.10.mlp,43,0.009181083600953072,54.0,0.003299995690297058,56.0,0.014229828969769487,55.0,0.009181083600953072,0.006994488585297776,0.0065965900786599625
general,10,10,model.layers.10.mlp,44,0.016160779032425153,25.0,0.00553431995517909,42.0,0.020837775498627073,48.0,0.016160779032425153,0.011730238881130561,0.009659867550594581
general,10,10,model.layers.10.mlp,45,0.013700404019475811,33.0,0.005659431592671967,39.0,0.02488564245659836,39.0,0.013700404019475811,0.011995418597245002,0.011536356654674196
general,10,10,model.layers.10.mlp,46,0.010139334921785974,50.0,0.004831710652614472,49.0,0.016398101233275494,52.0,0.010139334921785974,0.010241027013017528,0.007601746453459948
general,10,10,model.layers.10.mlp,47,0.022324665906971925,11.0,0.010315352396113902,17.0,0.04426727376011484,18.0,0.022324665906971925,0.021863851155953455,0.020521192455346036
general,10,10,model.layers.10.mlp,48,0.005451673055008805,60.0,0.001678602739676137,60.0,0.004199846924481263,62.0,0.005451673055008805,0.0035578736470584355,0.001946943186230892
general,10,10,model.layers.10.mlp,49,0.020071480368797266,17.0,0.011032017552023982,12.0,0.04307413699527386,21.0,0.020071480368797266,0.023382855034422906,0.01996808432156908
general,10,10,model.layers.10.mlp,50,0.011252978348699885,45.5,0.005911222952061535,35.0,0.02270023632433011,47.0,0.011252978348699885,0.012529101654560877,0.010523257450137734
general,10,10,model.layers.10.mlp,51,0.013959390862944163,32.0,0.0051303548564889155,46.0,0.025475001479941403,38.0,0.013959390862944163,0.010874016771521455,0.0118095686443905
general,10,10,model.layers.10.mlp,52,0.016691702061535273,23.0,0.00752567965836398,28.0,0.03776245148740358,26.0,0.016691702061535273,0.015951014912475886,0.01750572078953946
general,10,10,model.layers.10.mlp,53,0.020382264580959288,15.0,0.010423600803344816,16.0,0.041474453822406575,25.0,0.020382264580959288,0.02209328850066863,0.019226511519144417
general,10,10,model.layers.10.mlp,54,0.03229565938050347,3.0,0.012166374868078577,4.0,0.06665759120014163,3.0,0.03229565938050347,0.025787176143726737,0.03090077932154858
general,10,10,model.layers.10.mlp,55,0.015241375738112503,28.0,0.008850533937797835,26.0,0.029957848872441795,33.0,0.015241375738112503,0.018759102862993433,0.013887703715187055
general,10,10,model.layers.10.mlp,56,0.004609965813736662,63.0,0.001483256095902828,63.0,0.00513058479793897,61.0,0.004609965813736662,0.003143827691160341,0.0023784098071528747
general,10,10,model.layers.10.mlp,57,0.01574640008287579,26.0,0.00704346841250777,30.0,0.023755109536376728,43.0,0.01574640008287579,0.01492894659136851,0.01101227008546975
general,10,10,model.layers.10.mlp,58,0.010437169791774578,49.0,0.005536223154395007,41.0,0.02463431209541906,40.0,0.010437169791774578,0.011734272797062762,0.011419846233463683
general,10,10,model.layers.10.mlp,59,0.009647259919196105,52.0,0.004892043964635347,48.0,0.016103262204850918,53.0,0.009647259919196105,0.010368906168582492,0.007465066510655349
general,10,10,model.layers.10.mlp,60,0.012871646120377086,36.0,0.009534281967069822,21.0,0.04174100031763065,23.0,0.012871646120377086,0.020208337418064097,0.0193500757566087
general,10,10,model.layers.10.mlp,61,0.008805552677923961,56.0,0.0036293187067815706,54.0,0.01603883340079513,54.0,0.008805552677923961,0.007692503460423083,0.007435198940882216
general,10,10,model.layers.10.mlp,62,0.02778928830415415,4.5,0.01209907369713431,5.0,0.05084009203042167,12.0,0.02778928830415415,0.025644528299267135,0.023568185351947473
general,10,10,model.layers.10.mlp,63,0.012263027038226458,40.0,0.004240214040486118,53.0,0.01861494130159825,50.0,0.012263027038226458,0.00898732346608906,0.008629417638527651
general,11,11,model.layers.11.mlp,0,0.021185123795711178,12.0,0.012073200304471407,9.0,0.08864979409040298,6.0,0.021185123795711178,0.025341799968102336,0.030727517449209794
general,11,11,model.layers.11.mlp,1,0.01267740598777582,41.0,0.004541602392067233,45.0,0.03174666269161066,40.0,0.01267740598777582,0.009532880798125871,0.011003930035255986
general,11,11,model.layers.11.mlp,2,0.013260126385579612,39.0,0.007295778251417953,28.0,0.0337314360746013,37.0,0.013260126385579612,0.01531393072229493,0.011691886046709085
general,11,11,model.layers.11.mlp,3,0.013894644152077074,34.0,0.005970569888409044,38.0,0.041117801498955525,32.0,0.013894644152077074,0.012532301626073416,0.014252125185354247
general,11,11,model.layers.11.mlp,4,0.009724955972236611,47.0,0.004180272749566197,47.0,0.028650528800422067,44.0,0.009724955972236611,0.008774445313591095,0.00993075768169621
general,11,11,model.layers.11.mlp,5,0.01069615663524293,44.0,0.006048910879389827,37.0,0.03492605398754178,36.0,0.01069615663524293,0.012696740355877529,0.012105960812946934
general,11,11,model.layers.11.mlp,6,0.04809385683207293,1.0,0.021748382242728945,1.0,0.1585041055324398,1.0,0.04809385683207293,0.04565012908971165,0.05494020283400406
general,11,11,model.layers.11.mlp,7,0.015759349425049207,27.0,0.006166668959779343,35.0,0.02403402713524064,46.0,0.015759349425049207,0.012943916054333688,0.008330600152548322
general,11,11,model.layers.11.mlp,8,0.02042111260747954,13.0,0.010084957801331193,19.0,0.06669833457162438,11.0,0.02042111260747954,0.021168453835180342,0.02311877044285986
general,11,11,model.layers.11.mlp,9,0.018789495493628922,18.0,0.01171787743690433,10.0,0.051620202479980705,23.0,0.018789495493628922,0.024595972780041647,0.01789243493129629
general,11,11,model.layers.11.mlp,10,0.008468869781415105,53.0,0.0029460765111882317,53.0,0.009587365208683972,57.0,0.008468869781415105,0.006183851816788499,0.0033231428765797427
general,11,11,model.layers.11.mlp,11,0.018180876411478298,20.5,0.008790832917875272,22.0,0.06169564165248286,18.0,0.018180876411478298,0.018452069355239457,0.02138475249568675
general,11,11,model.layers.11.mlp,12,0.016808246141096033,25.0,0.011342194763771626,12.0,0.058076409432575096,19.0,0.016808246141096033,0.02380741010287932,0.02013026541727855
general,11,11,model.layers.11.mlp,13,0.0012172381643012534,63.0,0.00044359084449134984,63.0,0.0023396081908322436,63.0,0.0012172381643012534,0.0009311027867746084,0.0008109477551047645
general,11,11,model.layers.11.mlp,14,0.008248730964467006,54.0,0.00249109176308531,59.0,0.009948341410264017,56.0,0.008248730964467006,0.005228833082386206,0.003448263331134764
general,11,11,model.layers.11.mlp,15,0.0233347145964985,8.0,0.010685559419675231,16.0,0.06568912235391111,12.0,0.0233347145964985,0.022429124219896495,0.022768960425274074
general,11,11,model.layers.11.mlp,16,0.009103387547912565,51.0,0.003560500034801357,51.0,0.01739903501290232,51.0,0.009103387547912565,0.007473534555286073,0.006030799703980878
general,11,11,model.layers.11.mlp,17,0.03122086398010981,4.0,0.01469044698701181,4.0,0.1076803369854542,4.0,0.03122086398010981,0.03083543382022637,0.0373238253693308
general,11,11,model.layers.11.mlp,18,0.017352118512379573,23.0,0.007543826441585517,25.0,0.044304924863558984,30.0,0.017352118512379573,0.015834587007219496,0.015356836028774457
general,11,11,model.layers.11.mlp,19,0.014412617839013778,32.0,0.005692652219517248,40.0,0.03815657876321569,34.0,0.014412617839013778,0.011948948927945085,0.013225715319239363
general,11,11,model.layers.11.mlp,20,0.014632756655961877,31.0,0.007355087250239563,26.0,0.05208145908792933,22.0,0.014632756655961877,0.015438421060112735,0.01805231427015692
general,11,11,model.layers.11.mlp,21,0.01683414482544287,24.0,0.006424492385786802,33.0,0.04637817014539401,28.0,0.01683414482544287,0.01348509068278345,0.01607545789617679
general,11,11,model.layers.11.mlp,22,0.013933492178597327,33.0,0.007309220781428053,27.0,0.05573966394113059,20.0,0.013933492178597327,0.01534214676261483,0.01932030992218173
general,11,11,model.layers.11.mlp,23,0.006254532269760697,61.0,0.0020610951987076556,61.0,0.006287874512881501,60.0,0.006254532269760697,0.004326264861316105,0.0021794836163519567
general,11,11,model.layers.11.mlp,24,0.016639904692841604,26.0,0.006939557529071273,32.0,0.046602239247419595,26.0,0.016639904692841604,0.014566218925708639,0.016153124035314107
general,11,11,model.layers.11.mlp,25,0.013130632963845437,40.0,0.005121863173608594,42.0,0.02917628840737351,43.0,0.013130632963845437,0.010750855509413466,0.010112994850574633
general,11,11,model.layers.11.mlp,26,0.013376670465140371,38.0,0.00706814045018388,30.0,0.03207910319989572,39.0,0.013376670465140371,0.0148361161016002,0.01111915953605704
general,11,11,model.layers.11.mlp,27,0.003405676991608826,62.0,0.001136431234137056,62.0,0.004372343875596675,62.0,0.003405676991608826,0.0023853835177686,0.0015155283112596304
general,11,11,model.layers.11.mlp,28,0.009841500051797368,46.0,0.003679067449076712,50.0,0.011316637275185743,55.0,0.009841500051797368,0.007722409055793477,0.003922537811932634
general,11,11,model.layers.11.mlp,29,0.009983942815704963,45.0,0.004619873830917202,44.0,0.01743063326144708,50.0,0.009983942815704963,0.009697173537128706,0.006041752191163573
general,11,11,model.layers.11.mlp,30,0.01885424220449601,17.0,0.008718068743201595,23.0,0.0650769320895397,14.0,0.01885424220449601,0.018299336433319702,0.02255676492923574
general,11,11,model.layers.11.mlp,31,0.020162125764011187,14.0,0.009955906984065835,21.0,0.06408395346435107,15.0,0.020162125764011187,0.0208975745393529,0.022212581749283165
general,11,11,model.layers.11.mlp,32,0.018996684968403604,16.0,0.0099693621599179,20.0,0.04810635636387051,24.0,0.018996684968403604,0.020925817123454853,0.0166744764582455
general,11,11,model.layers.11.mlp,33,0.007821402672744225,57.0,0.004434175964564125,46.0,0.018548854866082355,48.0,0.007821402672744225,0.009307391369605136,0.006429346705297176
general,11,11,model.layers.11.mlp,34,0.02295918367346939,10.0,0.010460855453777323,18.0,0.06324383448803597,17.0,0.02295918367346939,0.02195746775663753,0.021921382308054804
general,11,11,model.layers.11.mlp,35,0.009388273075727753,50.0,0.003912180899882161,49.0,0.024832637098173176,45.0,0.009388273075727753,0.008211717134116161,0.00860741186793818
general,11,11,model.layers.11.mlp,36,0.015539210608101109,30.0,0.007079281436956127,29.0,0.046510442526404946,27.0,0.015539210608101109,0.014859501173586871,0.016121305739787317
general,11,11,model.layers.11.mlp,37,0.007109188853206257,58.0,0.002520164553765669,57.0,0.006235096702620574,61.0,0.007109188853206257,0.005289857237320775,0.002161189934991909
general,11,11,model.layers.11.mlp,38,0.008676059256189786,52.0,0.0027961790234415466,54.0,0.012782835482348497,54.0,0.008676059256189786,0.005869215096250474,0.00443074689980316
general,11,11,model.layers.11.mlp,39,0.011835698746503677,42.0,0.005685368214544701,41.0,0.03142118508008358,41.0,0.011835698746503677,0.011933659709483879,0.010891113992194154
general,11,11,model.layers.11.mlp,40,0.013855796125556822,35.0,0.006314005664527867,34.0,0.03138600755164528,42.0,0.013855796125556822,0.013253177659006445,0.010878920866084852
general,11,11,model.layers.11.mlp,41,0.017649953382368175,22.0,0.012292276870694344,8.0,0.05213327724538689,21.0,0.017649953382368175,0.02580164444834874,0.018070275319630305
general,11,11,model.layers.11.mlp,42,0.015629856003315033,29.0,0.006107094398276443,36.0,0.0384554370912038,33.0,0.015629856003315033,0.01281886829709282,0.013329304668569734
general,11,11,model.layers.11.mlp,43,0.03255464622397182,3.0,0.016424659816734435,3.0,0.07532699607211568,9.0,0.03255464622397182,0.034475568459313814,0.0261096104052098
general,11,11,model.layers.11.mlp,44,0.01868590075624158,19.0,0.010852958752703175,14.0,0.13929830180606692,2.0,0.01868590075624158,0.022780497534792693,0.04828314654658163
general,11,11,model.layers.11.mlp,45,0.024163472495597225,7.0,0.014534372005464622,5.0,0.07825969255002659,8.0,0.024163472495597225,0.030507830462156577,0.02712613258806278
general,11,11,model.layers.11.mlp,46,0.015707552056355538,28.0,0.0070247146288718535,31.0,0.03372448437030879,38.0,0.015707552056355538,0.014744964754038083,0.011689476468467628
general,11,11,model.layers.11.mlp,47,0.013480265202527712,36.0,0.005702351580305346,39.0,0.03722187380098894,35.0,0.013480265202527712,0.011969308008777976,0.012901730776112322
general,11,11,model.layers.11.mlp,48,0.011317725059566974,43.0,0.004834846821422096,43.0,0.04130994325460677,31.0,0.011317725059566974,0.010148404560099656,0.014318724766437025
general,11,11,model.layers.11.mlp,49,0.019799544183155496,15.0,0.00857848393957837,24.0,0.04798875823362274,25.0,0.019799544183155496,0.018006346167044027,0.016633714958049595
general,11,11,model.layers.11.mlp,50,0.008041541489692324,55.0,0.0027819714199924894,55.0,0.01777669122929056,49.0,0.008041541489692324,0.005839393157116508,0.0061617017336803295
general,11,11,model.layers.11.mlp,51,0.006617113850616389,60.0,0.0023441913398846216,60.0,0.008342842108043355,59.0,0.006617113850616389,0.004920487238194198,0.0028917701285293427
general,11,11,model.layers.11.mlp,52,0.009699057287889775,48.0,0.0039221458233515485,48.0,0.01577725621976717,52.0,0.009699057287889775,0.008232633634372117,0.005468663754584314
general,11,11,model.layers.11.mlp,53,0.007989744120998654,56.0,0.002498565455687351,58.0,0.014955931838949542,53.0,0.007989744120998654,0.005244520457578172,0.00518397883791887
general,11,11,model.layers.11.mlp,54,0.018180876411478298,20.5,0.010695600218196415,15.0,0.06567703214634468,13.0,0.018180876411478298,0.022450199982844754,0.022764769754920307
general,11,11,model.layers.11.mlp,55,0.04325080285921475,2.0,0.01980887681452657,2.0,0.13842546958219668,3.0,0.04325080285921475,0.04157908269281307,0.047980608140662094
general,11,11,model.layers.11.mlp,56,0.013454366518180877,37.0,0.013711797923087382,6.0,0.07091442436847392,10.0,0.013454366518180877,0.028781237071104408,0.024580138448610865
general,11,11,model.layers.11.mlp,57,0.0278281363306744,5.0,0.013281434629292706,7.0,0.08667633189128666,7.0,0.0278281363306744,0.027877899080354835,0.030043482085327686
general,11,11,model.layers.11.mlp,58,0.027763389619807313,6.0,0.01153680162578991,11.0,0.09571326702391683,5.0,0.027763389619807313,0.02421589236485761,0.033175836591330214
general,11,11,model.layers.11.mlp,59,0.023114575779550398,9.0,0.01054813705502823,17.0,0.04545949121840097,29.0,0.023114575779550398,0.02214067294035149,0.015757028247816714
general,11,11,model.layers.11.mlp,60,0.0095695638661556,49.0,0.003479376958588004,52.0,0.019177169310087047,47.0,0.0095695638661556,0.0073032561934308045,0.0066471311146107095
general,11,11,model.layers.11.mlp,61,0.021897337615249146,11.0,0.01100506926279395,13.0,0.06377718278803035,16.0,0.021897337615249146,0.023099779417189593,0.022106249846245263
general,11,11,model.layers.11.mlp,62,0.006643012534963224,59.0,0.0026119860122824513,56.0,0.008715373919990214,58.0,0.006643012534963224,0.00548259163879094,0.0030208959530102155
general,11,11,model.layers.11.mlp,63,0.0008805552677923961,64.0,0.00026138955344193513,64.0,0.0016734056166264847,64.0,0.0008805552677923961,0.0005486599749880596,0.0005800306792823396
general,12,12,model.layers.12.mlp,0,0.01821972443799855,20.0,0.007932901061360458,33.0,0.05448891574745164,35.0,0.01821972443799855,0.015079582512152538,0.013797682408005515
general,12,12,model.layers.12.mlp,1,0.01515073034289858,29.0,0.00716513405806485,37.0,0.0561486926166354,32.0,0.01515073034289858,0.013620140904756682,0.014217971081307337
general,12,12,model.layers.12.mlp,2,0.02611882316378328,3.0,0.011891884222359629,8.0,0.09329025476467025,9.0,0.02611882316378328,0.022605179110261532,0.023622956877519502
general,12,12,model.layers.12.mlp,3,0.022557754066093443,6.0,0.011402452200740702,10.0,0.06756320971782179,20.0,0.022557754066093443,0.021674822044541804,0.017108354926214053
general,12,12,model.layers.12.mlp,4,0.014956490210297317,32.0,0.007137679935156169,38.0,0.059154707840022976,27.0,0.014956490210297317,0.01356795360171357,0.014979154209967248
general,12,12,model.layers.12.mlp,5,0.020084429710970682,14.0,0.009200937572840049,22.0,0.0981817792564257,8.0,0.020084429710970682,0.017489982069058056,0.02486158863413284
general,12,12,model.layers.12.mlp,6,0.01057961255568217,48.0,0.005124234268977261,51.0,0.05044985727158023,42.0,0.01057961255568217,0.009740612277016166,0.01277491208283084
general,12,12,model.layers.12.mlp,7,0.01849166062364032,18.0,0.012185634485393141,6.0,0.10050814522618051,7.0,0.01849166062364032,0.023163566425963247,0.02545067098923494
general,12,12,model.layers.12.mlp,8,0.0014503263234227702,64.0,0.0005226652943061742,64.0,0.0023393538723297715,64.0,0.0014503263234227702,0.0009935299042260826,0.0005923711515924896
general,12,12,model.layers.12.mlp,9,0.013894644152077074,37.0,0.007763902029323785,34.0,0.06118916296565593,25.0,0.013894644152077074,0.014758333724557818,0.015494318905607853
general,12,12,model.layers.12.mlp,10,0.014710452709002383,34.0,0.010429664484567622,14.0,0.06486735518029547,24.0,0.014710452709002383,0.019825658350279784,0.01642571068166037
general,12,12,model.layers.12.mlp,11,0.015565109292447943,28.0,0.006415336796203253,45.0,0.05507825045317402,33.0,0.015565109292447943,0.012194857822291391,0.01394691373312971
general,12,12,model.layers.12.mlp,12,0.011900445457370765,45.0,0.007000497841506526,39.0,0.041483780888997436,49.0,0.011900445457370765,0.013307185355093731,0.010504522359053263
general,12,12,model.layers.12.mlp,13,0.009271728996166994,49.0,0.00520738067990521,49.0,0.038480179286134016,51.0,0.009271728996166994,0.009898664565136136,0.009743950407345381
general,12,12,model.layers.12.mlp,14,0.021586553403087124,9.0,0.010218725517649954,15.0,0.07554358668454778,15.0,0.021586553403087124,0.019424686305871394,0.01912914585905983
general,12,12,model.layers.12.mlp,15,0.01559100797679478,27.0,0.008407271885197607,30.0,0.07687862871329945,14.0,0.01559100797679478,0.015981309878229547,0.019467205181059027
general,12,12,model.layers.12.mlp,16,0.014904692841603647,33.0,0.006814426922815446,42.0,0.05946812588298159,26.0,0.014904692841603647,0.012953484766896433,0.015058517921987593
general,12,12,model.layers.12.mlp,17,0.007355226354501192,58.0,0.003401820009809127,58.0,0.0132945872365496,60.0,0.007355226354501192,0.006466490018294883,0.0033664551756843134
general,12,12,model.layers.12.mlp,18,0.006863151351911323,61.0,0.002783653316973998,60.0,0.02345714076472035,56.0,0.006863151351911323,0.005291422337660889,0.005939816823876291
general,12,12,model.layers.12.mlp,19,0.04810680617424635,2.0,0.024319926852403397,2.0,0.22797966856302207,2.0,0.04810680617424635,0.04622953706641059,0.05772900816918993
general,12,12,model.layers.12.mlp,20,0.011304775717393556,47.0,0.009208430234205039,21.0,0.05444437083048696,36.0,0.011304775717393556,0.017504224803766965,0.01378640274481643
general,12,12,model.layers.12.mlp,21,0.02159950274526054,8.0,0.012373172321752305,5.0,0.10621100686522181,4.0,0.02159950274526054,0.02352005546517529,0.026894749525812715
general,12,12,model.layers.12.mlp,22,0.020330467212265616,13.0,0.00947035723593054,20.0,0.08787504910163085,11.0,0.020330467212265616,0.018002119559308395,0.02225171858276329
general,12,12,model.layers.12.mlp,23,0.007044442142339169,60.0,0.002401306285125091,61.0,0.010448560126972522,61.0,0.007044442142339169,0.004564622196017193,0.002645784234744275
general,12,12,model.layers.12.mlp,24,0.0133248730964467,40.0,0.00898051422444771,24.0,0.04566921844366831,44.0,0.0133248730964467,0.017070981246537123,0.011564358792311505
general,12,12,model.layers.12.mlp,25,0.02112037708484409,11.0,0.008995341474153113,23.0,0.07148867894469994,16.0,0.02112037708484409,0.017099166236319734,0.01810236218350467
general,12,12,model.layers.12.mlp,26,0.01693773956283021,24.0,0.010771481592914767,12.0,0.05684188837188396,30.0,0.01693773956283021,0.020475415513455875,0.014393502099796075
general,12,12,model.layers.12.mlp,27,0.01897078628405677,16.0,0.007583028551680825,35.0,0.06592213040520511,22.0,0.01897078628405677,0.014414512906766192,0.01669280084789875
general,12,12,model.layers.12.mlp,28,0.00924583031182016,50.0,0.004826462628198487,52.0,0.026725516246536612,55.0,0.00924583031182016,0.009174580759394731,0.006767434813142702
general,12,12,model.layers.12.mlp,29,0.012768051382989745,43.0,0.005352662435334223,48.0,0.028968697200195168,53.0,0.012768051382989745,0.010174829388264087,0.007335453059747566
general,12,12,model.layers.12.mlp,30,0.01509893297420491,31.0,0.008474686868719569,28.0,0.046621511288285934,43.0,0.01509893297420491,0.01610945843305351,0.011805498371787624
general,12,12,model.layers.12.mlp,31,0.004363928312441728,62.0,0.001528977137531726,62.0,0.007741359731582463,62.0,0.004363928312441728,0.002906419319523241,0.0019602669922367303
general,12,12,model.layers.12.mlp,32,0.018530508650160572,17.0,0.007200004967286724,36.0,0.05486551594958952,34.0,0.018530508650160572,0.013686426712283803,0.013893045105402043
general,12,12,model.layers.12.mlp,33,0.008533616492282192,55.0,0.003865517743026779,55.0,0.02688835231081928,54.0,0.008533616492282192,0.007347928999402575,0.00680866815883736
general,12,12,model.layers.12.mlp,34,0.017390966538899825,22.0,0.008458095524059878,29.0,0.06549072200481625,23.0,0.017390966538899825,0.016077920090541965,0.016583559619383573
general,12,12,model.layers.12.mlp,35,0.015137781000725162,30.0,0.008148278718808272,32.0,0.07051942769565768,18.0,0.015137781000725162,0.0154889920247176,0.017856928397120816
general,12,12,model.layers.12.mlp,36,0.012172381643012535,44.0,0.006234741527083549,46.0,0.05094631138282478,38.0,0.012172381643012535,0.011851565848657734,0.012900624185249052
general,12,12,model.layers.12.mlp,37,0.020731896819641563,12.0,0.00851428099991583,27.0,0.0705960872203442,17.0,0.020731896819641563,0.016184722572080677,0.017876340120783582
general,12,12,model.layers.12.mlp,38,0.0025380710659898475,63.0,0.0008928217344996375,63.0,0.003785353609716091,63.0,0.0025380710659898475,0.0016971570564024553,0.0009585271828665916
general,12,12,model.layers.12.mlp,39,0.007860250699264477,56.0,0.00520453536546281,50.0,0.04215384702706947,48.0,0.007860250699264477,0.009893255931702373,0.010674196496236094
general,12,12,model.layers.12.mlp,40,0.052250595669739976,1.0,0.03264438111856418,1.0,0.29447257370497665,1.0,0.052250595669739976,0.062053419654161404,0.07456634058715483
general,12,12,model.layers.12.mlp,41,0.01322127835905936,41.0,0.006861646496717342,41.0,0.050841341409351766,39.0,0.01322127835905936,0.013043244043526086,0.012874043690179738
general,12,12,model.layers.12.mlp,42,0.014645705998135295,35.0,0.006636917239135502,43.0,0.04091729116210737,50.0,0.014645705998135295,0.012616058155742056,0.010361075839117832
general,12,12,model.layers.12.mlp,43,0.008689008598363203,53.0,0.004271853937085621,53.0,0.04223728767302596,47.0,0.008689008598363203,0.008120329930485599,0.010695325335322607
general,12,12,model.layers.12.mlp,44,0.01166735729824925,46.0,0.01007473996102248,16.0,0.05676632069879451,31.0,0.01166735729824925,0.019150985415752157,0.014374366854777935
general,12,12,model.layers.12.mlp,45,0.021845540246555474,7.0,0.008206215643776545,31.0,0.05790491365409572,28.0,0.021845540246555474,0.015599123820614427,0.01466268134541768
general,12,12,model.layers.12.mlp,46,0.02134051590179219,10.0,0.01047853434084611,13.0,0.08269434569290261,12.0,0.02134051590179219,0.01991855463430102,0.02093986094523915
general,12,12,model.layers.12.mlp,47,0.018090231016264374,21.0,0.01443467218740288,3.0,0.10212121360057205,6.0,0.018090231016264374,0.02743874259897625,0.025859132138203445
general,12,12,model.layers.12.mlp,48,0.01902258365275044,15.0,0.009682529172439915,18.0,0.08868644422266159,10.0,0.01902258365275044,0.018405435344871414,0.02245718004283851
general,12,12,model.layers.12.mlp,49,0.013700404019475811,38.0,0.006947220909302807,40.0,0.0431530036269155,46.0,0.013700404019475811,0.013205911698842868,0.010927202915090794
general,12,12,model.layers.12.mlp,50,0.025937532373355433,5.0,0.011972906131837253,7.0,0.11671674198299371,3.0,0.025937532373355433,0.02275919295208429,0.029555011610848357
general,12,12,model.layers.12.mlp,51,0.017378017196726405,23.0,0.00892477767598156,25.0,0.06689460913897777,21.0,0.017378017196726405,0.016965032127162404,0.01693905189791642
general,12,12,model.layers.12.mlp,52,0.026054076452916193,4.0,0.0112651057111455,11.0,0.10572041443014693,5.0,0.026054076452916193,0.021413741299101348,0.026770521716944086
general,12,12,model.layers.12.mlp,53,0.018413964570599812,19.0,0.009836618756798405,17.0,0.08091282580496671,13.0,0.018413964570599812,0.018698342893273216,0.020488744506600255
general,12,12,model.layers.12.mlp,54,0.00752356780275562,57.0,0.003335884589797213,59.0,0.013370236984889124,59.0,0.00752356780275562,0.006341153952856476,0.0033856112037960145
general,12,12,model.layers.12.mlp,55,0.016614006008494768,26.0,0.009632799398907724,19.0,0.050722618500772414,41.0,0.016614006008494768,0.018310904451634642,0.012843980677094198
general,12,12,model.layers.12.mlp,56,0.01673055008805553,25.0,0.012979578381558842,4.0,0.06818618119151978,19.0,0.01673055008805553,0.024672767460949728,0.017266103753207994
general,12,12,model.layers.12.mlp,57,0.013635657308608723,39.0,0.008611559139241038,26.0,0.05224003572328392,37.0,0.013635657308608723,0.016369637739588338,0.013228221042853922
general,12,12,model.layers.12.mlp,58,0.008727856624883457,52.0,0.0036361853989692323,57.0,0.019343839490767477,57.0,0.008727856624883457,0.006911993144641257,0.004898246738512636
general,12,12,model.layers.12.mlp,59,0.008585413860975862,54.0,0.011664714317278307,9.0,0.01748365696064613,58.0,0.008585413860975862,0.022173353816909873,0.004427211346828688
general,12,12,model.layers.12.mlp,60,0.007251631617113851,59.0,0.00422957888739252,54.0,0.04488519938927197,45.0,0.007251631617113851,0.008039969656845286,0.011365829499408637
general,12,12,model.layers.12.mlp,61,0.01305293691080493,42.0,0.005643143748219465,47.0,0.05083505428017674,40.0,0.01305293691080493,0.010727002785109681,0.012872451663426678
general,12,12,model.layers.12.mlp,62,0.014425567181187196,36.0,0.006622930937920854,44.0,0.05684576276409976,29.0,0.014425567181187196,0.012589471717618757,0.014394483173333403
general,12,12,model.layers.12.mlp,63,0.008831451362270797,51.0,0.0036636901052457785,56.0,0.031134479352196154,52.0,0.008831451362270797,0.006964276601167635,0.007883872382986419
general,13,13,model.layers.13.mlp,0,0.0133248730964467,38.0,0.007031720425321144,37.0,0.07846121570581872,29.0,0.0133248730964467,0.01286744549133839,0.015058148466467759
general,13,13,model.layers.13.mlp,1,0.023023930384336477,12.0,0.010580560993829638,20.0,0.15742053037342799,5.0,0.023023930384336477,0.019361519460533185,0.03021189127276524
general,13,13,model.layers.13.mlp,2,0.0056070651610898165,57.0,0.011887432885987518,15.0,0.020630607407512682,56.0,0.0056070651610898165,0.021752982974348266,0.003959392503686338
general,13,13,model.layers.13.mlp,3,0.017119030353258055,20.0,0.007033370707697736,36.0,0.06717251449758545,34.0,0.017119030353258055,0.012870465366595326,0.012891639354188425
general,13,13,model.layers.13.mlp,4,0.006863151351911323,56.0,0.004328905653116259,54.0,0.029736010858855272,55.0,0.006863151351911323,0.007921526192656634,0.005706886673691105
general,13,13,model.layers.13.mlp,5,0.011240029006526469,46.0,0.00567974081486973,45.0,0.03450296481606825,51.0,0.011240029006526469,0.010393438720500374,0.0066217526973028915
general,13,13,model.layers.13.mlp,6,0.0012042888221278358,64.0,0.00037698519485522634,64.0,0.001856030775705891,64.0,0.0012042888221278358,0.0006898505845558651,0.00035620639735817856
general,13,13,model.layers.13.mlp,7,0.016847094167616285,23.0,0.007273281298560033,33.0,0.05304146989119506,40.0,0.016847094167616285,0.013309481178372912,0.010179632335751103
general,13,13,model.layers.13.mlp,8,0.025225318553817468,8.0,0.012001397213787164,14.0,0.14122261605422806,9.0,0.025225318553817468,0.021961527923126146,0.027103213992258256
general,13,13,model.layers.13.mlp,9,0.010113436237439138,51.0,0.0042834122366427535,55.0,0.030005658459889693,54.0,0.010113436237439138,0.007838277141033415,0.005758637001206131
general,13,13,model.layers.13.mlp,10,0.016523360613280844,26.0,0.012355329038737957,13.0,0.09497115788673546,23.0,0.016523360613280844,0.022609192817311167,0.01822670962495368
general,13,13,model.layers.13.mlp,11,0.0016704651403708691,63.0,0.0004882433124741013,63.0,0.004470317575593915,63.0,0.0016704651403708691,0.0008934434007285026,0.0008579360533737089
general,13,13,model.layers.13.mlp,12,0.009906246762664456,52.0,0.0057312726208821095,44.0,0.04103440244056074,47.0,0.009906246762664456,0.010487737507259126,0.00787525554663215
general,13,13,model.layers.13.mlp,13,0.011576711903035325,45.0,0.004380329969471926,53.0,0.04787126273660849,42.0,0.011576711903035325,0.00801562828255957,0.00918737461662447
general,13,13,model.layers.13.mlp,14,0.016134880348078317,28.0,0.007537592041496167,32.0,0.0951072752667155,22.0,0.016134880348078317,0.013793147176420684,0.018252833050370527
general,13,13,model.layers.13.mlp,15,0.01064435926654926,49.0,0.0048414479509284675,50.0,0.038899767963667425,48.0,0.01064435926654926,0.00885943465320279,0.007465579981634291
general,13,13,model.layers.13.mlp,16,0.016575157981974516,25.0,0.004923253902607998,49.0,0.03072926142753424,53.0,0.016575157981974516,0.009009132530881899,0.005897509701807941
general,13,13,model.layers.13.mlp,17,0.007782554646223972,54.0,0.003092686080023697,57.0,0.016606719128318237,58.0,0.007782554646223972,0.005659350365128952,0.003187134432287429
general,13,13,model.layers.13.mlp,18,0.015992437584170724,29.0,0.014298824230080675,7.0,0.10491827569572366,14.0,0.015992437584170724,0.026165622385703535,0.020135744240766824
general,13,13,model.layers.13.mlp,19,0.01794778825235678,17.0,0.009797024625602144,23.0,0.1007834922456314,16.0,0.01794778825235678,0.017927715085668827,0.01934220334915449
general,13,13,model.layers.13.mlp,20,0.013014088884284679,39.0,0.007045858476639387,35.0,0.07856731623794011,28.0,0.013014088884284679,0.01289331691307981,0.01507851110743225
general,13,13,model.layers.13.mlp,21,0.01386874546773024,34.0,0.006329117445677509,40.0,0.036777413679900645,50.0,0.01386874546773024,0.011581742278500047,0.007058261211259516
general,13,13,model.layers.13.mlp,22,0.02478504091992127,9.0,0.012535582870124573,12.0,0.14435011339251838,7.0,0.02478504091992127,0.022939041874110982,0.027703438177224152
general,13,13,model.layers.13.mlp,23,0.012081736247798612,43.0,0.006637824578296579,38.0,0.0469587123455451,44.0,0.012081736247798612,0.012146649863201386,0.00901223943488975
general,13,13,model.layers.13.mlp,24,0.012457267170827723,42.0,0.0066351784358651454,39.0,0.05816872278841051,36.0,0.012457267170827723,0.012141807649427332,0.01116364634390611
general,13,13,model.layers.13.mlp,25,0.004273282917227805,60.0,0.0012769296998423418,62.0,0.0065751424184503,62.0,0.004273282917227805,0.002336671869067095,0.001261890602057698
general,13,13,model.layers.13.mlp,26,0.014088884284678338,33.0,0.007561555912022169,31.0,0.07441939249454133,30.0,0.014088884284678338,0.013836999004864325,0.014282448352174001
general,13,13,model.layers.13.mlp,27,0.01591474153113022,30.0,0.009818686952890293,22.0,0.08396586819465922,25.0,0.01591474153113022,0.017967355287317355,0.01611459238831645
general,13,13,model.layers.13.mlp,28,0.017054283642390967,21.0,0.014937477186901093,6.0,0.10402970109395408,15.0,0.017054283642390967,0.02733430253973476,0.01996521045338394
general,13,13,model.layers.13.mlp,29,0.026222417901170622,7.0,0.01788183702504241,4.0,0.12631495442929527,12.0,0.026222417901170622,0.032722228599442835,0.024242159903091826
general,13,13,model.layers.13.mlp,30,0.016303221796332746,27.0,0.009320453425262871,24.0,0.08326827440714572,26.0,0.016303221796332746,0.017055630649401264,0.015980711327117383
general,13,13,model.layers.13.mlp,31,0.013700404019475811,35.0,0.006139227482712628,41.0,0.04763794087176865,43.0,0.013700404019475811,0.011234259927096509,0.009142595865114879
general,13,13,model.layers.13.mlp,32,0.020537656687040298,14.0,0.011262431115569642,18.0,0.08498300806013621,24.0,0.020537656687040298,0.020609283321005648,0.01630980021128649
general,13,13,model.layers.13.mlp,33,0.017701750751061847,19.0,0.009885355831736248,21.0,0.11960736268124629,13.0,0.017701750751061847,0.018089353619536282,0.02295484984186007
general,13,13,model.layers.13.mlp,34,0.018336268517559307,16.0,0.008699757564034497,27.0,0.07195409181191367,32.0,0.018336268517559307,0.01591981044069456,0.013809311868631874
general,13,13,model.layers.13.mlp,35,0.02134051590179219,13.0,0.011466870119716668,17.0,0.1370098387146569,10.0,0.02134051590179219,0.02098338917036402,0.02629470464066623
general,13,13,model.layers.13.mlp,36,0.02917486791670983,5.0,0.01290274224577204,10.0,0.15709109866012752,6.0,0.02917486791670983,0.023610912051964625,0.03014866727599414
general,13,13,model.layers.13.mlp,37,0.0168600435097897,22.0,0.009219956919157257,25.0,0.0961628709261274,21.0,0.0168600435097897,0.016871730659616772,0.018455421246551182
general,13,13,model.layers.13.mlp,38,0.01090334611001761,47.0,0.0052871759427121105,47.0,0.042752822513939935,45.0,0.01090334611001761,0.009675078662254501,0.008205051922585874
general,13,13,model.layers.13.mlp,39,0.014917642183777065,32.0,0.011582491052813892,16.0,0.0986706486318558,18.0,0.014917642183777065,0.02119496556480212,0.01893670985104263
general,13,13,model.layers.13.mlp,40,0.012470216513001139,41.0,0.005004465499715114,48.0,0.05523870533875798,37.0,0.012470216513001139,0.009157742790652377,0.010601322176872626
general,13,13,model.layers.13.mlp,41,0.026675644877240237,6.0,0.01300452862775821,9.0,0.1427423922210163,8.0,0.026675644877240237,0.023797172404018907,0.02739488695385372
general,13,13,model.layers.13.mlp,42,0.01902258365275044,15.0,0.010595846655306317,19.0,0.09975497078740583,17.0,0.01902258365275044,0.01938949091047052,0.01914481118947935
general,13,13,model.layers.13.mlp,43,0.029848233709727546,4.0,0.01925945608008035,3.0,0.17712985922052868,4.0,0.029848233709727546,0.03524315335559456,0.03399447349870019
general,13,13,model.layers.13.mlp,44,0.01359680928208847,37.0,0.005945265558634621,42.0,0.0540504591811769,39.0,0.01359680928208847,0.010879326235978537,0.010373275913574176
general,13,13,model.layers.13.mlp,45,0.004791256604164508,58.0,0.0014891933187059722,60.0,0.009642597494167786,60.0,0.004791256604164508,0.002725096092488528,0.0018505915739819518
general,13,13,model.layers.13.mlp,46,0.02455195276079975,10.0,0.012536929652293976,11.0,0.09727387215934812,20.0,0.02455195276079975,0.02294150637001032,0.018668642790033153
general,13,13,model.layers.13.mlp,47,0.011809800062156843,44.0,0.005576702494528903,46.0,0.05010042319649873,41.0,0.011809800062156843,0.010204887428596003,0.009615191454008977
general,13,13,model.layers.13.mlp,48,0.02352895472909976,11.0,0.013570822076847872,8.0,0.1367066673827174,11.0,0.02352895472909976,0.024833440862876248,0.026236520493427947
general,13,13,model.layers.13.mlp,49,0.010178182948306226,50.0,0.004694629725700559,51.0,0.041744240591572467,46.0,0.010178182948306226,0.008590769888964973,0.008011486526090513
general,13,13,model.layers.13.mlp,50,0.010760903346110018,48.0,0.005869643423676577,43.0,0.05929573870540023,35.0,0.010760903346110018,0.010740944212710478,0.011379941399360431
general,13,13,model.layers.13.mlp,51,0.004493421734175904,59.0,0.0025445330912345905,58.0,0.01673215039218755,57.0,0.004493421734175904,0.004656277393291349,0.003211206995740467
general,13,13,model.layers.13.mlp,52,0.0506448772402362,1.0,0.03362017854512522,1.0,0.48369383441467034,1.0,0.0506448772402362,0.06152204420423979,0.09282973129348322
general,13,13,model.layers.13.mlp,53,0.004117890811146794,61.0,0.001798845728012017,59.0,0.0137329548921509,59.0,0.004117890811146794,0.003291733452480718,0.0026356062901785643
general,13,13,model.layers.13.mlp,54,0.01665285403501502,24.0,0.008950695329091344,26.0,0.09751253843146952,19.0,0.01665285403501502,0.016379005035798193,0.01871444723146594
general,13,13,model.layers.13.mlp,55,0.01789599088366311,18.0,0.008622649542645421,28.0,0.07079302712404319,33.0,0.01789599088366311,0.015778709372654933,0.013586482228639053
general,13,13,model.layers.13.mlp,56,0.03153164819227183,3.0,0.01695969274448358,5.0,0.18209931385291125,3.0,0.03153164819227183,0.031034783629003998,0.03494820312140145
general,13,13,model.layers.13.mlp,57,0.013622707966435305,36.0,0.007158583511926344,34.0,0.054937916710674856,38.0,0.013622707966435305,0.01309959406281417,0.010543595314269795
general,13,13,model.layers.13.mlp,58,0.015733450740702374,31.0,0.008024469603037916,29.0,0.07861936985551045,27.0,0.015733450740702374,0.014684091370039998,0.015088501152762796
general,13,13,model.layers.13.mlp,59,0.012832798093856831,40.0,0.007931054768433388,30.0,0.07401023559850398,31.0,0.012832798093856831,0.014513150231932783,0.014203923628446679
general,13,13,model.layers.13.mlp,60,0.007031492800165752,55.0,0.0035218353729896145,56.0,0.03139284309310443,52.0,0.007031492800165752,0.006444656776771897,0.006024863212072769
general,13,13,model.layers.13.mlp,61,0.00800269346317207,53.0,0.0044909684408344554,52.0,0.038312513474249583,49.0,0.00800269346317207,0.008218087199210446,0.007352875058447665
general,13,13,model.layers.13.mlp,62,0.004040194758106288,62.0,0.001300880924526378,61.0,0.007035726777638819,61.0,0.004040194758106288,0.0023805005567041687,0.0013502852005813516
general,13,13,model.layers.13.mlp,63,0.03730705480161608,2.0,0.019652498332772196,2.0,0.24928948956086427,2.0,0.03730705480161608,0.035962386979288316,0.04784323198625983
general,14,14,model.layers.14.mlp,0,0.016031285610690976,28.0,0.008333407522272868,33.0,0.10844691226016323,29.0,0.016031285610690976,0.015116087893583369,0.016056378842820535
general,14,14,model.layers.14.mlp,1,0.02025277115922511,19.0,0.012005952878355498,15.0,0.1034918671268744,31.0,0.02025277115922511,0.021777770794286555,0.015322747242019439
general,14,14,model.layers.14.mlp,2,0.037812079146379365,3.0,0.018944280599295555,5.0,0.3055146332202298,1.0,0.037812079146379365,0.03436330334911481,0.045233733176664535
general,14,14,model.layers.14.mlp,3,0.0379156738837667,2.0,0.01959894319204522,3.0,0.2662049433063821,2.0,0.0379156738837667,0.035550805252291394,0.03941363871481056
general,14,14,model.layers.14.mlp,4,0.007096239511032839,53.0,0.0032143580485017613,53.0,0.026281125122625495,54.0,0.007096239511032839,0.005830570346252263,0.003891117714556201
general,14,14,model.layers.14.mlp,5,0.030586346213612347,5.0,0.01899194277766627,4.0,0.19951803783585986,8.0,0.030586346213612347,0.03444975846072741,0.02954014212763853
general,14,14,model.layers.14.mlp,6,0.0018906039573189683,63.0,0.000621049944803429,63.0,0.005871130169938416,63.0,0.0018906039573189683,0.0011265314370937274,0.0008692648622202702
general,14,14,model.layers.14.mlp,7,0.028514451465865533,7.0,0.01349508612931213,9.0,0.21045631055422895,6.0,0.028514451465865533,0.02447893103954702,0.031159635453837528
general,14,14,model.layers.14.mlp,8,0.005542318450222729,59.0,0.0021728338583212473,57.0,0.02512162038588492,55.0,0.005542318450222729,0.003941334621252233,0.0037194443405970746
general,14,14,model.layers.14.mlp,9,0.010294727027866985,44.0,0.010544191552334766,26.0,0.08727524649302823,37.0,0.010294727027866985,0.019126260877783175,0.012921754912955384
general,14,14,model.layers.14.mlp,10,0.013946441520770745,36.0,0.006544374967626645,40.0,0.11421172434612098,26.0,0.013946441520770745,0.011870935983247115,0.016909902515193545
general,14,14,model.layers.14.mlp,11,0.011265927690873303,40.0,0.004658174924772415,47.0,0.05153933795581738,46.0,0.011265927690873303,0.008449530566980031,0.0076307855915852514
general,14,14,model.layers.14.mlp,12,0.010398321765254325,43.0,0.003881796103097806,49.0,0.03256149496873506,53.0,0.010398321765254325,0.007041245843620044,0.004820973580625005
general,14,14,model.layers.14.mlp,13,0.01564280534548845,29.0,0.007410412808841811,37.0,0.07312999219613088,41.0,0.01564280534548845,0.01344185449311103,0.010827443907823617
general,14,14,model.layers.14.mlp,14,0.02885113436237439,6.0,0.013668479591432067,7.0,0.16262140889235954,14.0,0.02885113436237439,0.02479345193709972,0.02407731944331357
general,14,14,model.layers.14.mlp,15,0.02380089091474153,9.0,0.011275209738876515,20.0,0.1900424140575055,9.0,0.02380089091474153,0.020452265291948577,0.02813720494864072
general,14,14,model.layers.14.mlp,16,0.0165622086398011,26.0,0.008237020914806277,35.0,0.11730247727332554,24.0,0.0165622086398011,0.014941250838472938,0.017367511670442703
general,14,14,model.layers.14.mlp,17,0.007782554646223972,50.0,0.0038667570355394696,50.0,0.034925182379985195,52.0,0.007782554646223972,0.007013966262435305,0.005170935232368401
general,14,14,model.layers.14.mlp,18,0.017792396146275768,23.0,0.010987188042253704,22.0,0.1617088662019532,15.0,0.017792396146275768,0.019929818589351465,0.023942210652827582
general,14,14,model.layers.14.mlp,19,0.012988190199937842,38.0,0.014451886339779408,6.0,0.10213472885497923,33.0,0.012988190199937842,0.026214484717843285,0.015121812740690679
general,14,14,model.layers.14.mlp,20,0.0200973790531441,20.0,0.012671563608787424,11.0,0.18482323646187276,10.0,0.0200973790531441,0.02298513168204223,0.027364466555477418
general,14,14,model.layers.14.mlp,21,0.021962084326116234,14.0,0.011350338685997876,19.0,0.16318085445593788,13.0,0.021962084326116234,0.020588542770879445,0.024160149555518148
general,14,14,model.layers.14.mlp,22,0.007394074381021444,52.0,0.0030376418914051977,54.0,0.022137579746528153,58.0,0.007394074381021444,0.0055100223644394914,0.003277634740034709
general,14,14,model.layers.14.mlp,23,0.010488967160468248,42.0,0.004616598557847949,48.0,0.05017436792118666,47.0,0.010488967160468248,0.008374114596376605,0.007428691539035822
general,14,14,model.layers.14.mlp,24,0.005788355951517663,58.0,0.002996653556132161,55.0,0.041752547365290556,50.0,0.005788355951517663,0.005435673032915392,0.006181777831918739
general,14,14,model.layers.14.mlp,25,0.008637211229669532,48.0,0.0036961646274150523,52.0,0.0454037394685275,49.0,0.008637211229669532,0.006704526237056177,0.006722364211149586
general,14,14,model.layers.14.mlp,26,0.013467315860354294,37.0,0.010690080308178158,25.0,0.08163876953945498,39.0,0.013467315860354294,0.01939089059259313,0.012087232219600251
general,14,14,model.layers.14.mlp,27,0.014801098104216306,33.0,0.009576515917776533,30.0,0.06997543690390604,42.0,0.014801098104216306,0.017370980111138058,0.010360388333838478
general,14,14,model.layers.14.mlp,28,0.0008417072412721433,64.0,0.00028040889975914225,64.0,0.0033025718838714337,64.0,0.0008417072412721433,0.000508637740752913,0.0004889705406814635
general,14,14,model.layers.14.mlp,29,0.004506371076349321,61.0,0.0021316969344051073,58.0,0.017176982821559186,59.0,0.004506371076349321,0.003866715762648949,0.002543181154830231
general,14,14,model.layers.14.mlp,30,0.004739459235470838,60.0,0.0020229932768634105,59.0,0.025075618660438868,56.0,0.004739459235470838,0.0036695366330596986,0.0037126334400763364
general,14,14,model.layers.14.mlp,31,0.01671760074588211,25.0,0.009109179343533098,31.0,0.11470738059805302,25.0,0.01671760074588211,0.016523271570151793,0.016983288141312076
general,14,14,model.layers.14.mlp,32,0.011965192168237854,39.0,0.006031269929846939,43.0,0.06216450042827357,43.0,0.011965192168237854,0.010940207367253183,0.009203920597172174
general,14,14,model.layers.14.mlp,33,0.009983942815704963,45.0,0.007105363486011473,38.0,0.10276892417643363,32.0,0.009983942815704963,0.012888521134163068,0.015215710115262187
general,14,14,model.layers.14.mlp,34,0.005879001346731586,57.0,0.0020093484133818502,60.0,0.015207848444968496,60.0,0.005879001346731586,0.003644786018724333,0.0022516360394920273
general,14,14,model.layers.14.mlp,35,0.007536517144929038,51.0,0.005185844811036724,45.0,0.05616031849086686,45.0,0.007536517144929038,0.009406678571352793,0.008314956422729414
general,14,14,model.layers.14.mlp,36,0.002693463172070859,62.0,0.0007993120560803636,62.0,0.006227096234172611,62.0,0.002693463172070859,0.0014498836474537632,0.0009219683082051638
general,14,14,model.layers.14.mlp,37,0.040712731793224904,1.0,0.021872826812058103,1.0,0.2449396855771807,3.0,0.040712731793224904,0.039675435491245505,0.03626515779290883
general,14,14,model.layers.14.mlp,38,0.023075727753030146,11.0,0.011963080312629493,16.0,0.2100174085045187,7.0,0.023075727753030146,0.02170000363001364,0.031094652713082933
general,14,14,model.layers.14.mlp,39,0.02090023826789599,16.0,0.01275752688101335,10.0,0.145476334185214,18.0,0.02090023826789599,0.023141061699278775,0.02153886252417164
general,14,14,model.layers.14.mlp,40,0.020006733657930178,21.0,0.013635973454657878,8.0,0.10163121081492721,34.0,0.020006733657930178,0.024734488587563986,0.015047263117868089
general,14,14,model.layers.14.mlp,41,0.015176629027245417,31.0,0.006179782697898322,42.0,0.08391180600537594,38.0,0.015176629027245417,0.011209596815589171,0.012423772318896187
general,14,14,model.layers.14.mlp,42,0.010553713871335337,41.0,0.00467282513269029,46.0,0.05890777995961387,44.0,0.010553713871335337,0.008476104790063924,0.008721738702453748
general,14,14,model.layers.14.mlp,43,0.025484305397285818,8.0,0.012178774116126462,12.0,0.1714285476571054,12.0,0.025484305397285818,0.022091253725853455,0.02538128240160239
general,14,14,model.layers.14.mlp,44,0.023386511965192168,10.0,0.009701573810441054,29.0,0.21382898761301625,5.0,0.023386511965192168,0.01759782442329377,0.031658985591538694
general,14,14,model.layers.14.mlp,45,0.014503263234227702,34.0,0.006855374159102093,39.0,0.12839892916601334,21.0,0.014503263234227702,0.012435061894599888,0.019010424609934264
general,14,14,model.layers.14.mlp,46,0.02257070340826686,12.0,0.010708233414320678,24.0,0.14272867099467948,19.0,0.02257070340826686,0.019423818773203344,0.021132050378023508
general,14,14,model.layers.14.mlp,47,0.015241375738112503,30.0,0.011898921633413835,17.0,0.08753254692733294,36.0,0.015241375738112503,0.02158362527799281,0.012959850172317933
general,14,14,model.layers.14.mlp,48,0.021547705376566872,15.0,0.0107518109857363,23.0,0.1552852030728106,17.0,0.021547705376566872,0.019502864757447707,0.022991139141333203
general,14,14,model.layers.14.mlp,49,0.034095617942608514,4.0,0.02027666863908079,2.0,0.23135664789254068,4.0,0.034095617942608514,0.0367801411989287,0.03425408717452477
general,14,14,model.layers.14.mlp,50,0.015060084947684658,32.0,0.00903078776918445,32.0,0.1233210102160533,22.0,0.015060084947684658,0.016381075964716267,0.0182586006188731
general,14,14,model.layers.14.mlp,51,0.005982596084118927,55.0,0.0022557779357777375,56.0,0.022428184743064877,57.0,0.005982596084118927,0.0040917880776244865,0.0033206609896601143
general,14,14,model.layers.14.mlp,52,0.014231327048585932,35.0,0.012031393150931057,14.0,0.1334338424895003,20.0,0.014231327048585932,0.021823917271014237,0.019755881295402
general,14,14,model.layers.14.mlp,53,0.02036931523878587,18.0,0.01216230290696545,13.0,0.15847704208608515,16.0,0.02036931523878587,0.02206137636239487,0.02346371484989265
general,14,14,model.layers.14.mlp,54,0.006332228322801202,54.0,0.0037268940233929865,51.0,0.040392204873687575,51.0,0.006332228322801202,0.006760266730879104,0.005980368921826724
general,14,14,model.layers.14.mlp,55,0.018245623122345386,22.0,0.008294736537540143,34.0,0.10081019607508329,35.0,0.018245623122345386,0.015045942037570812,0.01492570572703294
general,14,14,model.layers.14.mlp,56,0.009038640837045479,47.0,0.005601159552891588,44.0,0.07499535552062088,40.0,0.009038640837045479,0.010160023961530802,0.011103624940490203
general,14,14,model.layers.14.mlp,57,0.01617372837459857,27.0,0.010013047220990235,28.0,0.10917981263486681,27.0,0.01617372837459857,0.01816281052745245,0.01616489024093259
general,14,14,model.layers.14.mlp,58,0.005956697399772092,56.0,0.0015061324240197348,61.0,0.00972722961207375,61.0,0.005956697399772092,0.002731995290042964,0.0014401893100273251
general,14,14,model.layers.14.mlp,59,0.02241531130218585,13.0,0.010052148164349814,27.0,0.11973193833000682,23.0,0.02241531130218585,0.018233736291609032,0.01772721160377389
general,14,14,model.layers.14.mlp,60,0.008585413860975862,49.0,0.011539254919131358,18.0,0.18054506818976265,11.0,0.008585413860975862,0.020931220646278913,0.026731051651367067
general,14,14,model.layers.14.mlp,61,0.009854449393970786,46.0,0.006363115791803714,41.0,0.04982969250368304,48.0,0.009854449393970786,0.011542147354353731,0.0073776597579928655
general,14,14,model.layers.14.mlp,62,0.017274422459339064,24.0,0.008026473968989563,36.0,0.10667973898808894,30.0,0.017274422459339064,0.014559336701886591,0.015794735583957973
general,14,14,model.layers.14.mlp,63,0.0207577955039884,17.0,0.011023013712544027,21.0,0.10890032805322576,28.0,0.0207577955039884,0.019994803288528568,0.01612351045214902
general,15,15,model.layers.15.mlp,0,0.01946286128664664,21.0,0.013178209782782878,14.0,0.2607746549829799,15.0,0.01946286128664664,0.023859998561666224,0.025844468500971957
general,15,15,model.layers.15.mlp,1,0.00435097897026831,54.0,0.0026350646738708175,53.0,0.05683281059081377,50.0,0.00435097897026831,0.004770954504806661,0.005632502066705285
general,15,15,model.layers.15.mlp,2,0.025134673158603543,11.0,0.01210741679137153,19.0,0.29894363383091904,7.0,0.025134673158603543,0.021921258804442404,0.029627263157968865
general,15,15,model.layers.15.mlp,3,0.03197192582616803,5.0,0.015563168155706127,9.0,0.28878184763073467,8.0,0.03197192582616803,0.028178119481392983,0.028620163892967752
general,15,15,model.layers.15.mlp,4,0.005671811871956905,51.0,0.003505288288776805,49.0,0.08181749086521777,45.0,0.005671811871956905,0.006346550472865394,0.008108646776400457
general,15,15,model.layers.15.mlp,5,0.011006940847404952,40.0,0.0069380842884822075,37.0,0.08593384055390847,43.0,0.011006940847404952,0.012561848981959856,0.0085166038682248
general,15,15,model.layers.15.mlp,6,0.008960944784004972,48.0,0.007582895770340179,35.0,0.09112484428958671,41.0,0.008960944784004972,0.013729321748236318,0.009031066182608535
general,15,15,model.layers.15.mlp,7,0.03768258572464519,3.0,0.01753041223826142,4.0,0.6271041064611633,1.0,0.03768258572464519,0.03173994174358978,0.06215010552817527
general,15,15,model.layers.15.mlp,8,0.002719361856417694,62.0,0.001581033745985704,60.0,0.02745791413580755,54.0,0.002719361856417694,0.0028625635444390757,0.0027212583102893453
general,15,15,model.layers.15.mlp,9,0.0028100072516316172,61.0,0.0013761916556260035,61.0,0.017409678856153063,63.0,0.0028100072516316172,0.0024916837313299664,0.0017254126818392378
general,15,15,model.layers.15.mlp,10,0.019372215891432714,22.0,0.010696169281084895,23.0,0.21189363327197283,20.0,0.019372215891432714,0.019366104187797394,0.021000040556132374
general,15,15,model.layers.15.mlp,11,0.0040790427846265406,56.5,0.002070092715266627,57.0,0.023986601593654216,59.0,0.0040790427846265406,0.0037480363435485635,0.0023772286051841228
general,15,15,model.layers.15.mlp,12,0.0028618046203252876,60.0,0.0011441325518944888,63.0,0.018377289893027476,62.0,0.0028618046203252876,0.0020715257605189836,0.0018213092442000462
general,15,15,model.layers.15.mlp,13,0.02014917642183777,19.0,0.011446946595698875,20.0,0.2847296049665765,9.0,0.02014917642183777,0.02072543492710805,0.028218560225237985
general,15,15,model.layers.15.mlp,14,0.01607013363721123,30.0,0.00669041547357363,38.0,0.10616145714828785,36.0,0.01607013363721123,0.012113428622526153,0.010521292552243175
general,15,15,model.layers.15.mlp,15,0.019967885631409926,20.0,0.008783409808641096,29.0,0.17109781684288147,26.0,0.019967885631409926,0.01590292982545355,0.016956909168452463
general,15,15,model.layers.15.mlp,16,0.01687299285196312,26.0,0.011014686425609266,22.0,0.1403694894324186,31.0,0.01687299285196312,0.019942800016402775,0.01391153158028503
general,15,15,model.layers.15.mlp,17,0.0252512172381643,10.0,0.012446227350791204,16.0,0.2554964012436752,16.0,0.0252512172381643,0.02253469716926434,0.025321359142378416
general,15,15,model.layers.15.mlp,18,0.0019035532994923859,64.0,0.0007922303845792759,64.0,0.011767683165759777,64.0,0.0019035532994923859,0.0014343841954364523,0.001166254124377027
general,15,15,model.layers.15.mlp,19,0.007225732932767015,49.0,0.004323271930520305,48.0,0.04850643311314517,52.0,0.007225732932767015,0.007827562601004768,0.004807303772557975
general,15,15,model.layers.15.mlp,20,0.011214130322179633,39.0,0.006417195734972288,39.0,0.09888339771744527,39.0,0.011214130322179633,0.011618746668186358,0.009799989411334446
general,15,15,model.layers.15.mlp,21,0.029317310680617426,7.0,0.01338787468112245,11.0,0.27829676198425857,12.0,0.029317310680617426,0.024239610379604492,0.027581023544999386
general,15,15,model.layers.15.mlp,22,0.00919403294312649,46.0,0.004917070085886512,45.0,0.07024034488501234,48.0,0.00919403294312649,0.008902672450255162,0.006961276129371505
general,15,15,model.layers.15.mlp,23,0.017883041541489692,24.0,0.010247856795349406,24.0,0.15117659222260912,28.0,0.017883041541489692,0.01855440552453883,0.014982585926674924
general,15,15,model.layers.15.mlp,24,0.009181083600953072,47.0,0.0032817350944978245,50.0,0.05233051375096467,51.0,0.009181083600953072,0.005941792999591511,0.005186295095912436
general,15,15,model.layers.15.mlp,25,0.012483165855174557,34.0,0.0043878668912837974,47.0,0.06666515455596202,49.0,0.012483165855174557,0.007944515942643133,0.006606951458324961
general,15,15,model.layers.15.mlp,26,0.04047964363410339,2.0,0.01840965233848933,3.0,0.3548631215467856,3.0,0.04047964363410339,0.0333318626397198,0.03516924897310694
general,15,15,model.layers.15.mlp,27,0.01617372837459857,29.0,0.008299801197247617,31.0,0.11025546967063211,35.0,0.01617372837459857,0.015027325250746201,0.010927035885249277
general,15,15,model.layers.15.mlp,28,0.016536309955454263,28.0,0.007677050386699731,34.0,0.1988769693410694,23.0,0.016536309955454263,0.013899794752380491,0.01971000429485565
general,15,15,model.layers.15.mlp,29,0.005594115818916399,52.0,0.0028939503506034392,51.0,0.07201394739144085,46.0,0.005594115818916399,0.0052396837158521945,0.007137051701248414
general,15,15,model.layers.15.mlp,30,0.0025769190925101003,63.0,0.0012940237167201906,62.0,0.026308273344129822,56.0,0.0025769190925101003,0.002342913379634004,0.002607321412434426
general,15,15,model.layers.15.mlp,31,0.018724748782761837,23.0,0.013263945429853414,13.0,0.23471307719938128,17.0,0.018724748782761837,0.024015228479045376,0.023261596226985797
general,15,15,model.layers.15.mlp,32,0.003897751994198695,58.0,0.002431264284743085,54.0,0.025476325654889664,57.0,0.003897751994198695,0.004401960758948425,0.002524869972318718
general,15,15,model.layers.15.mlp,33,0.003794157256811354,59.0,0.0021125321609052885,56.0,0.01984268578947807,61.0,0.003794157256811354,0.00382487569643391,0.001966539531590294
general,15,15,model.layers.15.mlp,34,0.00951776649746193,45.0,0.0053469876137518775,43.0,0.08989370011714015,42.0,0.00951776649746193,0.009681065856156502,0.008909051768335695
general,15,15,model.layers.15.mlp,35,0.010773852688283436,41.0,0.0075327297152601525,36.0,0.11173459979353649,34.0,0.010773852688283436,0.01363849287073448,0.011073627324025167
general,15,15,model.layers.15.mlp,36,0.02068009945094789,15.0,0.012156115928783474,17.0,0.2840926840084767,10.0,0.02068009945094789,0.022009431732917216,0.028155437205708754
general,15,15,model.layers.15.mlp,37,0.009970993473531545,43.0,0.005999434022696959,41.0,0.07138440063255853,47.0,0.009970993473531545,0.010862362150235267,0.007074659512939756
general,15,15,model.layers.15.mlp,38,0.009932145447011292,44.0,0.004835883780463328,46.0,0.09781110605328587,40.0,0.009932145447011292,0.00875567940927664,0.009693718316315526
general,15,15,model.layers.15.mlp,39,0.0040790427846265406,56.5,0.001802285397026831,59.0,0.024911354023546033,58.0,0.0040790427846265406,0.003263153925274004,0.0024688776001644676
general,15,15,model.layers.15.mlp,40,0.027595048171552884,9.0,0.017202644660338755,6.0,0.27187511797249164,14.0,0.027595048171552884,0.031146497408835523,0.026944596755757166
general,15,15,model.layers.15.mlp,41,0.02342535999171242,13.0,0.016090809588826013,8.0,0.2784266941111211,11.0,0.02342535999171242,0.02913344831913572,0.02759390066589974
general,15,15,model.layers.15.mlp,42,0.01487879415725681,32.5,0.007894919275014891,33.0,0.10195042567587537,38.0,0.01487879415725681,0.014294260423174648,0.010103951878348045
general,15,15,model.layers.15.mlp,43,0.01487879415725681,32.5,0.014677320603050865,10.0,0.2271474018024556,19.0,0.01487879415725681,0.02657423536658519,0.02251178846864676
general,15,15,model.layers.15.mlp,44,0.004894851341551849,53.0,0.0021195000198286802,55.0,0.027258365546732038,55.0,0.004894851341551849,0.0038374914543122846,0.0027014817440999964
general,15,15,model.layers.15.mlp,45,0.029472702786698435,6.0,0.017361081252873136,5.0,0.2721462281030854,13.0,0.029472702786698435,0.03143335707583859,0.02697146553727615
general,15,15,model.layers.15.mlp,46,0.017662902724541595,25.0,0.010213572337048716,25.0,0.1467009191066999,29.0,0.017662902724541595,0.018492331302074203,0.014539017540505218
general,15,15,model.layers.15.mlp,47,0.02030456852791878,17.0,0.009850269943200948,26.0,0.19760241462358671,25.0,0.02030456852791878,0.017834548891751463,0.019583687612542727
general,15,15,model.layers.15.mlp,48,0.03685382782554646,4.0,0.023075582325847534,1.0,0.30254096630372174,6.0,0.03685382782554646,0.04177982974771438,0.02998378225982307
general,15,15,model.layers.15.mlp,49,0.04558168445042992,1.0,0.02197762606589273,2.0,0.42739130709871015,2.0,0.04558168445042992,0.039791909141265965,0.042357265028776556
general,15,15,model.layers.15.mlp,50,0.004182637522013882,55.0,0.0019326007984888118,58.0,0.02287202685419962,60.0,0.004182637522013882,0.0034990983625456055,0.002266766981727298
general,15,15,model.layers.15.mlp,51,0.005995545426292344,50.0,0.0026550261354145086,52.0,0.039187014729670636,53.0,0.005995545426292344,0.00480709601807529,0.00388368865024171
general,15,15,model.layers.15.mlp,52,0.012444317828654305,36.0,0.006322785040312921,40.0,0.19793766455107942,24.0,0.012444317828654305,0.01144781001776807,0.019616913066111456
general,15,15,model.layers.15.mlp,53,0.01225007769605304,37.0,0.008826671234007563,28.0,0.12027543261732127,32.0,0.01225007769605304,0.015981257425638523,0.01192007954117326
general,15,15,model.layers.15.mlp,54,0.020447011291826377,16.0,0.011378747569975008,21.0,0.20859302517837483,21.0,0.020447011291826377,0.02060195619346363,0.020672928774833635
general,15,15,model.layers.15.mlp,55,0.022337615249145345,14.0,0.013353269334581865,12.0,0.23105269278699989,18.0,0.022337615249145345,0.024176955168290205,0.022898828266834863
general,15,15,model.layers.15.mlp,56,0.02470734486688076,12.0,0.012689065454068683,15.0,0.32718350093722603,4.0,0.02470734486688076,0.022974371213798698,0.032426018105792376
general,15,15,model.layers.15.mlp,57,0.011680306640422666,38.0,0.009831253758344233,27.0,0.10508949262736733,37.0,0.011680306640422666,0.017800118862877405,0.010415053879252126
general,15,15,model.layers.15.mlp,58,0.012457267170827723,35.0,0.00518922757376269,44.0,0.11680610390706321,33.0,0.012457267170827723,0.009395431131161593,0.011576246446742999
general,15,15,model.layers.15.mlp,59,0.02879933699368072,8.0,0.017160141985490263,7.0,0.31504148063629533,5.0,0.02879933699368072,0.031069543575388665,0.0312226647307259
general,15,15,model.layers.15.mlp,60,0.016031285610690976,31.0,0.008167304388046462,32.0,0.20847487169313367,22.0,0.016031285610690976,0.014787431234102514,0.02066121899411206
general,15,15,model.layers.15.mlp,61,0.020226872474878275,18.0,0.012109342120810888,18.0,0.16720794954041082,27.0,0.020226872474878275,0.021924744737540375,0.0165713979577168
general,15,15,model.layers.15.mlp,62,0.016808246141096033,27.0,0.008451544977921372,30.0,0.14428677218547944,30.0,0.016808246141096033,0.015302067150313459,0.014299759840916762
general,15,15,model.layers.15.mlp,63,0.010553713871335337,42.0,0.005683028733780949,42.0,0.0847679452582195,44.0,0.010553713871335337,0.010289489972384313,0.008401056043046652
math,0,0,model.layers.0.mlp,0,0.012406966813079552,35.0,0.0029439335046249696,49.0,0.0018659353000214146,39.0,0.012406966813079552,0.008384319593199917,0.008289030867559917
math,0,0,model.layers.0.mlp,1,0.007068997071742313,57.0,0.0027838912226619693,51.0,0.0016540523180183571,48.0,0.007068997071742313,0.007928519338780193,0.0073477846313620004
math,0,0,model.layers.0.mlp,2,0.011156356759394827,38.0,0.005533697780834401,21.0,0.0033474577623321742,18.0,0.011156356759394827,0.01575996558815184,0.014870387370615688
math,0,0,model.layers.0.mlp,3,0.006664836505612494,59.0,0.001793134846647755,61.0,0.0009400606703780421,61.0,0.006664836505612494,0.005106846198930544,0.0041760247067801496
math,0,0,model.layers.0.mlp,4,0.011285993167398731,37.0,0.003752284424662183,40.0,0.0020373161289460955,38.0,0.011285993167398731,0.01068650218203953,0.009050354682511261
math,0,0,model.layers.0.mlp,5,0.01006588579795022,45.0,0.0038026257687629635,38.0,0.0025483399280517376,30.0,0.01006588579795022,0.010829874278260149,0.011320472003725879
math,0,0,model.layers.0.mlp,6,0.07928410200097609,1.0,0.021460738398494692,1.0,0.02024383391328647,1.0,0.07928410200097609,0.0611201608855492,0.08992903675870327
math,0,0,model.layers.0.mlp,7,0.01283400439238653,33.0,0.003002131375061005,48.0,0.0008947493613226245,62.0,0.01283400439238653,0.008550067068342541,0.0039747386067714345
math,0,0,model.layers.0.mlp,8,0.013444058077110787,30.0,0.005224307029057619,24.0,0.002730092471906358,28.0,0.013444058077110787,0.01487882104531429,0.01212787001278396
math,0,0,model.layers.0.mlp,9,0.027467667154709614,7.0,0.008125472732030107,9.0,0.005429223823936528,9.0,0.027467667154709614,0.023141337983396598,0.024118201667005863
math,0,0,model.layers.0.mlp,10,0.01433626159102001,27.0,0.0069731251096190215,13.0,0.002775907951460314,27.0,0.01433626159102001,0.019859453140012747,0.012331395785746423
math,0,0,model.layers.0.mlp,11,0.015777513421181062,19.0,0.0039718277923301,35.0,0.0017500404323500763,41.0,0.015777513421181062,0.011311761467347234,0.0077741919363770035
math,0,0,model.layers.0.mlp,12,0.005269338701805759,62.0,0.0011952420221182588,63.0,0.001131334823291256,60.0,0.005269338701805759,0.0034040480496310083,0.005025720490790351
math,0,0,model.layers.0.mlp,13,0.00906692288921425,48.0,0.0026322788817525317,53.0,0.0012327872119887594,58.0,0.00906692288921425,0.0074967275478104315,0.005476401702240524
math,0,0,model.layers.0.mlp,14,0.007808687164470474,52.0,0.0035755311994799294,43.0,0.0020717389889792328,37.0,0.007808687164470474,0.010183109178519351,0.009203271104297748
math,0,0,model.layers.0.mlp,15,0.014953940946803319,23.0,0.005435837484558016,23.0,0.003582000556975065,16.0,0.014953940946803319,0.015481259565010544,0.015912295128369332
math,0,0,model.layers.0.mlp,16,0.009402452415812591,47.0,0.0034973308364026658,44.0,0.0016742363350425895,46.0,0.009402452415812591,0.009960394624908003,0.007437447943987737
math,0,0,model.layers.0.mlp,17,0.010287030258662762,43.0,0.0032107724161366826,46.0,0.0021013046999808754,36.0,0.010287030258662762,0.009144276538729092,0.009334610648123923
math,0,0,model.layers.0.mlp,18,0.021031600780868718,12.0,0.007486063192506253,12.0,0.004348332850510694,13.0,0.021031600780868718,0.021320300272495,0.019316567525087435
math,0,0,model.layers.0.mlp,19,0.019056551976573938,14.0,0.005698841219707021,19.0,0.0032854599527298326,19.0,0.019056551976573938,0.016230293932203387,0.014594974950094456
math,0,0,model.layers.0.mlp,20,0.015899524158125913,18.0,0.00463458350252791,31.0,0.003107863712443149,21.0,0.015899524158125913,0.013199289048315644,0.013806040458270427
math,0,0,model.layers.0.mlp,21,0.021870424597364567,10.0,0.005150195038452447,26.0,0.002372951778933668,33.0,0.021870424597364567,0.01466775017229837,0.010541346499306084
math,0,0,model.layers.0.mlp,22,0.014328635919960957,28.0,0.005694104963072688,20.0,0.004017227512487497,14.0,0.014328635919960957,0.01621680507818026,0.017845700680317076
math,0,0,model.layers.0.mlp,23,0.008525500244021473,50.0,0.0016189508172812957,62.0,0.0006551358252472852,63.0,0.008525500244021473,0.004610770262451212,0.0029103051310818565
math,0,0,model.layers.0.mlp,24,0.017973706686188383,17.0,0.006080057750160139,17.0,0.0032056460821552938,20.0,0.017973706686188383,0.017315998218835,0.014240418370965376
math,0,0,model.layers.0.mlp,25,0.03120424597364568,4.0,0.014049494656311005,5.0,0.008382417704308249,5.0,0.03120424597364568,0.0400129463306176,0.03723715345060163
math,0,0,model.layers.0.mlp,26,0.013039897510980966,32.0,0.0049203748875213515,27.0,0.0030122933272506884,22.0,0.013039897510980966,0.014013222618827287,0.013381488828384972
math,0,0,model.layers.0.mlp,27,0.012696742313323572,34.0,0.004052969698442838,34.0,0.00240035603818765,31.0,0.012696742313323572,0.011542853532498102,0.0106630842416899
math,0,0,model.layers.0.mlp,28,0.012109565641776477,36.0,0.0028853186053028916,50.0,0.0015113684940781388,53.0,0.012109565641776477,0.008217384420218778,0.0067139413137891025
math,0,0,model.layers.0.mlp,29,0.037106515373352855,3.0,0.019971744207826225,2.0,0.011868362812704432,4.0,0.037106515373352855,0.05687950696202492,0.052722742155517525
math,0,0,model.layers.0.mlp,30,0.010203147877013177,44.0,0.0037298169934266716,41.0,0.0017718764625602435,40.0,0.010203147877013177,0.010622514960989588,0.007871193975212416
math,0,0,model.layers.0.mlp,31,0.011003843338213764,39.0,0.0038286081577522573,37.0,0.0017464737991473773,42.0,0.011003843338213764,0.010903872095377565,0.007758347907535222
math,0,0,model.layers.0.mlp,32,0.006237798926305515,61.0,0.002252559187122529,58.0,0.0015528782547484282,52.0,0.006237798926305515,0.006415286248063482,0.006898339822942718
math,0,0,model.layers.0.mlp,33,0.02101634943875061,13.0,0.00944054353638589,7.0,0.006205188658628422,8.0,0.02101634943875061,0.026886658281590623,0.027565264631530046
math,0,0,model.layers.0.mlp,34,0.0038509638848218644,64.0,0.0008178681149722426,64.0,0.0003360534333858026,64.0,0.0038509638848218644,0.0023292875502257003,0.0014928477329586077
math,0,0,model.layers.0.mlp,35,0.008357735480722304,51.0,0.0025756448696391534,54.0,0.0016149977395259181,49.0,0.008357735480722304,0.007335433939562235,0.007174292760213172
math,0,0,model.layers.0.mlp,36,0.010653062469497316,40.0,0.004587422003683199,32.0,0.0028499001968904725,24.0,0.010653062469497316,0.013064973148113694,0.01266009100166501
math,0,0,model.layers.0.mlp,37,0.007305392874572963,56.0,0.002736610572706961,52.0,0.00170061048913123,44.0,0.007305392874572963,0.007793864096338668,0.007554609657657024
math,0,0,model.layers.0.mlp,38,0.013268667642752563,31.0,0.006363629945724286,16.0,0.004436211686696368,11.0,0.013268667642752563,0.018123611540134553,0.01970695104253305
math,0,0,model.layers.0.mlp,39,0.018316861883845778,16.0,0.004708971030075647,29.0,0.001671288659266142,47.0,0.018316861883845778,0.01341114465026058,0.007424353505237235
math,0,0,model.layers.0.mlp,40,0.02686523914104441,8.0,0.008405418265674567,8.0,0.007377613588563985,6.0,0.02686523914104441,0.023938622575279074,0.03277351940543412
math,0,0,model.layers.0.mlp,41,0.030327293801854564,5.0,0.0147659651764199,4.0,0.018437991176016917,2.0,0.030327293801854564,0.04205345363496461,0.08190695464738117
math,0,0,model.layers.0.mlp,42,0.015563994631527574,20.0,0.005464024169087817,22.0,0.0026836436916380874,29.0,0.015563994631527574,0.015561535213560107,0.011921530932645552
math,0,0,model.layers.0.mlp,43,0.015495363591996096,21.0,0.0036648424035924535,42.0,0.0011898482547006617,59.0,0.015495363591996096,0.01043746739597111,0.005285654283303868
math,0,0,model.layers.0.mlp,44,0.01059205710102489,42.0,0.00408943738513833,33.0,0.0023284071784606497,34.0,0.01059205710102489,0.011646713466698157,0.010343466343279383
math,0,0,model.layers.0.mlp,45,0.010607308443142997,41.0,0.0033101072074030015,45.0,0.0015578392698539065,51.0,0.010607308443142997,0.009427181922085134,0.0069203781044111425
math,0,0,model.layers.0.mlp,46,0.014473523670082967,26.0,0.006057292441148884,18.0,0.002794906861076505,25.0,0.014473523670082967,0.01725116264218612,0.01241579450431763
math,0,0,model.layers.0.mlp,47,0.007343521229868228,54.0,0.0024169728254445767,57.0,0.0013258666336832304,57.0,0.007343521229868228,0.00688353612089763,0.005889887743021917
math,0,0,model.layers.0.mlp,48,0.009715104929233772,46.0,0.003964015947661207,36.0,0.002324112726438185,35.0,0.009715104929233772,0.011289513341765069,0.010324389130166443
math,0,0,model.layers.0.mlp,49,0.014656539775500244,25.0,0.007885755591999909,11.0,0.004012398805383823,15.0,0.014656539775500244,0.02245862381515078,0.01782425014972671
math,0,0,model.layers.0.mlp,50,0.006771595900439239,58.0,0.0024351880514313384,55.0,0.0013594518245410095,55.0,0.006771595900439239,0.006935413065772723,0.006039082993098288
math,0,0,model.layers.0.mlp,51,0.007320644216691069,55.0,0.0018234960389404893,60.0,0.0013351723274035155,56.0,0.007320644216691069,0.0051933148433523585,0.0059312263588306305
math,0,0,model.layers.0.mlp,52,0.024486029770619814,9.0,0.008095737083066434,10.0,0.004354396146818043,12.0,0.024486029770619814,0.023056650885732555,0.019343502462354664
math,0,0,model.layers.0.mlp,53,0.01505307467057101,22.0,0.003789124458577355,39.0,0.0016114217942337864,50.0,0.01505307467057101,0.010791422560738258,0.007158407364343955
math,0,0,model.layers.0.mlp,54,0.028009089799902392,6.0,0.01081889102725415,6.0,0.0070461547743072735,7.0,0.028009089799902392,0.030812190517889172,0.03130108231575198
math,0,0,model.layers.0.mlp,55,0.014168496827720839,29.0,0.006443468636568143,15.0,0.003461753041835719,17.0,0.014168496827720839,0.018350992049540063,0.01537812046286728
math,0,0,model.layers.0.mlp,56,0.007778184480234261,53.0,0.003201285008979228,47.0,0.0016883962525540246,45.0,0.007778184480234261,0.009117256412902898,0.007500350442982766
math,0,0,model.layers.0.mlp,57,0.004964311859443631,63.0,0.0019686220912830954,59.0,0.00278198093961308,26.0,0.004964311859443631,0.005606633691155233,0.01235837377702834
math,0,0,model.layers.0.mlp,58,0.05173255246461689,2.0,0.01668597733817373,3.0,0.014114866129555837,3.0,0.05173255246461689,0.04752164629681806,0.062702367567633
math,0,0,model.layers.0.mlp,59,0.009005917520741825,49.0,0.004668563909795937,30.0,0.0023733932491284628,32.0,0.009005917520741825,0.013296065213264562,0.010543307639154675
math,0,0,model.layers.0.mlp,60,0.01488530990727184,24.0,0.005167382586112891,25.0,0.003003877800788863,23.0,0.01488530990727184,0.014716700290357126,0.013344104596140674
math,0,0,model.layers.0.mlp,61,0.021489141044411908,11.0,0.006618903752592728,14.0,0.004738720103901965,10.0,0.021489141044411908,0.018850631079534937,0.021050781993094472
math,0,0,model.layers.0.mlp,62,0.0064284407027818445,60.0,0.002421560143191038,56.0,0.001431046591612809,54.0,0.0064284407027818445,0.006896600797121283,0.006357127908271444
math,0,0,model.layers.0.mlp,63,0.01862951439726696,15.0,0.004763154997483528,28.0,0.0017124146473966265,43.0,0.01862951439726696,0.013565460533707507,0.007607047184417095
math,1,1,model.layers.1.mlp,0,0.012864507076622744,29.0,0.004204842682406052,27.0,0.0030806539884757973,26.0,0.012864507076622744,0.01412108623874962,0.010794191342786556
math,1,1,model.layers.1.mlp,1,0.014031234748657882,27.0,0.004480126428860115,23.0,0.003939475101478336,19.0,0.014031234748657882,0.015045569225965578,0.013803383370730253
math,1,1,model.layers.1.mlp,2,0.01118685944363104,37.0,0.0027545055800847974,41.0,0.0020368258405627712,39.0,0.01118685944363104,0.009250431889936357,0.0071367599013755145
math,1,1,model.layers.1.mlp,3,0.006115788189360664,58.0,0.0014420784409887445,58.0,0.0008579850138431863,59.0,0.006115788189360664,0.004842919359016626,0.0030062624505418343
math,1,1,model.layers.1.mlp,4,0.009188933626159102,47.0,0.0024483616960636286,46.0,0.0016162084146135061,45.0,0.009188933626159102,0.008222311573850007,0.005662973817384604
math,1,1,model.layers.1.mlp,5,0.02154252074182528,12.0,0.0054220606374298435,16.0,0.004598596293966455,14.0,0.02154252074182528,0.01820885860325816,0.01611285411831087
math,1,1,model.layers.1.mlp,6,0.005292215714982919,61.0,0.0012086465220267509,60.0,0.0009258313820046942,56.0,0.005292215714982919,0.004058986996378758,0.003243986869638572
math,1,1,model.layers.1.mlp,7,0.017134882869692534,17.0,0.006699688205374573,8.0,0.004431419284526112,16.0,0.017134882869692534,0.02249950404011145,0.015527088681892374
math,1,1,model.layers.1.mlp,8,0.011507137628111274,35.0,0.002838931588675116,40.0,0.0017466792330728083,43.0,0.011507137628111274,0.009533959012861946,0.006120125767706838
math,1,1,model.layers.1.mlp,9,0.009608345534407028,41.0,0.00427590887275424,26.0,0.03581660448902151,2.0,0.009608345534407028,0.01435974720144512,0.12549649637695542
math,1,1,model.layers.1.mlp,10,0.005299841386041971,60.0,0.001196262253500183,61.0,0.0007009383195356896,62.0,0.005299841386041971,0.004017397016187768,0.0024559922564698442
math,1,1,model.layers.1.mlp,11,0.06862341386041972,2.0,0.02501336279701989,1.0,0.02314410183765994,3.0,0.06862341386041972,0.08400215652675398,0.08109377574605278
math,1,1,model.layers.1.mlp,12,0.010409040995607613,39.0,0.0028636256562843154,39.0,0.0029660801209142116,29.0,0.010409040995607613,0.009616888883164604,0.010392740139902608
math,1,1,model.layers.1.mlp,13,0.009181307955100049,48.0,0.002638727935597395,43.0,0.001823906615724639,42.0,0.009181307955100049,0.00886161684361686,0.006390719981910977
math,1,1,model.layers.1.mlp,14,0.00932619570522206,46.0,0.0023641739896939056,47.0,0.001400828145157133,47.0,0.00932619570522206,0.007939584739178242,0.004908310733289505
math,1,1,model.layers.1.mlp,15,0.017028123474865788,18.0,0.00435022193085804,24.0,0.0027506866911857987,31.0,0.017028123474865788,0.014609312091598993,0.009638030944009475
math,1,1,model.layers.1.mlp,16,0.014458272327964861,23.0,0.0032026105650812898,37.0,0.0012993538714018084,51.0,0.014458272327964861,0.010755298924231271,0.004552758720183608
math,1,1,model.layers.1.mlp,17,0.010393789653489508,40.0,0.003873029181060121,32.0,0.002478778926283394,32.0,0.010393789653489508,0.013006759872321512,0.008685303226802218
math,1,1,model.layers.1.mlp,18,0.04421364080039043,3.0,0.014263207066518728,3.0,0.03755605741498993,1.0,0.04421364080039043,0.0479000029823242,0.13159130215031095
math,1,1,model.layers.1.mlp,19,0.022122071742313322,9.0,0.006293293555926671,13.0,0.0044216993603475386,18.0,0.022122071742313322,0.021134712459243914,0.015493031393468106
math,1,1,model.layers.1.mlp,20,0.012872132747681796,28.0,0.0035163503323839373,35.0,0.0021434419860235218,37.0,0.012872132747681796,0.011808928428408307,0.007510328331533131
math,1,1,model.layers.1.mlp,21,0.03324030014641288,4.0,0.011979668590718796,4.0,0.012679552642120392,5.0,0.03324030014641288,0.040231215781034134,0.04442742283683042
math,1,1,model.layers.1.mlp,22,0.007549414348462665,53.0,0.0015015571858604808,56.0,0.0007833959622260432,60.0,0.007549414348462665,0.005042666305369865,0.0027449125883878
math,1,1,model.layers.1.mlp,23,0.012277330405075646,33.0,0.004059500668676031,30.0,0.002174838322449772,36.0,0.012277330405075646,0.013632985430939907,0.0076203368115880825
math,1,1,model.layers.1.mlp,24,0.01596052952659834,20.0,0.0053116001112394765,18.0,0.003219599159695335,23.0,0.01596052952659834,0.017837899988602145,0.011281036269191936
math,1,1,model.layers.1.mlp,25,0.029351207906295754,6.0,0.006349830757762933,12.0,0.005100684910430857,11.0,0.029351207906295754,0.021324580847463998,0.01787210414035998
math,1,1,model.layers.1.mlp,26,0.008861029770619814,50.0,0.00194331737423362,53.0,0.0011556586649508855,54.0,0.008861029770619814,0.006526225664906678,0.004049270318281031
math,1,1,model.layers.1.mlp,27,0.010538677403611517,38.0,0.003609988211189147,34.0,0.0022981452906532455,34.0,0.010538677403611517,0.012123391694145835,0.008052387607836617
math,1,1,model.layers.1.mlp,28,0.004849926793557833,63.0,0.0012392162287625061,59.0,0.0009088600524817082,57.0,0.004849926793557833,0.004161648973939801,0.003184521646053618
math,1,1,model.layers.1.mlp,29,0.020307162030258664,13.0,0.005221648469909102,19.0,0.0028671883564786015,30.0,0.020307162030258664,0.017535816181790977,0.010046236887172207
math,1,1,model.layers.1.mlp,30,0.00741977794045876,55.0,0.002277000058622346,49.0,0.00170312720142294,44.0,0.00741977794045876,0.0076468292923257295,0.005967525389749958
math,1,1,model.layers.1.mlp,31,0.018789653489507077,15.0,0.006566045341286908,9.0,0.004422809646849868,17.0,0.018789653489507077,0.022050692383762976,0.015496921685917786
math,1,1,model.layers.1.mlp,32,0.020185151293313813,14.0,0.006493795086780137,10.0,0.004450957765807287,15.0,0.020185151293313813,0.02180805498880628,0.015595548855052165
math,1,1,model.layers.1.mlp,33,0.005406600780868716,59.0,0.0011609041615193386,62.0,0.0007805064911845019,61.0,0.005406600780868716,0.003898654246526421,0.002734788276011755
math,1,1,model.layers.1.mlp,34,0.024577537823328454,8.0,0.008255555956697627,6.0,0.004685517001429844,13.0,0.024577537823328454,0.027724561040329714,0.016417412420385684
math,1,1,model.layers.1.mlp,35,0.021862798926305514,11.0,0.0064249629797500304,11.0,0.006967501715734681,7.0,0.021862798926305514,0.021576896728490395,0.02441317557316601
math,1,1,model.layers.1.mlp,36,0.007427403611517814,54.0,0.0017754260128797583,55.0,0.0009411483357754559,55.0,0.007427403611517814,0.005962397581078735,0.00329765538626157
math,1,1,model.layers.1.mlp,37,0.018301610541727673,16.0,0.005471001955984627,15.0,0.006093130575601155,8.0,0.018301610541727673,0.01837321780338756,0.021349498371338687
math,1,1,model.layers.1.mlp,38,0.005116825280624695,62.0,0.0010382380934678501,63.0,0.0005944761617174858,63.0,0.005116825280624695,0.0034867058678697835,0.002082963378006215
math,1,1,model.layers.1.mlp,39,0.011255490483162519,36.0,0.00419643508218567,28.0,0.00346585163453902,22.0,0.011255490483162519,0.014092851068794342,0.012143871349678401
math,1,1,model.layers.1.mlp,40,0.014054111761835042,26.0,0.005170532643591386,20.0,0.005038014855808517,12.0,0.014054111761835042,0.017364154351345425,0.017652516817802173
math,1,1,model.layers.1.mlp,41,0.012849255734504636,30.5,0.003763693143473188,33.0,0.0031373586474743747,25.0,0.012849255734504636,0.012639577617863234,0.010992876732819906
math,1,1,model.layers.1.mlp,42,0.028764031234748657,7.0,0.007848349590310822,7.0,0.005763335320725855,9.0,0.028764031234748657,0.026357043477597587,0.02019394078571436
math,1,1,model.layers.1.mlp,43,0.0037670815031722793,64.0,0.0008310119718269583,64.0,0.0004980220689959625,64.0,0.0037670815031722793,0.0027907802041447806,0.0017450013944385239
math,1,1,model.layers.1.mlp,44,0.015380978526110298,22.0,0.004680508808603282,22.0,0.0031535679150850905,24.0,0.015380978526110298,0.01571851161140103,0.011049671795417335
math,1,1,model.layers.1.mlp,45,0.015716508052708637,21.0,0.004118208654803029,29.0,0.003073158854843204,27.0,0.015716508052708637,0.01383014394497218,0.010767929416951129
math,1,1,model.layers.1.mlp,46,0.009425329428989751,43.0,0.0026747115709073025,42.0,0.0018382229546349534,41.0,0.009425329428989751,0.0089824603699445,0.006440882480557107
math,1,1,model.layers.1.mlp,47,0.07115513665202537,1.0,0.019457175244116796,2.0,0.016153815386497784,4.0,0.07115513665202537,0.06534286068163177,0.05660076556802073
math,1,1,model.layers.1.mlp,48,0.031410139092240115,5.0,0.011237111424399097,5.0,0.007947392233548773,6.0,0.031410139092240115,0.03773749257310618,0.027846578280459573
math,1,1,model.layers.1.mlp,49,0.007236761835041483,56.0,0.0018739937688735358,54.0,0.0012684998044761406,52.0,0.007236761835041483,0.006293416810067276,0.00444465027848757
math,1,1,model.layers.1.mlp,50,0.00815946803318692,52.0,0.002324087088023121,48.0,0.0019029650942632894,40.0,0.00815946803318692,0.007804961249480047,0.006667730106322254
math,1,1,model.layers.1.mlp,51,0.009364324060517326,44.0,0.002474344085052922,45.0,0.0015931197107697278,46.0,0.009364324060517326,0.008309568002524909,0.005582074148652258
math,1,1,model.layers.1.mlp,52,0.009600719863347975,42.0,0.002274691505860328,50.0,0.0013554852430628255,48.0,0.009600719863347975,0.007639076499866795,0.004749435389588425
math,1,1,model.layers.1.mlp,53,0.012849255734504636,30.5,0.0053922058373558745,17.0,0.003925678003708918,20.0,0.012849255734504636,0.018108597490458594,0.013755040222212
math,1,1,model.layers.1.mlp,54,0.008250976085895558,51.0,0.002208019012704368,51.0,0.0013125303527272115,50.0,0.008250976085895558,0.007415170851851201,0.004598927313340486
math,1,1,model.layers.1.mlp,55,0.01242984382625671,32.0,0.003185735789085377,38.0,0.0021411261360832342,38.0,0.01242984382625671,0.01069862851225726,0.007502213909248072
math,1,1,model.layers.1.mlp,56,0.006367435334309419,57.0,0.0014563765742244693,57.0,0.0009085298931178863,58.0,0.006367435334309419,0.004890936654246151,0.0031833648126799135
math,1,1,model.layers.1.mlp,57,0.00904404587603709,49.0,0.0020508363573885128,52.0,0.001321058665949255,49.0,0.00904404587603709,0.0068873057214295375,0.004628809359521044
math,1,1,model.layers.1.mlp,58,0.009356698389458273,45.0,0.003241848515091203,36.0,0.002435712658528833,33.0,0.009356698389458273,0.010887071387025214,0.008534404899271314
math,1,1,model.layers.1.mlp,59,0.014435395314787701,24.0,0.004314819157210835,25.0,0.005206089354087924,10.0,0.014435395314787701,0.014490419267890053,0.018241426932686055
math,1,1,model.layers.1.mlp,60,0.022099194729136164,10.0,0.005593258442094467,14.0,0.003866182273847409,21.0,0.022099194729136164,0.018783790686607932,0.013546575300605658
math,1,1,model.layers.1.mlp,61,0.01223920204978038,34.0,0.0025729267349354867,44.0,0.0012000309650092161,53.0,0.01223920204978038,0.008640637249529315,0.00420474480484813
math,1,1,model.layers.1.mlp,62,0.01625030502684236,19.0,0.004851684272434724,21.0,0.003053781971209962,28.0,0.01625030502684236,0.016293368667727008,0.010700035459906117
math,1,1,model.layers.1.mlp,63,0.014115117130307468,25.0,0.003948645454432803,31.0,0.002276457822529382,35.0,0.014115117130307468,0.013260701338863493,0.007976397677923913
math,2,2,model.layers.2.mlp,0,0.012307833089311859,31.0,0.004377045824563812,24.0,0.004476925149094541,26.0,0.012307833089311859,0.013918869016705058,0.00747105607050517
math,2,2,model.layers.2.mlp,1,0.013604197169350903,26.0,0.0038645545583401966,29.0,0.004531950406228379,25.0,0.013604197169350903,0.0122891627964183,0.007562881769539699
math,2,2,model.layers.2.mlp,2,0.004018728648121034,63.0,0.0009697857806018179,62.0,0.0008549630904027973,60.0,0.004018728648121034,0.0030838884936291314,0.001426755412228312
math,2,2,model.layers.2.mlp,3,0.013375427037579306,27.0,0.0036024667973516044,35.0,0.003220360633394903,33.0,0.013375427037579306,0.011455731902090104,0.005374111484577066
math,2,2,model.layers.2.mlp,4,0.03931795998047828,4.0,0.010309989188228251,10.0,0.00950848616581463,11.0,0.03931795998047828,0.032785443613420465,0.015867683940347172
math,2,2,model.layers.2.mlp,5,0.018881161542215714,16.0,0.0039085287649844435,28.0,0.003584619611956219,31.0,0.018881161542215714,0.012428999400129388,0.005981983888601273
math,2,2,model.layers.2.mlp,6,0.015251342118106394,22.5,0.004899880896550146,21.0,0.005414390875587468,17.0,0.015251342118106394,0.015581468216255947,0.009035491207023379
math,2,2,model.layers.2.mlp,7,0.013848218643240606,25.0,0.003633252465474774,33.0,0.0028085417815076398,38.0,0.013848218643240606,0.011553629365213158,0.004686871552955007
math,2,2,model.layers.2.mlp,8,0.04165141532454856,3.0,0.011459089942883723,5.0,0.010196116759797232,6.0,0.04165141532454856,0.03643954812411298,0.01701519625121925
math,2,2,model.layers.2.mlp,9,0.024615666178623718,11.0,0.006072379950490331,16.0,0.005253073449845195,20.0,0.024615666178623718,0.019309978587890072,0.008766286006415139
math,2,2,model.layers.2.mlp,10,0.0078696925329429,49.0,0.0014593702458706992,58.0,0.000861765568551647,59.0,0.0078696925329429,0.004640751802312958,0.0014381073321233142
math,2,2,model.layers.2.mlp,11,0.00634455832113226,56.0,0.0018642084839403368,53.0,0.0020514159668336964,48.0,0.00634455832113226,0.005928124755326646,0.0034233861862184266
math,2,2,model.layers.2.mlp,12,0.018400744265495362,18.0,0.006440437730199945,15.0,0.007531325921430828,15.0,0.018400744265495362,0.020480390832058874,0.012568215096390148
math,2,2,model.layers.2.mlp,13,0.0103785383113714,35.5,0.0037392820597509455,31.0,0.0040894047847574895,28.0,0.0103785383113714,0.011890800163458452,0.006824365256161254
math,2,2,model.layers.2.mlp,14,0.030266288433382138,9.0,0.012560120671478466,3.0,0.011755565351367054,5.0,0.030266288433382138,0.039940791453272034,0.019617591305566947
math,2,2,model.layers.2.mlp,15,0.01249847486578819,30.0,0.004434439425005338,23.0,0.005251210706518475,21.0,0.01249847486578819,0.014101378873572348,0.008763177475587523
math,2,2,model.layers.2.mlp,16,0.02451653245485603,12.0,0.008123670571486854,12.0,0.00851343732223591,13.0,0.02451653245485603,0.025833018696041432,0.014207154569028225
math,2,2,model.layers.2.mlp,17,0.00558199121522694,59.0,0.0014531967289683992,59.0,0.0010485172386723446,58.0,0.00558199121522694,0.004621120211377058,0.0017497569917148763
math,2,2,model.layers.2.mlp,18,0.0076104197169350905,51.0,0.0022658221950875427,48.0,0.0023784240168972025,45.0,0.0076104197169350905,0.0072052438134365395,0.003969094545453589
math,2,2,model.layers.2.mlp,19,0.010058260126891167,40.0,0.0034913956217209616,37.0,0.002939959354162318,35.0,0.010058260126891167,0.011102529032598002,0.004906180123291807
math,2,2,model.layers.2.mlp,20,0.01949121522693997,15.0,0.005760650858173957,18.0,0.00826035308337549,14.0,0.01949121522693997,0.018318689810354748,0.013784809661280609
math,2,2,model.layers.2.mlp,21,0.0103785383113714,35.5,0.003618902203628294,34.0,0.003938039781806628,29.0,0.0103785383113714,0.011507995980733689,0.006571768577303047
math,2,2,model.layers.2.mlp,22,0.017173011224987798,21.0,0.005068018007068997,20.0,0.004876054208880229,24.0,0.017173011224987798,0.016116138976389548,0.008137119380862276
math,2,2,model.layers.2.mlp,23,0.013360175695461201,28.0,0.004173193168733223,25.0,0.004985194579639512,23.0,0.013360175695461201,0.013270623937960383,0.0083192519388889
math,2,2,model.layers.2.mlp,24,0.03706076134699854,5.0,0.010702614437492375,8.0,0.009659917547884308,8.0,0.03706076134699854,0.034033979643472906,0.016120391392135926
math,2,2,model.layers.2.mlp,25,0.007694302098584675,50.0,0.0024147685299040693,47.0,0.0025321110345449586,42.0,0.007694302098584675,0.00767888850620969,0.00422556618344542
math,2,2,model.layers.2.mlp,26,0.01226207906295754,32.0,0.005836207555991489,17.0,0.005081630031918682,22.0,0.01226207906295754,0.018558957749601604,0.008480182632873796
math,2,2,model.layers.2.mlp,27,0.006169167886774036,57.0,0.0016796285202004026,54.0,0.0013277981288366569,56.0,0.006169167886774036,0.005341166235498872,0.002215818656887048
math,2,2,model.layers.2.mlp,28,0.009867618350414836,42.0,0.002430012425077782,46.0,0.0019800434199926794,50.0,0.009867618350414836,0.007727363616759494,0.003304280263830637
math,2,2,model.layers.2.mlp,29,0.015251342118106394,22.5,0.004689832382984077,22.0,0.005365051368225081,19.0,0.015251342118106394,0.014913520503423613,0.008953153840701753
math,2,2,model.layers.2.mlp,30,0.018568509028794533,17.0,0.011079452164642052,7.0,0.30024848210049465,1.0,0.018568509028794533,0.03523231184628275,0.5010522110941582
math,2,2,model.layers.2.mlp,31,0.006802098584675452,53.0,0.0020299029966980844,50.0,0.001531614694781165,53.0,0.006802098584675452,0.006455028130867998,0.0025559460750497584
math,2,2,model.layers.2.mlp,32,0.03567288921425085,7.0,0.015282451728310685,2.0,0.015984238943075074,3.0,0.03567288921425085,0.04859771918921411,0.026674367207639986
math,2,2,model.layers.2.mlp,33,0.011179233772571986,33.0,0.0038139153364636713,30.0,0.004221319802525408,27.0,0.011179233772571986,0.012128131652432629,0.0070445039588342565
math,2,2,model.layers.2.mlp,34,0.0535550878477306,1.0,0.022482016076106105,1.0,0.02346064223057471,2.0,0.0535550878477306,0.07149210895592172,0.039150927861756786
math,2,2,model.layers.2.mlp,35,0.008426366520253782,48.0,0.002027661466435609,51.0,0.0017933378188351324,52.0,0.008426366520253782,0.006447900134641573,0.0029927074837479673
math,2,2,model.layers.2.mlp,36,0.010416666666666666,34.0,0.002735642469935792,41.0,0.002908817137270646,37.0,0.010416666666666666,0.008699257613864782,0.00485421024646584
math,2,2,model.layers.2.mlp,37,0.004926183504148365,60.0,0.0013182878843338215,60.0,0.0011328432353085254,57.0,0.004926183504148365,0.004192114298958759,0.001890479525170133
math,2,2,model.layers.2.mlp,38,0.024203879941434848,13.0,0.007276282768938354,13.0,0.0057866953289715355,16.0,0.024203879941434848,0.0231383519498459,0.009656789833625102
math,2,2,model.layers.2.mlp,39,0.009966752074182529,41.0,0.0036984876983627685,32.0,0.003478628116682092,32.0,0.009966752074182529,0.011761075368347642,0.005805106148228544
math,2,2,model.layers.2.mlp,40,0.020383418740849195,14.0,0.003928085371830104,27.0,0.0029138190396359167,36.0,0.020383418740849195,0.012491188799099884,0.004862557380220732
math,2,2,model.layers.2.mlp,41,0.008571254270375793,47.0,0.0022613391345625913,49.0,0.0019823471373428894,49.0,0.008571254270375793,0.00719098782098369,0.0033081246885017747
math,2,2,model.layers.2.mlp,42,0.00484230112249878,61.0,0.001062053421638604,61.0,0.00075489262148707,62.0,0.00484230112249878,0.00337729671039126,0.001259758632212378
math,2,2,model.layers.2.mlp,43,0.006359809663250366,55.0,0.0015392312775477368,57.0,0.0013756970270730469,55.0,0.006359809663250366,0.0048947073887985965,0.002295751946482445
math,2,2,model.layers.2.mlp,44,0.007221510492923377,52.0,0.002716042112291819,42.0,0.0024512200695273895,44.0,0.007221510492923377,0.008636929088722092,0.0040905760026590035
math,2,2,model.layers.2.mlp,45,0.03616093216203026,6.0,0.012063789274588977,4.0,0.014384889952463892,4.0,0.03616093216203026,0.03836247311275717,0.024005386693731093
math,2,2,model.layers.2.mlp,46,0.006771595900439239,54.0,0.0015946737785581381,56.0,0.0008527335337317276,61.0,0.006771595900439239,0.005071012810412321,0.0014230347462919385
math,2,2,model.layers.2.mlp,47,0.009669350902879454,43.0,0.0029144361578818936,39.0,0.002488405974159129,43.0,0.009669350902879454,0.009267815957387134,0.004152631536152203
math,2,2,model.layers.2.mlp,48,0.010165019521717911,38.0,0.003399366282904771,38.0,0.003776884802311237,30.0,0.010165019521717911,0.01080987860945463,0.006302834465662899
math,2,2,model.layers.2.mlp,49,0.010210773548072231,37.0,0.002644186545837909,44.0,0.0020940921071297756,47.0,0.010210773548072231,0.008408430631616542,0.0034946037800817585
math,2,2,model.layers.2.mlp,50,0.005711627623230844,58.0,0.0016196582769986885,55.0,0.0013946120745628315,54.0,0.005711627623230844,0.005150462735128781,0.002327317223020747
math,2,2,model.layers.2.mlp,51,0.0027757442654953637,64.0,0.000594355525942533,64.0,0.00043001631601509514,64.0,0.0027757442654953637,0.001890032009380064,0.0007176077109152943
math,2,2,model.layers.2.mlp,52,0.009135553928745729,45.0,0.0028707747229021778,40.0,0.0023323129408021506,46.0,0.009135553928745729,0.009128973957800664,0.003892144758824447
math,2,2,model.layers.2.mlp,53,0.010149768179599805,39.0,0.002661128344333364,43.0,0.002798619232626369,39.0,0.010149768179599805,0.008462305021699982,0.004670312884541867
math,2,2,model.layers.2.mlp,54,0.013314421669106881,29.0,0.003519537624584401,36.0,0.0031272635839549074,34.0,0.013314421669106881,0.01119201972276298,0.0052187518899442465
math,2,2,model.layers.2.mlp,55,0.004522022938018545,62.0,0.0008973344585964189,63.0,0.00047402341967483136,63.0,0.004522022938018545,0.00285349555247669,0.0007910464055534922
math,2,2,model.layers.2.mlp,56,0.009059297218155198,46.0,0.0026279298662266653,45.0,0.0026738734051345208,40.0,0.009059297218155198,0.008356734898187022,0.00446213806796231
math,2,2,model.layers.2.mlp,57,0.018110968765251343,20.0,0.005289735882499848,19.0,0.005413798829872414,18.0,0.018110968765251343,0.016821194895490343,0.009034503205976641
math,2,2,model.layers.2.mlp,58,0.01839311859443631,19.0,0.006529331905426428,14.0,0.009130922537487911,12.0,0.01839311859443631,0.020763071532905485,0.015237608845617747
math,2,2,model.layers.2.mlp,59,0.00932619570522206,44.0,0.0019623229071941534,52.0,0.0019669985165450222,51.0,0.00932619570522206,0.006240125556930208,0.0032825110356559197
math,2,2,model.layers.2.mlp,60,0.031806673987310886,8.0,0.01047607838903886,9.0,0.009905398179258352,7.0,0.031806673987310886,0.03331360208464288,0.01653004746190279
math,2,2,model.layers.2.mlp,61,0.0421013299170327,2.0,0.011210942861799963,6.0,0.009564144974106285,9.0,0.0421013299170327,0.035650448156482016,0.015960566904371837
math,2,2,model.layers.2.mlp,62,0.028405624694973156,10.0,0.008922534084366612,11.0,0.009533937851384304,10.0,0.028405624694973156,0.02837337971661775,0.015910157505047793
math,2,2,model.layers.2.mlp,63,0.014008357735480722,24.0,0.004116782564951653,26.0,0.002591747962385634,41.0,0.014008357735480722,0.013091239979770462,0.004325087800835086
math,3,3,model.layers.3.mlp,0,0.014397266959492436,26.0,0.0046390479456918775,27.0,0.005379648633961059,26.0,0.014397266959492436,0.013726815857283855,0.012330269873230552
math,3,3,model.layers.3.mlp,1,0.01135462420693021,36.0,0.004012138102332693,31.0,0.0048344586446350405,30.0,0.01135462420693021,0.011871806795154675,0.011080682742551388
math,3,3,model.layers.3.mlp,2,0.012124816983894582,33.0,0.004075876499397572,30.0,0.004748292839115512,31.0,0.012124816983894582,0.01206040696695513,0.010883188871075658
math,3,3,model.layers.3.mlp,3,0.0038585895558809176,61.0,0.0009698900378233285,60.0,0.0008448931211746571,58.0,0.0038585895558809176,0.002869878066981112,0.001936513126964012
math,3,3,model.layers.3.mlp,4,0.011560517325524646,34.0,0.003152567098756253,39.0,0.003991175200217465,37.0,0.011560517325524646,0.009328359730049009,0.009147859029185539
math,3,3,model.layers.3.mlp,5,0.005917520741825281,51.0,0.001641663997681796,50.0,0.0013785520181007112,52.0,0.005917520741825281,0.00485763882148228,0.003159670746926224
math,3,3,model.layers.3.mlp,6,0.012330710102489019,32.0,0.002507855334824152,43.0,0.0019012279280703633,47.0,0.012330710102489019,0.007420675272349203,0.004357655125585705
math,3,3,model.layers.3.mlp,7,0.011499511957052221,35.0,0.003832979514111304,35.0,0.0035051466233977434,39.0,0.011499511957052221,0.011341681437849457,0.008033871122901637
math,3,3,model.layers.3.mlp,8,0.003065519765739385,63.0,0.0008883311028245486,62.0,0.001123564986656604,56.0,0.003065519765739385,0.0026285474113486094,0.002575235010355677
math,3,3,model.layers.3.mlp,9,0.04402299902391411,2.0,0.017228438832109415,2.0,0.022234655280355245,4.0,0.04402299902391411,0.05097847880112254,0.05096230605365135
math,3,3,model.layers.3.mlp,10,0.008883906783796974,45.0,0.002499038152662122,44.0,0.0027284634281054374,43.0,0.008883906783796974,0.0073945854717402835,0.006253696606763064
math,3,3,model.layers.3.mlp,11,0.016967118106393363,20.0,0.005540079812179722,20.0,0.005690537094924437,24.0,0.016967118106393363,0.016392944480573775,0.01304283288337816
math,3,3,model.layers.3.mlp,12,0.019262445095168376,15.0,0.007041108264988256,15.0,0.007441467460537608,16.0,0.019262445095168376,0.02083444657528288,0.017056002777217163
math,3,3,model.layers.3.mlp,13,0.005254087359687652,54.0,0.00122615428829612,54.0,0.0008641222939056582,57.0,0.005254087359687652,0.003628156967786963,0.0019805868026526842
math,3,3,model.layers.3.mlp,14,0.006245424597364568,49.0,0.0012451663373329977,53.0,0.0005705192774015385,62.0,0.006245424597364568,0.003684413100349945,0.00130764240137033
math,3,3,model.layers.3.mlp,15,0.00953971449487555,42.0,0.0021013489812103463,47.0,0.001538433267731763,49.0,0.00953971449487555,0.006217834101877013,0.0035261219949083208
math,3,3,model.layers.3.mlp,16,0.008487371888726208,46.0,0.0017538373210826928,49.0,0.0012049415037322293,54.0,0.008487371888726208,0.005189556614195245,0.0027617517301562434
math,3,3,model.layers.3.mlp,17,0.0051473279648609075,55.0,0.001117905504590654,58.0,0.0008196602890807944,59.0,0.0051473279648609075,0.0033078517805815158,0.0018786789354483932
math,3,3,model.layers.3.mlp,18,0.011110602733040507,37.0,0.0031030002368724074,40.0,0.003509386089208171,38.0,0.011110602733040507,0.009181692742842112,0.008043588069326523
math,3,3,model.layers.3.mlp,19,0.03117374328940947,6.0,0.012392251650957784,6.0,0.01429338472508523,7.0,0.03117374328940947,0.0366683333436532,0.032760743880115635
math,3,3,model.layers.3.mlp,20,0.036336322596388484,4.0,0.012426738450444577,5.0,0.014641699753428971,6.0,0.036336322596388484,0.036770378839109205,0.03355908938418213
math,3,3,model.layers.3.mlp,21,0.0013268667642752563,64.0,0.00029557666992664105,64.0,0.0003385706364939407,64.0,0.0013268667642752563,0.0008746032736221385,0.0007760111492723835
math,3,3,model.layers.3.mlp,22,0.014206625183016106,27.0,0.003959376501303989,33.0,0.004062815519343387,36.0,0.014206625183016106,0.011715686662287958,0.009312060174786488
math,3,3,model.layers.3.mlp,23,0.009463457784285017,43.0,0.0018720389459702142,48.0,0.001499463924515416,50.0,0.009463457784285017,0.0055393119859562835,0.003436803425735094
math,3,3,model.layers.3.mlp,24,0.003980600292825769,59.0,0.0011838928788624023,56.0,0.0012784999249373023,53.0,0.003980600292825769,0.0035031066143616113,0.00293034920679841
math,3,3,model.layers.3.mlp,25,0.00462878233284529,57.0,0.0011947207360107064,55.0,0.0014020190975915598,51.0,0.00462878233284529,0.003535145947203983,0.003213457795662465
math,3,3,model.layers.3.mlp,26,0.004621156661786237,58.0,0.001057719300001525,59.0,0.0006493558341479533,60.0,0.004621156661786237,0.00312976244906016,0.00148833747770356
math,3,3,model.layers.3.mlp,27,0.005719253294289898,52.0,0.001559330580466081,51.0,0.00213214096053253,46.0,0.005719253294289898,0.004614016494174669,0.0048869127409493585
math,3,3,model.layers.3.mlp,28,0.01374145924841386,28.0,0.004850611912442045,25.0,0.00746208545695054,15.0,0.01374145924841386,0.01435282784241822,0.017103259666526226
math,3,3,model.layers.3.mlp,29,0.029511346998535873,8.0,0.012742876133841965,4.0,0.016430373451312964,5.0,0.029511346998535873,0.037705821588644536,0.03765876780385241
math,3,3,model.layers.3.mlp,30,0.024806307955100047,12.0,0.00804747343645147,11.0,0.009464099774161685,9.0,0.024806307955100047,0.02381225356403974,0.021691919354344693
math,3,3,model.layers.3.mlp,31,0.042833394338701807,3.0,0.016015651808999817,3.0,0.027632545310733028,3.0,0.042833394338701807,0.04738987520503576,0.0633343855981052
math,3,3,model.layers.3.mlp,32,0.01488530990727184,25.0,0.004648591204932284,26.0,0.0053827594902062775,25.0,0.01488530990727184,0.013755054100088187,0.01233740002236301
math,3,3,model.layers.3.mlp,33,0.015708882381649584,23.0,0.005683046250648182,19.0,0.008597480195900358,12.0,0.015708882381649584,0.01681597825767684,0.01970560872246993
math,3,3,model.layers.3.mlp,34,0.009699853587115666,41.0,0.004396631288318997,28.0,0.006428915072094309,22.0,0.009699853587115666,0.01300951160532284,0.014735211019280872
math,3,3,model.layers.3.mlp,35,0.032531112737920934,5.0,0.007512827510656875,14.0,0.00722169593565635,17.0,0.032531112737920934,0.022230250907860058,0.0165522817358223
math,3,3,model.layers.3.mlp,36,0.025484992679355785,11.0,0.007831385450982187,12.0,0.006417703934344738,23.0,0.025484992679355785,0.023172855131380104,0.014709514851474391
math,3,3,model.layers.3.mlp,37,0.01676885065885798,21.0,0.004886640229418314,24.0,0.004975937059619125,28.0,0.01676885065885798,0.01445943464591987,0.011404954299429296
math,3,3,model.layers.3.mlp,38,0.022030563689604685,13.0,0.007699418149383084,13.0,0.008092317154759195,14.0,0.022030563689604685,0.022782367499124483,0.018547764214200232
math,3,3,model.layers.3.mlp,39,0.0061539165446559295,50.0,0.004376725605954887,29.0,0.04319445408513454,2.0,0.0061539165446559295,0.012950611236211657,0.09900261376446431
math,3,3,model.layers.3.mlp,40,0.012826378721327476,29.0,0.004989914454268851,23.0,0.004875333063402602,29.0,0.012826378721327476,0.014765020249673662,0.011174367785684841
math,3,3,model.layers.3.mlp,41,0.0072596388482186434,48.0,0.002307383591748261,45.0,0.003308138001042933,41.0,0.0072596388482186434,0.006827484873369385,0.0075823231415607885
math,3,3,model.layers.3.mlp,42,0.01917856271351879,16.0,0.006840688650523121,16.0,0.007173805545311896,18.0,0.01917856271351879,0.02024141042343504,0.016442515935588858
math,3,3,model.layers.3.mlp,43,0.012628111273792094,30.0,0.002594068610068936,41.0,0.0024357804508807965,44.0,0.012628111273792094,0.0076757779933369205,0.0055828609552117485
math,3,3,model.layers.3.mlp,44,0.028207357247437774,9.0,0.008365048380116825,10.0,0.008188200650010358,13.0,0.028207357247437774,0.024751949127356766,0.018767531238643415
math,3,3,model.layers.3.mlp,45,0.008144216691068814,47.0,0.0021937730080793987,46.0,0.002415396347678307,45.0,0.008144216691068814,0.0064913142668747295,0.0055361401541498
math,3,3,model.layers.3.mlp,46,0.009783735968765252,40.0,0.0034485310097913616,37.0,0.004541693793690644,32.0,0.009783735968765252,0.010204108839508702,0.010409659434681081
math,3,3,model.layers.3.mlp,47,0.010492923377257199,39.0,0.0035873420532881893,36.0,0.004399598951452844,34.0,0.010492923377257199,0.010614846916662632,0.01008397501333698
math,3,3,model.layers.3.mlp,48,0.009265190336749635,44.0,0.0025358260579665384,42.0,0.0030005569876571177,42.0,0.009265190336749635,0.007503439876307903,0.00687734087208934
math,3,3,model.layers.3.mlp,49,0.015373352855051245,24.0,0.005282787883380612,22.0,0.006849095012616274,20.0,0.015373352855051245,0.015631624707737494,0.01569827244103381
math,3,3,model.layers.3.mlp,50,0.01242984382625671,31.0,0.00389117738454734,34.0,0.0042278864819796464,35.0,0.01242984382625671,0.011513887343051064,0.009690406356113275
math,3,3,model.layers.3.mlp,51,0.015853770131771597,22.0,0.0040038533766948055,32.0,0.003496862055252912,40.0,0.015853770131771597,0.011847292518822392,0.008014882715301172
math,3,3,model.layers.3.mlp,52,0.08952537823328453,1.0,0.0399499523633861,1.0,0.05769771829123844,1.0,0.08952537823328453,0.11821081524038347,0.13224440590960543
math,3,3,model.layers.3.mlp,53,0.0032637872132747683,62.0,0.0008381312506672462,63.0,0.0006351626320812977,61.0,0.0032637872132747683,0.002480007423253403,0.0014558063546219581
math,3,3,model.layers.3.mlp,54,0.01906417764763299,17.0,0.005293019984977428,21.0,0.005190024191487295,27.0,0.01906417764763299,0.015661901216214396,0.011895646590307923
math,3,3,model.layers.3.mlp,55,0.005322718399219131,53.0,0.0009156353244437073,61.0,0.000494365303289907,63.0,0.005322718399219131,0.0027093398555484423,0.0011330958618830402
math,3,3,model.layers.3.mlp,56,0.01848462664714495,19.0,0.006577252992599286,17.0,0.009159479419332182,11.0,0.01848462664714495,0.019461911524329873,0.020993722977686275
math,3,3,model.layers.3.mlp,57,0.010607308443142997,38.0,0.0033326416611380552,38.0,0.004525006680784355,33.0,0.010607308443142997,0.009861195429816134,0.010371412214548395
math,3,3,model.layers.3.mlp,58,0.0038890922401171304,60.0,0.0011377292705664348,57.0,0.0015620476870332595,48.0,0.0038890922401171304,0.003366509761342447,0.0035802467496458216
math,3,3,model.layers.3.mlp,59,0.021443387018057588,14.0,0.008407093828163128,9.0,0.012536559332109417,8.0,0.021443387018057588,0.024876360456949638,0.02873406245732052
math,3,3,model.layers.3.mlp,60,0.004872803806734992,56.0,0.0013151378268553258,52.0,0.0011634473010691737,55.0,0.004872803806734992,0.0038914568220741043,0.0026666461290617573
math,3,3,model.layers.3.mlp,61,0.029823999511957053,7.0,0.011907105564547493,7.0,0.006915513138805383,19.0,0.029823999511957053,0.0352327993569393,0.015850504208591274
math,3,3,model.layers.3.mlp,62,0.0268347364568082,10.0,0.008855563713434907,8.0,0.009167672399924172,10.0,0.0268347364568082,0.026203370568664446,0.0210125014646543
math,3,3,model.layers.3.mlp,63,0.018782027818448024,18.0,0.006175527577286176,18.0,0.00642929108437967,21.0,0.018782027818448024,0.01827321701939056,0.014736072847491155
math,4,4,model.layers.4.mlp,0,0.00010675939482674476,64.0,2.3502556506222547e-05,64.0,3.7021765334503485e-05,64.0,0.00010675939482674476,7.267532732739454e-05,7.00088613102241e-05
math,4,4,model.layers.4.mlp,1,0.007267264519277696,45.0,0.002178998270402483,44.0,0.003285883697228876,42.0,0.007267264519277696,0.006737965399866167,0.006213668472109015
math,4,4,model.layers.4.mlp,2,0.014473523670082967,23.0,0.004435556466664379,23.0,0.005330417790664237,28.0,0.014473523670082967,0.013715763985446789,0.010079921269566562
math,4,4,model.layers.4.mlp,3,0.00018301610541727673,63.0,5.143604492664104e-05,63.0,6.454212219704791e-05,62.0,0.00018301610541727673,0.000159052118457007,0.00012205037876325958
math,4,4,model.layers.4.mlp,4,0.0160977916056613,18.0,0.0032450953828468154,35.0,0.003165579038927138,44.0,0.0160977916056613,0.010034583646020312,0.005986170078612074
math,4,4,model.layers.4.mlp,5,0.010454795021961933,37.0,0.0032951537430606394,32.0,0.00539951682228935,27.0,0.010454795021961933,0.01018937564547999,0.010210588850596385
math,4,4,model.layers.4.mlp,6,0.02980112249877989,8.0,0.013743704502148534,5.0,0.022110786676232324,6.0,0.02980112249877989,0.04249870532680904,0.04181191750015342
math,4,4,model.layers.4.mlp,7,0.013413555392874574,26.0,0.0050700398524718615,18.0,0.0065370008074203505,24.0,0.013413555392874574,0.0156777330050785,0.01236159266789464
math,4,4,model.layers.4.mlp,8,0.038151232308443146,5.0,0.01192768891885142,6.0,0.01832242204233633,7.0,0.038151232308443146,0.036883166144387594,0.034648048034431216
math,4,4,model.layers.4.mlp,9,0.01731789897510981,14.0,0.0059303071453491035,11.0,0.010700701770116791,11.0,0.01731789897510981,0.018337877959196672,0.020235230259211597
math,4,4,model.layers.4.mlp,10,0.008403489507076622,44.0,0.0027573949945095167,39.0,0.0051502739267924634,31.0,0.008403489507076622,0.008526501520966106,0.009739265801958889
math,4,4,model.layers.4.mlp,11,0.015426732552464618,21.0,0.0036702786729997865,27.0,0.003771925209387373,39.0,0.015426732552464618,0.011349348479276836,0.007132782201783143
math,4,4,model.layers.4.mlp,12,0.0031875305026842363,56.0,0.0007667671825433138,55.0,0.0006518626078011504,58.0,0.0031875305026842363,0.002371021040221119,0.0012326845705636794
math,4,4,model.layers.4.mlp,13,0.005139702293801855,52.0,0.001298151346693509,51.0,0.002129728087710863,50.0,0.005139702293801855,0.004014183478996013,0.0040273562585110105
math,4,4,model.layers.4.mlp,14,0.011270741825280624,34.0,0.008992974731385737,8.0,0.03816119498123718,4.0,0.011270741825280624,0.027808352766959955,0.07216354441056218
math,4,4,model.layers.4.mlp,15,0.0026461078574914593,57.0,0.0006534917113721633,59.0,0.0006426089342589013,59.0,0.0026461078574914593,0.002020747147959713,0.001215185698163188
math,4,4,model.layers.4.mlp,16,0.004384760858955588,53.0,0.0009093165921257321,53.0,0.0007270432516874308,57.0,0.004384760858955588,0.002811816704258187,0.0013748525958723662
math,4,4,model.layers.4.mlp,17,0.11580344070278184,1.0,0.04297225006386499,1.0,0.0639753374836979,1.0,0.11580344070278184,0.13288011193842622,0.12097857810677667
math,4,4,model.layers.4.mlp,18,0.009135553928745729,41.0,0.002163799056895132,46.0,0.002750191378478541,47.0,0.009135553928745729,0.006690965924874022,0.005200664124274948
math,4,4,model.layers.4.mlp,19,0.005528611517813567,51.0,0.0011083883096556248,52.0,0.0014626873772329546,52.0,0.005528611517813567,0.0034273923855369925,0.002765969607545477
math,4,4,model.layers.4.mlp,20,0.0022648243045387995,60.0,0.0006808890197962421,57.0,0.0011337307711773207,54.0,0.0022648243045387995,0.0021054659468309057,0.0021439064184363517
math,4,4,model.layers.4.mlp,21,0.08271565397755003,2.0,0.031848328470776524,2.0,0.05589910739511906,2.0,0.08271565397755003,0.09848237981392584,0.10570627363744262
math,4,4,model.layers.4.mlp,22,0.006824975597852611,46.0,0.0018096223815352,49.0,0.0028876001072121195,45.0,0.006824975597852611,0.005595769927506822,0.005460506639773739
math,4,4,model.layers.4.mlp,23,0.02211444607125427,10.0,0.0059233516992854745,12.0,0.0102990716113993,12.0,0.02211444607125427,0.018316370115177727,0.01947574000191014
math,4,4,model.layers.4.mlp,24,0.011697779404587603,33.0,0.003270630955172493,34.0,0.004876052199877897,34.0,0.011697779404587603,0.010113545527327546,0.00922070730874949
math,4,4,model.layers.4.mlp,25,0.023502318204001952,9.0,0.005594051541672386,13.0,0.0066650973213859275,23.0,0.023502318204001952,0.017298098050300123,0.012603825608423314
math,4,4,model.layers.4.mlp,26,0.01216294533918985,31.0,0.002931407744154923,38.0,0.004387034985962701,36.0,0.01216294533918985,0.00906458909183405,0.008295966470543313
math,4,4,model.layers.4.mlp,27,0.013688079551000489,25.0,0.0044823307244006225,22.0,0.009081606961797656,13.0,0.013688079551000489,0.013860400782323647,0.01717349122922327
math,4,4,model.layers.4.mlp,28,0.009097425573450463,42.0,0.0024819846500007624,41.0,0.0025808608873936828,48.0,0.009097425573450463,0.007674869191894804,0.004880456949958933
math,4,4,model.layers.4.mlp,29,0.012483223523670083,30.0,0.0034438766695453573,30.0,0.005070501197131306,32.0,0.012483223523670083,0.01064926124815914,0.009588414055243799
math,4,4,model.layers.4.mlp,30,0.004018728648121034,54.0,0.0008920694689101391,54.0,0.0012759173208490384,53.0,0.004018728648121034,0.0027584846199456884,0.002412783884062481
math,4,4,model.layers.4.mlp,31,0.018408369936554418,12.0,0.004767072090234565,20.0,0.006867179994799993,21.0,0.018408369936554418,0.014740886782225503,0.012985967781504924
math,4,4,model.layers.4.mlp,32,0.002318204001952172,59.0,0.0005153211050931857,60.0,0.00046991720256337003,60.0,0.002318204001952172,0.001593491754033072,0.0008886223540206736
math,4,4,model.layers.4.mlp,33,0.008510248901903368,43.0,0.002419102651541148,43.0,0.003939113538328644,38.0,0.008510248901903368,0.007480423544254588,0.007448938506804855
math,4,4,model.layers.4.mlp,34,0.05292978282088824,3.0,0.022126696294781752,3.0,0.0411842319807115,3.0,0.05292978282088824,0.06842085010927897,0.07788016478562113
math,4,4,model.layers.4.mlp,35,0.010416666666666666,38.0,0.0032921675183588033,33.0,0.005200379915588175,30.0,0.010416666666666666,0.010180141549707403,0.0098340171783105
math,4,4,model.layers.4.mlp,36,0.010317532942898975,40.0,0.003100334230779496,37.0,0.00494911939086617,33.0,0.010317532942898975,0.009586948763917262,0.009358878754492471
math,4,4,model.layers.4.mlp,37,0.006031905807711078,49.0,0.0018867503846197841,48.0,0.002783645913591213,46.0,0.006031905807711078,0.005834267508346437,0.005263927285492122
math,4,4,model.layers.4.mlp,38,0.010630185456320156,36.0,0.0027194006842133356,40.0,0.004457918445731065,35.0,0.010630185456320156,0.00840901434732087,0.008430008439079246
math,4,4,model.layers.4.mlp,39,0.013993106393362617,24.0,0.0039460985994501895,25.0,0.007015049323010526,20.0,0.013993106393362617,0.01220224733021221,0.01326559148926689
math,4,4,model.layers.4.mlp,40,0.0103785383113714,39.0,0.0033108444548979685,31.0,0.005841419479835609,26.0,0.0103785383113714,0.01023789494670902,0.011046235167978848
math,4,4,model.layers.4.mlp,41,0.012917886774036115,28.0,0.005463376284925573,14.0,0.007609624206554372,17.0,0.012917886774036115,0.016894020006485974,0.014389943885336173
math,4,4,model.layers.4.mlp,42,0.016585834553440704,16.0,0.004957624503378172,19.0,0.007809538210584456,16.0,0.016585834553440704,0.015330118808731641,0.014767985063428508
math,4,4,model.layers.4.mlp,43,0.030266288433382138,7.0,0.007510459382339708,9.0,0.011460878165859662,10.0,0.030266288433382138,0.023224073255440396,0.02167273825970853
math,4,4,model.layers.4.mlp,44,0.0025698511469009274,58.0,0.000656656662739446,58.0,0.0009726488119852127,55.0,0.0025698511469009274,0.00203053390781844,0.0018392973745734599
math,4,4,model.layers.4.mlp,45,0.01621980234260615,17.0,0.005320037499237433,15.0,0.008125806927295531,15.0,0.01621980234260615,0.016450783409401787,0.015366055212837423
math,4,4,model.layers.4.mlp,46,0.016692593948267446,15.0,0.003613760088524509,28.0,0.005284507578383611,29.0,0.016692593948267446,0.011174579975870225,0.009993104186284966
math,4,4,model.layers.4.mlp,47,0.012559480234260616,29.0,0.0024486335095339953,42.0,0.0024105076668552213,49.0,0.012559480234260616,0.007571739770654076,0.0045583157748239865
math,4,4,model.layers.4.mlp,48,0.01304752318204002,27.0,0.0036752606787991094,26.0,0.007303140701143377,19.0,0.01304752318204002,0.011364753990677984,0.01381037775632199
math,4,4,model.layers.4.mlp,49,0.03362158369936554,6.0,0.009699391876563263,7.0,0.012810723256004321,9.0,0.03362158369936554,0.02999275756742784,0.024225320959436015
math,4,4,model.layers.4.mlp,50,0.0062530502684236215,48.0,0.0019328544173606028,47.0,0.0031814683076919668,43.0,0.0062530502684236215,0.005976831814900271,0.0060162169875918855
math,4,4,model.layers.4.mlp,51,0.012010431918008786,32.0,0.003122295269796242,36.0,0.004122729172994664,37.0,0.012010431918008786,0.0096548573635017,0.007796159158915192
math,4,4,model.layers.4.mlp,52,0.042566495851634946,4.0,0.014862008418264244,4.0,0.02237336983356085,5.0,0.042566495851634946,0.04595675905529167,0.042308467237253095
math,4,4,model.layers.4.mlp,53,0.00093033186920449,61.0,0.00022254448625854076,61.0,0.0003305789371411529,61.0,0.00093033186920449,0.0006881588979251769,0.0006251310480007571
math,4,4,model.layers.4.mlp,54,0.00039653489507076624,62.0,7.076086562805027e-05,62.0,6.452661719884071e-05,63.0,0.00039653489507076624,0.00021880892277088178,0.00012202105851720172
math,4,4,model.layers.4.mlp,55,0.0034620546608101514,55.0,0.0007320942094466813,56.0,0.0008708354703383861,56.0,0.0034620546608101514,0.0022638042075099818,0.0016467664120307268
math,4,4,model.layers.4.mlp,56,0.005742130307467057,50.0,0.0013532177770120334,50.0,0.0020274199989994534,51.0,0.005742130307467057,0.004184461586702736,0.003833889719873645
math,4,4,model.layers.4.mlp,57,0.006550451439726696,47.0,0.0021668374102077233,45.0,0.0033345909305362294,41.0,0.006550451439726696,0.0067003612143384,0.006305774775269044
math,4,4,model.layers.4.mlp,58,0.015952903855539286,19.0,0.005277254803696163,16.0,0.008439039366966111,14.0,0.015952903855539286,0.016318489443782055,0.015958383704702272
math,4,4,model.layers.4.mlp,59,0.015708882381649584,20.0,0.004575797323484779,21.0,0.006437204203674303,25.0,0.015708882381649584,0.014149421071704549,0.012172875395021189
math,4,4,model.layers.4.mlp,60,0.011072474377745242,35.0,0.003484931673987311,29.0,0.0068388607102074,22.0,0.011072474377745242,0.010776212794279521,0.012932415476542312
math,4,4,model.layers.4.mlp,61,0.017897449975597852,13.0,0.005171895434415416,17.0,0.007336154856467724,18.0,0.017897449975597852,0.015992693965002594,0.013872808150996398
math,4,4,model.layers.4.mlp,62,0.01951409224011713,11.0,0.006306079959450494,10.0,0.014662824240238159,8.0,0.01951409224011713,0.019499854200305776,0.027727679092988136
math,4,4,model.layers.4.mlp,63,0.01476329917032699,22.0,0.004130734415273075,24.0,0.0037671592142914725,40.0,0.01476329917032699,0.012773183872700091,0.007123769614548056
math,5,5,model.layers.5.mlp,0,0.11537640312347487,1.0,0.05700003687726864,1.0,0.12047722800409812,1.0,0.11537640312347487,0.1736285801795022,0.1984893524000979
math,5,5,model.layers.5.mlp,1,0.008304355783308931,40.0,0.00235030777923301,40.0,0.003899317933132862,43.0,0.008304355783308931,0.007159304187324257,0.006424227251670356
math,5,5,model.layers.5.mlp,2,0.009890495363591996,35.0,0.002898432674380033,34.0,0.004180848758473171,41.0,0.009890495363591996,0.00882895481422358,0.006888056575503754
math,5,5,model.layers.5.mlp,3,0.0002592728160078087,64.0,6.181708541132869e-05,64.0,0.00011667370293498505,64.0,0.0002592728160078087,0.00018830185660957663,0.0001922229463720632
math,5,5,model.layers.5.mlp,4,0.009676976573938506,37.0,0.0029216001183885432,33.0,0.006678011740174685,23.0,0.009676976573938506,0.008899525477506606,0.01100219724164334
math,5,5,model.layers.5.mlp,5,0.002058931185944363,56.0,0.0004502571519262445,56.0,0.0003147931523648808,63.0,0.002058931185944363,0.0013715343758978705,0.0005186298687978208
math,5,5,model.layers.5.mlp,6,0.044930453879941434,4.0,0.018374046969844283,3.0,0.041297030251104115,3.0,0.044930453879941434,0.05596943199168015,0.06803792655579759
math,5,5,model.layers.5.mlp,7,0.010149768179599805,34.0,0.0027092207112272755,38.0,0.005636485814393701,31.0,0.010149768179599805,0.008252593704389088,0.009286256312880041
math,5,5,model.layers.5.mlp,8,0.016448572474377744,18.0,0.004362457260496736,24.0,0.012419020805258819,13.0,0.016448572474377744,0.013288539827872913,0.020460658316236453
math,5,5,model.layers.5.mlp,9,0.007930697901415325,41.0,0.0020050674371454064,43.0,0.0038742122182185298,44.0,0.007930697901415325,0.006107662930557606,0.006382864936339547
math,5,5,model.layers.5.mlp,10,0.06645009760858955,2.0,0.022459455558065673,2.0,0.04551134000701867,2.0,0.06645009760858955,0.06841405012681169,0.07498111099092122
math,5,5,model.layers.5.mlp,11,0.009882869692532943,36.0,0.0027367446177060458,37.0,0.00551341748896399,32.0,0.009882869692532943,0.008336434646688689,0.009083498060385413
math,5,5,model.layers.5.mlp,12,0.004621156661786237,51.0,0.001201527243186463,51.0,0.002123961579056867,51.0,0.004621156661786237,0.003659988321247096,0.003499281692763934
math,5,5,model.layers.5.mlp,13,0.005696376281112738,47.0,0.0015973770193730174,48.0,0.0029961279488412737,47.0,0.005696376281112738,0.004865791656982387,0.00493619836815227
math,5,5,model.layers.5.mlp,14,0.026583089311859445,10.0,0.00960614123886652,9.0,0.01954406754033283,7.0,0.026583089311859445,0.029261396232066465,0.03219935728611287
math,5,5,model.layers.5.mlp,15,0.012483223523670083,27.0,0.0028098214830405074,35.0,0.00432859212473733,40.0,0.012483223523670083,0.008559035070602648,0.007131467596632045
math,5,5,model.layers.5.mlp,16,0.007915446559297218,42.0,0.0024134653146351878,39.0,0.0048277536382114175,36.0,0.007915446559297218,0.007351689206708164,0.007953849113819295
math,5,5,model.layers.5.mlp,17,0.03214220351390922,8.0,0.011065749786957815,6.0,0.017759077720027716,8.0,0.03214220351390922,0.03370752949279814,0.029258540342174906
math,5,5,model.layers.5.mlp,18,0.008639885309907272,39.0,0.0021834366492610724,41.0,0.004689314179013362,37.0,0.008639885309907272,0.0066509957903952855,0.0077257665204688965
math,5,5,model.layers.5.mlp,19,0.05055057345046364,3.0,0.01752181865343994,4.0,0.028060826013412865,4.0,0.05055057345046364,0.05337344783671087,0.04623093737701769
math,5,5,model.layers.5.mlp,20,0.011484260614934114,30.0,0.003525748376208669,28.0,0.00610509295948986,26.0,0.011484260614934114,0.01073982962413534,0.010058298717084689
math,5,5,model.layers.5.mlp,21,0.03735816251830161,6.0,0.010981279096701135,7.0,0.01984991120849952,6.0,0.03735816251830161,0.033450222185302365,0.03270324264798401
math,5,5,model.layers.5.mlp,22,0.0159834065397755,21.0,0.005391207946807131,17.0,0.011506489700314591,15.0,0.0159834065397755,0.016422231151746344,0.01895723969459316
math,5,5,model.layers.5.mlp,23,0.01140037823328453,32.0,0.0033737339003019765,29.0,0.006351359384798019,25.0,0.01140037823328453,0.010276776281288539,0.010464029028838216
math,5,5,model.layers.5.mlp,24,0.00651232308443143,46.0,0.0017152621491238105,46.0,0.0033359683690099033,46.0,0.00651232308443143,0.005224883138747187,0.0054960942591529656
math,5,5,model.layers.5.mlp,25,0.001471754514397267,63.0,0.0003761972899318265,62.0,0.0005118365415675123,60.0,0.001471754514397267,0.0011459396326160684,0.0008432639541389973
math,5,5,model.layers.5.mlp,26,0.00224194729136164,55.0,0.0005587144500747316,55.0,0.0004906492440049069,61.0,0.00224194729136164,0.0017019076128165398,0.0008083573328464932
math,5,5,model.layers.5.mlp,27,0.004773670082967301,50.0,0.0016864126865429783,47.0,0.004517360347227215,38.0,0.004773670082967301,0.005137004402148524,0.007442468130562493
math,5,5,model.layers.5.mlp,28,0.0031265251342118107,54.0,0.0009085272160200097,54.0,0.0011844939664515301,53.0,0.0031265251342118107,0.002767476991491188,0.0019514844773386563
math,5,5,model.layers.5.mlp,29,0.0016090165934602245,62.0,0.00043694201535047583,58.0,0.000792262675386084,57.0,0.0016090165934602245,0.00133097495900618,0.0013052732700888805
math,5,5,model.layers.5.mlp,30,0.01564787701317716,22.0,0.004747360028424689,20.0,0.008037045281680403,18.0,0.01564787701317716,0.014460997334284499,0.013241240187869706
math,5,5,model.layers.5.mlp,31,0.017020497803806735,17.0,0.004574732410436494,22.0,0.005372442505079226,33.0,0.017020497803806735,0.013935154021663537,0.008851238124466658
math,5,5,model.layers.5.mlp,32,0.039683992191312835,5.0,0.012162826188079552,5.0,0.021730943834077313,5.0,0.039683992191312835,0.037049348696974294,0.03580229260024297
math,5,5,model.layers.5.mlp,33,0.02650683260126891,11.0,0.0070940783804599805,10.0,0.012706489650838954,12.0,0.02650683260126891,0.0216093677190686,0.02093427068215563
math,5,5,model.layers.5.mlp,34,0.007465531966813079,44.0,0.0019752871065153734,44.0,0.0043743046011053945,39.0,0.007465531966813079,0.006016948664254546,0.00720678008498539
math,5,5,model.layers.5.mlp,35,0.018690519765739384,15.0,0.007048123286607034,11.0,0.011561354623153886,14.0,0.018690519765739384,0.021469383288621944,0.019047631075472898
math,5,5,model.layers.5.mlp,36,0.004544899951195705,52.0,0.0010812441973409284,52.0,0.001971590609720141,52.0,0.004544899951195705,0.003293592514963771,0.0032482465757608017
math,5,5,model.layers.5.mlp,37,0.011995180575890678,28.0,0.0038804537846205468,26.0,0.006957805502669783,22.0,0.011995180575890678,0.011820302546936296,0.011463164709465143
math,5,5,model.layers.5.mlp,38,0.01631893606637384,20.0,0.003618753264740422,27.0,0.005316778078626181,34.0,0.01631893606637384,0.011023133067961023,0.008759529540683406
math,5,5,model.layers.5.mlp,39,0.013893972669594924,24.5,0.004059709183119052,25.0,0.005296724777997791,35.0,0.013893972669594924,0.012366334831052561,0.008726491208700218
math,5,5,model.layers.5.mlp,40,0.011789287457296242,29.0,0.002790697729837726,36.0,0.0038274537111514803,45.0,0.011789287457296242,0.008500781948355522,0.006305829085326953
math,5,5,model.layers.5.mlp,41,0.009005917520741825,38.0,0.0031611161909201133,32.0,0.005677199497520778,30.0,0.009005917520741825,0.009629118612566696,0.009353333159945625
math,5,5,model.layers.5.mlp,42,0.027376159102000978,9.0,0.005256328889950128,19.0,0.007474242639125645,21.0,0.027376159102000978,0.01601137423969808,0.012314008262796217
math,5,5,model.layers.5.mlp,43,0.006763970229380185,45.0,0.0019353119090104929,45.0,0.0022947543413524203,49.0,0.006763970229380185,0.005895179676628934,0.0037806671906234555
math,5,5,model.layers.5.mlp,44,0.0017691556857003417,58.0,0.00035405007730524035,63.0,0.00046870936774828266,62.0,0.0017691556857003417,0.001078476709889062,0.0007722108186706566
math,5,5,model.layers.5.mlp,45,0.011461383601756955,31.0,0.003194783826523609,31.0,0.0063969197416229905,24.0,0.011461383601756955,0.009731674050915316,0.010539090896305805
math,5,5,model.layers.5.mlp,46,0.001822535383113714,57.0,0.0003885666645696071,60.0,0.000670622740160872,59.0,0.001822535383113714,0.0011836181513280918,0.0011048683274384663
math,5,5,model.layers.5.mlp,47,0.004880429477794046,49.0,0.0013350062744974683,50.0,0.0022270132075284327,50.0,0.004880429477794046,0.004066580596619949,0.003669061918769805
math,5,5,model.layers.5.mlp,48,0.0017310273304050757,59.0,0.0004385431083951013,57.0,0.0009593156694987741,55.0,0.0017310273304050757,0.0013358520700977423,0.001580497403041187
math,5,5,model.layers.5.mlp,49,0.0016547706198145437,60.0,0.000407519138051336,59.0,0.0007057786493513527,58.0,0.0016547706198145437,0.0012413495361096088,0.0011627885980477618
math,5,5,model.layers.5.mlp,50,0.00784681551976574,43.0,0.0020884061918542583,42.0,0.00392642344078599,42.0,0.00784681551976574,0.006361522233932834,0.006468884277314757
math,5,5,model.layers.5.mlp,51,0.01641044411908248,19.0,0.005935959376143851,14.0,0.007629135168139792,20.0,0.01641044411908248,0.018081605818996933,0.012569197714653339
math,5,5,model.layers.5.mlp,52,0.02256436066373841,12.0,0.006654820365403093,12.0,0.01329401712873728,11.0,0.02256436066373841,0.02027133796215788,0.02190223741360578
math,5,5,model.layers.5.mlp,53,0.018431246949731576,16.0,0.005464374175474317,15.0,0.007815308928882395,19.0,0.018431246949731576,0.016645103786511926,0.012875923805682202
math,5,5,model.layers.5.mlp,54,0.013893972669594924,24.5,0.004581203805114537,21.0,0.009052531149196531,17.0,0.013893972669594924,0.013954866624168503,0.014914279446441225
math,5,5,model.layers.5.mlp,55,0.0353068570034163,7.0,0.01039022256712497,8.0,0.01596720963934679,9.0,0.0353068570034163,0.031649796928436266,0.026306391286183468
math,5,5,model.layers.5.mlp,56,0.01111822840409956,33.0,0.0033510579546234443,30.0,0.005857298481098584,29.0,0.01111822840409956,0.010207702777689434,0.009650050898314062
math,5,5,model.layers.5.mlp,57,0.015327598828696925,23.0,0.006514281630806949,13.0,0.014545326473863168,10.0,0.015327598828696925,0.019843241029506884,0.023963801957220445
math,5,5,model.layers.5.mlp,58,0.019903001464128843,13.0,0.005411292355836689,16.0,0.009655508462279642,16.0,0.019903001464128843,0.01648341054064841,0.015907700181368382
math,5,5,model.layers.5.mlp,59,0.005299841386041971,48.0,0.0015114169402376159,49.0,0.002650282223217586,48.0,0.005299841386041971,0.004603947501959578,0.004366408580931629
math,5,5,model.layers.5.mlp,60,0.01980386774036115,14.0,0.005312679918176549,18.0,0.005966368691769386,27.0,0.01980386774036115,0.016183025865883438,0.009829746894319659
math,5,5,model.layers.5.mlp,61,0.012727244997559785,26.0,0.004449698214067838,23.0,0.0058588191917781545,28.0,0.012727244997559785,0.013554285671768971,0.009652556308531216
math,5,5,model.layers.5.mlp,62,0.0037747071742313325,53.0,0.0010582033513871095,53.0,0.0010077378974742042,54.0,0.0037747071742313325,0.0032234074837205434,0.001660274277325563
math,5,5,model.layers.5.mlp,63,0.0016166422645192777,61.0,0.000376264312431369,61.0,0.0008237535133276075,56.0,0.0016166422645192777,0.0011461437907547849,0.0013571552409235416
math,6,6,model.layers.6.mlp,0,0.010523426061493412,28.0,0.0030394033317510064,30.0,0.006323322124021076,27.0,0.010523426061493412,0.008761010776978514,0.00855783433204546
math,6,6,model.layers.6.mlp,1,0.03877653733528551,7.0,0.015873296019971634,6.0,0.025264810634392423,6.0,0.03877653733528551,0.045754413718111356,0.03419279606494867
math,6,6,model.layers.6.mlp,2,0.018995546608101512,15.0,0.005540906423007412,16.0,0.012406843260345139,17.0,0.018995546608101512,0.01597153637988254,0.01679112768940673
math,6,6,model.layers.6.mlp,3,0.029381710590531965,10.0,0.008976397833165568,11.0,0.01733843058260433,11.0,0.029381710590531965,0.02587426200836074,0.02346542111779086
math,6,6,model.layers.6.mlp,4,0.008502623230844315,35.0,0.004443345970500091,20.0,0.008249814043266052,22.0,0.008502623230844315,0.01280784341016325,0.011165102847481899
math,6,6,model.layers.6.mlp,5,0.06259150805270863,3.0,0.018514027183610907,5.0,0.04489911889785554,4.0,0.06259150805270863,0.05336626106395812,0.060765403635378454
math,6,6,model.layers.6.mlp,6,0.010187896534895071,30.0,0.0031947168040240667,29.0,0.007813643244140144,24.0,0.010187896534895071,0.009208698318207314,0.01057479962297659
math,6,6,model.layers.6.mlp,7,0.003561188384577843,49.0,0.0008705329057238287,48.0,0.0016723711463123225,49.0,0.003561188384577843,0.0025092912444651095,0.0022633474827204792
math,6,6,model.layers.6.mlp,8,0.008197596388482187,36.0,0.0022641764203765557,37.0,0.004065046728356378,36.0,0.008197596388482187,0.00652643688735835,0.005501537921205126
math,6,6,model.layers.6.mlp,9,0.02784132503660322,11.0,0.007727917605577415,12.0,0.019022761008226332,10.0,0.02784132503660322,0.0222755462293519,0.025744954005754904
math,6,6,model.layers.6.mlp,10,0.01226207906295754,24.0,0.0032623127182848342,28.0,0.005669032360334813,30.0,0.01226207906295754,0.009403541999245568,0.007672334069215334
math,6,6,model.layers.6.mlp,11,0.001319241093216203,56.0,0.0003333997005017692,56.0,0.0007097514877127635,55.0,0.001319241093216203,0.0009610170320681531,0.000960560845966541
math,6,6,model.layers.6.mlp,12,0.014130368472425573,19.0,0.003962988269334889,21.0,0.010129364110118532,18.0,0.014130368472425573,0.011423223293198226,0.013708841372173713
math,6,6,model.layers.6.mlp,13,0.008067959980478281,37.0,0.002194376210575281,38.0,0.004615091816456275,35.0,0.008067959980478281,0.0063252393747031165,0.0062459559101657935
math,6,6,model.layers.6.mlp,14,0.000541422645192777,60.0,0.0001181383258601757,60.0,0.00024289319181715704,59.0,0.000541422645192777,0.00034053102963433506,0.0003287258904708682
math,6,6,model.layers.6.mlp,15,0.0005948023426061494,59.0,0.00013146090938033798,59.0,0.0002165867834774211,60.0,0.0005948023426061494,0.00037893307275182277,0.00029312342075208075
math,6,6,model.layers.6.mlp,16,0.01249847486578819,23.0,0.0036656019919206013,25.0,0.007437201970874565,25.0,0.01249847486578819,0.01056601413173721,0.01006533292348438
math,6,6,model.layers.6.mlp,17,0.01910993167398731,14.0,0.0063955028677289225,14.0,0.017095280899368535,12.0,0.01910993167398731,0.018434891139008678,0.02313634809791155
math,6,6,model.layers.6.mlp,18,0.0611960102489019,4.0,0.024494124599175666,3.0,0.08045084584684357,3.0,0.0611960102489019,0.07060375546222912,0.10888026849285343
math,6,6,model.layers.6.mlp,19,0.0012124816983894583,57.0,0.0003071045398479441,57.0,0.0004218341978135023,57.0,0.0012124816983894583,0.0008852218312588466,0.0005709004079937038
math,6,6,model.layers.6.mlp,20,0.04512109565641777,5.0,0.019945449047172402,4.0,0.03700693180760039,5.0,0.04512109565641777,0.057492301935881555,0.05008430463215987
math,6,6,model.layers.6.mlp,21,0.009135553928745729,34.0,0.002761408897537671,34.0,0.0056432982318770555,31.0,0.009135553928745729,0.007959698161229035,0.007637506109528691
math,6,6,model.layers.6.mlp,22,0.004575402635431918,47.0,0.0015350312009097425,46.0,0.0038721532189992212,37.0,0.004575402635431918,0.004424692423568826,0.005240480416237203
math,6,6,model.layers.6.mlp,23,0.009410078086871644,31.0,0.0029258150889153243,32.0,0.003443950380840902,38.0,0.009410078086871644,0.008433595257877876,0.0046609608413052395
math,6,6,model.layers.6.mlp,24,0.030944973157637872,8.0,0.011788617232300817,7.0,0.02211207364130858,7.0,0.030944973157637872,0.03398042028149063,0.02992595652235624
math,6,6,model.layers.6.mlp,25,0.010416666666666666,29.0,0.0026278702906715164,35.0,0.004698682680049717,34.0,0.010416666666666666,0.007574776172865262,0.006359085804274428
math,6,6,model.layers.6.mlp,26,0.018408369936554418,16.0,0.006314696074113897,15.0,0.012994574109276891,15.0,0.018408369936554418,0.018201967399563257,0.01758654869411619
math,6,6,model.layers.6.mlp,27,0.0050939482674475355,44.0,0.0011451687680156478,47.0,0.002282233447656435,47.0,0.0050939482674475355,0.0033009228532576364,0.0030887206707218545
math,6,6,model.layers.6.mlp,28,0.00041178623718887263,61.0,0.00010485297706198146,61.0,0.00019355393898900163,61.0,0.00041178623718887263,0.0003022363147536206,0.0002619513147828352
math,6,6,model.layers.6.mlp,29,0.007297767203513909,39.0,0.001999526910516563,39.0,0.003187578027520698,43.0,0.007297767203513909,0.005763590711668423,0.004313992573043786
math,6,6,model.layers.6.mlp,30,0.009402452415812591,32.0,0.002780711377405899,33.0,0.005765438642990973,29.0,0.009402452415812591,0.008015337119172315,0.0078028080478231366
math,6,6,model.layers.6.mlp,31,0.013733833577354807,21.0,0.002969722273060029,31.0,0.005010225588756692,32.0,0.013733833577354807,0.008560156714680954,0.006780720594934504
math,6,6,model.layers.6.mlp,32,0.009371949731576379,33.0,0.0036400962073724987,26.0,0.004768271341791723,33.0,0.009371949731576379,0.010492494289547499,0.006453265450178365
math,6,6,model.layers.6.mlp,33,0.0033781722791605662,50.0,0.0008402983114857858,50.0,0.001695193243956147,48.0,0.0033781722791605662,0.0024221407162051877,0.0022942343689038793
math,6,6,model.layers.6.mlp,34,0.0007930697901415325,58.0,0.00021401028798346755,58.0,0.00038455997576883447,58.0,0.0007930697901415325,0.0006168797736782351,0.0005204543590881174
math,6,6,model.layers.6.mlp,35,0.017256893606637385,17.0,0.005213896200795358,17.0,0.012612034121151921,16.0,0.017256893606637385,0.015028936873244686,0.017068828138441832
math,6,6,model.layers.6.mlp,36,0.030739080039043437,9.0,0.010347067524364019,9.0,0.020638351748197937,9.0,0.030739080039043437,0.029825186129164852,0.027931456231940977
math,6,6,model.layers.6.mlp,37,0.0020360541727672036,51.0,0.000567643336402666,51.0,0.0011173980018526694,51.0,0.0020360541727672036,0.0016362189696090008,0.0015122599790524129
math,6,6,model.layers.6.mlp,38,0.011911298194241093,25.0,0.0033157147565313874,27.0,0.006047511563294105,28.0,0.011911298194241093,0.009557472156425838,0.008184558854466435
math,6,6,model.layers.6.mlp,39,0.0035916910688140557,48.0,0.0008599582446849073,49.0,0.0016635354063321375,50.0,0.0035916910688140557,0.0024788100252214917,0.002251389401593439
math,6,6,model.layers.6.mlp,40,0.015991032210834553,18.0,0.004568290803536023,19.0,0.0074063898361910255,26.0,0.015991032210834553,0.013167994041479746,0.010023632510494708
math,6,6,model.layers.6.mlp,41,0.00012963640800390435,63.0,3.378678671379331e-05,63.0,8.332481486891001e-05,63.0,0.00012963640800390435,9.738964204809495e-05,0.00011276983006885534
math,6,6,model.layers.6.mlp,42,0.001662396290873597,54.0,0.00034150197600201317,55.0,0.0005373310942244623,56.0,0.001662396290873597,0.0009843716563900239,0.0007272111709067078
math,6,6,model.layers.6.mlp,43,0.006405563689604685,42.0,0.001706936465291758,43.0,0.003357246934253088,40.0,0.006405563689604685,0.00492020542710381,0.004543618451124424
math,6,6,model.layers.6.mlp,44,0.007480783308931186,38.0,0.0018155427023281174,41.0,0.0027149587775557402,46.0,0.007480783308931186,0.005233260428124179,0.0036743608788159924
math,6,6,model.layers.6.mlp,45,0.00032790385553928747,62.0,7.978656223310152e-05,62.0,0.00016085516294149027,62.0,0.00032790385553928747,0.0002299829457578332,0.0002176975660749786
math,6,6,model.layers.6.mlp,46,0.0016928989751098097,53.0,0.0003834655076599866,54.0,0.0007202773906741421,54.0,0.0016928989751098097,0.001105330579233536,0.000974806353624054
math,6,6,model.layers.6.mlp,47,0.011003843338213764,26.0,0.003706239967476513,24.0,0.008174981030132375,23.0,0.011003843338213764,0.010683152169351593,0.011063825620668955
math,6,6,model.layers.6.mlp,48,0.012506100536847243,22.0,0.0037965267213046,23.0,0.009253952493132062,20.0,0.012506100536847243,0.010943401677879497,0.012524080032551461
math,6,6,model.layers.6.mlp,49,0.007267264519277696,40.0,0.0025093223828696926,36.0,0.002791565778838419,45.0,0.007267264519277696,0.007233064532626421,0.00377803897915529
math,6,6,model.layers.6.mlp,50,0.0048194241093216204,46.0,0.0015539017580031417,45.0,0.003195668740235287,42.0,0.0048194241093216204,0.004479086373965536,0.00432494235192293
math,6,6,model.layers.6.mlp,51,0.001738653001464129,52.0,0.0004097234335918436,53.0,0.0008661476188426108,52.0,0.001738653001464129,0.0011810184518060692,0.0011722236640440387
math,6,6,model.layers.6.mlp,52,0.040987981942410934,6.0,0.009315055076409224,10.0,0.015324087332608701,14.0,0.040987981942410934,0.026850433787461284,0.020739256692946642
math,6,6,model.layers.6.mlp,53,0.004849926793557833,45.0,0.0017431137211558992,42.0,0.0031736168373837927,44.0,0.004849926793557833,0.005024485541952751,0.004295097829121766
math,6,6,model.layers.6.mlp,54,0.0016318936066373841,55.0,0.00047320118760294655,52.0,0.0007429015857934327,53.0,0.0016318936066373841,0.0013639916298571956,0.0010054254032200343
math,6,6,model.layers.6.mlp,55,0.023365056124938995,13.0,0.007180768260145956,13.0,0.015755320966912807,13.0,0.023365056124938995,0.020698400721262923,0.021322878075567844
math,6,6,model.layers.6.mlp,56,0.00689360663738409,41.0,0.0016582930245127197,44.0,0.0033085864735426353,41.0,0.00689360663738409,0.004779991818583167,0.004477762536604565
math,6,6,model.layers.6.mlp,57,0.10797950219619326,1.0,0.04664048082715654,1.0,0.0965644920262085,1.0,0.10797950219619326,0.13444012214554382,0.1306880954204671
math,6,6,model.layers.6.mlp,58,0.005429477794045876,43.0,0.0019990577530197657,40.0,0.0034392138878533525,39.0,0.005429477794045876,0.005762238375885079,0.004654550583926708
math,6,6,model.layers.6.mlp,59,0.01395497803806735,20.0,0.004873675099229044,18.0,0.009771128102824303,19.0,0.01395497803806735,0.014048257308199665,0.01322401324827483
math,6,6,model.layers.6.mlp,60,8.388238164958517e-05,64.0,1.9935470141684967e-05,64.0,4.462717603683006e-05,64.0,8.388238164958517e-05,5.7463537968426305e-05,6.03973626109306e-05
math,6,6,model.layers.6.mlp,61,0.09462695217179112,2.0,0.04058018726741703,2.0,0.09213806580426694,2.0,0.09462695217179112,0.11697146419091049,0.12469747505550159
math,6,6,model.layers.6.mlp,62,0.025698511469009273,12.0,0.010420218859142417,8.0,0.021073509994921538,8.0,0.025698511469009273,0.030036043183129683,0.028520389092017352
math,6,6,model.layers.6.mlp,63,0.01095046364080039,27.0,0.003907523427491307,22.0,0.009112951134387431,21.0,0.01095046364080039,0.011263347151700714,0.01233325213464223
math,7,7,model.layers.7.mlp,0,0.00815946803318692,41.5,0.002190660185322871,42.0,0.0036836384403350704,47.0,0.00815946803318692,0.006382871480010817,0.004457827583670538
math,7,7,model.layers.7.mlp,1,0.008960163494387507,39.0,0.0025239407347143424,40.0,0.005317870580230822,41.0,0.008960163494387507,0.0073539426337231525,0.006435525783248874
math,7,7,model.layers.7.mlp,2,0.03416300634455832,7.0,0.009676202091721571,9.0,0.018396082598299675,14.0,0.03416300634455832,0.028193306647862335,0.02226238154652399
math,7,7,model.layers.7.mlp,3,0.006596205466081015,45.0,0.0019000357334179783,43.0,0.004281644878491737,43.0,0.006596205466081015,0.005536086324610682,0.00518151684862046
math,7,7,model.layers.7.mlp,4,0.10094100780868716,1.0,0.04087920442565352,1.0,0.12953012911152875,1.0,0.10094100780868716,0.11910870969500871,0.15675343599065483
math,7,7,model.layers.7.mlp,5,0.01319241093216203,27.0,0.004038693906040294,32.0,0.01337289063668123,21.0,0.01319241093216203,0.011767440848229373,0.01618346689535156
math,7,7,model.layers.7.mlp,6,0.0035764397266959493,56.0,0.0008721712334904221,56.0,0.0020321986073034456,53.0,0.0035764397266959493,0.0025412233851830304,0.002459305155451172
math,7,7,model.layers.7.mlp,7,0.005193081991215227,48.0,0.0012813957218078941,52.0,0.0016995178566942889,55.0,0.005193081991215227,0.0037335704835161462,0.0020567049951360846
math,7,7,model.layers.7.mlp,8,0.0015708882381649586,59.0,0.00036839289220732673,59.0,0.0009009035807802888,60.0,0.0015708882381649586,0.0010733771037895058,0.001090246205668497
math,7,7,model.layers.7.mlp,9,0.019262445095168376,18.0,0.0061985758701843885,18.0,0.01177246541806609,23.0,0.019262445095168376,0.018060634599360244,0.01424668080716654
math,7,7,model.layers.7.mlp,10,0.016875610053684723,20.0,0.005008219043588336,25.0,0.01023286773212774,30.0,0.016875610053684723,0.014592321854909506,0.012383506355249643
math,7,7,model.layers.7.mlp,11,0.00112097364568082,60.0,0.0003560086236807589,60.0,0.000971465536541855,58.0,0.00112097364568082,0.0010372933720867838,0.0011756381456882775
math,7,7,model.layers.7.mlp,12,0.013421181063933627,26.0,0.005493178956388787,21.0,0.011048901419343019,27.0,0.013421181063933627,0.016005337354575565,0.013371045588264529
math,7,7,model.layers.7.mlp,13,0.012147693997071742,29.0,0.004971029003286664,26.0,0.010236570243430521,29.0,0.012147693997071742,0.014483962169928512,0.01238798702219938
math,7,7,model.layers.7.mlp,14,0.009333821376281113,38.0,0.0033139051490437407,38.0,0.010190077853266817,32.0,0.009333821376281113,0.009655642077675667,0.01233172334088008
math,7,7,model.layers.7.mlp,15,0.02225170815031723,12.0,0.006267556916102367,17.0,0.014738102243070546,19.0,0.02225170815031723,0.018261622937762116,0.017835604599712108
math,7,7,model.layers.7.mlp,16,0.01118685944363104,33.0,0.003950186971922279,33.0,0.011321000562796234,26.0,0.01118685944363104,0.011509560420516294,0.01370033172392244
math,7,7,model.layers.7.mlp,17,0.07003416300634456,2.0,0.018429921393629513,3.0,0.03171425766192046,5.0,0.07003416300634456,0.05369879839437592,0.038379633313872105
math,7,7,model.layers.7.mlp,18,0.014282881893606637,24.0,0.004308936071139885,31.0,0.009649080687496592,33.0,0.014282881893606637,0.012554838647243247,0.011677024969332322
math,7,7,model.layers.7.mlp,19,0.012079062957540264,31.0,0.0046099415635294655,29.0,0.011749198555713634,24.0,0.012079062957540264,0.013431870779187937,0.014218523955602462
math,7,7,model.layers.7.mlp,20,0.010210773548072231,36.0,0.003230655757667612,39.0,0.00768780831603007,36.0,0.010210773548072231,0.009413080420005958,0.009303552594606232
math,7,7,model.layers.7.mlp,21,0.03105935822352367,8.0,0.012844512030925908,6.0,0.030465884113265226,6.0,0.03105935822352367,0.03742473162480444,0.03686888948543769
math,7,7,model.layers.7.mlp,22,0.0015937652513421182,58.0,0.0004364207292429234,58.0,0.0009300990919675723,59.0,0.0015937652513421182,0.0012715881014469708,0.0011255777283458953
math,7,7,model.layers.7.mlp,23,0.019826744753538312,16.0,0.00791030816766563,13.0,0.019461062665448763,11.0,0.019826744753538312,0.0230480659391032,0.023551188142581954
math,7,7,model.layers.7.mlp,24,0.01209431429965837,30.0,0.005126737163612585,23.0,0.011614946265768108,25.0,0.01209431429965837,0.014937645120122266,0.01405605590370656
math,7,7,model.layers.7.mlp,25,0.022610114690092727,11.0,0.007534594929119388,14.0,0.014784518618631169,18.0,0.022610114690092727,0.021953359726315635,0.017891776290462878
math,7,7,model.layers.7.mlp,26,0.016639214250854076,21.0,0.005880919010130704,19.0,0.015713048594326085,16.0,0.016639214250854076,0.0171350857962867,0.01901545512185797
math,7,7,model.layers.7.mlp,27,0.00815946803318692,41.5,0.0018109553845816557,44.0,0.002272270512487603,52.0,0.00815946803318692,0.005276535152856047,0.0027498328981513834
math,7,7,model.layers.7.mlp,28,0.0039882259638848215,54.0,0.0008523251266814605,57.0,0.0016550801748027157,57.0,0.0039882259638848215,0.0024833982829654995,0.0020029278594863075
math,7,7,model.layers.7.mlp,29,0.04767569546120059,4.0,0.01613037198738333,4.0,0.03972360174675695,3.0,0.04767569546120059,0.04699865913026576,0.048072298749637525
math,7,7,model.layers.7.mlp,30,0.021763665202537825,14.0,0.005744334603007564,20.0,0.01880024025364874,13.0,0.021763665202537825,0.016737123244777607,0.022751480890378917
math,7,7,model.layers.7.mlp,31,0.005589616886285993,46.0,0.0017844368155960225,45.0,0.003995498732094171,45.0,0.005589616886285993,0.005199268665427669,0.004835231455785849
math,7,7,model.layers.7.mlp,32,0.037937713518789655,5.0,0.01322131997029801,5.0,0.029942166869264514,7.0,0.037937713518789655,0.03852262743985316,0.03623510275143403
math,7,7,model.layers.7.mlp,33,0.0038585895558809176,55.0,0.0009354330261141105,55.0,0.0016958772047096023,56.0,0.0038585895558809176,0.0027255476791184616,0.002052299188458053
math,7,7,model.layers.7.mlp,34,0.008883906783796974,40.0,0.003482891211223463,35.0,0.007667918081393965,37.0,0.008883906783796974,0.010148012516520024,0.009279482035553633
math,7,7,model.layers.7.mlp,35,0.053089921913128356,3.0,0.01860619801437058,2.0,0.04933407638001989,2.0,0.053089921913128356,0.05421241115032008,0.059702603842345964
math,7,7,model.layers.7.mlp,36,0.011369875549048317,32.0,0.0034873817186928074,34.0,0.008048973257597508,35.0,0.011369875549048317,0.010161096395183127,0.009740623459418805
math,7,7,model.layers.7.mlp,37,0.019483589555880917,17.0,0.00793777249858925,12.0,0.014951464240091524,17.0,0.019483589555880917,0.02312808806930142,0.01809380882117219
math,7,7,model.layers.7.mlp,38,0.03641257930697901,6.0,0.012439435490635677,7.0,0.032581974022734043,4.0,0.03641257930697901,0.0362444702983044,0.03942971735189326
math,7,7,model.layers.7.mlp,39,0.013855844314299658,25.0,0.005140945933515587,22.0,0.010367124240069112,28.0,0.013855844314299658,0.014979044855593579,0.012545979511636265
math,7,7,model.layers.7.mlp,40,0.005452354807223035,47.0,0.0015066732366588885,48.0,0.0035468467532599364,49.0,0.005452354807223035,0.00438995591210246,0.004292286430341469
math,7,7,model.layers.7.mlp,41,0.014709919472913616,23.0,0.004834035014221877,27.0,0.011898154533741356,22.0,0.014709919472913616,0.014084806229818307,0.014398785965123735
math,7,7,model.layers.7.mlp,42,0.004056857003416301,53.0,0.001648194967914989,47.0,0.0035621335500648555,48.0,0.004056857003416301,0.004802304220748597,0.004310786048468143
math,7,7,model.layers.7.mlp,43,0.0006253050268423621,63.0,0.00019975683641410444,63.0,0.0004318482124348016,63.0,0.0006253050268423621,0.0005820264697497362,0.0005226096166961387
math,7,7,model.layers.7.mlp,44,0.006718216203025866,44.0,0.0016640346186401903,46.0,0.004191286544410513,44.0,0.006718216203025866,0.004848455812649794,0.005072167931617313
math,7,7,model.layers.7.mlp,45,0.009387201073694486,37.0,0.00347745494181613,36.0,0.005477110926641843,40.0,0.009387201073694486,0.010132172995087079,0.006628233623652377
math,7,7,model.layers.7.mlp,46,0.021961932650073207,13.0,0.0071262044985739995,15.0,0.019905524992867178,10.0,0.021961932650073207,0.020763442801133875,0.024089062978877772
math,7,7,model.layers.7.mlp,47,0.0009532088823816496,61.0,0.0002611643398837848,61.0,0.00047845162815796625,62.0,0.0009532088823816496,0.0007609479680183138,0.0005790076577821393
math,7,7,model.layers.7.mlp,48,0.021626403123474865,15.0,0.008205668876204856,11.0,0.01909281713401707,12.0,0.021626403123474865,0.02390865100632711,0.023105548562539376
math,7,7,model.layers.7.mlp,49,0.003454428989751098,57.0,0.0010388115081861578,54.0,0.0020004966435567626,54.0,0.003454428989751098,0.0030267589620391984,0.0024209403998608726
math,7,7,model.layers.7.mlp,50,0.0008998291849682772,62.0,0.00021594649352580527,62.0,0.000535789421969082,61.0,0.0008998291849682772,0.0006291978664555194,0.0006483961178544464
math,7,7,model.layers.7.mlp,51,1.5251342118106394e-05,64.0,3.2170799780380674e-06,64.0,6.415763721706345e-06,64.0,1.5251342118106394e-05,9.373525012372728e-06,7.764162784210101e-06
math,7,7,model.layers.7.mlp,52,0.010370912640312348,35.0,0.004541742446772816,30.0,0.010191079357292607,31.0,0.010370912640312348,0.013233160728115461,0.012332935330694943
math,7,7,model.layers.7.mlp,53,0.004659285017081503,50.0,0.0012745668737989568,53.0,0.002833793504075445,50.0,0.004659285017081503,0.00371367344083942,0.003429371001933846
math,7,7,model.layers.7.mlp,54,0.01533522449975598,22.0,0.00509315144439742,24.0,0.015979865612257626,15.0,0.01533522449975598,0.01483978725483106,0.019338348989319007
math,7,7,model.layers.7.mlp,55,0.01056918008784773,34.0,0.0033497100576882015,37.0,0.007056081411417387,39.0,0.01056918008784773,0.009759965939387445,0.00853905584327114
math,7,7,model.layers.7.mlp,56,0.017058626159102,19.0,0.006512174145543558,16.0,0.013728320882226154,20.0,0.017058626159102,0.018974358006295492,0.01661359780486526
math,7,7,model.layers.7.mlp,57,0.004987188872620791,49.0,0.0013666036595595412,49.5,0.0037796135401837764,46.0,0.004987188872620791,0.00398183870849663,0.004573973740352566
math,7,7,model.layers.7.mlp,58,0.024813933626159104,9.0,0.010928934524558474,8.0,0.022898063125436977,8.0,0.024813933626159104,0.031843361627275184,0.027710541918418357
math,7,7,model.layers.7.mlp,59,0.00446101756954612,51.0,0.001297488568642478,51.0,0.0025036936919461696,51.0,0.00446101756954612,0.0037804598065525755,0.0030298942151348427
math,7,7,model.layers.7.mlp,60,0.004369509516837481,52.0,0.0013666036595595412,49.5,0.004321746629962344,42.0,0.004369509516837481,0.00398183870849663,0.005230046772703592
math,7,7,model.layers.7.mlp,61,0.02283125915080527,10.0,0.009114978021386194,10.0,0.021632130169152865,9.0,0.02283125915080527,0.02655808219066917,0.02617854822712449
math,7,7,model.layers.7.mlp,62,0.0076866764275256225,43.0,0.002386805253706076,41.0,0.007649770952404825,38.0,0.0076866764275256225,0.006954374432096199,0.009257520930118744
math,7,7,model.layers.7.mlp,63,0.012544228892142508,28.0,0.0046191683276331445,28.0,0.0080968651879877,34.0,0.012544228892142508,0.01345875456967481,0.009798580821897954
math,8,8,model.layers.8.mlp,0,0.010866581259150805,32.0,0.0030695262218231453,35.0,0.0087750451234767,36.0,0.010866581259150805,0.007980195278255067,0.00799753664666162
math,8,8,model.layers.8.mlp,1,0.015991032210834553,20.0,0.0057159096162571685,20.0,0.015841244720377068,20.0,0.015991032210834553,0.014860298180966736,0.014437639168487277
math,8,8,model.layers.8.mlp,2,0.004766044411908248,50.0,0.0020433298374397573,45.0,0.005347342290831462,45.0,0.004766044411908248,0.005312276208857206,0.004873543706203103
math,8,8,model.layers.8.mlp,3,0.007343521229868228,38.0,0.0016249605014069363,49.0,0.0031290935400624343,51.0,0.007343521229868228,0.004224594019912483,0.0028518417746399524
math,8,8,model.layers.8.mlp,4,0.0010980966325036604,62.0,0.0002631973557032394,62.0,0.0006275583656751103,61.0,0.0010980966325036604,0.0006842640014929396,0.0005719538710949962
math,8,8,model.layers.8.mlp,5,0.001281112737920937,61.0,0.0003818420737821803,61.0,0.001113987416428959,59.0,0.001281112737920937,0.0009927181245664059,0.0010152831195106903
math,8,8,model.layers.8.mlp,6,0.011514763299170326,31.0,0.004960275615582296,27.0,0.015289713499050363,22.0,0.011514763299170326,0.012895790811261642,0.013934976094705755
math,8,8,model.layers.8.mlp,7,0.0020665568570034164,57.0,0.00047160754150271477,59.0,0.00046944746304677937,62.0,0.0020665568570034164,0.0012260915867511636,0.00042785230577953195
math,8,8,model.layers.8.mlp,8,0.002394460712542704,55.0,0.0005556984375953209,57.0,0.0014934491335694793,56.0,0.002394460712542704,0.0014447122218092592,0.0013611228213165857
math,8,8,model.layers.8.mlp,9,0.008891532454856027,34.0,0.0025399888998825647,40.0,0.008861570183384078,35.0,0.008891532454856027,0.006603497074419514,0.00807639519698548
math,8,8,model.layers.8.mlp,10,0.020291910688140555,12.0,0.007709724720423835,8.0,0.018065199226853672,15.0,0.020291910688140555,0.02004384532477778,0.016464541300132154
math,8,8,model.layers.8.mlp,11,0.09449731576378721,2.0,0.04036115029196788,2.0,0.1196880654162346,3.0,0.09449731576378721,0.10493145772626757,0.10908316434447232
math,8,8,model.layers.8.mlp,12,0.012841630063445584,28.0,0.0043881492186546795,31.0,0.013346450581052147,29.0,0.012841630063445584,0.01140836896131404,0.012163895013970319
math,8,8,model.layers.8.mlp,13,0.006817349926793558,42.0,0.00234413426233071,42.0,0.007965474130868504,38.0,0.006817349926793558,0.006094311571228943,0.007259697286253518
math,8,8,model.layers.8.mlp,14,0.02671272571986335,7.0,0.007920376436485787,7.0,0.016662713462053245,16.0,0.02671272571986335,0.02059150047035769,0.015186322083868036
math,8,8,model.layers.8.mlp,15,0.005292215714982919,47.0,0.0015593976029656235,50.0,0.004261414415219852,47.0,0.005292215714982919,0.004054142720669526,0.0038838339259536403
math,8,8,model.layers.8.mlp,16,0.03795296486090776,6.0,0.016304347502306766,5.0,0.030485586437322618,6.0,0.03795296486090776,0.04238826045136643,0.027784426324506457
math,8,8,model.layers.8.mlp,17,0.016105417276720352,19.0,0.005139560801858376,25.0,0.015012057020845734,24.0,0.016105417276720352,0.01336189883366898,0.013681921229644876
math,8,8,model.layers.8.mlp,18,0.01450402635431918,25.0,0.004393913153615331,30.0,0.009999799024424593,32.0,0.01450402635431918,0.01142335411642695,0.00911377184182512
math,8,8,model.layers.8.mlp,19,0.00014488775012201074,63.0,3.415913393347365e-05,63.0,8.642756284235919e-05,63.0,0.00014488775012201074,8.880737274278114e-05,7.87696919374426e-05
math,8,8,model.layers.8.mlp,20,0.024386896046852125,9.0,0.007520274455050482,9.0,0.02911566425134869,7.0,0.024386896046852125,0.019551309993934885,0.026535885407481467
math,8,8,model.layers.8.mlp,21,0.00904404587603709,33.0,0.003326356440069851,33.0,0.009560475085001564,33.0,0.00904404587603709,0.008647905910727933,0.008713373979950723
math,8,8,model.layers.8.mlp,22,0.00446101756954612,52.0,0.005204140703639733,24.0,0.02279284149917409,10.0,0.00446101756954612,0.013529794525063223,0.02077329319749093
math,8,8,model.layers.8.mlp,23,0.008029831625183016,37.0,0.0032083707765697446,34.0,0.006811480017868905,42.0,0.008029831625183016,0.008341165206553036,0.0062079522434782325
math,8,8,model.layers.8.mlp,24,0.005513360175695461,46.0,0.0018426719207540263,48.0,0.005386658459665457,44.0,0.005513360175695461,0.004790603076405879,0.004909376285595199
math,8,8,model.layers.8.mlp,25,0.022106820400195216,10.0,0.006540033164520041,12.0,0.023712629956870967,9.0,0.022106820400195216,0.017002865591464363,0.021611584259713146
math,8,8,model.layers.8.mlp,26,0.00517783064909712,48.0,0.0018900568279305453,47.0,0.005248382736430146,46.0,0.00517783064909712,0.004913794991113164,0.004783352413540182
math,8,8,model.layers.8.mlp,27,0.0465165934602245,5.0,0.014232525655617069,6.0,0.052835394404264935,5.0,0.0465165934602245,0.03700191033622758,0.048153940753926545
math,8,8,model.layers.8.mlp,28,0.012124816983894582,30.0,0.004194320149977886,32.0,0.01385838571952255,28.0,0.012124816983894582,0.010904449559145062,0.012630470395979147
math,8,8,model.layers.8.mlp,29,0.01323816495851635,26.0,0.005366141531978252,22.0,0.014187229594525737,27.0,0.01323816495851635,0.013950966442797355,0.012930177224190442
math,8,8,model.layers.8.mlp,30,0.01925481942410932,15.0,0.006497347279255887,14.0,0.022697151681747362,11.0,0.01925481942410932,0.016891890256700546,0.020686081928396126
math,8,8,model.layers.8.mlp,31,0.008723767691556857,35.0,0.0028760620534216386,37.0,0.008605625813126041,37.0,0.008723767691556857,0.007477224548696594,0.007843128649424482
math,8,8,model.layers.8.mlp,32,0.019643728648121035,14.0,0.0072277212445476455,11.0,0.023757427392673818,8.0,0.019643728648121035,0.01879072624895992,0.021652412441160472
math,8,8,model.layers.8.mlp,33,0.006863103953147877,41.0,0.0015068668572131223,51.0,0.002359906830956724,53.0,0.006863103953147877,0.003917572586087538,0.00215080846852737
math,8,8,model.layers.8.mlp,34,0.01837024158125915,16.0,0.0060695650055095475,17.0,0.015137954863681916,23.0,0.01837024158125915,0.015779736186537843,0.013796663957192137
math,8,8,model.layers.8.mlp,35,0.017211139580283065,18.0,0.007375729264370577,10.0,0.022616462802933505,12.0,0.017211139580283065,0.01917551947618093,0.020612542447263956
math,8,8,model.layers.8.mlp,36,0.0029816373840898,54.0,0.000833156691812317,54.0,0.002652501377421161,52.0,0.0029816373840898,0.00216605189777406,0.0024174778217939587
math,8,8,model.layers.8.mlp,37,0.06628233284529038,3.0,0.0363154562581976,3.0,0.12165576920618715,2.0,0.06628233284529038,0.09441340832958173,0.1108765207259476
math,8,8,model.layers.8.mlp,38,0.0066800878477306005,43.0,0.0024778962775286726,41.0,0.007875706885953598,40.0,0.0066800878477306005,0.006442067845309134,0.007177883823100366
math,8,8,model.layers.8.mlp,39,0.0017996583699365545,60.0,0.0005240191361449183,58.0,0.0013248797882441023,57.0,0.0017996583699365545,0.0013623519506848225,0.0012074894783795042
math,8,8,model.layers.8.mlp,40,0.00844161786237189,36.0,0.002626611757068997,39.0,0.007925518222967696,39.0,0.00844161786237189,0.006828700335754598,0.00722328165155411
math,8,8,model.layers.8.mlp,41,0.00634455832113226,45.0,0.002636367254224622,38.0,0.007214568528083548,41.0,0.00634455832113226,0.006854062807586523,0.006575325298195083
math,8,8,model.layers.8.mlp,42,0.02058931185944363,11.0,0.006495991935376251,15.0,0.014906970859519326,26.0,0.02058931185944363,0.016888366615575807,0.013586146174993992
math,8,8,model.layers.8.mlp,43,0.0022724499755978527,56.0,0.0005569495242534468,56.0,0.0017696404188740481,54.0,0.0022724499755978527,0.0014479648136167123,0.001612842316160244
math,8,8,model.layers.8.mlp,44,0.007282515861395803,39.0,0.0029930237620676243,36.0,0.009349786507383011,34.0,0.007282515861395803,0.0077813031613624154,0.008521353358195812
math,8,8,model.layers.8.mlp,45,0.05537762323084432,4.0,0.02922148958190352,4.0,0.06279255670125802,4.0,0.05537762323084432,0.07597041899403648,0.05722885367419296
math,8,8,model.layers.8.mlp,46,6.1005368472425575e-05,64.0,1.5243895173712788e-05,64.0,3.7637406486514254e-05,64.0,6.1005368472425575e-05,3.963128232057402e-05,3.4302562941344484e-05
math,8,8,model.layers.8.mlp,47,0.004575402635431918,51.0,0.0014034064587527453,52.0,0.00406967047347404,48.0,0.004575402635431918,0.0036485948600104815,0.003709079360101344
math,8,8,model.layers.8.mlp,48,0.004781295754026354,49.0,0.0019273362315649402,46.0,0.003980211105894001,49.0,0.004781295754026354,0.005010714482709057,0.003627546494966051
math,8,8,model.layers.8.mlp,49,0.0018149097120546609,59.0,0.0006198538635462421,55.0,0.0015255495780427146,55.0,0.0018149097120546609,0.0016115043552688319,0.0013903790219897863
math,8,8,model.layers.8.mlp,50,0.015365727183992192,21.0,0.005794266365166697,19.0,0.01610938321822675,18.0,0.015365727183992192,0.015064011103574004,0.014682019389073996
math,8,8,model.layers.8.mlp,51,0.024630917520741827,8.0,0.006372439680941923,16.0,0.019068156566749032,14.0,0.024630917520741827,0.016567153813924294,0.017378632107413763
math,8,8,model.layers.8.mlp,52,0.006359809663250366,44.0,0.002127107961867832,44.0,0.005516588462452123,43.0,0.006359809663250366,0.005530083695963439,0.0050277939055806695
math,8,8,model.layers.8.mlp,53,0.012879758418740849,27.0,0.00533576544579673,23.0,0.015475389424469658,21.0,0.012879758418740849,0.013871994288139015,0.014104200297778032
math,8,8,model.layers.8.mlp,54,0.1009333821376281,1.0,0.043425262585216874,1.0,0.12484602540687796,1.0,0.1009333821376281,0.1128975778006892,0.11378410587431381
math,8,8,model.layers.8.mlp,55,0.015319973157637872,22.0,0.006045451799563049,18.0,0.01589274848959049,19.0,0.015319973157637872,0.01571704635158229,0.014484579472033245
math,8,8,model.layers.8.mlp,56,0.012719619326500732,29.0,0.004422822191751312,29.0,0.010208309565799418,31.0,0.012719619326500732,0.01149851221997774,0.00930380741114647
math,8,8,model.layers.8.mlp,57,0.017638177159590044,17.0,0.006532616007904008,13.0,0.0201084711541194,13.0,0.017638177159590044,0.01698358236860589,0.01832677014197407
math,8,8,model.layers.8.mlp,58,0.001936920448999512,58.0,0.0004526848557985603,60.0,0.00096810365317543,60.0,0.001936920448999512,0.001176896135663436,0.0008823253140115945
math,8,8,model.layers.8.mlp,59,0.0040644826744753535,53.0,0.0009434794495314026,53.0,0.0012380604642652894,58.0,0.0040644826744753535,0.0024528704771283067,0.0011283627371048287
math,8,8,model.layers.8.mlp,60,0.007229136163982431,40.0,0.0022908364813056673,43.0,0.003731377933696167,50.0,0.007229136163982431,0.0059557472880983385,0.0034007610613238847
math,8,8,model.layers.8.mlp,61,0.019872498779892632,13.0,0.005689376153382748,21.0,0.014985305247596557,25.0,0.019872498779892632,0.014791316129717002,0.01365753978386164
math,8,8,model.layers.8.mlp,62,0.014953940946803319,23.0,0.004836559528371309,28.0,0.010603984262432455,30.0,0.014953940946803319,0.012574152074968679,0.009664423549519746
math,8,8,model.layers.8.mlp,63,0.014770924841386042,24.0,0.005068092476512933,26.0,0.016180314007272018,17.0,0.014770924841386042,0.013176094526668222,0.014746665391092659
math,9,9,model.layers.9.mlp,0,0.009082174231332358,40.0,0.002904792364892173,44.0,0.00893064996835777,44.0,0.009082174231332358,0.00675895597838853,0.005503305096408158
math,9,9,model.layers.9.mlp,1,0.024615666178623718,11.0,0.010450416218658491,7.0,0.036385367939447764,9.0,0.024615666178623718,0.02431633463081353,0.022421635774027584
math,9,9,model.layers.9.mlp,2,0.01159102000976086,29.0,0.004288672935444882,32.0,0.017414802099042198,27.0,0.01159102000976086,0.009979009834478919,0.010731466296872673
math,9,9,model.layers.9.mlp,3,0.00372132747681796,56.0,0.0010391615145726573,57.0,0.0035554285657993464,57.0,0.00372132747681796,0.00241795145715789,0.002190950066949801
math,9,9,model.layers.9.mlp,4,0.0010980966325036604,63.0,0.0002930893904991764,62.0,0.0006556393875908189,62.0,0.0010980966325036604,0.000681968980660755,0.00040402250630342136
math,9,9,model.layers.9.mlp,5,0.1173590775988287,1.0,0.07524059736885752,1.0,0.2686522834297504,1.0,0.1173590775988287,0.17507202633488103,0.16555071420322465
math,9,9,model.layers.9.mlp,6,0.01822535383113714,13.0,0.00734431060597395,15.0,0.03059731924923645,11.0,0.01822535383113714,0.01708895708944504,0.018854885541070475
math,9,9,model.layers.9.mlp,7,0.049887140068326015,5.0,0.027576340414245518,2.0,0.14750232430072224,2.0,0.049887140068326015,0.06416543679942532,0.09089487281802894
math,9,9,model.layers.9.mlp,8,0.010897083943387018,30.0,0.008288538473416911,12.0,0.05670525889212821,6.0,0.010897083943387018,0.01928601415512331,0.03494329543312939
math,9,9,model.layers.9.mlp,9,0.0071833821376281115,45.0,0.002372574142969894,47.0,0.0054153258448194855,50.0,0.0071833821376281115,0.0055205750268459116,0.00333706845818593
math,9,9,model.layers.9.mlp,10,0.009776110297706198,35.0,0.003145373350472029,41.0,0.010864585443054861,40.0,0.009776110297706198,0.007318746864107115,0.006695047801780604
math,9,9,model.layers.9.mlp,11,0.007518911664226452,43.0,0.0029129020873368107,43.0,0.010589586835392746,43.0,0.007518911664226452,0.00677782591816899,0.006525586313040792
math,9,9,model.layers.9.mlp,12,0.018339738897022936,12.0,0.006224751879727916,21.0,0.017141793510458886,29.0,0.018339738897022936,0.014483935044711535,0.010563231111053381
math,9,9,model.layers.9.mlp,13,0.017737310883357737,16.0,0.008155387107659224,13.0,0.0240820603815156,20.0,0.017737310883357737,0.018976193656248544,0.014840008969019587
math,9,9,model.layers.9.mlp,14,0.0070384943875061,46.0,0.004048255782641685,34.0,0.010800999147920215,41.0,0.0070384943875061,0.00941960015966499,0.006655864227985184
math,9,9,model.layers.9.mlp,15,0.0031875305026842363,58.0,0.0008753510787464922,58.0,0.002444144718579879,59.0,0.0031875305026842363,0.0020367925358073134,0.0015061472718981921
math,9,9,model.layers.9.mlp,16,0.01576988775012201,18.5,0.00674593373005887,18.0,0.02301710949489813,21.0,0.01576988775012201,0.015696636243495068,0.01418375778209461
math,9,9,model.layers.9.mlp,17,0.005566739873108834,51.0,0.0018044690960148243,52.0,0.0050109389107156205,53.0,0.005566739873108834,0.004198691559415289,0.0030878744260315265
math,9,9,model.layers.9.mlp,18,0.0011285993167398731,62.0,0.00026642932957006465,63.0,0.0006216174162462491,63.0,0.0011285993167398731,0.0006199355698122273,0.00038305725865024837
math,9,9,model.layers.9.mlp,19,2.287701317715959e-05,64.0,5.547973573236945e-06,64.0,1.2688660333292144e-05,64.0,2.287701317715959e-05,1.290918745311539e-05,7.81909148003921e-06
math,9,9,model.layers.9.mlp,20,0.006863103953147877,47.0,0.0034496331575616154,38.0,0.015682531830369734,31.0,0.006863103953147877,0.008026707497358036,0.0096639950790197
math,9,9,model.layers.9.mlp,21,0.017356027330405074,17.0,0.007194202547832021,16.0,0.02798561745297333,13.0,0.017356027330405074,0.0167396812619384,0.01724548512154914
math,9,9,model.layers.9.mlp,22,0.00648944607125427,48.0,0.0023959798891989995,46.0,0.010637628149992084,42.0,0.00648944607125427,0.005575036202906504,0.006555190654539947
math,9,9,model.layers.9.mlp,23,0.009760858955588092,36.0,0.003273028871267234,40.0,0.013443247167409019,36.0,0.009760858955588092,0.007615779469907523,0.008284088046312824
math,9,9,model.layers.9.mlp,24,0.003919594924353343,55.0,0.0015046774555614018,56.0,0.00517548902142973,52.0,0.003919594924353343,0.003501127587200435,0.0031892746002759554
math,9,9,model.layers.9.mlp,25,0.0012734870668618839,61.0,0.0003347699382701928,61.0,0.000979173901227697,60.0,0.0012734870668618839,0.000778952500358858,0.0006033931169611335
math,9,9,model.layers.9.mlp,26,0.012681490971205467,26.0,0.00582476904940291,22.0,0.019561432746523996,25.0,0.012681490971205467,0.01355324327653129,0.012054277449952149
math,9,9,model.layers.9.mlp,27,0.011697779404587603,28.0,0.0050960110710445644,26.0,0.020446278405748034,23.0,0.011697779404587603,0.011857547861548913,0.012599542984173703
math,9,9,model.layers.9.mlp,28,0.02627043679843826,9.0,0.0098760482914684,8.0,0.029490647707525377,12.0,0.02627043679843826,0.022979878510164017,0.018172924971892733
math,9,9,model.layers.9.mlp,29,0.009798987310883358,34.0,0.0035947741037930087,35.0,0.012575991504919738,38.0,0.009798987310883358,0.00836442570334625,0.007749661938003066
math,9,9,model.layers.9.mlp,30,0.010675939482674476,31.0,0.004886401927197718,27.0,0.01556463917401897,33.0,0.010675939482674476,0.011369823164578659,0.009591346474626623
math,9,9,model.layers.9.mlp,31,0.0035764397266959493,57.0,0.001588105573602977,55.0,0.004475365563992569,55.0,0.0035764397266959493,0.0036952505765121824,0.0027578398217233996
math,9,9,model.layers.9.mlp,32,0.012170571010248902,27.0,0.0046070298082715655,30.0,0.014623191876708734,34.0,0.012170571010248902,0.010719771933298627,0.009011201498880827
math,9,9,model.layers.9.mlp,33,0.009570217179111763,38.0,0.004537103000415599,31.0,0.019365377724170685,26.0,0.009570217179111763,0.010557064188084192,0.011933463107489257
math,9,9,model.layers.9.mlp,34,0.013649951195705222,23.0,0.0048529279121484565,28.0,0.011550199431346764,39.0,0.013649951195705222,0.01129193484565013,0.007117541457819548
math,9,9,model.layers.9.mlp,35,0.03029679111761835,7.0,0.010633879140739384,6.0,0.053614987955842734,7.0,0.03029679111761835,0.024743221532954402,0.03303898792435921
math,9,9,model.layers.9.mlp,36,0.00799170326988775,42.0,0.0027274508311028243,45.0,0.008300057369188428,46.0,0.00799170326988775,0.006346312501867067,0.005114717090265078
math,9,9,model.layers.9.mlp,37,0.018042337725719865,15.0,0.006758414808862555,17.0,0.025628701841441406,17.0,0.018042337725719865,0.01572567758332248,0.01579309075577458
math,9,9,model.layers.9.mlp,38,0.013794838945827233,22.0,0.005773839396695034,23.0,0.020607089871979737,22.0,0.013794838945827233,0.013434738668488532,0.012698639305808682
math,9,9,model.layers.9.mlp,39,0.0060242801366520255,50.0,0.0020516927559937775,49.0,0.005586937444421825,49.0,0.0060242801366520255,0.0047739388145408256,0.0034428201105338027
math,9,9,model.layers.9.mlp,40,0.009394826744753539,39.0,0.0035536446299071194,37.0,0.008360333797981415,45.0,0.009394826744753539,0.00826872443850926,0.005151861035996357
math,9,9,model.layers.9.mlp,41,0.018194851146900927,14.0,0.00767135061596358,14.0,0.0247120964070423,18.0,0.018194851146900927,0.017849923366211502,0.015228253999614982
math,9,9,model.layers.9.mlp,42,0.015579245973645682,20.0,0.0065725390767981335,19.0,0.027741407391034784,14.0,0.015579245973645682,0.015293176484222131,0.017094996357212573
math,9,9,model.layers.9.mlp,43,0.013131405563689604,25.0,0.005497691804691313,24.0,0.024315767782877105,19.0,0.013131405563689604,0.01279219036092286,0.01498402571332578
math,9,9,model.layers.9.mlp,44,0.025507869692532943,10.0,0.009606997637471784,10.0,0.04087084296885323,8.0,0.025507869692532943,0.022353843565877298,0.025185705318416848
math,9,9,model.layers.9.mlp,45,0.006314055636896047,49.0,0.001846067727397511,51.0,0.006950018421568162,48.0,0.006314055636896047,0.004295484473661064,0.004282787023907955
math,9,9,model.layers.9.mlp,46,0.03699975597852611,6.0,0.009701804686546791,9.0,0.026347087229851573,16.0,0.03699975597852611,0.022574443385294227,0.016235779024067535
math,9,9,model.layers.9.mlp,47,0.004560151293313812,54.0,0.0019473461711505611,50.0,0.007907954533254885,47.0,0.004560151293313812,0.004531142123811896,0.004873092847577851
math,9,9,model.layers.9.mlp,48,0.010370912640312348,33.0,0.0035842590183092363,36.0,0.013651738637806497,35.0,0.010370912640312348,0.008339958894374706,0.008412566060305243
math,9,9,model.layers.9.mlp,49,0.009600719863347975,37.0,0.0033823649088541665,39.0,0.013366386705255903,37.0,0.009600719863347975,0.00787018576546006,0.008236724576175912
math,9,9,model.layers.9.mlp,50,0.05598767691556857,3.0,0.02583416500808321,4.0,0.08207391358806541,5.0,0.05598767691556857,0.06011169202262119,0.05057613819058019
math,9,9,model.layers.9.mlp,51,0.05212908735968765,4.0,0.020083381351230785,5.0,0.09525285257601983,3.0,0.05212908735968765,0.046730600125078764,0.05869735247561376
math,9,9,model.layers.9.mlp,52,0.027231271351878965,8.0,0.008991127889176123,11.0,0.03608788059739848,10.0,0.027231271351878965,0.02092081979197113,0.022238316126362814
math,9,9,model.layers.9.mlp,53,0.013367801366520254,24.0,0.004730194821597426,29.0,0.01705541308985622,30.0,0.013367801366520254,0.01100635589475779,0.010510001188190336
math,9,9,model.layers.9.mlp,54,0.057650073206442165,2.0,0.026179844719890037,3.0,0.0852586818125377,4.0,0.057650073206442165,0.06091602970367645,0.052538677452864155
math,9,9,model.layers.9.mlp,55,0.01576988775012201,18.5,0.006281653981839465,20.0,0.027285805914738285,15.0,0.01576988775012201,0.014616336523005835,0.016814242555941977
math,9,9,model.layers.9.mlp,56,0.002935883357735481,59.0,0.0007565127401133175,59.0,0.0026143461128577713,58.0,0.002935883357735481,0.0017602760077847425,0.0016110299180509382
math,9,9,model.layers.9.mlp,57,0.0021809419228892143,60.0,0.0005452131398891228,60.0,0.0007622381131377902,61.0,0.0021809419228892143,0.0012686179073891773,0.00046971148881329555
math,9,9,model.layers.9.mlp,58,0.01531234748657882,21.0,0.005130170204978038,25.0,0.019850957275106013,24.0,0.01531234748657882,0.011937030335169638,0.012232690199228626
math,9,9,model.layers.9.mlp,59,0.01061493411420205,32.0,0.004114250603857827,33.0,0.017241819795328357,28.0,0.01061493411420205,0.009573158843167685,0.010624869980032384
math,9,9,model.layers.9.mlp,60,0.004636408003904344,53.0,0.00166665594306674,54.0,0.0036558876387464048,56.0,0.004636408003904344,0.003878023877526224,0.00225285563150432
math,9,9,model.layers.9.mlp,61,0.007480783308931186,44.0,0.0022658445359207235,48.0,0.005264213023704544,51.0,0.007480783308931186,0.005272233450231079,0.0032439487007751046
math,9,9,model.layers.9.mlp,62,0.008029831625183016,41.0,0.0031191601062065337,42.0,0.01559845752752281,32.0,0.008029831625183016,0.007257753119362194,0.009612186247526607
math,9,9,model.layers.9.mlp,63,0.005368472425573451,52.0,0.0017635109018499877,53.0,0.004858757103322889,54.0,0.005368472425573451,0.00410338883325135,0.0029940959307179285
math,10,10,model.layers.10.mlp,0,0.013177159590043924,26.0,0.006830732085868869,23.0,0.03107947352391851,23.0,0.013177159590043924,0.015464230899929144,0.015330576778851926
math,10,10,model.layers.10.mlp,1,0.013802464616886286,24.0,0.005300511611037396,29.0,0.02283400452067178,34.0,0.013802464616886286,0.01199993418134644,0.011263332990612232
math,10,10,model.layers.10.mlp,2,0.038799414348462666,7.0,0.015199530002487876,8.0,0.07500863002532282,6.0,0.038799414348462666,0.034410519776516,0.03699951869502345
math,10,10,model.layers.10.mlp,3,0.007640922401171303,45.0,0.004051055833733681,38.0,0.021300655263787424,35.0,0.007640922401171303,0.009171266273341767,0.010506977562217657
math,10,10,model.layers.10.mlp,4,0.009760858955588092,35.0,0.008115478932653885,18.0,0.033586803414636615,19.0,0.009760858955588092,0.018372794965520398,0.01656736778723185
math,10,10,model.layers.10.mlp,5,0.031951561737432896,9.0,0.018333252608456106,4.0,0.08204955732374437,4.0,0.031951561737432896,0.04150501702012385,0.040472598007634565
math,10,10,model.layers.10.mlp,6,0.019636102977061982,14.0,0.008576645858116764,14.0,0.03661207279500407,15.0,0.019636102977061982,0.019416839985749182,0.018059642888891475
math,10,10,model.layers.10.mlp,7,0.008586505612493899,41.0,0.0034715867496339678,41.0,0.01729990851012249,41.0,0.008586505612493899,0.007859394631585144,0.008533528583662698
math,10,10,model.layers.10.mlp,8,0.006237798926305515,53.0,0.003234371782920022,45.0,0.01770496937201307,37.0,0.006237798926305515,0.00732235892705614,0.008733333018526837
math,10,10,model.layers.10.mlp,9,0.006939360663738409,50.0,0.002635510855619357,54.0,0.012234128698008476,52.0,0.006939360663738409,0.005966585703878236,0.006034730581354055
math,10,10,model.layers.10.mlp,10,0.010454795021961933,33.0,0.003388620342144796,43.0,0.015519069423176358,43.0,0.010454795021961933,0.007671565323361448,0.007655093807983588
math,10,10,model.layers.10.mlp,11,0.02294564421669107,10.0,0.015450935121743838,7.0,0.05972852959698034,10.0,0.02294564421669107,0.03497968085101361,0.029462301160595353
math,10,10,model.layers.10.mlp,12,0.012483223523670083,27.0,0.005691960243087329,27.0,0.02495251629427039,31.0,0.012483223523670083,0.012886142563608233,0.012308331625388346
math,10,10,model.layers.10.mlp,13,0.05336444607125427,3.0,0.03268761027435258,1.0,0.11672651071034157,2.0,0.05336444607125427,0.07400213425076624,0.057577704242486615
math,10,10,model.layers.10.mlp,14,0.011934175207418253,29.0,0.0052161898596685885,30.0,0.026498904223556108,28.0,0.011934175207418253,0.011809036483023406,0.01307111864176299
math,10,10,model.layers.10.mlp,15,0.012025683260126891,28.0,0.004362591305495821,34.0,0.017664144047444597,38.0,0.012025683260126891,0.0098765576547465,0.008713195104274948
math,10,10,model.layers.10.mlp,16,0.044549170326988775,5.0,0.015605273044301336,6.0,0.06552144432719478,7.0,0.044549170326988775,0.03532908955875404,0.032319773117980614
math,10,10,model.layers.10.mlp,17,0.021283247925817473,11.0,0.008478122783789349,16.0,0.052124842426845536,11.0,0.021283247925817473,0.01919379162852815,0.0257116291978154
math,10,10,model.layers.10.mlp,18,0.004522022938018545,58.0,0.0030857680075456013,46.0,0.012458014743072615,49.0,0.004522022938018545,0.006985931869735983,0.006145166885911395
math,10,10,model.layers.10.mlp,19,0.00980661298194241,34.0,0.0025304679814753387,58.0,0.006976494950134618,58.0,0.00980661298194241,0.005728777041536493,0.003441296758067694
math,10,10,model.layers.10.mlp,20,0.00670296486090776,52.0,0.00301397201664684,47.0,0.008563603924041029,57.0,0.00670296486090776,0.006823391490902425,0.004224170250508033
math,10,10,model.layers.10.mlp,21,0.007343521229868228,48.0,0.0033848149535596634,44.0,0.019828610669906953,36.0,0.007343521229868228,0.00766295022808254,0.009780861894556464
math,10,10,model.layers.10.mlp,22,0.04522785505124451,4.0,0.013947218322009212,9.0,0.04747208934722731,12.0,0.04522785505124451,0.03157538633223058,0.023416564956613487
math,10,10,model.layers.10.mlp,23,0.013337298682284041,25.0,0.008325296590943753,17.0,0.03608882154000349,16.0,0.013337298682284041,0.01884780535589852,0.017801538660284014
math,10,10,model.layers.10.mlp,24,0.00763329673011225,46.0,0.0028650703634966754,51.0,0.013613544160881062,47.0,0.00763329673011225,0.006486290062131865,0.006715155063037407
math,10,10,model.layers.10.mlp,25,0.00019064177647632992,64.0,5.6336134337634215e-05,64.0,0.00023377485338756666,64.0,0.00019064177647632992,0.00012754050055760404,0.00011531415858974573
math,10,10,model.layers.10.mlp,26,0.009692227916056614,36.0,0.004214814140949091,35.0,0.023036053085135157,33.0,0.009692227916056614,0.009542001978201212,0.011362997517689202
math,10,10,model.layers.10.mlp,27,0.00932619570522206,38.0,0.004149370393618076,36.0,0.024131312773627966,32.0,0.00932619570522206,0.009393842570547515,0.011903256435984527
math,10,10,model.layers.10.mlp,28,0.00961597120546608,37.0,0.0035100576643713396,40.0,0.013562166866091416,48.0,0.00961597120546608,0.007946489704404786,0.00668981217677982
math,10,10,model.layers.10.mlp,29,0.0052464616886285995,57.0,0.0027017961076668496,52.0,0.01378650705272349,46.0,0.0052464616886285995,0.006116650210879325,0.006800472495819593
math,10,10,model.layers.10.mlp,30,0.0175314177647633,17.0,0.009010970272512887,11.0,0.06149633484040312,9.0,0.0175314177647633,0.02040011570865346,0.030334306730235804
math,10,10,model.layers.10.mlp,31,0.008700890678379697,40.0,0.0034347467157187957,42.0,0.017163579810816176,42.0,0.008700890678379697,0.007775991742456464,0.00846628170477757
math,10,10,model.layers.10.mlp,32,0.01774493655441679,15.0,0.006960167426374146,22.0,0.03341892298370992,20.0,0.01774493655441679,0.01575726215441582,0.016484557380742573
math,10,10,model.layers.10.mlp,33,0.007938323572474378,44.0,0.0026176084012971266,55.0,0.010360483285594184,55.0,0.007938323572474378,0.005926055979708972,0.005110517214957896
math,10,10,model.layers.10.mlp,34,0.006161542215714983,54.0,0.0029048817282248964,48.0,0.015376859048305087,44.0,0.006161542215714983,0.0065764198064783225,0.0075849456740702025
math,10,10,model.layers.10.mlp,35,0.010935212298682283,32.0,0.005368457531684663,28.0,0.02994770780314813,25.0,0.010935212298682283,0.01215375830918353,0.01477231052429037
math,10,10,model.layers.10.mlp,36,0.01700524646168863,18.0,0.006698988192601574,24.0,0.029886417938128164,26.0,0.01700524646168863,0.015165973266701837,0.01474207806296084
math,10,10,model.layers.10.mlp,37,0.021130734504636407,12.0,0.00898977999224088,12.0,0.04505356659011878,13.0,0.021130734504636407,0.020352142609600367,0.022223579856955396
math,10,10,model.layers.10.mlp,38,0.015190336749633968,22.0,0.007333564665213977,21.0,0.0443272429480676,14.0,0.015190336749633968,0.016602603626783147,0.021865306080142814
math,10,10,model.layers.10.mlp,39,0.02071132259638848,13.0,0.00850395623389077,15.0,0.036016692266980864,17.0,0.02071132259638848,0.019252276492564415,0.017765959442469233
math,10,10,model.layers.10.mlp,40,0.00844161786237189,43.0,0.0025707894618945217,56.0,0.010646959061776649,54.0,0.00844161786237189,0.005820061646991767,0.005251827165998945
math,10,10,model.layers.10.mlp,41,0.008830527086383601,39.0,0.004128347669594925,37.0,0.01747474185858793,40.0,0.008830527086383601,0.009346248805435272,0.00861976865687663
math,10,10,model.layers.10.mlp,42,0.014229502196193265,23.0,0.006055371129495333,26.0,0.03118612957966508,22.0,0.014229502196193265,0.013708875733100773,0.01538318702819524
math,10,10,model.layers.10.mlp,43,0.033430941922889215,8.0,0.013358544814639,10.0,0.06340353764691779,8.0,0.033430941922889215,0.03024267661265648,0.031275072957682136
math,10,10,model.layers.10.mlp,44,0.04405350170815032,6.0,0.016243371921611915,5.0,0.07631490985727007,5.0,0.04405350170815032,0.03677369436123638,0.03764386755257155
math,10,10,model.layers.10.mlp,45,0.011293618838457784,31.0,0.004512788726970474,32.0,0.017650243556676926,39.0,0.011293618838457784,0.010216592599326316,0.008706338407014182
math,10,10,model.layers.10.mlp,46,0.0040873596876525135,60.0,0.001317007009898121,60.0,0.003695213596353361,61.0,0.0040873596876525135,0.002981598493669979,0.0018227385901358837
math,10,10,model.layers.10.mlp,47,0.017600048804294777,16.0,0.007667500545712085,19.0,0.03433312837847155,18.0,0.017600048804294777,0.01735860774125824,0.0169355076191772
math,10,10,model.layers.10.mlp,48,0.01135462420693021,30.0,0.003752623260632092,39.0,0.009819172286388058,56.0,0.01135462420693021,0.008495638806111667,0.0048435046534941375
math,10,10,model.layers.10.mlp,49,0.007053745729624207,49.0,0.002866291662377227,50.0,0.014395648660388238,45.0,0.007053745729624207,0.00648905498507852,0.007100943872154551
math,10,10,model.layers.10.mlp,50,0.005368472425573451,56.0,0.0025497071623162212,57.0,0.011136076558088605,53.0,0.005368472425573451,0.005772333007589444,0.005493094230105404
math,10,10,model.layers.10.mlp,51,0.0075875427037579305,47.0,0.0027013492910032333,53.0,0.012246358610158754,51.0,0.0075875427037579305,0.006115638653703718,0.006040763232038248
math,10,10,model.layers.10.mlp,52,0.01560212298682284,20.0,0.006073757635203148,25.0,0.030408141517301722,24.0,0.01560212298682284,0.013750501310876944,0.014999428734673545
math,10,10,model.layers.10.mlp,53,0.015533491947291362,21.0,0.007396751988393729,20.0,0.033304902916276906,21.0,0.015533491947291362,0.016745654670700036,0.0164283146841999
math,10,10,model.layers.10.mlp,54,0.0032332845290385555,62.0,0.000928477580050482,62.0,0.0041008286738087344,60.0,0.0032332845290385555,0.0021019989516221434,0.002022816402998576
math,10,10,model.layers.10.mlp,55,0.0036145680819912153,61.0,0.0015943088782828514,59.0,0.004122653474968532,59.0,0.0036145680819912153,0.003609387736137064,0.0020335819260891125
math,10,10,model.layers.10.mlp,56,0.06630520985846755,1.0,0.025032188672446925,3.0,0.0970135172615405,3.0,0.06630520985846755,0.05667087227182187,0.04785387287271549
math,10,10,model.layers.10.mlp,57,0.004323755490483162,59.0,0.0011642254987188872,61.0,0.0026743035275341824,62.0,0.004323755490483162,0.002635713376757909,0.0013191541203960591
math,10,10,model.layers.10.mlp,58,0.006146290873596877,55.0,0.0028731726389969194,49.0,0.01233870976251355,50.0,0.006146290873596877,0.006504632965582846,0.006086317299442288
math,10,10,model.layers.10.mlp,59,0.016471449487554905,19.0,0.008768285525141837,13.0,0.02751581413737735,27.0,0.016471449487554905,0.019850696858366417,0.0135727299544197
math,10,10,model.layers.10.mlp,60,0.006878355295265984,51.0,0.005050718755242649,31.0,0.024989608195262632,30.0,0.006878355295265984,0.01143442314232414,0.012326627953207332
math,10,10,model.layers.10.mlp,61,0.008472120546608102,42.0,0.004434424531116551,33.0,0.025998533790201138,29.0,0.008472120546608102,0.010039182330011357,0.012824300839636699
math,10,10,model.layers.10.mlp,62,0.06172980722303563,2.0,0.030132005132076624,2.0,0.19008104186805067,1.0,0.06172980722303563,0.0682164486884588,0.09376130532969573
math,10,10,model.layers.10.mlp,63,0.0010904709614446072,63.0,0.0003016310357186432,63.0,0.0011915016370307764,63.0,0.0010904709614446072,0.0006828685306788095,0.000587732199342772
math,11,11,model.layers.11.mlp,0,0.01359657149829185,25.0,0.006240360675176916,25.0,0.037893651417838826,23.0,0.01359657149829185,0.013438349936331589,0.01315729198037469
math,11,11,model.layers.11.mlp,1,0.0295723523670083,7.0,0.011276729168573085,8.0,0.06177663740966962,10.0,0.0295723523670083,0.02428395418029687,0.02144985309022294
math,11,11,model.layers.11.mlp,2,0.005970900439238653,44.0,0.002910146717911176,40.0,0.013152468243223856,43.0,0.005970900439238653,0.006266876547203504,0.00456675085307922
math,11,11,model.layers.11.mlp,3,0.006885980966325036,39.0,0.0027374818652010128,43.0,0.018235017815963882,37.0,0.006885980966325036,0.005895050168376683,0.006331494714679957
math,11,11,model.layers.11.mlp,4,0.012048560273304051,27.0,0.005742934577461566,26.0,0.03926993339977478,22.0,0.012048560273304051,0.012367164100046056,0.013635159464930047
math,11,11,model.layers.11.mlp,5,0.007549414348462665,37.0,0.0030250456229601328,36.0,0.015578526100384689,39.0,0.007549414348462665,0.006514306427256943,0.005409117592456581
math,11,11,model.layers.11.mlp,6,0.0021123108833577355,62.0,0.0006657866165660078,62.0,0.003524512728869828,59.0,0.0021123108833577355,0.0014337430161577291,0.001223768133372782
math,11,11,model.layers.11.mlp,7,0.04489995119570522,5.0,0.01669577379352352,6.0,0.08156749895574292,7.0,0.04489995119570522,0.035953635114022095,0.028321562048369765
math,11,11,model.layers.11.mlp,8,0.014587908735968765,23.0,0.0065273286773845475,24.0,0.04263015626668348,18.0,0.014587908735968765,0.01405632326110048,0.014801883486628217
math,11,11,model.layers.11.mlp,9,0.0027604929233772573,61.0,0.0012323203582540263,56.0,0.004626016654328726,57.0,0.0027604929233772573,0.0026537492093617852,0.001606228208412396
math,11,11,model.layers.11.mlp,10,0.0038433382137628112,54.0,0.00132596568400363,54.0,0.004939272900449686,56.0,0.0038433382137628112,0.0028554104149922203,0.0017149958710860778
math,11,11,model.layers.11.mlp,11,0.023082906295754026,12.0,0.009499903130147327,9.0,0.06125334974991048,11.0,0.023082906295754026,0.02045763526649881,0.021268159105305544
math,11,11,model.layers.11.mlp,12,0.004834675451439727,46.0,0.0029611433931185944,39.0,0.01409325692184513,42.0,0.004834675451439727,0.006376695707136484,0.004893407980943752
math,11,11,model.layers.11.mlp,13,0.027269399707174232,8.0,0.007311074893145284,21.0,0.03020532797202068,29.0,0.027269399707174232,0.015744087231308795,0.0104877810562158
math,11,11,model.layers.11.mlp,14,0.009295693020985847,31.0,0.0028354240778657273,41.0,0.011278179348271437,45.0,0.009295693020985847,0.00610596453628535,0.0039159672699787115
math,11,11,model.layers.11.mlp,15,0.02650683260126891,9.0,0.01262676337685685,7.0,0.09838562368939364,6.0,0.02650683260126891,0.027191195133388302,0.034161088444045466
math,11,11,model.layers.11.mlp,16,0.004232247437774524,49.0,0.001583845921409834,50.0,0.007670290242715136,50.0,0.004232247437774524,0.00341074448177364,0.002663249502794361
math,11,11,model.layers.11.mlp,17,0.007862066861883846,35.0,0.003331338445869174,32.0,0.02925156167512437,30.0,0.007862066861883846,0.007173894927263289,0.010156617888250468
math,11,11,model.layers.11.mlp,18,0.014854807223035628,22.0,0.005737952571662244,27.0,0.03321089737731809,25.0,0.014854807223035628,0.012356435563539754,0.01153136362884069
math,11,11,model.layers.11.mlp,19,0.004964311859443631,45.0,0.0016158156536915875,49.0,0.008562652934151722,49.0,0.004964311859443631,0.0034795899335248494,0.002973092340428555
math,11,11,model.layers.11.mlp,20,0.015213213762811128,19.0,0.007991293687946101,16.0,0.05287543026454976,12.0,0.015213213762811128,0.01720890932631438,0.018359209222342583
math,11,11,model.layers.11.mlp,21,0.006405563689604685,42.0,0.0023075846592468885,47.0,0.016428040201458015,38.0,0.006405563689604685,0.004969284913614554,0.005704082702733747
math,11,11,model.layers.11.mlp,22,0.016570583211322595,16.0,0.00882647594863348,13.0,0.07002499971580599,9.0,0.016570583211322595,0.019007438620362804,0.024313818613763468
math,11,11,model.layers.11.mlp,23,0.025484992679355785,10.0,0.0077749003777566805,18.0,0.02414388986638024,31.0,0.025484992679355785,0.016742915583713252,0.008383151177783542
math,11,11,model.layers.11.mlp,24,0.015525866276232309,18.0,0.00525773636244052,28.0,0.03048749268054962,27.0,0.015525866276232309,0.011322310486396325,0.010585753231442093
math,11,11,model.layers.11.mlp,25,0.0033019155685700343,58.0,0.0011164831382114752,58.0,0.00568564122760002,55.0,0.0033019155685700343,0.0024042987080829443,0.001974147091350848
math,11,11,model.layers.11.mlp,26,0.006497071742313324,41.0,0.0031730461958386713,33.0,0.014707678660801296,41.0,0.006497071742313324,0.006833019333873187,0.005106745200136362
math,11,11,model.layers.11.mlp,27,0.05881680087847731,4.0,0.024012910499405196,4.0,0.11201930686053327,5.0,0.05881680087847731,0.051710776199914044,0.0388949249453798
math,11,11,model.layers.11.mlp,28,0.003561188384577843,55.0,0.0014426220679294778,52.0,0.004037949304324118,58.0,0.003561188384577843,0.00310662495067419,0.0014020416616260026
math,11,11,model.layers.11.mlp,29,0.002989263055148853,60.0,0.0011151166239152482,59.0,0.0029912108765426876,62.0,0.002989263055148853,0.002401355977964997,0.0010385970579498522
math,11,11,model.layers.11.mlp,30,0.010607308443142997,29.0,0.004725048983021444,29.0,0.03261936187249617,26.0,0.010607308443142997,0.010175190987394282,0.011325972882304284
math,11,11,model.layers.11.mlp,31,0.014915812591508053,21.0,0.006695934945400195,22.0,0.044878646658652585,17.0,0.014915812591508053,0.014419409651293617,0.015582595914575384
math,11,11,model.layers.11.mlp,32,0.0075875427037579305,36.0,0.004362479601329917,31.0,0.02401625320066281,32.0,0.0075875427037579305,0.009394413323892969,0.008338833651881164
math,11,11,model.layers.11.mlp,33,0.015022571986334797,20.0,0.008454746825337818,14.0,0.045633591547892,16.0,0.015022571986334797,0.01820693584489923,0.01584472505666536
math,11,11,model.layers.11.mlp,34,0.018255856515373352,13.0,0.0075980726831304905,20.0,0.04221051528489898,19.0,0.018255856515373352,0.016362124702783257,0.014656177313755403
math,11,11,model.layers.11.mlp,35,0.003401049292337726,57.0,0.0012031655709530563,57.0,0.0070229629650093855,54.0,0.003401049292337726,0.0025909656212867826,0.0024384869454540533
math,11,11,model.layers.11.mlp,36,0.010538677403611517,30.0,0.0046073127921585225,30.0,0.030318403444736977,28.0,0.010538677403611517,0.00992165113363546,0.010527042699121155
math,11,11,model.layers.11.mlp,37,0.0067563445583211324,40.0,0.003003695233383663,38.0,0.008999127223760457,48.0,0.0067563445583211324,0.006468329276040842,0.003124643311512995
math,11,11,model.layers.11.mlp,38,0.0010294655929721816,64.0,0.00015751776781356758,64.0,0.00025196068646570803,64.0,0.0010294655929721816,0.0003392077790453256,8.748484760284503e-05
math,11,11,model.layers.11.mlp,39,0.004110236700829673,51.0,0.0017626098215783614,48.0,0.009514234623730387,47.0,0.004110236700829673,0.003795704898565576,0.0033034969772081798
math,11,11,model.layers.11.mlp,40,0.0029968887262079064,59.0,0.0008712924940519766,61.0,0.0035151436133151115,60.0,0.0029968887262079064,0.0018762911378736335,0.0012205150240961913
math,11,11,model.layers.11.mlp,41,0.004148365056124939,50.0,0.0026028857922309663,45.0,0.010755900575394396,46.0,0.004148365056124939,0.005605203279266187,0.003734623586992804
math,11,11,model.layers.11.mlp,42,0.008296730112249878,34.0,0.0030175986785665266,37.0,0.019793140297876502,34.0,0.008296730112249878,0.00649826975086486,0.0068725001778288455
math,11,11,model.layers.11.mlp,43,0.06665599072718399,3.0,0.03269913814427388,3.0,0.19466807831782373,3.0,0.06665599072718399,0.07041619609378476,0.0675919223894136
math,11,11,model.layers.11.mlp,44,0.030136652025378234,6.0,0.017251353080008542,5.0,0.15103676599546315,4.0,0.030136652025378234,0.0371500513562534,0.05244242123994218
math,11,11,model.layers.11.mlp,45,0.011972303562713518,28.0,0.006640998836608559,23.0,0.036494002742042855,24.0,0.011972303562713518,0.014301107089549226,0.012671311199733344
math,11,11,model.layers.11.mlp,46,0.008769521717911176,33.0,0.0027928424498230844,42.0,0.011912148633563647,44.0,0.008769521717911176,0.006014266820675423,0.004136091715131873
math,11,11,model.layers.11.mlp,47,0.10585956564177648,1.0,0.061453056428536025,1.0,0.4420306245078687,1.0,0.10585956564177648,0.1323365298786013,0.15348022091583102
math,11,11,model.layers.11.mlp,48,0.0019292947779404588,63.0,0.000563629433374512,63.0,0.002846481565798766,63.0,0.0019292947779404588,0.0012137518894111438,0.0009883446877420102
math,11,11,model.layers.11.mlp,49,0.007168130795510005,38.0,0.0031267038608772573,34.0,0.019321815552996273,35.0,0.007168130795510005,0.006733223096685258,0.006708848561953015
math,11,11,model.layers.11.mlp,50,0.003927220595412396,52.0,0.0012377119459949975,55.0,0.007255563659256205,51.0,0.003927220595412396,0.0026653597630696526,0.002519249688935737
math,11,11,model.layers.11.mlp,51,0.012994143484626648,26.0,0.009251852859340685,11.0,0.04204575145110786,20.0,0.012994143484626648,0.01992346961255494,0.01459896863135392
math,11,11,model.layers.11.mlp,52,0.01815672279160566,14.0,0.00841913553724759,15.0,0.0477744937815743,15.0,0.01815672279160566,0.018130248458392294,0.016588081126509127
math,11,11,model.layers.11.mlp,53,0.009059297218155198,32.0,0.0030574472780167156,35.0,0.02048985391678884,33.0,0.009059297218155198,0.006584082006238893,0.007114410475932705
math,11,11,model.layers.11.mlp,54,0.015686005368472426,17.0,0.007742081693814055,19.0,0.04182468963766051,21.0,0.015686005368472426,0.016672241950853345,0.01452221237492547
math,11,11,model.layers.11.mlp,55,0.0038890922401171304,53.0,0.001460904316415782,51.0,0.007100421388980352,52.0,0.0038890922401171304,0.0031459949912167524,0.002465381769847933
math,11,11,model.layers.11.mlp,56,0.01409986578818936,24.0,0.009392346912270467,10.0,0.0503680286260859,14.0,0.01409986578818936,0.020226017549367967,0.017488598599323862
math,11,11,model.layers.11.mlp,57,0.10084949975597853,2.0,0.05676602409664394,2.0,0.40140608987207815,2.0,0.10084949975597853,0.12224320612418861,0.13937472187389086
math,11,11,model.layers.11.mlp,58,0.02395223279648609,11.0,0.008941084422851086,12.0,0.07724034268429013,8.0,0.02395223279648609,0.019254243070036953,0.026819103024813863
math,11,11,model.layers.11.mlp,59,0.0035001830161054174,56.0,0.001000340593448786,60.0,0.003237618742035243,61.0,0.0035001830161054174,0.0021541907030720284,0.0011241538758135488
math,11,11,model.layers.11.mlp,60,0.006352183992191313,43.0,0.00256593405414989,46.0,0.015338142083847796,40.0,0.006352183992191313,0.005525629291008674,0.005325652352907188
math,11,11,model.layers.11.mlp,61,0.01719588823816496,15.0,0.007974992326668496,17.0,0.05177616914520618,13.0,0.01719588823816496,0.017173805041692112,0.01797752788605763
math,11,11,model.layers.11.mlp,62,0.004621156661786237,47.0,0.002630856515373353,44.0,0.018809652460939918,36.0,0.004621156661786237,0.005665437035794848,0.006531017207844323
math,11,11,model.layers.11.mlp,63,0.00446101756954612,48.0,0.0014374613354647084,53.0,0.007036993133695955,53.0,0.00446101756954612,0.0030955115339344774,0.002443358448173799
math,12,12,model.layers.12.mlp,0,0.006969863347974622,42.0,0.0030788572431483347,41.0,0.020416885906200458,41.0,0.006969863347974622,0.006337489515732254,0.0056989834446284525
math,12,12,model.layers.12.mlp,1,0.006901232308443143,43.0,0.002821155732407577,48.0,0.01807627770567941,45.0,0.006901232308443143,0.005807039256584194,0.005045647404724343
math,12,12,model.layers.12.mlp,2,0.10738469985358712,1.0,0.0601610934926336,1.0,0.47670017619898636,1.0,0.10738469985358712,0.12383500407920157,0.13306174235829207
math,12,12,model.layers.12.mlp,3,0.002097059541239629,62.0,0.0008135339933351635,62.0,0.0040484599195504374,62.0,0.002097059541239629,0.0016745703831923314,0.0011300502027467838
math,12,12,model.layers.12.mlp,4,0.01953696925329429,14.0,0.008357370580447016,16.0,0.07437333585344448,15.0,0.01953696925329429,0.017202729535622182,0.020759895103388465
math,12,12,model.layers.12.mlp,5,0.01116398243045388,29.0,0.004756959139748048,33.0,0.043626149517259925,25.0,0.01116398243045388,0.00979167798117606,0.012177405751003605
math,12,12,model.layers.12.mlp,6,0.02175603953147877,12.0,0.010218734331628995,10.0,0.11504680607713333,6.0,0.02175603953147877,0.021034142402955158,0.03211311686822166
math,12,12,model.layers.12.mlp,7,0.012696742313323572,24.0,0.006975977289321773,25.0,0.05989226555609017,19.0,0.012696742313323572,0.01435928315008695,0.01671778112654246
math,12,12,model.layers.12.mlp,8,0.010226024890190337,30.0,0.0028346123609268243,46.0,0.01398677224899688,49.0,0.010226024890190337,0.005834738248587677,0.0039041401248470727
math,12,12,model.layers.12.mlp,9,0.01784407027818448,18.0,0.009178738759284254,13.0,0.07478126064633787,13.0,0.01784407027818448,0.018893425729322354,0.02087375951209572
math,12,12,model.layers.12.mlp,10,0.005780258662762323,49.0,0.0030697310127939695,42.0,0.016454340234624287,48.0,0.005780258662762323,0.006318704172787998,0.004592914562006221
math,12,12,model.layers.12.mlp,11,0.014511652025378234,22.0,0.005516480445396383,29.0,0.039222938661304926,28.0,0.014511652025378234,0.011355069178424137,0.010948333605203201
math,12,12,model.layers.12.mlp,12,0.0054981088335773545,51.0,0.0020393308283003903,54.0,0.008583832500009762,56.0,0.0054981088335773545,0.004197738551283856,0.002396012767753329
math,12,12,model.layers.12.mlp,13,0.006451317715959005,46.0,0.003032984065683718,43.0,0.020619823641460543,40.0,0.006451317715959005,0.006243064617701563,0.005755629634397599
math,12,12,model.layers.12.mlp,14,0.019026049292337727,16.0,0.00830775903689681,17.0,0.05611639106605273,20.0,0.019026049292337727,0.01710060962155068,0.015663817936143125
math,12,12,model.layers.12.mlp,15,0.019041300634455832,15.0,0.00787919483398914,20.0,0.06281348927652854,18.0,0.019041300634455832,0.016218457274672724,0.01753318489072661
math,12,12,model.layers.12.mlp,16,0.008822901415324548,34.0,0.004393570594173225,35.0,0.04365922463898719,24.0,0.008822901415324548,0.009043682567344304,0.012186638039023371
math,12,12,model.layers.12.mlp,17,0.013154282576866764,23.0,0.007008803420208791,24.0,0.03885829320660142,29.0,0.013154282576866764,0.01442685213556086,0.010846549796493998
math,12,12,model.layers.12.mlp,18,0.0007854441190824793,63.0,0.0002830434625122011,63.0,0.002054860253612433,63.0,0.0007854441190824793,0.0005826138838231311,0.0005735749624190167
math,12,12,model.layers.12.mlp,19,0.008006954612005856,37.0,0.002600472982247438,49.0,0.01895880386489682,44.0,0.008006954612005856,0.005352788050700836,0.005291987713130736
math,12,12,model.layers.12.mlp,20,0.0033857979502196194,59.0,0.001724526147949457,56.0,0.008170289353805236,57.0,0.0033857979502196194,0.0035497476885482417,0.0022805801031106072
math,12,12,model.layers.12.mlp,21,0.011918923865300147,27.0,0.00588035304235679,27.0,0.04977242684054514,22.0,0.011918923865300147,0.012104060958874722,0.013893021583526826
math,12,12,model.layers.12.mlp,22,0.016372315763787212,20.0,0.007220817927094772,23.0,0.06881401094068487,17.0,0.016372315763787212,0.014863260714608547,0.019208115817032863
math,12,12,model.layers.12.mlp,23,0.007221510492923377,39.0,0.004040116272419473,36.0,0.021208077538240357,39.0,0.007221510492923377,0.008316135662274392,0.005919829465575977
math,12,12,model.layers.12.mlp,24,0.004430514885309907,54.0,0.0028340538400973034,47.0,0.013579224199038445,50.0,0.004430514885309907,0.0058335885947967195,0.0037903808767289072
math,12,12,model.layers.12.mlp,25,0.018522755002440213,17.0,0.008728943317910414,15.0,0.07048497775368658,16.0,0.018522755002440213,0.01796757120967078,0.019674534263389967
math,12,12,model.layers.12.mlp,26,0.0046669106881405565,52.0,0.0023526386728282087,51.0,0.010643490363346943,54.0,0.0046669106881405565,0.004842648341859703,0.0029709268912236804
math,12,12,model.layers.12.mlp,27,0.006054782820888238,47.0,0.002300860068459462,53.0,0.017735539040114164,47.0,0.006054782820888238,0.004736067771079282,0.004950536719239668
math,12,12,model.layers.12.mlp,28,0.008639885309907272,35.0,0.0045548416219611705,34.0,0.026549412094860208,37.0,0.008639885309907272,0.009375641267304148,0.007410760910765369
math,12,12,model.layers.12.mlp,29,0.00670296486090776,44.0,0.0029047849179477795,44.0,0.01932590239917202,43.0,0.00670296486090776,0.005979180750883651,0.005394456252113284
math,12,12,model.layers.12.mlp,30,0.042978282088823816,4.0,0.028212019034628173,4.0,0.17861639603921528,4.0,0.042978282088823816,0.058071342946309126,0.04985735281292573
math,12,12,model.layers.12.mlp,31,0.005658247925817472,50.0,0.0014259334655434054,57.0,0.007481474464821955,58.0,0.005658247925817472,0.002935127443184838,0.0020883105931195096
math,12,12,model.layers.12.mlp,32,0.030609443631039533,7.0,0.011385275830054295,7.0,0.07459660344963949,14.0,0.030609443631039533,0.023435339968184633,0.020822215985244936
math,12,12,model.layers.12.mlp,33,0.007412152269399707,38.0,0.003330980992538281,39.0,0.019399375989742253,42.0,0.007412152269399707,0.006856458565687945,0.0054149650005189355
math,12,12,model.layers.12.mlp,34,0.011491886285993168,28.0,0.005637582655125213,28.0,0.04253239640234272,26.0,0.011491886285993168,0.011604344777738276,0.011872105475385619
math,12,12,model.layers.12.mlp,35,0.00353068570034163,57.0,0.0010929805817052527,60.0,0.005809266151557643,60.0,0.00353068570034163,0.0022497804966016923,0.0016215456056946041
math,12,12,model.layers.12.mlp,36,0.0038890922401171304,55.0,0.0018298333886194486,55.0,0.01326346187590971,51.0,0.0038890922401171304,0.003766511078654085,0.003702241859828118
math,12,12,model.layers.12.mlp,37,0.0,64.0,0.0,64.0,0.0,64.0,0.0,0.0,0.0
math,12,12,model.layers.12.mlp,38,0.027970961444607124,8.0,0.008020612308023731,19.0,0.03149213932414588,32.0,0.027970961444607124,0.01650954961454331,0.008790428739660799
math,12,12,model.layers.12.mlp,39,0.0060242801366520255,48.0,0.0036232363252653734,38.0,0.02670984951576528,36.0,0.0060242801366520255,0.007458034072703278,0.0074555439501494125
math,12,12,model.layers.12.mlp,40,0.0021580649097120547,61.0,0.0008753808665240666,61.0,0.004833775469756028,61.0,0.0021580649097120547,0.0018018753796444232,0.0013492560277679133
math,12,12,model.layers.12.mlp,41,0.025744265495363593,10.0,0.011543419141196925,6.0,0.08216484386261176,11.0,0.025744265495363593,0.023760860606915114,0.02293474563431342
math,12,12,model.layers.12.mlp,42,0.007145253782332845,41.0,0.0031987828356629757,40.0,0.01778213386257984,46.0,0.007145253782332845,0.006584343177726773,0.004963542773299883
math,12,12,model.layers.12.mlp,43,0.09963701805758907,2.0,0.0450404526955794,2.0,0.3471994057930406,2.0,0.09963701805758907,0.09271082554324092,0.09691407762622913
math,12,12,model.layers.12.mlp,44,0.007198633479746218,40.0,0.005341745342144796,31.0,0.03476239777210574,31.0,0.007198633479746218,0.010995396157743599,0.009703258876450644
math,12,12,model.layers.12.mlp,45,0.03323267447535383,6.0,0.011007276379579215,8.0,0.11213050739773313,7.0,0.03323267447535383,0.022657269611181415,0.03129908783510421
math,12,12,model.layers.12.mlp,46,0.017089128843338214,19.0,0.0075277362933328755,22.0,0.053010659422334544,21.0,0.017089128843338214,0.015495018465815833,0.014796912311929719
math,12,12,model.layers.12.mlp,47,0.009150805270863836,33.0,0.006498583472025226,26.0,0.048110306095704616,23.0,0.009150805270863836,0.01337662040444483,0.013429072348009819
math,12,12,model.layers.12.mlp,48,0.015281844802342607,21.0,0.008034634904316893,18.0,0.0768835844209335,12.0,0.015281844802342607,0.016538413589054966,0.02146058300916148
math,12,12,model.layers.12.mlp,49,0.009547340165934603,32.0,0.004985155856801336,32.0,0.0374652549748074,30.0,0.009547340165934603,0.010261395862727106,0.01045770980114889
math,12,12,model.layers.12.mlp,50,0.0215882747681796,13.0,0.009236288745558046,12.0,0.09181556856126073,9.0,0.0215882747681796,0.019011886055942676,0.025628560966335458
math,12,12,model.layers.12.mlp,51,0.02537823328452904,11.0,0.009118552554695125,14.0,0.0897393064121609,10.0,0.02537823328452904,0.01876953903680871,0.025049012073875065
math,12,12,model.layers.12.mlp,52,0.026766105417276722,9.0,0.01055144146630216,9.0,0.10485373490493201,8.0,0.026766105417276722,0.02171898350187028,0.02926791588472332
math,12,12,model.layers.12.mlp,53,0.008411115178135677,36.0,0.0037719518048056977,37.0,0.026793010172871858,35.0,0.008411115178135677,0.007764148555442383,0.007478756658016428
math,12,12,model.layers.12.mlp,54,0.012422218155197657,26.0,0.007569461522770254,21.0,0.04203755908503423,27.0,0.012422218155197657,0.01558090526835901,0.011733981096766792
math,12,12,model.layers.12.mlp,55,0.05487432894094681,3.0,0.03878673592563255,3.0,0.2401587639627601,3.0,0.05487432894094681,0.07983823635382793,0.06703572847466174
math,12,12,model.layers.12.mlp,56,0.0037670815031722793,56.0,0.002524253506378874,50.0,0.012192016710623145,53.0,0.0037670815031722793,0.00519589863002809,0.003403168421946931
math,12,12,model.layers.12.mlp,57,0.004453391898487067,53.0,0.0023216668310951987,52.0,0.012265448097372313,52.0,0.004453391898487067,0.004778896206971773,0.0034236653899626327
math,12,12,model.layers.12.mlp,58,0.009600719863347975,31.0,0.005493171509444394,30.0,0.026803774680085973,34.0,0.009600719863347975,0.011307090293548153,0.007481761364448381
math,12,12,model.layers.12.mlp,59,0.01249847486578819,25.0,0.009785284933199122,11.0,0.028511941374773628,33.0,0.01249847486578819,0.02014193441758562,0.007958563446725495
math,12,12,model.layers.12.mlp,60,0.00651232308443143,45.0,0.0029021710404656233,45.0,0.023259439613359214,38.0,0.00651232308443143,0.005973800371141967,0.00649242797833402
math,12,12,model.layers.12.mlp,61,0.0031188994631527575,60.0,0.0012431482154023304,58.0,0.009314181089033988,55.0,0.0031188994631527575,0.002558884079197289,0.0025998756162199884
math,12,12,model.layers.12.mlp,62,0.0033934236212786726,58.0,0.0011675691767516166,59.0,0.007203892104713117,59.0,0.0033934236212786726,0.002403312928204841,0.002010828783109456
math,12,12,model.layers.12.mlp,63,0.035894033674963396,5.0,0.016862883225716052,5.0,0.13878252421332576,5.0,0.035894033674963396,0.03471039324275809,0.03873848889243656
math,13,13,model.layers.13.mlp,0,0.015640251342118106,22.0,0.00810342977662503,17.0,0.08470443532547176,13.0,0.015640251342118106,0.016881355257487112,0.02007007493009147
math,13,13,model.layers.13.mlp,1,0.018110968765251343,18.0,0.007152700726726452,20.0,0.11349925042478674,8.0,0.018110968765251343,0.014900762436007077,0.026892788456493955
math,13,13,model.layers.13.mlp,2,0.041285383113714005,5.0,0.020382651705576654,5.0,0.14055269366069326,6.0,0.041285383113714005,0.042461870345814556,0.033302897098093545
math,13,13,model.layers.13.mlp,3,0.020764702293801854,14.0,0.007466075593753813,18.0,0.08022233833622036,14.0,0.020764702293801854,0.01555359618725604,0.019008075967787284
math,13,13,model.layers.13.mlp,4,0.00407973401659346,56.0,0.0015077716609569454,55.0,0.007871234796763106,57.0,0.00407973401659346,0.0031410439477377113,0.0018650295177149155
math,13,13,model.layers.13.mlp,5,0.02146626403123475,13.0,0.010700644720700266,10.0,0.07474327564472219,17.0,0.02146626403123475,0.022291966487495107,0.017709853527102776
math,13,13,model.layers.13.mlp,6,0.0010370912640312348,63.0,0.00024471031624611093,64.0,0.0012297452781522141,64.0,0.0010370912640312348,0.0005097892988027029,0.00029137883727818414
math,13,13,model.layers.13.mlp,7,0.01628843338213763,20.0,0.004566704604380185,33.0,0.02341779727232404,43.0,0.01628843338213763,0.009513522657396543,0.005548669844115007
math,13,13,model.layers.13.mlp,8,0.022510980966325037,12.0,0.009363482555800847,12.0,0.09035098986139292,12.0,0.022510980966325037,0.019506342354902322,0.021407983295778983
math,13,13,model.layers.13.mlp,9,0.006283552952659834,43.0,0.0017673646955736792,51.0,0.011616113357947709,54.0,0.006283552952659834,0.0036818374586996085,0.002752350152558537
math,13,13,model.layers.13.mlp,10,0.007785810151293314,39.0,0.004801886555274677,32.0,0.03729372196128567,32.0,0.007785810151293314,0.010003462124096326,0.00883646518991575
math,13,13,model.layers.13.mlp,11,0.005604868228404099,48.0,0.0016705953766509578,53.0,0.012148059176425634,51.0,0.005604868228404099,0.003480244146263957,0.002878390688624661
math,13,13,model.layers.13.mlp,12,0.010294655929721815,30.0,0.006521013668538769,21.0,0.05033128347707819,26.0,0.010294655929721815,0.013584809322970475,0.011925616726340037
math,13,13,model.layers.13.mlp,13,0.014953940946803319,23.0,0.005476966958443906,26.0,0.05528669392080089,24.0,0.014953940946803319,0.01140981380818703,0.013099763729772866
math,13,13,model.layers.13.mlp,14,0.0020741825280624696,61.0,0.0006555917496911604,61.0,0.005583841134573612,61.0,0.0020741825280624696,0.0013657522228844952,0.0013230488998362871
math,13,13,model.layers.13.mlp,15,0.004529648609077599,53.0,0.0016461023765403857,54.0,0.011252160084544303,55.0,0.004529648609077599,0.003429219450846599,0.0026661141787256318
math,13,13,model.layers.13.mlp,16,0.006214921913128355,44.0,0.0014861010527715502,56.0,0.007834672138800326,58.0,0.006214921913128355,0.0030958989603055097,0.0018563662726069506
math,13,13,model.layers.13.mlp,17,0.01887353587115666,17.0,0.008366020206360191,15.0,0.04086125458796586,29.0,0.01887353587115666,0.017428393049356727,0.009681765047684664
math,13,13,model.layers.13.mlp,18,0.0044915202537823325,54.0,0.0033487642957502135,43.0,0.025408298136250982,40.0,0.0044915202537823325,0.006976265767517106,0.006020303960249799
math,13,13,model.layers.13.mlp,19,0.023875976085895558,11.0,0.008831711150542185,13.0,0.056960137823224795,23.0,0.023875976085895558,0.018398537110036802,0.013496273598280926
math,13,13,model.layers.13.mlp,20,0.038174109321620305,6.0,0.011582325702181323,9.0,0.07730732762912473,16.0,0.038174109321620305,0.02412871589884752,0.01831738624075436
math,13,13,model.layers.13.mlp,21,0.0038814665690580772,57.0,0.001196243636139199,60.0,0.0058708254137908675,60.0,0.0038814665690580772,0.0024920576043523865,0.001391047652977335
math,13,13,model.layers.13.mlp,22,0.019575097608589557,16.0,0.008552264562172096,14.0,0.091578156512327,11.0,0.019575097608589557,0.0178163839645408,0.021698751146852182
math,13,13,model.layers.13.mlp,23,0.004438140556368961,55.0,0.0022988419465287944,47.0,0.015403877611041592,48.0,0.004438140556368961,0.004789029910780396,0.0036498322275527345
math,13,13,model.layers.13.mlp,24,0.009387201073694486,32.0,0.004141848979780533,37.0,0.029959172846748514,36.0,0.009387201073694486,0.008628448197604605,0.007098599283112046
math,13,13,model.layers.13.mlp,25,0.020734199609565643,15.0,0.008256136818360328,16.0,0.07340776879593126,18.0,0.020734199609565643,0.017199480038340972,0.01739341528603674
math,13,13,model.layers.13.mlp,26,0.003751830161054173,58.0,0.0018230492222768729,50.0,0.016190890167335756,47.0,0.003751830161054173,0.0037978414599107043,0.0038363088968682646
math,13,13,model.layers.13.mlp,27,0.10198572474377746,1.0,0.06854163896403352,1.0,0.5979712806485699,1.0,0.10198572474377746,0.14278839814468994,0.14168476966460092
math,13,13,model.layers.13.mlp,28,0.005101573938506588,50.0,0.0035403294933313506,41.0,0.0243022198624738,42.0,0.005101573938506588,0.007375341250921216,0.0057582270837798055
math,13,13,model.layers.13.mlp,29,0.0031494021473889703,60.0,0.0014009638609916422,58.0,0.006610384704558776,59.0,0.0031494021473889703,0.0029185381119142223,0.0015662806301399103
math,13,13,model.layers.13.mlp,30,0.00982948999511957,31.0,0.005069194624283187,30.0,0.04050867799842224,30.0,0.00982948999511957,0.010560327871133743,0.009598224692996664
math,13,13,model.layers.13.mlp,31,0.009196559297218155,34.0,0.005247087231957662,27.0,0.05467446616011285,25.0,0.009196559297218155,0.010930920125353823,0.0129547009950521
math,13,13,model.layers.13.mlp,32,0.05823724987798926,3.0,0.03158471408618724,3.0,0.28822409030342755,3.0,0.05823724987798926,0.06579840806828734,0.06829251699536104
math,13,13,model.layers.13.mlp,33,0.011835041483650562,27.0,0.006257101406173743,23.0,0.05893520058190433,21.0,0.011835041483650562,0.013035017842004908,0.013964249772208755
math,13,13,model.layers.13.mlp,34,0.014656539775500244,24.0,0.006294254211753447,22.0,0.05953756190032829,20.0,0.014656539775500244,0.013112415897777847,0.014106974728101613
math,13,13,model.layers.13.mlp,35,0.01650957784285017,19.0,0.0071997952030716204,19.0,0.07855300394397297,15.0,0.01650957784285017,0.014998871336529841,0.018612539816615883
math,13,13,model.layers.13.mlp,36,0.013848218643240606,25.0,0.005094759984386439,29.0,0.05761168540076781,22.0,0.013848218643240606,0.010613586545310631,0.013650652866043729
math,13,13,model.layers.13.mlp,37,0.011392752562225475,28.0,0.006019946015014947,25.0,0.07285336822838595,19.0,0.011392752562225475,0.012540967233837933,0.01726205426711057
math,13,13,model.layers.13.mlp,38,0.012628111273792094,26.0,0.0052069630955649095,28.0,0.045853791970226924,28.0,0.012628111273792094,0.010847332086768014,0.010864708998237518
math,13,13,model.layers.13.mlp,39,0.0059632747681796,46.0,0.003875490396182208,38.0,0.0291927927314577,37.0,0.0059632747681796,0.008073560452593857,0.00691701131455152
math,13,13,model.layers.13.mlp,40,0.003484931673987311,59.0,0.001205801789268393,59.0,0.012071783170322198,52.0,0.003484931673987311,0.002511969491420851,0.002860317666214656
math,13,13,model.layers.13.mlp,41,0.028634394826744753,9.0,0.012230258269563659,8.0,0.12897282885364814,7.0,0.028634394826744753,0.02547851223871689,0.030559135765352137
math,13,13,model.layers.13.mlp,42,0.006192044899951196,45.0,0.002244382442178349,48.0,0.014806067096973961,49.0,0.006192044899951196,0.004675577920027237,0.0035081855503128487
math,13,13,model.layers.13.mlp,43,0.004689787701317716,52.0,0.0014698480966325036,57.0,0.008810480331148444,56.0,0.004689787701317716,0.0030620402197313584,0.002087576639131105
math,13,13,model.layers.13.mlp,44,0.009143179599804784,35.0,0.0036810097198709734,39.0,0.034771004072656396,34.0,0.009143179599804784,0.007668411339437272,0.008238726277452375
math,13,13,model.layers.13.mlp,45,0.006946986334797462,40.0,0.0023640399446948207,46.0,0.01169446689608971,53.0,0.006946986334797462,0.004924852716611642,0.002770915430462879
math,13,13,model.layers.13.mlp,46,0.05531661786237189,4.0,0.031108098474579824,4.0,0.24649929086890904,4.0,0.05531661786237189,0.06480550534899453,0.05840614153135979
math,13,13,model.layers.13.mlp,47,0.008960163494387507,37.0,0.0035253983698221693,42.0,0.022458502101921466,44.0,0.008960163494387507,0.007344236199443015,0.005321372113174761
math,13,13,model.layers.13.mlp,48,0.006481820400195217,41.0,0.0028538180305179356,44.0,0.019320102490342904,45.0,0.006481820400195217,0.005945175973803558,0.004577752075771473
math,13,13,model.layers.13.mlp,49,0.005719253294289898,47.0,0.0022433696577408187,49.0,0.01920584104355223,46.0,0.005719253294289898,0.004673468051198791,0.004550678690654178
math,13,13,model.layers.13.mlp,50,0.005376098096632503,49.0,0.0026793212294869448,45.0,0.02461123946470537,41.0,0.005376098096632503,0.005581657985655328,0.005831446939951725
math,13,13,model.layers.13.mlp,51,0.01078269887750122,29.0,0.004904483108185395,31.0,0.026280600059433876,39.0,0.01078269887750122,0.010217194939166237,0.006226989299602731
math,13,13,model.layers.13.mlp,52,0.0009608345534407028,64.0,0.0003015118846083455,63.0,0.002435660092437366,63.0,0.0009608345534407028,0.0006281203612216442,0.0005771112264855795
math,13,13,model.layers.13.mlp,53,0.029381710590531965,8.0,0.012637304526646001,7.0,0.0938079415581004,10.0,0.029381710590531965,0.02632648558598508,0.022227081839037464
math,13,13,model.layers.13.mlp,54,0.031410139092240115,7.0,0.015008806309623215,6.0,0.15124870597472592,5.0,0.031410139092240115,0.03126688307146513,0.0358372362713725
math,13,13,model.layers.13.mlp,55,0.06618319912152269,2.0,0.038859842578744586,2.0,0.44431607824467984,2.0,0.06618319912152269,0.08095421641267427,0.10527733227605272
math,13,13,model.layers.13.mlp,56,0.004987188872620791,51.0,0.001701489025467835,52.0,0.012969156844462343,50.0,0.004987188872620791,0.0035446029024022697,0.0030729435672206713
math,13,13,model.layers.13.mlp,57,0.008212847730600293,38.0,0.004296685847612403,36.0,0.03668134017011606,33.0,0.008212847730600293,0.008951009908494756,0.008691365958838038
math,13,13,model.layers.13.mlp,58,0.009310944363103953,33.0,0.004549725571162762,34.0,0.03939239192970384,31.0,0.009310944363103953,0.009478151327037294,0.009333729156765183
math,13,13,model.layers.13.mlp,59,0.009074548560273303,36.0,0.004336742961505612,35.0,0.03288900100691049,35.0,0.009074548560273303,0.009034458323408094,0.00779279989351456
math,13,13,model.layers.13.mlp,60,0.0015251342118106394,62.0,0.0005241978628103648,62.0,0.0037677073783048947,62.0,0.0015251342118106394,0.0010920277698763276,0.0008927297502979555
math,13,13,model.layers.13.mlp,61,0.006420815031722792,42.0,0.0035692981070224805,40.0,0.027555205600618908,38.0,0.006420815031722792,0.007435689704911341,0.006528997436716192
math,13,13,model.layers.13.mlp,62,0.015899524158125913,21.0,0.006180420219752776,24.0,0.05022048017872782,27.0,0.015899524158125913,0.012875272846957012,0.011899362723325339
math,13,13,model.layers.13.mlp,63,0.024463152757442656,10.0,0.010303372578134531,11.0,0.0999340186392813,9.0,0.024463152757442656,0.021464354925795563,0.023678609442927216
math,14,14,model.layers.14.mlp,0,0.010393789653489508,40.0,0.005204177938361701,34.0,0.06929017839750586,29.0,0.010393789653489508,0.011254674801571673,0.012317074835128708
math,14,14,model.layers.14.mlp,1,0.06110450219619327,2.0,0.036470203762696746,2.0,0.45144074285478347,2.0,0.06110450219619327,0.07887130074292237,0.08024844995302559
math,14,14,model.layers.14.mlp,2,0.011728282088823816,37.0,0.00402458194641441,46.0,0.07429997185895128,25.0,0.011728282088823816,0.008703653402256595,0.013207619532808156
math,14,14,model.layers.14.mlp,3,0.01190367252318204,35.5,0.0045131685211345475,41.0,0.055264823768686064,35.0,0.01190367252318204,0.009760281956471639,0.009823917124358397
math,14,14,model.layers.14.mlp,4,0.010210773548072231,41.0,0.0028011457928219558,51.0,0.018519919006569376,54.0,0.010210773548072231,0.006057822261920256,0.00329211489449201
math,14,14,model.layers.14.mlp,5,0.010111639824304538,42.0,0.0034640727827408187,48.0,0.031466317537166597,47.0,0.010111639824304538,0.007491483404388868,0.005593476548260046
math,14,14,model.layers.14.mlp,6,0.0145497803806735,28.0,0.003593876746993579,47.0,0.02946204086697468,48.0,0.0145497803806735,0.007772200440378524,0.005237194802304186
math,14,14,model.layers.14.mlp,7,0.04097273060029283,4.0,0.01768460885788418,4.0,0.4305177710008598,3.0,0.04097273060029283,0.03824514150858133,0.07652916655589487
math,14,14,model.layers.14.mlp,8,0.029938384577842852,7.0,0.012900691779431277,7.0,0.14599800209677063,13.0,0.029938384577842852,0.02789933250024796,0.02595271594321558
math,14,14,model.layers.14.mlp,9,0.016669716935090288,23.0,0.00913004318989446,13.0,0.06914356474529655,30.0,0.016669716935090288,0.019744841210966396,0.01229101268075304
math,14,14,model.layers.14.mlp,10,0.014237127867252319,29.0,0.006375924850918131,26.0,0.11230908462976816,17.0,0.014237127867252319,0.013788721601424136,0.019964148340242276
math,14,14,model.layers.14.mlp,11,0.03121949731576379,5.0,0.014343874229926374,5.0,0.18916812217660273,5.0,0.03121949731576379,0.031020392032038463,0.03362666933693241
math,14,14,model.layers.14.mlp,12,0.007877318204001952,47.0,0.0027916369756993695,52.0,0.017865710153179438,55.0,0.007877318204001952,0.00603725827549822,0.003175822230923148
math,14,14,model.layers.14.mlp,13,0.04515159834065398,3.0,0.020998439537483985,3.0,0.16478151597878943,7.0,0.04515159834065398,0.04541170788815213,0.02929168766333793
math,14,14,model.layers.14.mlp,14,0.0006100536847242558,63.0,0.00021953592072352366,63.0,0.0019074018613747586,63.0,0.0006100536847242558,0.0004747734270947506,0.00033906120622807296
math,14,14,model.layers.14.mlp,15,0.020375793069790142,15.0,0.008714168580233498,15.0,0.13693863406537393,15.0,0.020375793069790142,0.018845461223310142,0.02434231578864328
math,14,14,model.layers.14.mlp,16,0.013398304050756467,31.0,0.005737557883609383,29.0,0.06982365102230369,28.0,0.013398304050756467,0.012408174528241769,0.012411905334834333
math,14,14,model.layers.14.mlp,17,0.008083211322596389,46.0,0.00452360169022999,40.0,0.04708914472569251,39.0,0.008083211322596389,0.009782844967711793,0.008370602196767305
math,14,14,model.layers.14.mlp,18,0.009715104929233772,45.0,0.005381742880482858,33.0,0.05968694491770978,33.0,0.009715104929233772,0.01163868082584736,0.010609996744619429
math,14,14,model.layers.14.mlp,19,0.005116825280624695,54.0,0.004206920379891868,44.0,0.02551124363968566,49.0,0.005116825280624695,0.009097982688634309,0.004534898081003069
math,14,14,model.layers.14.mlp,20,0.015510614934114202,25.0,0.00814185600969604,18.0,0.13855349034318232,14.0,0.015510614934114202,0.017607764906516186,0.024629373869337428
math,14,14,model.layers.14.mlp,21,0.014831930209858468,27.0,0.006746782681719741,24.0,0.07420473967589303,26.0,0.014831930209858468,0.014590747268633044,0.013190690987485154
math,14,14,model.layers.14.mlp,22,0.0055972425573450465,53.0,0.0030218722937804072,49.0,0.02359644485398465,51.0,0.0055972425573450465,0.006535170465190609,0.004194521991878411
math,14,14,model.layers.14.mlp,23,0.015175085407515861,26.0,0.005667087448812683,30.0,0.06291021922082364,32.0,0.015175085407515861,0.012255773546539,0.011182968437343916
math,14,14,model.layers.14.mlp,24,0.022144948755490484,11.0,0.012575707126094285,9.0,0.1603106828710985,9.0,0.022144948755490484,0.027196513220790197,0.028496948968239084
math,14,14,model.layers.14.mlp,25,0.01984962176671547,17.0,0.007510168951508358,22.0,0.08351758387886996,22.0,0.01984962176671547,0.016241663958303426,0.014846149259188639
math,14,14,model.layers.14.mlp,26,0.0031646534895070767,58.0,0.0014574936158835102,56.0,0.0077763103674088185,58.0,0.0031646534895070767,0.003152009186930234,0.001382322847937845
math,14,14,model.layers.14.mlp,27,0.0027604929233772573,60.0,0.0013810507316831381,58.0,0.007710975373464715,59.0,0.0027604929233772573,0.002986692048900125,0.0013707088497006696
math,14,14,model.layers.14.mlp,28,0.004605905319668131,56.0,0.0014089097506596205,57.0,0.016173011420150103,56.0,0.004605905319668131,0.0030469406035392517,0.00287492681615827
math,14,14,model.layers.14.mlp,29,0.005955649097120546,52.0,0.002418559024600415,55.0,0.02166718630171974,52.0,0.005955649097120546,0.005230431325115886,0.0038515755236468562
math,14,14,model.layers.14.mlp,30,0.0028825036603221084,59.0,0.0008092892350308077,60.0,0.0063349777180837855,60.0,0.0028825036603221084,0.0017501874971538305,0.0011261104594777543
math,14,14,model.layers.14.mlp,31,0.011469009272816008,38.0,0.005985667729971175,27.0,0.09016244444339784,21.0,0.011469009272816008,0.01294474258355099,0.016027344729241458
math,14,14,model.layers.14.mlp,32,0.0009150805270863836,62.0,0.00026718891789821253,62.0,0.0019691441241759043,62.0,0.0009150805270863836,0.0005778288938511722,0.0003500365578435519
math,14,14,model.layers.14.mlp,33,0.002394460712542704,61.0,0.0006658089573991886,61.0,0.0048870016266662295,61.0,0.002394460712542704,0.0014398937515692118,0.0008687171276962738
math,14,14,model.layers.14.mlp,34,0.013177159590043924,32.0,0.005155325983139641,35.0,0.04362628380224843,42.0,0.013177159590043924,0.011149026440589937,0.00775504140411045
math,14,14,model.layers.14.mlp,35,0.007488408979990239,49.5,0.0042394933146695036,43.0,0.04120438048873313,44.0,0.007488408979990239,0.00916842566591085,0.0073245220282635555
math,14,14,model.layers.14.mlp,36,0.020025012201073694,16.0,0.0054875937480935826,31.0,0.04487478933053927,41.0,0.020025012201073694,0.011867596344596503,0.007976976696812535
math,14,14,model.layers.14.mlp,37,0.029381710590531965,8.0,0.01060610296901928,11.0,0.11943960689433672,16.0,0.029381710590531965,0.022937002009172938,0.021231675403636355
math,14,14,model.layers.14.mlp,38,0.018789653489507077,20.0,0.007634249938994631,20.0,0.15072460083510017,10.0,0.018789653489507077,0.016510004353223803,0.02679291973142989
math,14,14,model.layers.14.mlp,39,0.024409773060029283,10.0,0.00847717702185136,16.0,0.09790247171869972,19.0,0.024409773060029283,0.018332937833084113,0.017403217867118417
math,14,14,model.layers.14.mlp,40,0.0036145680819912153,57.0,0.0013545321626975049,59.0,0.00856482244849845,57.0,0.0036145680819912153,0.002929342382214765,0.0015224893554544956
math,14,14,model.layers.14.mlp,41,0.007488408979990239,49.5,0.002480383556956137,54.0,0.023742552761219372,50.0,0.007488408979990239,0.005364134479516857,0.004220494244642575
math,14,14,model.layers.14.mlp,42,0.02635431918008785,9.0,0.012847924593194279,8.0,0.18154146602643648,6.0,0.02635431918008785,0.027785216970701264,0.032270949136524126
math,14,14,model.layers.14.mlp,43,0.01882778184480234,19.0,0.007236530979765282,23.0,0.08245547185981489,23.0,0.01882778184480234,0.015649888192408017,0.01465734741851591
math,14,14,model.layers.14.mlp,44,0.021161237188872622,12.0,0.008152155133792399,17.0,0.16112677744972,8.0,0.021161237188872622,0.017630038028960966,0.028642018561504636
math,14,14,model.layers.14.mlp,45,0.02047492679355783,14.0,0.00880948202152727,14.0,0.14677531228174867,12.0,0.02047492679355783,0.019051588261756063,0.026090891193155864
math,14,14,model.layers.14.mlp,46,0.010523426061493412,39.0,0.004790515071185639,37.0,0.06501860624991027,31.0,0.010523426061493412,0.010360077979039135,0.01155775691991491
math,14,14,model.layers.14.mlp,47,0.007595168374816984,48.0,0.004324269329646321,42.0,0.034228121769546795,46.0,0.007595168374816984,0.009351764224053543,0.006084416970076402
math,14,14,model.layers.14.mlp,48,0.01355081747193753,30.0,0.005739605793317624,28.0,0.0717104904002725,27.0,0.01355081747193753,0.012412603384837802,0.012747311338366086
math,14,14,model.layers.14.mlp,49,0.01190367252318204,35.5,0.004933205972711536,36.0,0.051136483497855836,37.0,0.01190367252318204,0.010668664601717648,0.009090060216544146
math,14,14,model.layers.14.mlp,50,0.009737981942410932,44.0,0.0045560703677861155,39.0,0.046516995900662834,40.0,0.009737981942410932,0.009853062475925264,0.008268896586279583
math,14,14,model.layers.14.mlp,51,0.012994143484626648,33.0,0.004101129087836292,45.0,0.04170134153786143,43.0,0.012994143484626648,0.008869196009349775,0.007412862202496354
math,14,14,model.layers.14.mlp,52,0.06677800146412885,1.0,0.04640196264517371,1.0,0.471676064212477,1.0,0.06677800146412885,0.10034995073410381,0.0838454960747103
math,14,14,model.layers.14.mlp,53,0.015533491947291362,24.0,0.007744397693520468,19.0,0.09756867793375483,20.0,0.015533491947291362,0.01674821241835808,0.01734388242992152
math,14,14,model.layers.14.mlp,54,0.00982948999511957,43.0,0.005413936021096419,32.0,0.05592380658250253,34.0,0.00982948999511957,0.011708302451537,0.009941058410765206
math,14,14,model.layers.14.mlp,55,8.388238164958517e-05,64.0,2.584834399020864e-05,64.0,0.0002888367498150798,64.0,8.388238164958517e-05,5.590022270847623e-05,5.134384042422591e-05
math,14,14,model.layers.14.mlp,56,0.005109199609565642,55.0,0.002738010598252959,53.0,0.03523159628527638,45.0,0.005109199609565642,0.005921284639297824,0.006262795363540472
math,14,14,model.layers.14.mlp,57,0.02077995363591996,13.0,0.010575033386141106,12.0,0.10995342921721987,18.0,0.02077995363591996,0.022869810215261212,0.019545405241679588
math,14,14,model.layers.14.mlp,58,0.018980295265983407,18.0,0.006667653312329376,25.0,0.052234102220521314,36.0,0.018980295265983407,0.014419620275995594,0.009285173755867864
math,14,14,model.layers.14.mlp,59,0.01276537335285505,34.0,0.004595792369181613,38.0,0.04866418476989643,38.0,0.01276537335285505,0.00993896618895523,0.008650582513479586
math,14,14,model.layers.14.mlp,60,0.018362615910200098,21.0,0.013022851455264,6.0,0.19569447367525264,4.0,0.018362615910200098,0.028163517822434606,0.03478679854526071
math,14,14,model.layers.14.mlp,61,0.006047157149829185,51.0,0.002958652390218933,50.0,0.020615987043796864,53.0,0.006047157149829185,0.006398449648954432,0.0036647135436965505
math,14,14,model.layers.14.mlp,62,0.030525561249389946,6.0,0.012563069661458334,10.0,0.14990343139659143,11.0,0.030525561249389946,0.027169183149359403,0.026646948027209297
math,14,14,model.layers.14.mlp,63,0.01708150317227916,22.0,0.007631077540682955,21.0,0.07523431319501588,24.0,0.01708150317227916,0.01650314365173322,0.013373708759651248
math,15,15,model.layers.15.mlp,0,0.005322718399219131,48.0,0.0035276473470290384,42.0,0.08628606214108497,31.0,0.005322718399219131,0.007433832427452835,0.008623809596965926
math,15,15,model.layers.15.mlp,1,0.021504392386530014,16.0,0.015364275029835438,5.0,0.43231681267071376,4.0,0.021504392386530014,0.032377228987269954,0.043207648900971646
math,15,15,model.layers.15.mlp,2,0.028375122010736945,9.0,0.012843581162876708,10.0,0.32078685162415327,9.0,0.028375122010736945,0.027065355672138084,0.03206085271446914
math,15,15,model.layers.15.mlp,3,0.07553989751098096,2.0,0.03765447271225102,2.0,0.9403586129318394,2.0,0.07553989751098096,0.07934949634994377,0.09398358703090993
math,15,15,model.layers.15.mlp,4,0.007396900927281601,43.0,0.0037014143475094558,40.0,0.08033001283979113,33.0,0.007396900927281601,0.0078000126705206245,0.008028535761887952
math,15,15,model.layers.15.mlp,5,0.0031494021473889703,57.0,0.0012315980046478465,56.0,0.0179596158801753,55.0,0.0031494021473889703,0.0025953538672872345,0.0017949632181850533
math,15,15,model.layers.15.mlp,6,0.004049231332357247,53.0,0.002138915092203895,51.0,0.02570879430200572,51.0,0.004049231332357247,0.004507348611641905,0.0025694502857894824
math,15,15,model.layers.15.mlp,7,0.022038189360663738,15.0,0.008475590822695523,19.0,0.33367808037353414,8.0,0.022038189360663738,0.0178606634114487,0.03334925896974382
math,15,15,model.layers.15.mlp,8,0.009371949731576379,38.0,0.0028172982152116885,46.0,0.03815825506790258,48.0,0.009371949731576379,0.005936909438434648,0.0038137043004697045
math,15,15,model.layers.15.mlp,9,0.0028748779892630552,58.0,0.0013627014606972913,54.0,0.012646063704092715,57.0,0.0028748779892630552,0.0028716289671076017,0.0012639033793995541
math,15,15,model.layers.15.mlp,10,0.012559480234260616,28.0,0.0063398518522755,29.0,0.12984005677054253,25.0,0.012559480234260616,0.01336000786030514,0.012976787905995471
math,15,15,model.layers.15.mlp,11,0.004499145924841386,51.0,0.001994939592770101,52.0,0.02229816074587183,52.0,0.004499145924841386,0.00420394817753926,0.002228576526305253
math,15,15,model.layers.15.mlp,12,0.008433992191312835,39.0,0.0032467039228358347,44.0,0.05286006554561222,43.0,0.008433992191312835,0.006841798663418573,0.005283068078864661
math,15,15,model.layers.15.mlp,13,0.013222913616398243,27.0,0.006805747587428319,25.0,0.17795057474781445,17.0,0.013222913616398243,0.014341792739314616,0.017785165253996465
math,15,15,model.layers.15.mlp,14,0.003606942410932162,55.0,0.0012033442976185028,57.0,0.020497204905867636,54.0,0.003606942410932162,0.002535814660884595,0.0020485810569170993
math,15,15,model.layers.15.mlp,15,0.012437469497315765,29.0,0.004763989055255612,34.0,0.08405061373773466,32.0,0.012437469497315765,0.010039182729763391,0.008400389024558608
math,15,15,model.layers.15.mlp,16,0.004339006832601269,52.0,0.001761559802418863,53.0,0.02179261635154442,53.0,0.004339006832601269,0.00371214554457871,0.0021780501899386156
math,15,15,model.layers.15.mlp,17,0.09221724011713031,1.0,0.0548588355731359,1.0,1.3270982688319224,1.0,0.09221724011713031,0.11560435346785354,0.13263605387573074
math,15,15,model.layers.15.mlp,18,0.0017996583699365545,63.0,0.0005070326559831015,63.0,0.008301475341215897,62.0,0.0017996583699365545,0.0010684729591803187,0.0008296860575175791
math,15,15,model.layers.15.mlp,19,0.002516471449487555,60.0,0.0008266033807459431,60.0,0.011200300098309114,59.0,0.002516471449487555,0.00174190626554734,0.001119407388400284
math,15,15,model.layers.15.mlp,20,0.012338335773548072,30.0,0.006577967899261072,26.0,0.09731438022203245,28.0,0.012338335773548072,0.013861791235298394,0.009726028344060458
math,15,15,model.layers.15.mlp,21,0.0203986700829673,19.0,0.008866413911416392,17.0,0.21659300219960304,13.0,0.0203986700829673,0.018684247252043568,0.021647259877852525
math,15,15,model.layers.15.mlp,22,0.010500549048316252,33.0,0.005540965998562561,31.0,0.07892036237269859,34.0,0.010500549048316252,0.011676510905835984,0.00788764907723889
math,15,15,model.layers.15.mlp,23,0.014908186920449,25.0,0.008447076472612402,20.0,0.13282713129672846,24.0,0.014908186920449,0.01780057495037445,0.013275329308008406
math,15,15,model.layers.15.mlp,24,0.009821864324060518,37.0,0.004968705556635859,32.0,0.07586737700704832,35.0,0.009821864324060518,0.010470583041837341,0.007582520255243954
math,15,15,model.layers.15.mlp,25,0.008411115178135677,40.0,0.002812561958577355,47.0,0.05178928600325126,44.0,0.008411115178135677,0.005926928696401944,0.00517604964895244
math,15,15,model.layers.15.mlp,26,0.02877165690580771,8.0,0.010416383682779709,13.0,0.1871120995896918,16.0,0.02877165690580771,0.021950507854208413,0.018700808451678153
math,15,15,model.layers.15.mlp,27,0.010241276232308444,34.0,0.004509720585880308,36.0,0.06732221984605838,40.0,0.010241276232308444,0.009503361258120867,0.006728479561950582
math,15,15,model.layers.15.mlp,28,0.01805758906783797,21.5,0.007834349334850842,22.0,0.17162115868270078,18.0,0.01805758906783797,0.016509371375360533,0.01715257549788651
math,15,15,model.layers.15.mlp,29,0.021412884333821377,18.0,0.013398214687423743,9.0,0.4296199814641458,5.0,0.021412884333821377,0.028234138227345204,0.04293811569637864
math,15,15,model.layers.15.mlp,30,0.022693997071742314,12.0,0.006360345843246706,28.0,0.10597032038044965,27.0,0.022693997071742314,0.013403194970484388,0.010591141178701892
math,15,15,model.layers.15.mlp,31,0.006207296242069302,46.0,0.0037987831454558627,39.0,0.06959605744593082,39.0,0.006207296242069302,0.008005198522843902,0.006955736919965823
math,15,15,model.layers.15.mlp,32,0.0020741825280624696,61.0,0.0005885990379262751,62.0,0.006493388998320825,64.0,0.0020741825280624696,0.001240358285413348,0.000648977934222923
math,15,15,model.layers.15.mlp,33,0.0031570278184480235,56.0,0.0010525511205923621,58.0,0.010973961715686025,60.0,0.0031570278184480235,0.002218047293871666,0.0010967861322229509
math,15,15,model.layers.15.mlp,34,0.025317227916056614,11.0,0.009240161156642722,15.0,0.14404296427019753,21.0,0.025317227916056614,0.019471847065152606,0.014396289120456663
math,15,15,model.layers.15.mlp,35,0.011789287457296242,31.0,0.004693660112402392,35.0,0.06990719778602329,38.0,0.011789287457296242,0.009890978126372107,0.0069868336577739
math,15,15,model.layers.15.mlp,36,0.028070095168374817,10.0,0.014758853344524005,7.0,0.4232059306432818,6.0,0.028070095168374817,0.03110142023605177,0.04229706716951515
math,15,15,model.layers.15.mlp,37,0.0037365788189360665,54.0,0.0013110494543832358,55.0,0.01679999842556178,56.0,0.0037365788189360665,0.0027627823841849053,0.001679065935521326
math,15,15,model.layers.15.mlp,38,0.02145101268911664,17.0,0.008338053206690002,21.0,0.14446363994090833,20.0,0.02145101268911664,0.01757082956773485,0.014438333302289347
math,15,15,model.layers.15.mlp,39,0.022083943387018058,14.0,0.010195626463175634,14.0,0.1625774151442428,19.0,0.022083943387018058,0.021485304840344457,0.0162487038831183
math,15,15,model.layers.15.mlp,40,0.006718216203025866,44.0,0.0028961539093955895,45.0,0.04587894013781499,46.0,0.006718216203025866,0.006103082516082922,0.004585343616819493
math,15,15,model.layers.15.mlp,41,0.004613530990727184,50.0,0.002175341820705222,50.0,0.03657063018219712,49.0,0.004613530990727184,0.004584110875247206,0.003655030067505612
math,15,15,model.layers.15.mlp,42,0.0011743533430941923,64.0,0.00045704131826882014,64.0,0.006550622288557656,63.0,0.0011743533430941923,0.0009631259131653159,0.0006546980816646185
math,15,15,model.layers.15.mlp,43,0.004750793069790141,49.0,0.004269638545574823,38.0,0.07290709610681176,37.0,0.004750793069790141,0.008997434933604604,0.0072866567263760685
math,15,15,model.layers.15.mlp,44,0.013985480722303562,26.0,0.007497836811592545,24.0,0.08704469682764228,30.0,0.013985480722303562,0.01580023651533879,0.008699630893339687
math,15,15,model.layers.15.mlp,45,0.010218399219131284,35.0,0.0044526546509921,37.0,0.062393904475903386,41.0,0.010218399219131284,0.009383105871019278,0.006235921988555647
math,15,15,model.layers.15.mlp,46,0.011019094680331869,32.0,0.0057247416923079854,30.0,0.08922912781851765,29.0,0.011019094680331869,0.012063782528293638,0.008917952560542659
math,15,15,model.layers.15.mlp,47,0.015243716447047341,23.0,0.006383878187530502,27.0,0.11327408153060124,26.0,0.015243716447047341,0.013452784820835558,0.01132111127975525
math,15,15,model.layers.15.mlp,48,0.03603129575402635,4.0,0.01511745350485374,6.0,0.21269194936682503,14.0,0.03603129575402635,0.03185710050624489,0.021257371452969086
math,15,15,model.layers.15.mlp,49,0.0019445461200585652,62.0,0.0006510118788890922,61.0,0.010700631753999237,61.0,0.0019445461200585652,0.0013718812397782725,0.001069468330387485
math,15,15,model.layers.15.mlp,50,0.0028367496339677892,59.0,0.000960886682051458,59.0,0.011555017011668287,58.0,0.0028367496339677892,0.002024882272361362,0.0011548593611259742
math,15,15,model.layers.15.mlp,51,0.029595229380185457,7.0,0.01282456911383983,11.0,0.19477495936365055,15.0,0.029595229380185457,0.027025291467091712,0.01946666845292399
math,15,15,model.layers.15.mlp,52,0.022480478282088823,13.0,0.011244223256294992,12.0,0.3071779881296302,10.0,0.022480478282088823,0.023695019156198253,0.03070072287778737
math,15,15,model.layers.15.mlp,53,0.03515434358223524,5.0,0.018732416274897815,4.0,0.23041373273115032,12.0,0.03515434358223524,0.039474933248687435,0.023028564640609643
math,15,15,model.layers.15.mlp,54,0.014976817959980479,24.0,0.007661327028809785,23.0,0.13755699243121988,23.0,0.014976817959980479,0.016144760431354488,0.013748052489850324
math,15,15,model.layers.15.mlp,55,0.018400744265495362,20.0,0.009224924708413403,16.0,0.14105963970231336,22.0,0.018400744265495362,0.019439739206349282,0.014098122505814813
math,15,15,model.layers.15.mlp,56,0.01805758906783797,21.5,0.008510732953288951,18.0,0.2579443228134241,11.0,0.01805758906783797,0.017934718634172488,0.025780093231327437
math,15,15,model.layers.15.mlp,57,0.006009028794533919,47.0,0.0027509273233036697,48.0,0.02915054600978549,50.0,0.006009028794533919,0.005797045659556544,0.0029134341305892845
math,15,15,model.layers.15.mlp,58,0.04592179111761835,3.0,0.019928678528398,3.0,0.5848452943659457,3.0,0.04592179111761835,0.041995823875494824,0.05845201805648174
math,15,15,model.layers.15.mlp,59,0.00651232308443143,45.0,0.0023043750262132442,49.0,0.03835014572567973,47.0,0.00651232308443143,0.0048560233236759195,0.0038328826991014656
math,15,15,model.layers.15.mlp,60,0.03193631039531479,6.0,0.013870820119475201,8.0,0.3482968392984177,7.0,0.03193631039531479,0.02923006249090101,0.034810322209667885
math,15,15,model.layers.15.mlp,61,0.007778184480234261,42.0,0.0033883894868685944,43.0,0.047058883165370664,45.0,0.007778184480234261,0.00714037350290635,0.004703272326884738
math,15,15,model.layers.15.mlp,62,0.007839189848706686,41.0,0.0035545903918451074,41.0,0.058987576861739915,42.0,0.007839189848706686,0.007490609667506801,0.005895478583902397
math,15,15,model.layers.15.mlp,63,0.010104014153245485,36.0,0.004820772006256863,33.0,0.07401207275597743,36.0,0.010104014153245485,0.010158841783221515,0.007397092965961522
coding,0,0,model.layers.0.mlp,0,0.04662650602409638,3.0,0.012452060847556894,6.0,0.008064857567330122,7.0,0.04662650602409638,0.03681071549445898,0.03559172804850277
coding,0,0,model.layers.0.mlp,1,0.009986613119143239,43.0,0.002885604919678715,43.0,0.0012784693415066005,49.0,0.009986613119143239,0.008530409787432497,0.005642124828785429
coding,0,0,model.layers.0.mlp,2,0.011653279785809906,32.0,0.0036296945594879518,32.0,0.0020783058626744322,33.0,0.011653279785809906,0.010730083589923297,0.00917195331081406
coding,0,0,model.layers.0.mlp,3,0.009236947791164659,47.0,0.0027528407902443104,48.0,0.0013722891986888736,44.0,0.009236947791164659,0.00813793318004118,0.006056169443275289
coding,0,0,model.layers.0.mlp,4,0.011104417670682732,35.0,0.0038229415056057563,29.0,0.001948643104937501,35.0,0.011104417670682732,0.011301359175611689,0.008599727258107771
coding,0,0,model.layers.0.mlp,5,0.004330655957161981,60.0,0.0013755020080321286,62.0,0.0008576263945145779,58.0,0.004330655957161981,0.004066251659030561,0.0037848660247183927
coding,0,0,model.layers.0.mlp,6,0.07211512717536814,2.0,0.01806364782044846,2.0,0.018010553158271107,2.0,0.07211512717536814,0.05339965880756946,0.07948394682244839
coding,0,0,model.layers.0.mlp,7,0.009123159303882196,48.0,0.0021744987763554218,56.0,0.0007048639010293896,59.0,0.009123159303882196,0.006428241620355837,0.0031106965085497453
coding,0,0,model.layers.0.mlp,8,0.020749665327978582,13.0,0.006489447372824632,16.0,0.003738275491888105,15.0,0.020749665327978582,0.019184069519237894,0.01649771041421023
coding,0,0,model.layers.0.mlp,9,0.002008032128514056,63.0,0.000420575531291834,63.0,0.00023080467512030678,63.0,0.002008032128514056,0.0012433031299676112,0.0010185842912442764
coding,0,0,model.layers.0.mlp,10,0.005180722891566265,57.0,0.00223798187541834,53.0,0.0009313498954058013,57.0,0.005180722891566265,0.006615910017332081,0.0041102216522168
coding,0,0,model.layers.0.mlp,11,0.011987951807228916,30.0,0.00266136812876506,50.0,0.0013057157008284066,47.0,0.011987951807228916,0.007867522188763838,0.005762368119283435
coding,0,0,model.layers.0.mlp,12,0.0007362784471218206,64.0,0.00018791964733935743,64.0,0.00018081190695405167,64.0,0.0007362784471218206,0.0005555270536109983,0.0007979568351348132
coding,0,0,model.layers.0.mlp,13,0.019698795180722893,14.0,0.006061433232931727,17.0,0.003468110221456811,18.0,0.019698795180722893,0.01791877641441866,0.015305420438464995
coding,0,0,model.layers.0.mlp,14,0.010381526104417671,40.0,0.0032038440219210175,36.0,0.0013043910326059644,48.0,0.010381526104417671,0.009471186514696231,0.00575652211013398
coding,0,0,model.layers.0.mlp,15,0.010167336010709505,42.0,0.0024734419448627846,51.0,0.001331591207778438,45.0,0.010167336010709505,0.007311975811800597,0.005876561581324642
coding,0,0,model.layers.0.mlp,16,0.004939759036144578,59.0,0.0015992420201639893,60.0,0.0006767770080980527,61.0,0.004939759036144578,0.004727670682928813,0.002986743785690872
coding,0,0,model.layers.0.mlp,17,0.012235609103078983,28.0,0.0036343616654116464,31.0,0.0026293951835498273,23.0,0.012235609103078983,0.010743880463424227,0.011604013775029356
coding,0,0,model.layers.0.mlp,18,0.014558232931726908,23.0,0.005801670222556894,18.0,0.003742528019181217,14.0,0.014558232931726908,0.017150866396313646,0.016516477614209945
coding,0,0,model.layers.0.mlp,19,0.008507362784471218,52.0,0.0020843072812081658,57.0,0.0010331942270219406,54.0,0.008507362784471218,0.006161618006117966,0.004559679776418139
coding,0,0,model.layers.0.mlp,20,0.008607764390896921,50.0,0.0022294974167503348,55.0,0.0016806709132041319,39.0,0.008607764390896921,0.006590828306121705,0.0074171157497072895
coding,0,0,model.layers.0.mlp,21,0.07495314591700133,1.0,0.030406633042587016,1.0,0.02416002579960957,1.0,0.07495314591700133,0.08988792552316285,0.10662272219014331
coding,0,0,model.layers.0.mlp,22,0.007563587684069612,54.0,0.0031838159931392236,38.0,0.0027030586925057202,22.0,0.007563587684069612,0.00941197976342613,0.011929104646872805
coding,0,0,model.layers.0.mlp,23,0.015113788487282464,22.0,0.0030843491152108436,39.0,0.0015604975608138833,40.0,0.015113788487282464,0.009117936312356578,0.006886768221404123
coding,0,0,model.layers.0.mlp,24,0.02174698795180723,11.0,0.0070635863767570285,15.0,0.003209728623330194,19.0,0.02174698795180723,0.0208813361634315,0.014165134017225134
coding,0,0,model.layers.0.mlp,25,0.02674698795180723,7.0,0.010275705687332664,8.0,0.003621002821877619,17.0,0.02674698795180723,0.03037698604206636,0.015980164140926595
coding,0,0,model.layers.0.mlp,26,0.01104417670682731,36.0,0.004474081220716198,24.0,0.003012570502209057,21.0,0.01104417670682731,0.013226254909218409,0.013295038275184605
coding,0,0,model.layers.0.mlp,27,0.01859437751004016,16.0,0.007436065878095716,13.0,0.00608328534377467,8.0,0.01859437751004016,0.021982458067601008,0.026846678417998163
coding,0,0,model.layers.0.mlp,28,0.007362784471218206,55.0,0.0016193550242637215,59.0,0.0006811488458420458,60.0,0.007362784471218206,0.004787128637778062,0.0030060375250727934
coding,0,0,model.layers.0.mlp,29,0.024484605087014725,10.0,0.009242941819360776,9.0,0.00372582036408395,16.0,0.024484605087014725,0.027323935034503293,0.01644274360073412
coding,0,0,model.layers.0.mlp,30,0.00931726907630522,46.0,0.0033943652213018743,35.0,0.0017906036027464044,37.0,0.00931726907630522,0.010034404262499625,0.007902269313445223
coding,0,0,model.layers.0.mlp,31,0.015542168674698795,20.0,0.00493215047690763,21.0,0.002444890676891628,27.0,0.015542168674698795,0.014580396787647276,0.010789760805292687
coding,0,0,model.layers.0.mlp,32,0.015481927710843373,21.0,0.0046552682082496655,22.0,0.0022931578248699346,29.0,0.015481927710843373,0.013761878910019941,0.010120135289889117
coding,0,0,model.layers.0.mlp,33,0.016666666666666666,19.0,0.007158412295013387,14.0,0.004841840701250028,12.0,0.016666666666666666,0.021161660034409092,0.02136795052539443
coding,0,0,model.layers.0.mlp,34,0.013152610441767068,25.0,0.002782686736529451,46.0,0.0011090928785642547,52.0,0.013152610441767068,0.008226163606379063,0.004894634751430351
coding,0,0,model.layers.0.mlp,35,0.0059705488621151276,56.0,0.002444406532379518,52.0,0.001456936131439694,42.0,0.0059705488621151276,0.007226141481140746,0.006429732222959256
coding,0,0,model.layers.0.mlp,36,0.025247657295850066,9.0,0.013835321755773093,4.0,0.012646752690654522,5.0,0.025247657295850066,0.040899903972601036,0.05581249001666609
coding,0,0,model.layers.0.mlp,37,0.009350736278447121,45.0,0.0028989983370983938,42.0,0.001550170464847621,41.0,0.009350736278447121,0.008570003336176765,0.006841192811287651
coding,0,0,model.layers.0.mlp,38,0.009805890227576974,44.0,0.0027778627530957163,47.0,0.0022387682418108304,30.0,0.009805890227576974,0.00821190297242432,0.00988010386555834
coding,0,0,model.layers.0.mlp,39,0.012208835341365461,29.0,0.003195679854836011,37.0,0.0009594923688704709,56.0,0.012208835341365461,0.009447051647745723,0.004234419662386782
coding,0,0,model.layers.0.mlp,40,0.0435140562248996,4.0,0.014844926581325302,3.0,0.014973594612545438,3.0,0.0435140562248996,0.04388449234316998,0.06608127954015093
coding,0,0,model.layers.0.mlp,41,0.02140562248995984,12.0,0.010421634454484605,7.0,0.01423854109752609,4.0,0.02140562248995984,0.030808379880873465,0.06283735060659562
coding,0,0,model.layers.0.mlp,42,0.011010709504685409,37.0,0.00424847828815261,26.0,0.00215891785091824,31.0,0.011010709504685409,0.01255932872993113,0.009527709124115116
coding,0,0,model.layers.0.mlp,43,0.011492637215528782,33.0,0.0029274519954819275,40.0,0.001060287150313736,53.0,0.011492637215528782,0.00865411788848706,0.004679245924957047
coding,0,0,model.layers.0.mlp,44,0.011854082998661312,31.0,0.0040268234395917,28.0,0.0019554790100419378,34.0,0.011854082998661312,0.011904073855398137,0.008629895388593805
coding,0,0,model.layers.0.mlp,45,0.012536813922356092,26.0,0.0034726470988119145,34.0,0.0011810926119566283,50.0,0.012536813922356092,0.010265820728952208,0.005212383069868964
coding,0,0,model.layers.0.mlp,46,0.0041700133868808565,61.0,0.0013755608370983935,61.0,0.0006274080565735359,62.0,0.0041700133868808565,0.004066425569200741,0.002768869349343943
coding,0,0,model.layers.0.mlp,47,0.013366800535475233,24.0,0.004557115179467872,23.0,0.0025214999176093053,24.0,0.013366800535475233,0.013471719452751071,0.011127851743522179
coding,0,0,model.layers.0.mlp,48,0.004966532797858099,58.0,0.0017562829442771084,58.0,0.0010003992688494274,55.0,0.004966532797858099,0.005191914220547661,0.004414949479212837
coding,0,0,model.layers.0.mlp,49,0.016900937081659972,17.0,0.007603852911646587,12.0,0.005674766357963184,10.0,0.016900937081659972,0.02247846919630603,0.02504380756451252
coding,0,0,model.layers.0.mlp,50,0.009069611780455154,49.0,0.0028015512571117804,45.0,0.0011511846230311726,51.0,0.009069611780455154,0.008281930800950053,0.0050803935090583015
coding,0,0,model.layers.0.mlp,51,0.010408299866131192,39.0,0.0034804779011880856,33.0,0.0024313265424336455,28.0,0.010408299866131192,0.010288970104938363,0.010729899737591071
coding,0,0,model.layers.0.mlp,52,0.027677376171352075,6.0,0.008932559665746319,11.0,0.005878655632815687,9.0,0.027677376171352075,0.026406384976634684,0.02594360914959607
coding,0,0,model.layers.0.mlp,53,0.030207496653279785,5.0,0.009134264924280456,10.0,0.005152986160563019,11.0,0.030207496653279785,0.027002664980124484,0.02274109375563012
coding,0,0,model.layers.0.mlp,54,0.026358768406961178,8.0,0.013610594722640562,5.0,0.00944350764454608,6.0,0.026358768406961178,0.04023556712251421,0.04167596924094356
coding,0,0,model.layers.0.mlp,55,0.01251004016064257,27.0,0.004245837516733601,27.0,0.0017674786734134158,38.0,0.01251004016064257,0.01255152209562528,0.007800214665971387
coding,0,0,model.layers.0.mlp,56,0.008540829986613119,51.0,0.0028336392444779116,44.0,0.0014175704144031168,43.0,0.008540829986613119,0.00837678913710701,0.006256003935323296
coding,0,0,model.layers.0.mlp,57,0.0027643908969210173,62.0,0.0022370929028614457,54.0,0.0038499123280945234,13.0,0.0027643908969210173,0.006613282041427142,0.016990384696586862
coding,0,0,model.layers.0.mlp,58,0.010435073627844712,38.0,0.0027081699192603747,49.0,0.002498101388394753,26.0,0.010435073627844712,0.008005877390817987,0.011024589648489918
coding,0,0,model.layers.0.mlp,59,0.010200803212851406,41.0,0.004337205593206158,25.0,0.0025086207011617333,25.0,0.010200803212851406,0.012821623913266748,0.011071013347375333
coding,0,0,model.layers.0.mlp,60,0.011365461847389558,34.0,0.0037150620712014725,30.0,0.0018887992390746891,36.0,0.011365461847389558,0.010982446570206425,0.008335625061462853
coding,0,0,model.layers.0.mlp,61,0.016880856760374832,18.0,0.005458023500251004,20.0,0.0031262974678432764,20.0,0.016880856760374832,0.016134979798884484,0.013796936690481054
coding,0,0,model.layers.0.mlp,62,0.008487282463186077,53.0,0.0029256217578647924,41.0,0.0013150226682863402,46.0,0.008487282463186077,0.008648707349859244,0.0058034415110890004
coding,0,0,model.layers.0.mlp,63,0.01958500669344043,15.0,0.0055142771607262385,19.0,0.002114076213025983,32.0,0.01958500669344043,0.016301276568280853,0.00932981457138602
coding,1,1,model.layers.1.mlp,0,0.010040160642570281,28.0,0.0024597347724230256,32.0,0.001610751825882249,37.0,0.010040160642570281,0.008226227193912892,0.006033710657148606
coding,1,1,model.layers.1.mlp,1,0.015441767068273092,21.0,0.004342127625083668,19.0,0.0032978285978756436,15.0,0.015441767068273092,0.014521617838380772,0.012353326711613691
coding,1,1,model.layers.1.mlp,2,0.004116465863453815,60.0,0.0011536445260207496,58.0,0.00086280698667329,53.0,0.004116465863453815,0.0038581972651921858,0.0032319862233907374
coding,1,1,model.layers.1.mlp,3,0.006941097724230254,45.0,0.0014447634287148594,52.0,0.0007614089919620728,56.0,0.006941097724230254,0.004831802330605518,0.0028521597650426507
coding,1,1,model.layers.1.mlp,4,0.010562248995983936,27.0,0.0031850644766566265,26.0,0.0018960780463863408,30.0,0.010562248995983936,0.010651987484987514,0.0071025133303825915
coding,1,1,model.layers.1.mlp,5,0.0008366800535475234,64.0,0.00019777024765729585,64.0,0.00016104100488994016,64.0,0.0008366800535475234,0.0006614139896972354,0.0006032430395726182
coding,1,1,model.layers.1.mlp,6,0.007931726907630523,40.0,0.0017653230107931726,46.0,0.0008016381542531242,55.0,0.007931726907630523,0.005903867490201701,0.003002854068996475
coding,1,1,model.layers.1.mlp,7,0.012054886211512718,23.0,0.0035359733203647924,23.0,0.0030424459559850424,19.0,0.012054886211512718,0.011825551360678496,0.011396689603856825
coding,1,1,model.layers.1.mlp,8,0.008293172690763052,35.5,0.0018597567352744311,44.0,0.0008166844008797144,54.0,0.008293172690763052,0.0062196874237407,0.0030592157611964627
coding,1,1,model.layers.1.mlp,9,0.007248995983935743,44.0,0.002828128921937751,30.0,0.030948218124777757,2.0,0.007248995983935743,0.009458268145966914,0.11592884174876106
coding,1,1,model.layers.1.mlp,10,0.008473895582329317,33.0,0.0017878283969210173,45.0,0.0008794799811609459,51.0,0.008473895582329317,0.005979133499142988,0.0032944415457503116
coding,1,1,model.layers.1.mlp,11,0.029792503346720213,5.0,0.007531212087935074,8.0,0.010667828045376493,6.0,0.029792503346720213,0.025187049585784462,0.03996058656072715
coding,1,1,model.layers.1.mlp,12,0.01069611780455154,26.0,0.0032745173401941097,25.0,0.0032942919606664574,16.0,0.01069611780455154,0.010951149649484033,0.012340078832408062
coding,1,1,model.layers.1.mlp,13,0.004685408299866131,59.0,0.001056668078564257,59.0,0.000586787969786599,59.0,0.004685408299866131,0.00353387356241759,0.002198047377564679
coding,1,1,model.layers.1.mlp,14,0.004966532797858099,58.0,0.0009992378367637215,60.0,0.0004923923590146953,61.0,0.004966532797858099,0.003341806424875287,0.0018444511291851207
coding,1,1,model.layers.1.mlp,15,0.05783132530120482,4.0,0.018050502792419678,4.0,0.011873376809928312,5.0,0.05783132530120482,0.060367295937574554,0.04447644822948828
coding,1,1,model.layers.1.mlp,16,0.01891566265060241,16.0,0.004946609354082998,17.0,0.0026287567671363452,22.0,0.01891566265060241,0.016543219554576938,0.009847052454672543
coding,1,1,model.layers.1.mlp,17,0.01355421686746988,22.0,0.004189002102158635,21.0,0.00251041921267069,24.0,0.01355421686746988,0.014009511673565614,0.009403772147894531
coding,1,1,model.layers.1.mlp,18,0.07642570281124499,3.0,0.02512537127677376,3.0,0.02834315769803253,3.0,0.07642570281124499,0.08402817034234623,0.10617055334777815
coding,1,1,model.layers.1.mlp,19,0.006017402945113788,50.0,0.0018980413842871486,41.0,0.0014377428503480143,38.0,0.006017402945113788,0.006347724895239137,0.005385636830572924
coding,1,1,model.layers.1.mlp,20,0.008380187416331994,34.0,0.002173779754434404,34.0,0.0016399251568907874,34.0,0.008380187416331994,0.00726989199404229,0.006142990954325565
coding,1,1,model.layers.1.mlp,21,0.028734939759036144,6.0,0.008016107398343374,5.0,0.008321224344143747,7.0,0.028734939759036144,0.02680871182083603,0.031170450468547155
coding,1,1,model.layers.1.mlp,22,0.008078982597054887,38.0,0.0019232855902777779,40.0,0.0011706000245319632,41.0,0.008078982597054887,0.006432150491094859,0.004384947283488759
coding,1,1,model.layers.1.mlp,23,0.021352074966532797,12.0,0.006231540746318607,12.0,0.0034188880918016393,13.0,0.021352074966532797,0.020840486755751047,0.01280680312363031
coding,1,1,model.layers.1.mlp,24,0.020863453815261043,13.0,0.005939807406710174,14.0,0.0033518465615340184,14.0,0.020863453815261043,0.019864826794944022,0.012555672447167637
coding,1,1,model.layers.1.mlp,25,0.09866800535475234,1.0,0.04285315088478916,1.0,0.04568786586623594,1.0,0.09866800535475234,0.14331616526526808,0.17114204606193378
coding,1,1,model.layers.1.mlp,26,0.01928380187416332,15.0,0.004803925990420013,18.0,0.002836704075416248,20.0,0.01928380187416332,0.016066035681159895,0.010626001681941983
coding,1,1,model.layers.1.mlp,27,0.02676706827309237,8.0,0.00800213876338688,6.0,0.00767872080256741,8.0,0.02676706827309237,0.026761995741513483,0.028763698289985134
coding,1,1,model.layers.1.mlp,28,0.009832663989290495,29.0,0.002964788842871486,28.0,0.0016837230280859563,33.0,0.009832663989290495,0.00991530748634899,0.0063070532747553235
coding,1,1,model.layers.1.mlp,29,0.016271753681392234,19.0,0.004252877394996653,20.0,0.0022465058814090896,26.0,0.016271753681392234,0.014223133352152386,0.008415179955224178
coding,1,1,model.layers.1.mlp,30,0.01959839357429719,14.0,0.007900318722807899,7.0,0.005465616059590535,10.0,0.01959839357429719,0.026421473342071594,0.020473635563672966
coding,1,1,model.layers.1.mlp,31,0.0213855421686747,11.0,0.0059809223874665324,13.0,0.003155805438637255,18.0,0.0213855421686747,0.020002329901607017,0.01182132256566823
coding,1,1,model.layers.1.mlp,32,0.00818607764390897,37.0,0.0025757130082831327,31.0,0.0017487970505213962,32.0,0.00818607764390897,0.008614099629766874,0.006550813869257324
coding,1,1,model.layers.1.mlp,33,0.0064859437751004015,48.0,0.0015566105568105757,49.0,0.0009917312862234343,50.0,0.0064859437751004015,0.0052058588740253155,0.0037149233882982197
coding,1,1,model.layers.1.mlp,34,0.017302543507362784,18.0,0.005163074171686747,16.0,0.0028003097685624957,21.0,0.017302543507362784,0.017267154829656715,0.010489672352001446
coding,1,1,model.layers.1.mlp,35,0.0014190093708165998,63.0,0.0003285668716532798,63.0,0.00035621874179027807,63.0,0.0014190093708165998,0.0010988443814820609,0.0013343587659376585
coding,1,1,model.layers.1.mlp,36,0.006733601070950468,46.0,0.0015959214462014726,48.0,0.0010270444551106277,47.0,0.006733601070950468,0.005337328458043003,0.0038472028866223303
coding,1,1,model.layers.1.mlp,37,0.003433734939759036,62.0,0.0009248713604417671,61.0,0.0010194197043756565,48.0,0.003433734939759036,0.0030930985004706912,0.003818641354654176
coding,1,1,model.layers.1.mlp,38,0.0038554216867469878,61.0,0.0008150701765394913,62.0,0.0004916492489776219,62.0,0.0038554216867469878,0.0027258843215001017,0.0018416675154228528
coding,1,1,model.layers.1.mlp,39,0.00502677376171352,56.0,0.001480472671937751,51.0,0.001309768867540551,39.0,0.00502677376171352,0.004951226729921885,0.004906259454433547
coding,1,1,model.layers.1.mlp,40,0.007804551539491299,42.0,0.0019793170076137885,37.0,0.0017927465405330122,31.0,0.007804551539491299,0.006619539462528119,0.006715444138177919
coding,1,1,model.layers.1.mlp,41,0.007650602409638554,43.0,0.0020872814173360107,36.0,0.0016294334136657766,36.0,0.007650602409638554,0.006980610815906928,0.006103689963389769
coding,1,1,model.layers.1.mlp,42,0.018681392235609103,17.0,0.005475613391064257,15.0,0.0038611748810593225,11.0,0.018681392235609103,0.01831239704618843,0.014463563942385517
coding,1,1,model.layers.1.mlp,43,0.006599732262382865,47.0,0.0015209601426539492,50.0,0.0008685338351541415,52.0,0.006599732262382865,0.0050866312200126,0.0032534384087339776
coding,1,1,model.layers.1.mlp,44,0.026345381526104418,9.0,0.007251198805639223,11.0,0.0032941987735519767,17.0,0.026345381526104418,0.024250585661582644,0.012339729763062484
coding,1,1,model.layers.1.mlp,45,0.011961178045515395,24.0,0.003305180356844043,24.0,0.002582734577068523,23.0,0.011961178045515395,0.011053697673864972,0.009674658064540194
coding,1,1,model.layers.1.mlp,46,0.005066934404283802,55.0,0.001180718969628514,57.0,0.0005667076971745954,60.0,0.005066934404283802,0.003948743826050394,0.0021228287418253505
coding,1,1,model.layers.1.mlp,47,0.08667336010709505,2.0,0.026135123174991632,2.0,0.020161134277481632,4.0,0.08667336010709505,0.08740513952510187,0.07552153522074462
coding,1,1,model.layers.1.mlp,48,0.02687416331994645,7.0,0.007269102451472557,10.0,0.0036370265912738352,12.0,0.02687416331994645,0.024310461815660538,0.013623927504835891
coding,1,1,model.layers.1.mlp,49,0.00787817938420348,41.0,0.0019328616549531459,39.0,0.0016311544886075829,35.0,0.00787817938420348,0.006464176254411439,0.006110136933091287
coding,1,1,model.layers.1.mlp,50,0.005502008032128514,54.0,0.001425840079066265,54.0,0.0011599687068976233,42.0,0.005502008032128514,0.0047685159245976685,0.004345123461172298
coding,1,1,model.layers.1.mlp,51,0.015589022757697456,20.0,0.0035647538068942436,22.0,0.0020251942578568514,29.0,0.015589022757697456,0.011921803535342595,0.0075861693776036266
coding,1,1,model.layers.1.mlp,52,0.007958500669344042,39.0,0.0016526195929551539,47.0,0.0011138613097160218,45.0,0.007958500669344042,0.005526947209584312,0.0041724098939561706
coding,1,1,model.layers.1.mlp,53,0.009337349397590362,31.0,0.0030811461993808568,27.0,0.0021474814638395706,27.0,0.009337349397590362,0.010304447836382059,0.008044244672701753
coding,1,1,model.layers.1.mlp,54,0.004993306559571619,57.0,0.0012013614353246318,55.0,0.000605169209106819,58.0,0.004993306559571619,0.004017779567042722,0.0022669016093562616
coding,1,1,model.layers.1.mlp,55,0.010950468540829986,25.0,0.002852837129769076,29.0,0.0020849805313550244,28.0,0.010950468540829986,0.00954090117350048,0.0078101226084866925
coding,1,1,model.layers.1.mlp,56,0.0092570281124498,32.0,0.0021224938817771084,35.0,0.0011518662288246384,43.0,0.0092570281124498,0.007098373810436906,0.0043147724117351795
coding,1,1,model.layers.1.mlp,57,0.00572289156626506,53.0,0.0011854154900853414,56.0,0.0006380213675908295,57.0,0.00572289156626506,0.00396445065945856,0.002389962415850607
coding,1,1,model.layers.1.mlp,58,0.00643908969210174,49.0,0.0018683130961345382,43.0,0.0012117784884240893,40.0,0.00643908969210174,0.006248302935127324,0.004539197573594648
coding,1,1,model.layers.1.mlp,59,0.005729585006693441,52.0,0.0019680871925200805,38.0,0.0024970056493598294,25.0,0.005729585006693441,0.006581982970120006,0.009353526319456778
coding,1,1,model.layers.1.mlp,60,0.008293172690763052,35.5,0.0018884522464859437,42.0,0.0010051555402945962,49.0,0.008293172690763052,0.006315655410743968,0.0037652092632244056
coding,1,1,model.layers.1.mlp,61,0.022617135207496652,10.0,0.007310044213311579,9.0,0.00580098842042517,9.0,0.022617135207496652,0.024447385616707226,0.021729905930818246
coding,1,1,model.layers.1.mlp,62,0.00961178045515395,30.0,0.0022050637445615797,33.0,0.0011468330021683312,44.0,0.00961178045515395,0.0073745167744062165,0.0042959184624004505
coding,1,1,model.layers.1.mlp,63,0.005977242302543507,51.0,0.001433278687667336,53.0,0.0010300957426488638,46.0,0.005977242302543507,0.004793393275214917,0.0038586326958838504
coding,2,2,model.layers.2.mlp,0,0.007817938420348058,35.0,0.0017848869436077645,37.0,0.0015006368101600663,33.0,0.007817938420348058,0.00557624338406675,0.0026604909256045905
coding,2,2,model.layers.2.mlp,1,0.0022891566265060242,57.0,0.0005882971992135208,57.0,0.0007735089778182019,53.0,0.0022891566265060242,0.0018379250163310587,0.0013713602134946298
coding,2,2,model.layers.2.mlp,2,0.007630522088353414,36.0,0.0014040863976740295,44.0,0.0006645659770233085,54.0,0.007630522088353414,0.0043865677396139275,0.0011782143016653504
coding,2,2,model.layers.2.mlp,3,0.009143239625167335,31.0,0.0026093566976238287,25.0,0.001936599113136889,26.0,0.009143239625167335,0.008152005410709444,0.0034334119569444776
coding,2,2,model.layers.2.mlp,4,0.0005756358768406961,63.0,0.00012493986362115128,63.0,0.00010045640045899145,63.0,0.0005756358768406961,0.00039033009368953517,0.00017809995065464228
coding,2,2,model.layers.2.mlp,5,0.06839357429718876,3.0,0.025637556737366132,3.0,0.030333340975494588,4.0,0.06839357429718876,0.08009541257073036,0.05377822126058948
coding,2,2,model.layers.2.mlp,6,0.004939759036144578,48.0,0.0011130916896753681,48.0,0.0009480737323263084,49.0,0.004939759036144578,0.0034774584421947198,0.0016808474539480157
coding,2,2,model.layers.2.mlp,7,0.0017269076305220883,60.0,0.0005864015959672022,58.0,0.00048729218193485716,57.0,0.0017269076305220883,0.001832002879302181,0.0008639241816395691
coding,2,2,model.layers.2.mlp,8,0.0020816599732262383,58.0,0.00046674327518406964,59.0,0.00041935558828563895,60.0,0.0020816599732262383,0.0014581730846448288,0.0007434788548979492
coding,2,2,model.layers.2.mlp,9,0.009210174029451138,30.0,0.002048205844210174,33.0,0.0017292607586626388,29.0,0.009210174029451138,0.0063988894808643445,0.0030658201406743623
coding,2,2,model.layers.2.mlp,10,0.012356091030789825,22.0,0.002771731457078313,23.0,0.0014443745082082199,34.0,0.012356091030789825,0.008659287500138226,0.002560743043383478
coding,2,2,model.layers.2.mlp,11,0.005140562248995984,47.0,0.00125318984270415,47.0,0.001184190694925935,43.0,0.005140562248995984,0.003915145210953107,0.002099461093253998
coding,2,2,model.layers.2.mlp,12,0.0065194109772423025,40.0,0.0016208911165495315,39.0,0.0015897090511628423,30.0,0.0065194109772423025,0.005063896846420168,0.00281840780949462
coding,2,2,model.layers.2.mlp,13,0.005883534136546185,44.0,0.00153001328229585,40.0,0.0013898604593602529,39.0,0.005883534136546185,0.0047799814287909125,0.0024640946529827976
coding,2,2,model.layers.2.mlp,14,0.04042168674698795,6.0,0.013361630114206827,6.0,0.010607092083697338,7.0,0.04042168674698795,0.041743653171719436,0.018805397844878235
coding,2,2,model.layers.2.mlp,15,0.01827309236947791,16.0,0.006149395760123829,14.0,0.006878177950500325,12.0,0.01827309236947791,0.01921159631213824,0.012194376346164526
coding,2,2,model.layers.2.mlp,16,0.01963855421686747,15.0,0.006575860734605087,13.0,0.006764722030804339,13.0,0.01963855421686747,0.020543934195500504,0.011993229444553404
coding,2,2,model.layers.2.mlp,17,0.010093708165997323,25.0,0.0025586264328145915,27.0,0.0018111602449353281,28.0,0.010093708165997323,0.00799351677111938,0.0032110203907048315
coding,2,2,model.layers.2.mlp,18,0.00391566265060241,53.0,0.0011057707392068273,49.0,0.0011337512731552123,44.0,0.00391566265060241,0.0034545867405659514,0.0020100366415777547
coding,2,2,model.layers.2.mlp,19,0.011452476572958501,23.0,0.003619275278196118,20.0,0.0027881598073635078,19.0,0.011452476572958501,0.011307136229235877,0.004943150678700747
coding,2,2,model.layers.2.mlp,20,0.004437751004016065,51.0,0.0010815789198460508,51.0,0.0014193665378862915,38.0,0.004437751004016065,0.003379008019380173,0.0025164062140728715
coding,2,2,model.layers.2.mlp,21,0.003975903614457831,52.0,0.0010938676581325301,50.0,0.0014294214815978544,36.0,0.003975903614457831,0.0034173998042570345,0.0025342327036811233
coding,2,2,model.layers.2.mlp,22,0.019825970548862114,14.0,0.0041690721218206155,17.0,0.003623280260297987,17.0,0.019825970548862114,0.013024780600394217,0.006423742366027134
coding,2,2,model.layers.2.mlp,23,0.010033467202141901,26.0,0.002498398542085007,29.0,0.0020790858480984587,24.0,0.010033467202141901,0.007805356182898422,0.0036860278216345136
coding,2,2,model.layers.2.mlp,24,0.03561579651941098,7.0,0.010302628155852577,10.0,0.010096358723110623,9.0,0.03561579651941098,0.03218689133130753,0.0178999146113305
coding,2,2,model.layers.2.mlp,25,0.003467202141900937,55.0,0.0006602320741298527,56.0,0.0004738840658761252,58.0,0.003467202141900937,0.002062659905995877,0.0008401528261309004
coding,2,2,model.layers.2.mlp,26,0.007282463186077644,37.0,0.0027252499581659974,24.0,0.002016251088385601,25.0,0.007282463186077644,0.008514072615957715,0.0035746275768205995
coding,2,2,model.layers.2.mlp,27,0.01072958500669344,24.0,0.002319316327811245,31.0,0.001440344208893846,35.0,0.01072958500669344,0.0072458776029668435,0.0025535976937020866
coding,2,2,model.layers.2.mlp,28,0.014866131191432395,17.0,0.0036595470423360105,19.0,0.002647660183140552,20.0,0.014866131191432395,0.011432951009356271,0.004694057778429857
coding,2,2,model.layers.2.mlp,29,0.009792503346720214,28.0,0.0025939238725736277,26.0,0.0026268040447669175,21.0,0.009792503346720214,0.008103791046829513,0.0046570817649730836
coding,2,2,model.layers.2.mlp,30,0.02684069611780455,10.0,0.01309810204359103,7.0,0.2748599351425886,1.0,0.02684069611780455,0.04092035359773245,0.4873013632000156
coding,2,2,model.layers.2.mlp,31,0.005475234270414993,46.0,0.0013128098330823293,46.0,0.0008851750707939526,50.0,0.005475234270414993,0.004101406631092389,0.0015693339170905149
coding,2,2,model.layers.2.mlp,32,0.026559571619812584,11.0,0.010338783519494646,9.0,0.01030765592174198,8.0,0.026559571619812584,0.032299845884552286,0.01827452509386587
coding,2,2,model.layers.2.mlp,33,0.012362784471218207,21.0,0.003513369885793173,21.0,0.0035131026263856184,18.0,0.012362784471218207,0.01097627255978114,0.00622840756333282
coding,2,2,model.layers.2.mlp,34,0.035515394912985276,8.0,0.011104731425702811,8.0,0.009187426374778849,10.0,0.035515394912985276,0.034692777246300016,0.016288461228105008
coding,2,2,model.layers.2.mlp,35,0.026224899598393574,12.0,0.008221263962098393,11.0,0.009031281421781385,11.0,0.026224899598393574,0.02568441040005271,0.016011630600123544
coding,2,2,model.layers.2.mlp,36,0.0044779116465863454,50.0,0.0009550441348728247,52.0,0.0008493615859443723,51.0,0.0044779116465863454,0.0029836951621215134,0.0015058399052073714
coding,2,2,model.layers.2.mlp,37,0.004698795180722892,49.0,0.0009343363035475234,53.0,0.0005411450482077069,56.0,0.004698795180722892,0.002919000920371568,0.0009594003561987096
coding,2,2,model.layers.2.mlp,38,0.020823293172690764,13.0,0.005575805827476573,15.0,0.003956087991655113,16.0,0.020823293172690764,0.017419618910686403,0.007013779837620434
coding,2,2,model.layers.2.mlp,39,0.014605087014725569,18.0,0.0045471273113286475,16.0,0.0042810342174616845,15.0,0.014605087014725569,0.014205879356736251,0.007589879583551384
coding,2,2,model.layers.2.mlp,40,0.11599732262382864,1.0,0.04775716309247406,1.0,0.04672793290062921,2.0,0.11599732262382864,0.14920024245228997,0.08284432356495616
coding,2,2,model.layers.2.mlp,41,0.0072690763052208835,38.0,0.0014477571745314592,43.0,0.001046903881841555,47.0,0.0072690763052208835,0.004523001524061964,0.001856064211381423
coding,2,2,model.layers.2.mlp,42,0.008815261044176707,32.0,0.0019312928798527443,35.0,0.001233795384117159,42.0,0.008815261044176707,0.006033636574317781,0.002187405640906811
coding,2,2,model.layers.2.mlp,43,0.014310575635876841,19.0,0.002783601855338019,22.0,0.001429201889748235,37.0,0.014310575635876841,0.0086963723306363,0.002533843387545937
coding,2,2,model.layers.2.mlp,44,0.005582329317269076,45.0,0.0014539342264892905,42.0,0.0011008060195419683,45.0,0.005582329317269076,0.004542299522311237,0.0019516277396460285
coding,2,2,model.layers.2.mlp,45,0.05096385542168675,5.0,0.018053588050117135,5.0,0.01773369612942738,5.0,0.05096385542168675,0.056402004218624104,0.03144021078940365
coding,2,2,model.layers.2.mlp,46,0.008253012048192771,34.0,0.0023539862575301207,30.0,0.0019084287475709776,27.0,0.008253012048192771,0.0073541914471087965,0.0033834684919757103
coding,2,2,model.layers.2.mlp,47,0.006311914323962517,43.0,0.0013830517382028113,45.0,0.0010846346309545689,46.0,0.006311914323962517,0.004320852439755555,0.001922957356312827
coding,2,2,model.layers.2.mlp,48,0.008627844712182062,33.0,0.001952817781542838,34.0,0.0012683609127998351,41.0,0.008627844712182062,0.006100883461338793,0.002248687141384715
coding,2,2,model.layers.2.mlp,49,0.006345381526104418,41.0,0.001659790202476573,38.0,0.0012770354077519183,40.0,0.006345381526104418,0.005185423182485169,0.0022640662224174928
coding,2,2,model.layers.2.mlp,50,0.006331994645247657,42.0,0.0017857366967871486,36.0,0.0015473456345149472,32.0,0.006331994645247657,0.00557889813514866,0.002743301371476943
coding,2,2,model.layers.2.mlp,51,0.0017670682730923696,59.0,0.0004291122824631861,60.0,0.0002979311061252552,61.0,0.0017670682730923696,0.0013406084540405255,0.0005282044255711894
coding,2,2,model.layers.2.mlp,52,0.006700133868808567,39.0,0.0015291962119310576,41.0,0.001019672192583282,48.0,0.006700133868808567,0.004777428783519845,0.001807784933097698
coding,2,2,model.layers.2.mlp,53,0.001539491298527443,62.0,0.0003738194967369478,61.0,0.0004373058846277725,59.0,0.001539491298527443,0.0011678658432568185,0.000775303077925682
coding,2,2,model.layers.2.mlp,54,0.00965863453815261,29.0,0.002552972305890228,28.0,0.00229168698849927,23.0,0.00965863453815261,0.00797585246584359,0.004062950072894772
coding,2,2,model.layers.2.mlp,55,0.003862115127175368,54.0,0.0008764942582831325,54.0,0.000559771605985491,55.0,0.003862115127175368,0.0027382940563421294,0.0009924235284996465
coding,2,2,model.layers.2.mlp,56,0.009825970548862115,27.0,0.0021347041813085674,32.0,0.0015520145158611307,31.0,0.009825970548862115,0.006669122719840677,0.0027515788683170487
coding,2,2,model.layers.2.mlp,57,0.0003748326639892905,64.0,8.995617888219545e-05,64.0,9.647912354553879e-05,64.0,0.0003748326639892905,0.00028103603376349186,0.00017104860480918833
coding,2,2,model.layers.2.mlp,58,0.003065595716198126,56.0,0.0006928233768406961,55.0,0.0008137563552203746,52.0,0.003065595716198126,0.002164479820568233,0.001442715108718373
coding,2,2,model.layers.2.mlp,59,0.0015997322623828648,61.0,0.00025566785370649265,62.0,0.00022984969352373238,62.0,0.0015997322623828648,0.0007987431264793154,0.00040750234815821885
coding,2,2,model.layers.2.mlp,60,0.06919678714859438,2.0,0.02976086638219545,2.0,0.034599146211003684,3.0,0.06919678714859438,0.0929772246147826,0.06134110126101939
coding,2,2,model.layers.2.mlp,61,0.06751004016064258,4.0,0.01940299609897925,4.0,0.0168330468007998,6.0,0.06751004016064258,0.06061774893669816,0.029843442437633073
coding,2,2,model.layers.2.mlp,62,0.0278714859437751,9.0,0.008054660046435742,12.0,0.006589365719631813,14.0,0.0278714859437751,0.02516391581870088,0.011682338846999532
coding,2,2,model.layers.2.mlp,63,0.013105756358768407,20.0,0.00375657578229585,18.0,0.0026179592405137925,22.0,0.013105756358768407,0.011736082740586127,0.004641400741227119
coding,3,3,model.layers.3.mlp,0,0.0017402945113788486,58.0,0.00045744174615127174,57.0,0.0004882185156126737,55.0,0.0017402945113788486,0.0013735350192205502,0.001187230435703889
coding,3,3,model.layers.3.mlp,1,0.00028112449799196787,62.0,5.642361111111111e-05,62.0,4.883367054593292e-05,63.0,0.00028112449799196787,0.00016942005495572846,0.00011875178450885259
coding,3,3,model.layers.3.mlp,2,0.0014926372155287819,59.0,0.0003792905998995984,58.0,0.00039293225091623974,58.0,0.0014926372155287819,0.0011388748967633342,0.000955517073890524
coding,3,3,model.layers.3.mlp,3,0.003500669344042838,54.0,0.0007382328794344043,54.0,0.0005346944624959545,54.0,0.003500669344042838,0.002216651017915317,0.0013002488012583884
coding,3,3,model.layers.3.mlp,4,0.008072289156626507,36.0,0.0026763041750334673,34.0,0.0035749584348645394,28.0,0.008072289156626507,0.008035990456540042,0.008693442228263869
coding,3,3,model.layers.3.mlp,5,0.012108433734939758,27.0,0.0027865040892737615,32.0,0.0019264868871275201,39.0,0.012108433734939758,0.00836688164125953,0.00468475445572155
coding,3,3,model.layers.3.mlp,6,0.014397590361445783,24.0,0.005629176863704819,19.0,0.0049748161056115126,20.0,0.014397590361445783,0.016902417885419265,0.012097560628564083
coding,3,3,model.layers.3.mlp,7,0.004799196787148594,46.0,0.0013986675870147256,45.0,0.0013094200187897585,43.0,0.004799196787148594,0.004199701770065681,0.0031841957027710977
coding,3,3,model.layers.3.mlp,8,0.003949129852744311,52.0,0.0010998290035140563,48.0,0.0013767039095621352,42.0,0.003949129852744311,0.003302395691235051,0.0033478140015513
coding,3,3,model.layers.3.mlp,9,0.06542168674698795,3.0,0.02254633769452811,3.0,0.026201341966069845,5.0,0.06542168674698795,0.06769864062289976,0.06371538490171139
coding,3,3,model.layers.3.mlp,10,0.0018674698795180724,57.0,0.0003466012487449799,59.0,0.00022419972338999213,59.0,0.0018674698795180724,0.001040720390874363,0.000545200001173577
coding,3,3,model.layers.3.mlp,11,0.013132530120481928,26.0,0.003910354961512718,27.0,0.0033128673261108806,31.0,0.013132530120481928,0.011741406468495775,0.008056099457989704
coding,3,3,model.layers.3.mlp,12,0.007576974564926372,38.0,0.002137514903363454,37.0,0.0019619028603376316,37.0,0.007576974564926372,0.0064181977237045655,0.0047708776156601945
coding,3,3,model.layers.3.mlp,13,0.009183400267737616,34.0,0.001949085404116466,39.0,0.0010465049372619414,47.0,0.009183400267737616,0.005852410892818469,0.0025448492281629335
coding,3,3,model.layers.3.mlp,14,0.01854082998661312,18.0,0.00416826812458166,24.0,0.0027916132047313604,33.0,0.01854082998661312,0.01251582805195131,0.006788534345549731
coding,3,3,model.layers.3.mlp,15,0.09091030789825971,1.0,0.03747791949046185,1.0,0.04786686998134955,2.0,0.09091030789825971,0.11253287506176732,0.11640075721508299
coding,3,3,model.layers.3.mlp,16,0.008493975903614458,35.0,0.0017313067373661312,41.0,0.001092923884909635,45.0,0.008493975903614458,0.005198498940668329,0.002657728985235499
coding,3,3,model.layers.3.mlp,17,0.007570281124497992,39.0,0.0016124458772590361,43.0,0.0010584160276605103,46.0,0.007570281124497992,0.0048416020130368454,0.002573814145697565
coding,3,3,model.layers.3.mlp,18,0.003400267737617135,55.0,0.0009869360253514055,51.0,0.0011241638369190008,44.0,0.003400267737617135,0.0029634181924931154,0.00273369706233496
coding,3,3,model.layers.3.mlp,19,0.04180722891566265,5.0,0.014068592076639894,6.0,0.013512674239744622,8.0,0.04180722891566265,0.04224298296116482,0.03285958564075457
coding,3,3,model.layers.3.mlp,20,0.011800535475234271,29.0,0.003193620837516734,30.0,0.003526766813663115,30.0,0.011800535475234271,0.009589308573929553,0.008576251753903336
coding,3,3,model.layers.3.mlp,21,0.0005689424364123159,61.0,0.0001219395812416332,61.0,0.0001443518346133162,61.0,0.0005689424364123159,0.00036614123322510595,0.0003510290700211499
coding,3,3,model.layers.3.mlp,22,0.0035542168674698796,53.0,0.0006969937039825971,55.0,0.00044811744217971563,56.0,0.0035542168674698796,0.002092824427702656,0.0010897142347374858
coding,3,3,model.layers.3.mlp,23,0.00428380187416332,48.0,0.0007493907923360107,53.0,0.0004157634950810208,57.0,0.00428380187416332,0.0022501542655762796,0.0010110371885330407
coding,3,3,model.layers.3.mlp,24,0.00463855421686747,47.0,0.0011485656166331994,47.0,0.0008916016415489646,51.0,0.00463855421686747,0.0034487344226703976,0.002168161533247268
coding,3,3,model.layers.3.mlp,25,0.0001606425702811245,63.0,3.761138303212851e-05,63.0,4.9124599560357165e-05,62.0,0.0001606425702811245,0.00011293361865329722,0.00011945925415514477
coding,3,3,model.layers.3.mlp,26,0.011298527443105756,32.0,0.002740682783216198,33.0,0.0017405735613551326,40.0,0.011298527443105756,0.00822929654102324,0.004232657798791358
coding,3,3,model.layers.3.mlp,27,0.004143239625167336,50.0,0.000968718624497992,52.0,0.0009214127343023318,50.0,0.004143239625167336,0.0029087178109869043,0.002240654967040893
coding,3,3,model.layers.3.mlp,28,0.004062918340026774,51.0,0.0010268548150937082,49.0,0.001500057787540926,41.0,0.004062918340026774,0.003083280133597684,0.003647781072883575
coding,3,3,model.layers.3.mlp,29,0.0349330655957162,8.0,0.01391896688315763,7.0,0.01594805695126494,6.0,0.0349330655957162,0.04179371167201235,0.03878185279212545
coding,3,3,model.layers.3.mlp,30,0.022248995983935742,15.0,0.006301763041750334,16.0,0.00719926009695214,13.0,0.022248995983935742,0.018921955185549552,0.017506875360767726
coding,3,3,model.layers.3.mlp,31,0.04619812583668005,4.0,0.017976567729250336,4.0,0.03028322033454456,4.0,0.04619812583668005,0.05397724521047571,0.07364153493273391
coding,3,3,model.layers.3.mlp,32,0.005461847389558233,44.0,0.0016835048527443107,42.0,0.0019350480327165749,38.0,0.005461847389558233,0.0050549668667699,0.00470557311024362
coding,3,3,model.layers.3.mlp,33,0.006124497991967871,42.0,0.0018320613181894243,40.0,0.0029022289024618576,32.0,0.006124497991967871,0.005501029145381906,0.007057525215032557
coding,3,3,model.layers.3.mlp,34,0.004156626506024096,49.0,0.00099125015687751,50.0,0.0009849270421717381,48.0,0.004156626506024096,0.0029763719965096563,0.002395106543525242
coding,3,3,model.layers.3.mlp,35,0.03347389558232932,9.0,0.010140673370565595,9.0,0.010360502114736412,11.0,0.03347389558232932,0.030448838808741097,0.025194258403644757
coding,3,3,model.layers.3.mlp,36,0.022630522088353415,14.0,0.005734866549531459,18.0,0.004529206167103616,22.0,0.022630522088353415,0.017219766456848733,0.011013944041870703
coding,3,3,model.layers.3.mlp,37,0.023400267737617136,12.0,0.008501590999414324,11.0,0.009114568488026558,12.0,0.023400267737617136,0.025527256869390003,0.022164446392847544
coding,3,3,model.layers.3.mlp,38,0.02380856760374833,11.0,0.006738470810324632,14.0,0.005663379427579193,17.0,0.02380856760374833,0.020233233437587577,0.01377198162368659
coding,3,3,model.layers.3.mlp,39,0.014504685408299866,23.0,0.006270426759119813,17.0,0.04000744568136642,3.0,0.014504685408299866,0.01882786346364759,0.0972885207110226
coding,3,3,model.layers.3.mlp,40,0.005950468540829986,43.0,0.002191284669929719,36.0,0.0020472302177105563,36.0,0.005950468540829986,0.0065796492264925425,0.004978373301365993
coding,3,3,model.layers.3.mlp,41,0.011405622489959839,30.0,0.00317906391189759,31.0,0.003925694057760309,25.0,0.011405622489959839,0.00954559929886162,0.009546347214599477
coding,3,3,model.layers.3.mlp,42,0.02633199464524766,10.0,0.00962535689633534,10.0,0.011991049135864339,9.0,0.02633199464524766,0.028901526545941074,0.02915935802281851
coding,3,3,model.layers.3.mlp,43,0.07412985274431058,2.0,0.03309984076932731,2.0,0.0501276859222167,1.0,0.07412985274431058,0.0993870603411449,0.12189851981254135
coding,3,3,model.layers.3.mlp,44,0.022918340026773763,13.0,0.006666973885123829,15.0,0.00707818702202405,14.0,0.022918340026773763,0.020018553576477086,0.017212454655894414
coding,3,3,model.layers.3.mlp,45,0.010441767068273093,33.0,0.004004854051623159,25.0,0.005035427299688459,19.0,0.010441767068273093,0.012025153657385367,0.012244952527992976
coding,3,3,model.layers.3.mlp,46,0.007637215528781794,37.0,0.002526544982011379,35.0,0.0038496055468976737,26.0,0.007637215528781794,0.00758631681438403,0.0093613181896553
coding,3,3,model.layers.3.mlp,47,0.00749665327978581,40.0,0.0019640672063253014,38.0,0.0021212012535197985,35.0,0.00749665327978581,0.0058973959213122745,0.00515825313440155
coding,3,3,model.layers.3.mlp,48,0.0007161981258366801,60.0,0.00018924656961178044,60.0,0.00020862339061985372,60.0,0.0007161981258366801,0.0005682402028589262,0.0005073220925118103
coding,3,3,model.layers.3.mlp,49,0.011854082998661312,28.0,0.003990643563838688,26.0,0.004718550118097818,21.0,0.011854082998661312,0.011982484612033913,0.011474383157242321
coding,3,3,model.layers.3.mlp,50,0.0027309236947791163,56.0,0.0006882477827978581,56.0,0.0006576308608055115,53.0,0.0027309236947791163,0.002066563534105487,0.001599200662077846
coding,3,3,model.layers.3.mlp,51,0.01678714859437751,20.0,0.004523592416541164,21.0,0.004012199341851864,24.0,0.01678714859437751,0.013582740642007603,0.009756707335812463
coding,3,3,model.layers.3.mlp,52,0.0379384203480589,6.0,0.011303795912817938,8.0,0.011169492328661672,10.0,0.0379384203480589,0.03394128250647943,0.027161528741504383
coding,3,3,model.layers.3.mlp,53,0.00535475234270415,45.0,0.0012280698314089693,46.0,0.0008535755421702003,52.0,0.00535475234270415,0.0036874573291146196,0.0020756911719441626
coding,3,3,model.layers.3.mlp,54,0.01611780455153949,21.0,0.003611797450217537,28.0,0.003532054523228003,29.0,0.01611780455153949,0.010844944349623799,0.008589110196444623
coding,3,3,model.layers.3.mlp,55,0.02137215528781794,16.0,0.0043929265238035475,22.0,0.0025678931142750832,34.0,0.02137215528781794,0.013190397396112675,0.006244500696734089
coding,3,3,model.layers.3.mlp,56,0.014370816599732262,25.0,0.004219717411311915,23.0,0.005054748233861553,18.0,0.014370816599732262,0.01267031197833645,0.012291936409929002
coding,3,3,model.layers.3.mlp,57,0.011378848728246318,31.0,0.0034144586157128514,29.0,0.004424097929773241,23.0,0.011378848728246318,0.010252405950745967,0.010758345996300453
coding,3,3,model.layers.3.mlp,58,0.00011378848728246319,64.0,2.5466449129852744e-05,64.0,2.7993512520668817e-05,64.0,0.00011378848728246319,7.64666976491564e-05,6.807351422362394e-05
coding,3,3,model.layers.3.mlp,59,0.014919678714859438,22.0,0.0052250211784638555,20.0,0.006988185232422917,15.0,0.014919678714859438,0.01568888197277878,0.01699359187116739
coding,3,3,model.layers.3.mlp,60,0.006626506024096385,41.0,0.0014116034450301204,44.0,0.0009456342685633555,49.0,0.006626506024096385,0.00423854355513952,0.002299555934035241
coding,3,3,model.layers.3.mlp,61,0.01750334672021419,19.0,0.0068795233015394915,13.0,0.003684216436133327,27.0,0.01750334672021419,0.020656763948001113,0.00895913150530347
coding,3,3,model.layers.3.mlp,62,0.03502677376171352,7.0,0.014822002855170683,5.0,0.015906764647089334,7.0,0.03502677376171352,0.04450520781684742,0.03868143980345356
coding,3,3,model.layers.3.mlp,63,0.021178045515394914,17.0,0.006923886954066265,12.0,0.006910834875770681,16.0,0.021178045515394914,0.020789972232637878,0.01680549433964538
coding,4,4,model.layers.4.mlp,0,0.00038152610441767067,63.0,7.22290202476573e-05,64.0,8.945848423753238e-05,63.0,0.00038152610441767067,0.00022698602552830688,0.00017999292144513498
coding,4,4,model.layers.4.mlp,1,0.0032663989290495315,48.0,0.000656604281710174,49.0,0.000765159386827285,51.0,0.0032663989290495315,0.002063436493243797,0.0015395216516359133
coding,4,4,model.layers.4.mlp,2,0.017195448460508703,17.0,0.004935882854334003,17.0,0.00789300813253625,15.0,0.017195448460508703,0.015511444399177336,0.015880948630799165
coding,4,4,model.layers.4.mlp,3,0.00640562248995984,29.0,0.0018533705133032129,29.0,0.002837005999672365,26.0,0.00640562248995984,0.005824379248169286,0.005708133805202176
coding,4,4,model.layers.4.mlp,4,0.021860776439089694,12.0,0.005251278551706828,15.0,0.005658482673417133,19.0,0.021860776439089694,0.016502603016169765,0.011385022181135062
coding,4,4,model.layers.4.mlp,5,0.002074966532797858,52.0,0.00046025246820615795,52.0,0.0006784859264750717,52.0,0.002074966532797858,0.0014463837130768457,0.0013651322745575935
coding,4,4,model.layers.4.mlp,6,0.06194109772423025,5.0,0.026240603690804887,4.0,0.03517175642521665,4.0,0.06194109772423025,0.08246339655191999,0.07076653763238486
coding,4,4,model.layers.4.mlp,7,0.010622489959839358,24.0,0.0031479237261546186,23.0,0.0037603346414993724,25.0,0.010622489959839358,0.009892626160733099,0.007565896331729376
coding,4,4,model.layers.4.mlp,8,0.005528781793842035,34.0,0.001355441296435743,33.0,0.002266699949421557,27.0,0.005528781793842035,0.004259593050825909,0.004560662405732482
coding,4,4,model.layers.4.mlp,9,0.003975903614457831,44.0,0.0007487436726070951,47.0,0.0007887253424569146,49.0,0.003975903614457831,0.002352992603275201,0.0015869370000690566
coding,4,4,model.layers.4.mlp,10,0.004879518072289157,37.0,0.0010919785914491299,40.0,0.0017746425562674103,33.0,0.004879518072289157,0.003431638413274422,0.0035706294483516332
coding,4,4,model.layers.4.mlp,11,0.011184738955823293,23.0,0.0021967753827811247,26.0,0.001841634007761756,30.0,0.011184738955823293,0.006903559142934456,0.0037054180843215955
coding,4,4,model.layers.4.mlp,12,0.010334672021419009,25.0,0.0020099669511378848,27.0,0.001305956634901055,41.0,0.010334672021419009,0.006316497276547715,0.0026276205325852994
coding,4,4,model.layers.4.mlp,13,0.0012784471218206157,59.0,0.00026846317561914323,58.0,0.00042881954236921057,53.0,0.0012784471218206157,0.0008436690547034473,0.000862796668886742
coding,4,4,model.layers.4.mlp,14,0.005997322623828648,31.5,0.00521949124623494,16.0,0.03006574066448084,5.0,0.005997322623828648,0.016402708623215544,0.060493094017137955
coding,4,4,model.layers.4.mlp,15,0.00609103078982597,30.0,0.0012824801811412317,34.0,0.0010034685657226258,44.0,0.00609103078982597,0.004030306352459669,0.0020190062492361875
coding,4,4,model.layers.4.mlp,16,0.004431057563587684,41.0,0.0009439842704149933,43.0,0.0007914163269990259,48.0,0.004431057563587684,0.0029665532907417165,0.0015923513347006633
coding,4,4,model.layers.4.mlp,17,0.11233601070950469,1.0,0.04127297601865797,2.0,0.053997479863913664,2.0,0.11233601070950469,0.12970394387294978,0.1086444090151819
coding,4,4,model.layers.4.mlp,18,0.0013721552878179384,57.0,0.0002646981153781794,59.0,0.00028448393615773085,59.0,0.0013721552878179384,0.0008318370229655011,0.0005723894743988755
coding,4,4,model.layers.4.mlp,19,0.07011378848728246,4.0,0.020144673747071618,5.0,0.028889554220350232,6.0,0.07011378848728246,0.06330640251984479,0.05812657466408131
coding,4,4,model.layers.4.mlp,20,0.0036479250334672023,46.0,0.0009316693858768407,44.0,0.001201948760703226,43.0,0.0036479250334672023,0.0029278526869321846,0.0024183538398872906
coding,4,4,model.layers.4.mlp,21,0.10680722891566265,2.0,0.045168166154200134,1.0,0.09371347041813086,1.0,0.10680722891566265,0.14194492020783867,0.18855407022696596
coding,4,4,model.layers.4.mlp,22,0.00034805890227576977,64.0,8.270713060575636e-05,62.0,0.00014251023311532006,61.0,0.00034805890227576977,0.00025991440552123685,0.0002867344938032367
coding,4,4,model.layers.4.mlp,23,0.01816599732262383,15.0,0.004319694141147925,18.0,0.007395649106307841,16.0,0.01816599732262383,0.013575017371620555,0.01488024864240835
coding,4,4,model.layers.4.mlp,24,0.005783132530120482,33.0,0.0013765740043507363,32.0,0.0018398532986521243,31.0,0.005783132530120482,0.004326004437299486,0.0037018352488016513
coding,4,4,model.layers.4.mlp,25,0.08805890227576975,3.0,0.030985687541834003,3.0,0.04248801846740396,3.0,0.08805890227576975,0.09737523836357168,0.08548705732658002
coding,4,4,model.layers.4.mlp,26,0.0028045515394912986,51.0,0.0006469170954651941,50.0,0.0009276432042300621,46.0,0.0028045515394912986,0.002032993661584706,0.001866443544300998
coding,4,4,model.layers.4.mlp,27,0.017650602409638554,16.0,0.005973738704819277,13.0,0.010272837061799035,12.0,0.017650602409638554,0.018772997356218783,0.02066922964370214
coding,4,4,model.layers.4.mlp,28,0.006947791164658635,28.0,0.0015463285433400269,30.0,0.001421266409856488,38.0,0.006947791164658635,0.004859472951595425,0.002859626959279277
coding,4,4,model.layers.4.mlp,29,0.0005823293172690763,61.0,0.00011793266817269077,61.0,0.00013912109805238614,62.0,0.0005823293172690763,0.0003706137441250419,0.000279915461194436
coding,4,4,model.layers.4.mlp,30,0.004752342704149933,39.0,0.001156344126506024,38.0,0.0017276482681034399,34.0,0.004752342704149933,0.003633912747516706,0.0034760756529239357
coding,4,4,model.layers.4.mlp,31,0.0017001338688085676,54.0,0.00033339739164993306,53.0,0.0004102856628945873,55.0,0.0017001338688085676,0.0010477305187394836,0.0008255059955561753
coding,4,4,model.layers.4.mlp,32,0.004892904953145917,36.0,0.0011208113704819277,39.0,0.0009819067348857003,45.0,0.004892904953145917,0.0035222479479898395,0.0019756232547989113
coding,4,4,model.layers.4.mlp,33,0.01287817938420348,21.0,0.0036010055848393575,20.0,0.005851461175614731,18.0,0.01287817938420348,0.01131647560503125,0.011773300215160582
coding,4,4,model.layers.4.mlp,34,0.03068273092369478,8.0,0.010450454160391566,8.0,0.0161434548367139,9.0,0.03068273092369478,0.03284146796813264,0.03248107346154472
coding,4,4,model.layers.4.mlp,35,0.013373493975903615,19.0,0.003240592578647925,21.0,0.004234598076327578,23.0,0.013373493975903615,0.010183846150227651,0.008520127357404619
coding,4,4,model.layers.4.mlp,36,0.004859437751004016,38.0,0.0012184676204819278,35.0,0.0018874295305216328,29.0,0.004859437751004016,0.003829141271192817,0.0037975599309101283
coding,4,4,model.layers.4.mlp,37,0.004257028112449799,43.0,0.0011598738704819277,37.0,0.0014429859164728218,37.0,0.004257028112449799,0.0036450052772710306,0.0029033272017050336
coding,4,4,model.layers.4.mlp,38,0.0044444444444444444,40.0,0.0010014798778447123,41.0,0.0014800989113179556,35.0,0.0044444444444444444,0.003147238275406602,0.0029779995642281536
coding,4,4,model.layers.4.mlp,39,0.014196787148594377,18.0,0.0038730377238119142,19.0,0.006739766310496503,17.0,0.014196787148594377,0.012171360439819626,0.013560594486071147
coding,4,4,model.layers.4.mlp,40,0.0013654618473895582,58.0,0.0002717902861445783,57.0,0.0003353859762470406,57.0,0.0013654618473895582,0.0008541247910829865,0.0006748057737726169
coding,4,4,model.layers.4.mlp,41,0.018741633199464525,14.0,0.006957131913068943,10.0,0.008773894839816623,13.0,0.018741633199464525,0.021863396687495356,0.017653316822111072
coding,4,4,model.layers.4.mlp,42,0.013192771084337349,20.0,0.0031648795703647925,22.0,0.004365287133488789,21.0,0.013192771084337349,0.00994591138699739,0.008783077321288395
coding,4,4,model.layers.4.mlp,43,0.030448460508701473,9.0,0.00884470172356091,9.0,0.014980551843821922,10.0,0.030448460508701473,0.027795250223950987,0.03014128077634628
coding,4,4,model.layers.4.mlp,44,0.004344042838018741,42.0,0.000982713405706158,42.0,0.0013846890722093493,39.0,0.004344042838018741,0.0030882629922127773,0.002786032353715511
coding,4,4,model.layers.4.mlp,45,0.005997322623828648,31.5,0.0013780055116298527,31.0,0.0018120889371657468,32.0,0.005997322623828648,0.004330503074366518,0.0036459725927485633
coding,4,4,model.layers.4.mlp,46,0.0017603748326639893,53.0,0.00033252802878179385,54.0,0.0004285894138015398,54.0,0.0017603748326639893,0.001044998469744437,0.0008623336439030739
coding,4,4,model.layers.4.mlp,47,0.010046854082998661,26.0,0.001958027422188755,28.0,0.002163607283449237,28.0,0.010046854082998661,0.006153272755385008,0.00435323713706087
coding,4,4,model.layers.4.mlp,48,0.008734939759036145,27.0,0.0025997087307563587,25.0,0.004248770228032287,22.0,0.008734939759036145,0.008169812497834132,0.008548642114950935
coding,4,4,model.layers.4.mlp,49,0.0016131191432396251,55.0,0.00030965659513052207,55.0,0.00029960257301688036,58.0,0.0016131191432396251,0.0009731229852807677,0.0006028085860095852
coding,4,4,model.layers.4.mlp,50,0.0037751004016064256,45.0,0.0007442269076305221,48.0,0.0007760484761981122,50.0,0.0037751004016064256,0.002338798273534019,0.0015614307978106708
coding,4,4,model.layers.4.mlp,51,0.0051874163319946456,35.0,0.0011776533216198127,36.0,0.0014685986932102776,36.0,0.0051874163319946456,0.0037008787604779986,0.002954860810289947
coding,4,4,model.layers.4.mlp,52,0.023781793842034805,10.0,0.006403602692018073,11.0,0.008235644133215448,14.0,0.023781793842034805,0.020123882604799602,0.016570341652379694
coding,4,4,model.layers.4.mlp,53,0.0004752342704149933,62.0,8.065464984939759e-05,63.0,7.284333473108858e-05,64.0,0.0004752342704149933,0.00025346430488631483,0.0001465627853836769
coding,4,4,model.layers.4.mlp,54,0.0015528781793842034,56.0,0.0002805100610776439,56.0,0.0002342025803993026,60.0,0.0015528781793842034,0.0008815274479205214,0.00047122200890559575
coding,4,4,model.layers.4.mlp,55,0.054310575635876844,6.0,0.015809586000251005,6.0,0.023586208836301425,7.0,0.054310575635876844,0.04968300939346232,0.04745609843990415
coding,4,4,model.layers.4.mlp,56,0.003005354752342704,49.0,0.0005936702539323963,51.0,0.0008840412286595208,47.0,0.003005354752342704,0.0018656607960685445,0.0017787151747605213
coding,4,4,model.layers.4.mlp,57,0.0028179384203480587,50.0,0.000818005093289826,46.0,0.0012044905866165877,42.0,0.0028179384203480587,0.002570652687121168,0.002423468063270912
coding,4,4,model.layers.4.mlp,58,0.003393574297188755,47.0,0.000874409094712182,45.0,0.0013737232007654794,40.0,0.003393574297188755,0.0027479072042509204,0.0027639687199059655
coding,4,4,model.layers.4.mlp,59,0.012590361445783132,22.0,0.0029536309299698794,24.0,0.003894603064101703,24.0,0.012590361445783132,0.009282044022922835,0.007836048076955168
coding,4,4,model.layers.4.mlp,60,0.0009906291834002677,60.0,0.00022445249748995983,60.0,0.00039034714999607446,56.0,0.0009906291834002677,0.0007053616420444346,0.0007853891612898381
coding,4,4,model.layers.4.mlp,61,0.040160642570281124,7.0,0.01159131970590696,7.0,0.016291979980596418,8.0,0.040160642570281124,0.03642673791850446,0.03277991012061989
coding,4,4,model.layers.4.mlp,62,0.020475234270414994,13.0,0.005855551110692771,14.0,0.013485854112479581,11.0,0.020475234270414994,0.018401582484944817,0.027133907986221922
coding,4,4,model.layers.4.mlp,63,0.02313253012048193,11.0,0.006279993018950803,12.0,0.005585804770749257,20.0,0.02313253012048193,0.019735428375319688,0.0112387922495954
coding,5,5,model.layers.5.mlp,0,0.11184738955823294,2.0,0.06279872092536815,1.0,0.13150433730568434,1.0,0.11184738955823294,0.18794269544603462,0.21554082932009094
coding,5,5,model.layers.5.mlp,1,0.0020883534136546186,47.0,0.0005239708835341366,44.0,0.0008068272890336064,42.0,0.0020883534136546186,0.001568129075489902,0.0013224219562594393
coding,5,5,model.layers.5.mlp,2,0.10436412315930388,3.0,0.03223046482806225,3.0,0.04740794811223246,3.0,0.10436412315930388,0.09645865944409159,0.0777035089627628
coding,5,5,model.layers.5.mlp,3,0.00020080321285140563,62.0,4.0402495398259704e-05,62.0,5.9651944891037235e-05,62.0,0.00020080321285140563,0.00012091574121261332,9.777190574698071e-05
coding,5,5,model.layers.5.mlp,4,0.002356091030789826,46.0,0.0004382111780455154,48.0,0.0007042420057048759,45.0,0.002356091030789826,0.001311469226806924,0.0011542806044398954
coding,5,5,model.layers.5.mlp,5,0.006285140562248996,32.0,0.0014749492762717537,33.0,0.0014245316438087658,35.0,0.006285140562248996,0.004414197272554821,0.0023348639154427467
coding,5,5,model.layers.5.mlp,6,0.03744310575635877,8.0,0.013882058180639223,6.0,0.030852741962136672,5.0,0.03744310575635877,0.04154593269357606,0.050568868872055514
coding,5,5,model.layers.5.mlp,7,0.0015060240963855422,53.0,0.00036921121987951806,51.0,0.0006979652683698189,47.0,0.0015060240963855422,0.00110496759855254,0.001143992782773012
coding,5,5,model.layers.5.mlp,8,0.03128514056224899,10.0,0.009433110044344042,9.0,0.026188010250229432,7.0,0.03128514056224899,0.028231213980934908,0.042923188415120855
coding,5,5,model.layers.5.mlp,9,0.005180722891566265,34.0,0.0011490297126004016,36.0,0.0018087981963452885,32.0,0.005180722891566265,0.003438792035117171,0.0029646920497130697
coding,5,5,model.layers.5.mlp,10,0.03318607764390897,9.0,0.00896082376380522,10.0,0.014683781618095306,10.0,0.03318607764390897,0.026817765501751127,0.02406730099070704
coding,5,5,model.layers.5.mlp,11,0.006887550200803213,29.0,0.0015578132843875503,31.0,0.0025308733635957302,30.0,0.006887550200803213,0.004662190938847055,0.004148201913869286
coding,5,5,model.layers.5.mlp,12,0.001894243641231593,49.0,0.000414712234354083,49.0,0.0006934914101598413,48.0,0.001894243641231593,0.001241142080769172,0.0011366599515630607
coding,5,5,model.layers.5.mlp,13,0.005749665327978581,33.0,0.0017390133450468541,30.0,0.0026763309691964065,29.0,0.005749665327978581,0.005204482681632179,0.004386612703843505
coding,5,5,model.layers.5.mlp,14,0.015475234270414993,17.0,0.005078092317185408,17.0,0.008944118728280227,16.0,0.015475234270414993,0.015197608227560099,0.014659765660425457
coding,5,5,model.layers.5.mlp,15,0.012282463186077643,22.0,0.0029737766168842035,24.0,0.005656750164277742,22.0,0.012282463186077643,0.00889985631547846,0.00927163808164586
coding,5,5,model.layers.5.mlp,16,0.0020147255689424363,48.0,0.0005073026480923694,45.0,0.00068826959265204,49.0,0.0020147255689424363,0.0015182447298998415,0.0011281011853713921
coding,5,5,model.layers.5.mlp,17,0.04466532797858099,6.0,0.012413795808232932,7.0,0.02064465094442508,8.0,0.04466532797858099,0.03715174784672266,0.03383740245191774
coding,5,5,model.layers.5.mlp,18,0.0015528781793842034,52.0,0.0003429603831994645,52.0,0.0006998019445054183,46.0,0.0015528781793842034,0.0010264046448703115,0.0011470031678718646
coding,5,5,model.layers.5.mlp,19,0.015046854082998662,19.0,0.0033130961345381525,20.0,0.004152365179665118,26.0,0.015046854082998662,0.009915364654272826,0.006805891370597409
coding,5,5,model.layers.5.mlp,20,0.0031860776439089694,41.0,0.0006010631065930389,41.0,0.0007297615972229116,44.0,0.0031860776439089694,0.0017988490644660485,0.001196108228017978
coding,5,5,model.layers.5.mlp,21,0.042195448460508704,7.0,0.011454862418423695,8.0,0.01907106589760327,9.0,0.042195448460508704,0.03428187210119378,0.03125823409179548
coding,5,5,model.layers.5.mlp,22,0.018072289156626505,16.0,0.005365759914658635,15.0,0.009817619741840694,15.0,0.018072289156626505,0.016058533782490676,0.016091468498006502
coding,5,5,model.layers.5.mlp,23,0.0005087014725568942,60.0,0.0001020488202811245,59.0,0.0001079245552001708,60.0,0.0005087014725568942,0.00030540956994197044,0.0001768926303759354
coding,5,5,model.layers.5.mlp,24,0.0009906291834002677,57.0,0.00020134574757362786,57.0,0.0003148826601674439,57.0,0.0009906291834002677,0.0006025833322394642,0.0005161051802667311
coding,5,5,model.layers.5.mlp,25,0.005080321285140562,35.0,0.0012114473519076305,35.0,0.0017587520851388354,33.0,0.005080321285140562,0.0036255942374855974,0.0028826644867087424
coding,5,5,model.layers.5.mlp,26,0.0038353413654618473,37.0,0.0008043502133534136,38.0,0.0007576136023723776,43.0,0.0038353413654618473,0.00240724245578012,0.0012417587701304307
coding,5,5,model.layers.5.mlp,27,0.008714859437751004,26.0,0.003116502468206158,22.0,0.006873789976240002,19.0,0.008714859437751004,0.009327003251148646,0.011266414647654792
coding,5,5,model.layers.5.mlp,28,0.002362784471218206,45.0,0.00048077727576974563,46.0,0.0004682288396669679,54.0,0.002362784471218206,0.0014388601517020118,0.0007674456560227824
coding,5,5,model.layers.5.mlp,29,0.012416331994645247,21.0,0.0038105874016900938,19.0,0.007938339611293482,17.0,0.012416331994645247,0.011404246088984165,0.0130112537601356
coding,5,5,model.layers.5.mlp,30,0.011218206157965194,24.0,0.002474742720883534,27.0,0.0037165976193056526,28.0,0.011218206157965194,0.007406358133488983,0.00609165104001166
coding,5,5,model.layers.5.mlp,31,0.05568273092369478,4.0,0.019857712098393574,4.0,0.03803177251394494,4.0,0.05568273092369478,0.05942974446245128,0.06233558494054627
coding,5,5,model.layers.5.mlp,32,0.001606425702811245,51.0,0.00033033828020414993,53.0,0.0005099905342601708,52.0,0.001606425702811245,0.0009886294796411324,0.0008358947313221583
coding,5,5,model.layers.5.mlp,33,0.0032329317269076305,40.0,0.0006897773385207497,39.0,0.000967868252232212,39.0,0.0032329317269076305,0.0020643511579359706,0.0015863744879667972
coding,5,5,model.layers.5.mlp,34,0.003239625167336011,39.0,0.000642184623912316,40.0,0.0010150438169119669,38.0,0.003239625167336011,0.0019219166794099977,0.0016636971112585417
coding,5,5,model.layers.5.mlp,35,0.0235475234270415,12.0,0.006948072236864123,13.0,0.012071273365173952,12.0,0.0235475234270415,0.020794044928110888,0.01978529625248074
coding,5,5,model.layers.5.mlp,36,0.0014056224899598394,54.0,0.00027505203104083,55.0,0.00048762898069308944,53.0,0.0014056224899598394,0.000823169952189865,0.0007992432573138861
coding,5,5,model.layers.5.mlp,37,0.0013654618473895582,55.0,0.00029470093917336013,54.0,0.0003907666664565583,55.0,0.0013654618473895582,0.0008819747925207364,0.0006404820790276188
coding,5,5,model.layers.5.mlp,38,0.0037617135207496655,38.0,0.000831941045431727,37.0,0.0012285899958377543,36.0,0.0037617135207496655,0.00248981571959802,0.0020137077759015487
coding,5,5,model.layers.5.mlp,39,0.012021419009370817,23.0,0.0031819857555220885,21.0,0.004017963365538213,27.0,0.012021419009370817,0.00952298026060795,0.006585601461742931
coding,5,5,model.layers.5.mlp,40,0.020669344042838017,13.0,0.004046243568022088,18.0,0.004517027789170802,24.0,0.020669344042838017,0.012109512923185288,0.007403587864000341
coding,5,5,model.layers.5.mlp,41,0.007911646586345382,28.0,0.002676088468457162,25.0,0.004275433184152626,25.0,0.007911646586345382,0.008008941465728447,0.007007604715521886
coding,5,5,model.layers.5.mlp,42,0.11972556894243641,1.0,0.04657352718164324,2.0,0.09483945586116438,2.0,0.11972556894243641,0.1393842757617579,0.1554456331053495
coding,5,5,model.layers.5.mlp,43,0.006365461847389558,31.0,0.0015019060617469878,32.0,0.001571627501523,34.0,0.006365461847389558,0.004494872974991452,0.002575959865666631
coding,5,5,model.layers.5.mlp,44,0.002469879518072289,43.0,0.000480437374497992,47.0,0.0005640434138626458,51.0,0.002469879518072289,0.001437842902301744,0.0009244895467887726
coding,5,5,model.layers.5.mlp,45,0.00012048192771084337,63.0,2.2799531459170014e-05,63.0,4.082238538517371e-05,63.0,0.00012048192771084337,6.82339597718161e-05,6.690951021859844e-05
coding,5,5,model.layers.5.mlp,46,6.693440428380187e-06,64.0,1.261556643239625e-06,64.0,1.4217416325726183e-06,64.0,6.693440428380187e-06,3.775560274071246e-06,2.3302909762684767e-06
coding,5,5,model.layers.5.mlp,47,0.0012248995983935743,56.0,0.0002500496778781794,56.0,0.0003569713702682191,56.0,0.0012248995983935743,0.0007483434338047743,0.0005850902469649217
coding,5,5,model.layers.5.mlp,48,0.0023761713520749667,44.0,0.0005301283258032129,43.0,0.0008115328034483285,41.0,0.0023761713520749667,0.0015865569396255243,0.0013301344811852847
coding,5,5,model.layers.5.mlp,49,0.0005153949129852745,59.0,9.583254894578313e-05,60.0,0.00013182077861055631,59.0,0.0005153949129852745,0.00028680564341014786,0.0002160594891809037
coding,5,5,model.layers.5.mlp,50,0.0028380187416331996,42.0,0.0006001872071619812,42.0,0.0009354378263075827,40.0,0.0028380187416331996,0.001796227691011512,0.0015332197324491156
coding,5,5,model.layers.5.mlp,51,0.01959170013386881,15.0,0.007603970569779116,12.0,0.009859432682614409,14.0,0.01959170013386881,0.022757003708324,0.016160001567830113
coding,5,5,model.layers.5.mlp,52,0.020287817938420348,14.0,0.005377447289156626,14.0,0.011222937595413391,13.0,0.020287817938420348,0.016093511511869118,0.01839484024850082
coding,5,5,model.layers.5.mlp,53,0.047697456492637215,5.0,0.015925113213269747,5.0,0.02755815938773404,6.0,0.047697456492637215,0.047660344963747873,0.04516891724384737
coding,5,5,model.layers.5.mlp,54,0.008072289156626507,27.0,0.0024893388658801872,26.0,0.004872139721031649,23.0,0.008072289156626507,0.007450041170235102,0.007985630417599353
coding,5,5,model.layers.5.mlp,55,0.03034136546184739,11.0,0.008721271805973896,11.0,0.012406607669998843,11.0,0.03034136546184739,0.026100839424423858,0.02033492249023304
coding,5,5,model.layers.5.mlp,56,0.00035475234270414995,61.0,6.629382111780455e-05,61.0,8.951807177689181e-05,61.0,0.00035475234270414995,0.00019840275802917397,0.00014672367334223784
coding,5,5,model.layers.5.mlp,57,0.004571619812583668,36.0,0.002325780988537483,28.0,0.005789140748530826,20.0,0.004571619812583668,0.006960548583821576,0.009488631504895085
coding,5,5,model.layers.5.mlp,58,0.013406961178045516,20.0,0.0030436328647925033,23.0,0.005699254469060834,21.0,0.013406961178045516,0.00910892062972198,0.0093413043245267
coding,5,5,model.layers.5.mlp,59,0.000930388219544846,58.0,0.00016909434613453816,58.0,0.0001944953883428331,58.0,0.000930388219544846,0.0005060620141448137,0.0003187856625968132
coding,5,5,model.layers.5.mlp,60,0.011204819277108433,25.0,0.0022515844628514057,29.0,0.0022003568846537887,31.0,0.011204819277108433,0.006738494777236173,0.0036064722839978065
coding,5,5,model.layers.5.mlp,61,0.015287817938420349,18.0,0.005337005574380857,16.0,0.007325663260187969,18.0,0.015287817938420349,0.015972478395725707,0.01200705289856918
coding,5,5,model.layers.5.mlp,62,0.006499330655957162,30.0,0.0013596835257697457,34.0,0.001167851651468909,37.0,0.006499330655957162,0.0040692323509332025,0.0019141552182824146
coding,5,5,model.layers.5.mlp,63,0.0017737617135207496,50.0,0.0003721526731927711,50.0,0.0005812356281910874,50.0,0.0017737617135207496,0.001113770718362551,0.0009526682685718211
coding,6,6,model.layers.6.mlp,0,0.00034805890227576977,57.0,6.661411270080321e-05,57.0,9.154673650800943e-05,56.0,0.00034805890227576977,0.000193394243948915,0.00012551631748549422
coding,6,6,model.layers.6.mlp,1,0.047001338688085675,7.0,0.01724534204526439,6.0,0.025962206937542243,10.0,0.047001338688085675,0.050066716364806106,0.0355958140387839
coding,6,6,model.layers.6.mlp,2,0.022369477911646587,16.0,0.006557015823711512,17.0,0.013256440950604966,15.0,0.022369477911646587,0.01903634329685322,0.018175411975917516
coding,6,6,model.layers.6.mlp,3,0.006392235609103079,31.0,0.001702813859605087,31.0,0.0033477773835540936,31.0,0.006392235609103079,0.00494361308155785,0.004590012762586785
coding,6,6,model.layers.6.mlp,4,0.0066198125836680055,30.0,0.002497790641733601,23.0,0.0047748338011214374,24.0,0.0066198125836680055,0.007251591488884613,0.006546596614829552
coding,6,6,model.layers.6.mlp,5,0.05605756358768407,6.0,0.014951472556894243,7.0,0.03293584158462055,6.0,0.05605756358768407,0.04340714923353844,0.04515710452032873
coding,6,6,model.layers.6.mlp,6,0.0013989290495314592,45.0,0.00039302391859103076,44.0,0.0009213922660513575,42.0,0.0013989290495314592,0.001141027936995036,0.0012632865856912654
coding,6,6,model.layers.6.mlp,7,0.002811244979919679,40.0,0.0007787399598393574,38.0,0.0019303339309840795,36.0,0.002811244979919679,0.002260839627818461,0.002646608888272298
coding,6,6,model.layers.6.mlp,8,0.013768406961178046,18.0,0.004247314779953146,18.0,0.008183965684579238,19.0,0.013768406961178046,0.01233081395786852,0.011220730244886078
coding,6,6,model.layers.6.mlp,9,0.027402945113788487,13.0,0.009647267455237618,11.0,0.02576546971258549,11.0,0.027402945113788487,0.028007968882788344,0.035326074964177716
coding,6,6,model.layers.6.mlp,10,0.005,35.0,0.001164070343875502,37.0,0.001634985777428511,37.0,0.005,0.003379531677743742,0.0022416680457640354
coding,6,6,model.layers.6.mlp,11,2.677376171352075e-05,61.0,5.994028196117804e-06,61.0,1.0840140352925782e-05,61.0,2.677376171352075e-05,1.740187633217104e-05,1.4862512308192545e-05
coding,6,6,model.layers.6.mlp,12,0.00038152610441767067,55.0,9.812688253012048e-05,54.0,0.0002485909086553607,49.0,0.00038152610441767067,0.00028488218920234636,0.00034083372717566904
coding,6,6,model.layers.6.mlp,13,0.0017603748326639893,42.0,0.00044572822540160645,42.0,0.0009190316921177319,43.0,0.0017603748326639893,0.0012940392007532641,0.0012600500907750866
coding,6,6,model.layers.6.mlp,14,6.693440428380187e-06,63.0,1.228873828647925e-06,63.0,2.0425358769724485e-06,62.0,6.693440428380187e-06,3.5676693025606926e-06,2.8004447934324375e-06
coding,6,6,model.layers.6.mlp,15,0.000428380187416332,54.0,7.660198084002677e-05,55.0,9.914851990569547e-05,55.0,0.000428380187416332,0.0002223910455144083,0.00013593883930107466
coding,6,6,model.layers.6.mlp,16,0.00892235609103079,24.0,0.0022696580593206156,25.0,0.004209891391327104,25.0,0.00892235609103079,0.006589276455221471,0.005772025138296777
coding,6,6,model.layers.6.mlp,17,0.011847389558232932,19.0,0.003758961627761044,20.0,0.008322508683006767,18.0,0.011847389558232932,0.010913025972423777,0.011410681385028583
coding,6,6,model.layers.6.mlp,18,0.06044176706827309,5.0,0.02367262670473561,5.0,0.07475143501557499,3.0,0.06044176706827309,0.06872642384970229,0.10248890575242213
coding,6,6,model.layers.6.mlp,19,0.008761713520749665,25.0,0.0017596754204317268,30.0,0.0019386002058325363,35.0,0.008761713520749665,0.005108693694658784,0.0026579424695432207
coding,6,6,model.layers.6.mlp,20,0.035669344042838017,10.0,0.014637541049615127,9.0,0.027467000427016292,7.0,0.035669344042838017,0.04249574256548481,0.03765898029221343
coding,6,6,model.layers.6.mlp,21,0.0006894243641231593,50.0,0.00012299850443440427,51.0,0.00017958097010252466,53.0,0.0006894243641231593,0.00035708953865044976,0.00024621677317540944
coding,6,6,model.layers.6.mlp,22,0.0073025435073627845,29.0,0.0021425872761880855,27.0,0.005035476824405841,22.0,0.0073025435073627845,0.006220364267765195,0.006903954547059961
coding,6,6,model.layers.6.mlp,23,0.010428380187416332,20.0,0.0030104532714190094,22.0,0.003451327103049241,29.0,0.010428380187416332,0.008739954804841183,0.004731985922564472
coding,6,6,model.layers.6.mlp,24,0.06091030789825971,4.0,0.025254873661311916,4.0,0.051298384532392265,5.0,0.06091030789825971,0.0733200068233573,0.07033330258471185
coding,6,6,model.layers.6.mlp,25,0.001746987951807229,43.0,0.0003898929049531459,45.0,0.0007920392212698578,45.0,0.001746987951807229,0.0011319379710592564,0.0010859354483834971
coding,6,6,model.layers.6.mlp,26,0.003955823293172691,37.0,0.001700643720716198,32.0,0.003809219430408963,26.0,0.003955823293172691,0.004937312729385243,0.005222678750075315
coding,6,6,model.layers.6.mlp,27,0.0008500669344042838,49.0,0.00014853685575635876,49.0,0.0001889921956193176,51.0,0.0008500669344042838,0.00043123253846483607,0.0002591201536229475
coding,6,6,model.layers.6.mlp,28,0.0005087014725568942,53.0,0.00010786636127844713,53.0,0.00010324722133487104,54.0,0.0005087014725568942,0.0003131578661215774,0.00014155841602752234
coding,6,6,model.layers.6.mlp,29,0.0008969210174029451,47.5,0.0002042479815093708,47.0,0.000292001227876907,47.0,0.0008969210174029451,0.0005929732058357126,0.00040035199748650156
coding,6,6,model.layers.6.mlp,30,0.0016599732262382865,44.0,0.0004261773657128514,43.0,0.0008220553372199915,44.0,0.0016599732262382865,0.0012372791003066735,0.0011270894259362498
coding,6,6,model.layers.6.mlp,31,0.0030522088353413654,38.0,0.0006245359040327979,40.0,0.0011222378028883353,39.0,0.0030522088353413654,0.0018131540612402201,0.001538658413555048
coding,6,6,model.layers.6.mlp,32,0.005749665327978581,33.0,0.001286140656375502,36.0,0.0014035507117010344,38.0,0.005749665327978581,0.003733926487452896,0.0019243560552422905
coding,6,6,model.layers.6.mlp,33,0.009732262382864792,21.0,0.0032501359605087016,21.0,0.006735567210349373,20.0,0.009732262382864792,0.009435802134555521,0.009234885094403452
coding,6,6,model.layers.6.mlp,34,0.00035475234270414995,56.0,6.694094084672021e-05,56.0,8.005437472338976e-05,58.0,0.00035475234270414995,0.00019434309216768115,0.00010975956868767902
coding,6,6,model.layers.6.mlp,35,0.001961178045515395,41.0,0.00048139824924698797,41.0,0.0009687592291648449,41.0,0.001961178045515395,0.0013975964953494007,0.0013282296629352698
coding,6,6,model.layers.6.mlp,36,0.04220214190093708,8.0,0.014713508983852075,8.0,0.027146981327409246,8.0,0.04220214190093708,0.042716292845454806,0.03722021403532795
coding,6,6,model.layers.6.mlp,37,0.0008969210174029451,47.5,0.0001883706701807229,48.0,0.00028443310783809447,48.0,0.0008969210174029451,0.0005468781593680535,0.00038997563024727373
coding,6,6,model.layers.6.mlp,38,0.006218206157965194,32.0,0.0013673313043842034,34.0,0.0022252837158589956,34.0,0.006218206157965194,0.003969639361958781,0.003051003542334043
coding,6,6,model.layers.6.mlp,39,0.0012182061579651942,46.0,0.00024752656459170013,46.0,0.0003306319793982997,46.0,0.0012182061579651942,0.0007186196869647251,0.00045331718071002524
coding,6,6,model.layers.6.mlp,40,0.028353413654618475,12.0,0.0077852752154451135,13.0,0.01246156070127066,16.0,0.028353413654618475,0.02260222876476263,0.017085581299870808
coding,6,6,model.layers.6.mlp,41,6.693440428380187e-06,63.0,1.3988244645247658e-06,62.0,1.5666376714565987e-06,64.0,6.693440428380187e-06,4.061070376319087e-06,2.1479585057417956e-06
coding,6,6,model.layers.6.mlp,42,0.08821954484605087,3.0,0.02850676795724565,3.0,0.06571207324823382,4.0,0.08821954484605087,0.0827609137613298,0.09009537382835876
coding,6,6,model.layers.6.mlp,43,0.0005220883534136547,52.0,0.0001090233329149933,52.0,0.00018613375733335974,52.0,0.0005220883534136547,0.00031651678881600956,0.0002552010554540948
coding,6,6,model.layers.6.mlp,44,0.008072289156626507,26.0,0.0020229747113453813,28.0,0.0033681701225449284,30.0,0.008072289156626507,0.005873104796661163,0.004617972486758366
coding,6,6,model.layers.6.mlp,45,0.00033467202141900936,58.0,6.289480840026773e-05,58.0,8.682952667655077e-05,57.0,0.00033467202141900936,0.00018259635121935632,0.00011904872694719843
coding,6,6,model.layers.6.mlp,46,0.0006291834002677376,51.0,0.00012782902443105756,50.0,0.0002124950259804247,50.0,0.0006291834002677376,0.00037111351532381336,0.00029134400812544343
coding,6,6,model.layers.6.mlp,47,0.0044444444444444444,36.0,0.0013006975819946451,35.0,0.0029067654351154007,32.0,0.0044444444444444444,0.00377618818711674,0.003985357721385131
coding,6,6,model.layers.6.mlp,48,0.009089692101740295,23.0,0.0023904864248661313,24.0,0.004963992430343526,23.0,0.009089692101740295,0.006940065641699314,0.006805944959360472
coding,6,6,model.layers.6.mlp,49,0.02640562248995984,14.0,0.007455289909638554,14.0,0.008876355220993839,17.0,0.02640562248995984,0.021644214672203208,0.012170039725390012
coding,6,6,model.layers.6.mlp,50,0.007556894243641232,28.0,0.002191611498075636,26.0,0.0037820130209606814,27.0,0.007556894243641232,0.006362691500580117,0.00518537705635899
coding,6,6,model.layers.6.mlp,51,6.693440428380187e-06,63.0,1.0916060073627846e-06,64.0,1.6093288998367636e-06,63.0,6.693440428380187e-06,3.1691530506789132e-06,2.206490857408332e-06
coding,6,6,model.layers.6.mlp,52,0.115809906291834,1.0,0.04796367109061245,1.0,0.12084138270203208,1.0,0.115809906291834,0.1392482393219895,0.16568111475265268
coding,6,6,model.layers.6.mlp,53,0.007898259705488622,27.0,0.0018813731488453815,29.0,0.0026159685966839273,33.0,0.007898259705488622,0.005462006817398544,0.0035866570173665943
coding,6,6,model.layers.6.mlp,54,0.0030254350736278446,39.0,0.0007221463980923695,39.0,0.001052313555515754,40.0,0.0030254350736278446,0.002096537070256916,0.0014427878848182504
coding,6,6,model.layers.6.mlp,55,0.024183400267737618,15.0,0.006803189319779117,16.0,0.015189096624433117,13.0,0.024183400267737618,0.019751034752192254,0.02082520411924676
coding,6,6,model.layers.6.mlp,56,0.0002074966532797858,59.0,3.616680262717537e-05,59.0,6.509809858269162e-05,59.0,0.0002074966532797858,0.00010499954388866124,8.925357605393451e-05
coding,6,6,model.layers.6.mlp,57,0.09137884872824632,2.0,0.037959010521251675,2.0,0.0768620436130917,2.0,0.09137884872824632,0.110202685935016,0.10538268251518354
coding,6,6,model.layers.6.mlp,58,0.009538152610441768,22.0,0.0038038939612617135,19.0,0.0061609319861793774,21.0,0.009538152610441768,0.011043473625539745,0.008447024161436617
coding,6,6,model.layers.6.mlp,59,0.02115127175368139,17.0,0.006881137832580321,15.0,0.013649820170728078,14.0,0.02115127175368139,0.019977335052367977,0.01871475955911453
coding,6,6,model.layers.6.mlp,60,7.362784471218206e-05,60.0,1.7485305806559572e-05,60.0,3.4285466594389646e-05,60.0,7.362784471218206e-05,5.076337970398858e-05,4.700752505604843e-05
coding,6,6,model.layers.6.mlp,61,0.03190763052208835,11.0,0.00899925875376506,12.0,0.016409174847794344,12.0,0.03190763052208835,0.02612666854247634,0.022498007885737633
coding,6,6,model.layers.6.mlp,62,0.03821285140562249,9.0,0.014042354313085675,10.0,0.027126743834979403,9.0,0.03821285140562249,0.040767795074289785,0.03719246716392842
coding,6,6,model.layers.6.mlp,63,0.005220883534136547,34.0,0.0016704317269076304,33.0,0.003751104626470461,28.0,0.005220883534136547,0.004849601200042501,0.005142999708964832
coding,7,7,model.layers.7.mlp,0,0.046278447121820616,6.0,0.015228609751506025,6.0,0.025881624157968134,6.0,0.046278447121820616,0.040587231770232754,0.028990639028551795
coding,7,7,model.layers.7.mlp,1,0.017262382864792505,17.0,0.005565393082747657,17.0,0.009920012085951635,19.0,0.017262382864792505,0.014832864104327756,0.011111647699827828
coding,7,7,model.layers.7.mlp,2,0.10269745649263722,2.0,0.05021194805262717,2.0,0.14030810880852512,2.0,0.10269745649263722,0.13382468961392377,0.15716253780752115
coding,7,7,model.layers.7.mlp,3,0.0024765729585006693,45.0,0.0005623535809906292,47.0,0.0008806119685670937,48.0,0.0024765729585006693,0.0014987825875720415,0.0009863949630491517
coding,7,7,model.layers.7.mlp,4,0.101619812583668,3.0,0.04839403839315596,3.0,0.15569611325959765,1.0,0.101619812583668,0.12897960382537985,0.17439901723740459
coding,7,7,model.layers.7.mlp,5,0.006211512717536814,35.0,0.0017078993055555556,31.0,0.004575371233175397,28.0,0.006211512717536814,0.004551886619062364,0.005124985009944643
coding,7,7,model.layers.7.mlp,6,0.00033467202141900936,57.0,6.832015562248996e-05,56.0,0.0001623061107823169,55.0,0.00033467202141900936,0.00018208661434469708,0.00018180303682254254
coding,7,7,model.layers.7.mlp,7,0.006921017402945114,29.0,0.0014431946536144578,37.0,0.0016520266548058435,43.0,0.006921017402945114,0.0038463968051987156,0.001850475384493106
coding,7,7,model.layers.7.mlp,8,0.0002074966532797858,58.0,3.699040955488621e-05,58.0,6.55305693786307e-05,58.0,0.0002074966532797858,9.858669638123236e-05,7.340239046035573e-05
coding,7,7,model.layers.7.mlp,9,0.0017001338688085676,49.0,0.000348967484521419,49.0,0.0005460137767166178,51.0,0.0017001338688085676,0.000930066789133213,0.0006116033603144032
coding,7,7,model.layers.7.mlp,10,0.010903614457831326,23.0,0.002862753095716198,24.0,0.005407699140279967,26.0,0.010903614457831326,0.007629798470953265,0.0060572958170633595
coding,7,7,model.layers.7.mlp,11,0.0006291834002677376,52.0,0.0001452097452309237,52.0,0.0004559958150667678,52.0,0.0006291834002677376,0.00038701245098234267,0.0005107720439971316
coding,7,7,model.layers.7.mlp,12,0.020655957161981257,13.0,0.006588482837600402,13.0,0.011249189954525335,16.0,0.020655957161981257,0.01755959895928406,0.01260049227763987
coding,7,7,model.layers.7.mlp,13,0.012329317269076306,22.0,0.005139026156710174,18.0,0.011180425788184884,17.0,0.012329317269076306,0.013696512623225967,0.012523467856285634
coding,7,7,model.layers.7.mlp,14,0.006017402945113788,36.0,0.0016749288821954484,32.0,0.00435578086768767,29.0,0.006017402945113788,0.004464013974328854,0.004879016481032111
coding,7,7,model.layers.7.mlp,15,0.0033601070950468543,42.0,0.0009123015499497992,42.0,0.0020094946090635684,40.0,0.0033601070950468543,0.0024314625600339672,0.0022508839663853697
coding,7,7,model.layers.7.mlp,16,0.004899598393574297,39.0,0.0015608331764558232,34.0,0.0036833781251307315,32.0,0.004899598393574297,0.004159926540977659,0.004125841754736
coding,7,7,model.layers.7.mlp,17,0.11939759036144579,1.0,0.059840429426037484,1.0,0.13788476011998843,3.0,0.11939759036144579,0.15948648090510356,0.15444808578391997
coding,7,7,model.layers.7.mlp,18,0.002061579651941098,47.0,0.0006287258408634539,46.0,0.0014666533709529893,44.0,0.002061579651941098,0.001675677677703696,0.0016428342440100096
coding,7,7,model.layers.7.mlp,19,0.005408299866131191,37.0,0.0015459755689424363,36.0,0.003286867997094171,35.0,0.005408299866131191,0.004120328102936567,0.0036817010809161235
coding,7,7,model.layers.7.mlp,20,0.0017269076305220883,48.0,0.0005158067164491299,48.0,0.001308883596934787,45.0,0.0017269076305220883,0.0013747260643469565,0.001466112468735727
coding,7,7,model.layers.7.mlp,21,0.03459839357429719,7.0,0.010900856028279785,8.0,0.020832064691158024,7.0,0.03459839357429719,0.029052919296850204,0.023334504202467878
coding,7,7,model.layers.7.mlp,22,0.0027309236947791163,44.0,0.0006704487219712182,45.0,0.0012431605950177433,47.0,0.0027309236947791163,0.001786877338951515,0.0013924945298915284
coding,7,7,model.layers.7.mlp,23,0.025153949129852745,10.0,0.00807810016106091,10.0,0.017829979126711925,10.0,0.025153949129852745,0.021529721284486224,0.019971794876326592
coding,7,7,model.layers.7.mlp,24,0.010468540829986613,25.0,0.004074285422941767,22.0,0.008145761607960366,21.0,0.010468540829986613,0.010858769740465948,0.009124266427318133
coding,7,7,model.layers.7.mlp,25,0.0004886211512717537,54.0,8.675326305220884e-05,55.0,0.00012094123426131615,56.0,0.0004886211512717537,0.0002312144609244948,0.00013546922885277661
coding,7,7,model.layers.7.mlp,26,0.019424364123159305,14.0,0.006025488673443775,15.0,0.015095232678864057,13.0,0.019424364123159305,0.01605910909193726,0.01690853862083525
coding,7,7,model.layers.7.mlp,27,0.016291834002677377,18.0,0.00443540437792838,20.0,0.0055428407557677715,24.0,0.016291834002677377,0.011821222581653006,0.006208671239580501
coding,7,7,model.layers.7.mlp,28,0.0005488621151271754,53.0,0.00011342243975903614,53.0,0.00020520598175056487,53.0,0.0005488621151271754,0.00030229304746547873,0.0002298562295441837
coding,7,7,model.layers.7.mlp,29,0.02925033467202142,9.0,0.008802142162399598,9.0,0.020447806399190922,8.0,0.02925033467202142,0.02345943522418517,0.022904087109315067
coding,7,7,model.layers.7.mlp,30,0.006693440428380187,30.0,0.0014399198355923694,38.0,0.00400800493746557,30.0,0.006693440428380187,0.0038376687728808156,0.004489464171858975
coding,7,7,model.layers.7.mlp,31,0.009712182061579653,26.0,0.002444099313922356,27.0,0.005206534369004618,27.0,0.009712182061579653,0.006514004032037349,0.005831966246024467
coding,7,7,model.layers.7.mlp,32,0.025066934404283803,11.0,0.007412259715947122,12.0,0.015878330907987622,12.0,0.025066934404283803,0.01975512590717966,0.017785706063877266
coding,7,7,model.layers.7.mlp,33,0.005107095046854083,38.0,0.001278316390562249,39.0,0.0028826471233623255,38.0,0.005107095046854083,0.0034069638966423973,0.003228923412612106
coding,7,7,model.layers.7.mlp,34,0.006593038821954484,31.0,0.0023526266524431056,28.0,0.0054614255354905545,25.0,0.006593038821954484,0.006270211448690651,0.006117476063880518
coding,7,7,model.layers.7.mlp,35,0.08464524765729585,4.0,0.03250653656291834,4.0,0.08406653796174281,4.0,0.08464524765729585,0.08663629543703,0.09416498136105622
coding,7,7,model.layers.7.mlp,36,0.013400267737617134,21.0,0.003972726844879518,23.0,0.008127369631725143,22.0,0.013400267737617134,0.010588096211277893,0.009103665125761372
coding,7,7,model.layers.7.mlp,37,0.010515394912985275,24.0,0.0025510832392068275,25.0,0.00325527178634761,36.0,0.010515394912985275,0.0067991371756442815,0.003646309393948071
coding,7,7,model.layers.7.mlp,38,0.015548862115127175,19.0,0.00426430984354083,21.0,0.009667255540130289,20.0,0.015548862115127175,0.01136522209079265,0.01082852892268747
coding,7,7,model.layers.7.mlp,39,0.015153949129852745,20.0,0.006324196525686078,14.0,0.014085823669331459,14.0,0.015153949129852745,0.016855224103640664,0.01577787494807195
coding,7,7,model.layers.7.mlp,40,0.00048192771084337347,55.0,9.356436161311914e-05,54.0,0.00016804858932453626,54.0,0.00048192771084337347,0.00024936737444795193,0.00018823532722018484
coding,7,7,model.layers.7.mlp,41,0.006251673360107095,33.0,0.001557041969963186,35.0,0.003557818893447937,33.0,0.006251673360107095,0.004149822232106637,0.003985199794239193
coding,7,7,model.layers.7.mlp,42,0.008045515394912986,27.0,0.002072678735776439,29.0,0.0029670984602197907,37.0,0.008045515394912986,0.005524095344676616,0.003323519416609778
coding,7,7,model.layers.7.mlp,43,0.00034136546184738954,56.0,6.449626631526105e-05,57.0,8.384838470892414e-05,57.0,0.00034136546184738954,0.00017189519936271775,9.392062257712639e-05
coding,7,7,model.layers.7.mlp,44,4.0160642570281125e-05,61.0,8.602116800535476e-06,61.0,1.7425234178941412e-05,61.0,4.0160642570281125e-05,2.2926328403905602e-05,1.9518430179898432e-05
coding,7,7,model.layers.7.mlp,45,0.03350066934404284,8.0,0.01147020373159304,7.0,0.019647660823551367,9.0,0.03350066934404284,0.030570342592167062,0.02200782451728923
coding,7,7,model.layers.7.mlp,46,0.0179384203480589,16.0,0.004965683044678715,19.0,0.012708433813838117,15.0,0.0179384203480589,0.013234519231931762,0.014235026946784404
coding,7,7,model.layers.7.mlp,47,0.002938420348058902,43.0,0.0007188258241298528,44.0,0.001244545618653138,46.0,0.002938420348058902,0.0019158118043901967,0.0013940459286760352
coding,7,7,model.layers.7.mlp,48,0.02401606425702811,12.0,0.007561012278279786,11.0,0.017000374998273938,11.0,0.02401606425702811,0.02015158066058975,0.01904253504018383
coding,7,7,model.layers.7.mlp,49,0.006941097724230254,28.0,0.0018552791896753681,30.0,0.003424480392172474,34.0,0.006941097724230254,0.004944682915812257,0.003835844083968013
coding,7,7,model.layers.7.mlp,50,5.35475234270415e-05,60.0,9.935575635876841e-06,60.0,2.3821024810134806e-05,60.0,5.35475234270415e-05,2.6480257730954797e-05,2.6682511396727197e-05
coding,7,7,model.layers.7.mlp,51,6.693440428380187e-06,64.0,1.3530685240963855e-06,64.0,2.8628438032934144e-06,64.0,6.693440428380187e-06,3.6061929936234495e-06,3.206741230374214e-06
coding,7,7,model.layers.7.mlp,52,0.0036613119143239625,41.0,0.0010784936621485944,41.0,0.002037291636408732,39.0,0.0036613119143239625,0.0028743971342507606,0.0022820200952817595
coding,7,7,model.layers.7.mlp,53,2.677376171352075e-05,62.5,6.5038801037483265e-06,62.0,1.2978738251140956e-05,63.0,2.677376171352075e-05,1.733411608046054e-05,1.4537801545543499e-05
coding,7,7,model.layers.7.mlp,54,0.006224899598393574,34.0,0.0016024645456827308,33.0,0.003811553849114312,31.0,0.006224899598393574,0.004270882305114797,0.004269414512131415
coding,7,7,model.layers.7.mlp,55,0.00011378848728246319,59.0,1.988422439759036e-05,59.0,2.7373875859112464e-05,59.0,0.00011378848728246319,5.299535790629243e-05,3.0662146587102705e-05
coding,7,7,model.layers.7.mlp,56,0.018821954484605087,15.0,0.005577368066014056,16.0,0.011019008705414921,18.0,0.018821954484605087,0.014864779783382433,0.012342660641442234
coding,7,7,model.layers.7.mlp,57,2.677376171352075e-05,62.5,6.033247573627844e-06,63.0,1.678705454830185e-05,62.0,2.677376171352075e-05,1.607978808267847e-05,1.8803589596698398e-05
coding,7,7,model.layers.7.mlp,58,0.050087014725568944,5.0,0.01858520017570281,5.0,0.03983783647876826,5.0,0.050087014725568944,0.049533203577747625,0.044623333141126646
coding,7,7,model.layers.7.mlp,59,0.0023694779116465864,46.0,0.0008370199548192771,43.0,0.001680422254515141,42.0,0.0023694779116465864,0.0022308223440554104,0.0018822819889066107
coding,7,7,model.layers.7.mlp,60,0.0016532797858099062,50.0,0.0003478889516398929,50.0,0.0008149654124994355,49.0,0.0016532797858099062,0.0009271922874716292,0.0009128626530670076
coding,7,7,model.layers.7.mlp,61,0.006305220883534137,32.0,0.0025427621946117803,26.0,0.005966392150684852,23.0,0.006305220883534137,0.006776959959794607,0.006683101496551077
coding,7,7,model.layers.7.mlp,62,0.0013386880856760374,51.0,0.00032033080237617133,51.0,0.0006651861869905847,50.0,0.0013386880856760374,0.0008537444147126124,0.0007450912862393069
coding,7,7,model.layers.7.mlp,63,0.004323962516733601,40.0,0.001189118452978581,40.0,0.0019427158249669286,41.0,0.004323962516733601,0.0031692338986183126,0.002176083420148581
coding,8,8,model.layers.8.mlp,0,0.0022690763052208834,47.0,0.0005030996381358768,49.0,0.001319995245421268,47.0,0.0022690763052208834,0.0012918626950716111,0.0012623917898356846
coding,8,8,model.layers.8.mlp,1,0.024370816599732264,11.0,0.008492305811788822,10.0,0.02244123849524073,10.0,0.024370816599732264,0.021806601002616506,0.021461922176162985
coding,8,8,model.layers.8.mlp,2,0.0038085676037483266,36.0,0.001401386797188755,35.0,0.0028592742782041253,38.0,0.0038085676037483266,0.0035984906118439438,0.002734498011423734
coding,8,8,model.layers.8.mlp,3,0.10686746987951808,2.0,0.03999163319946453,3.0,0.09541845671463524,2.0,0.10686746987951808,0.10269078951597706,0.09125447744844307
coding,8,8,model.layers.8.mlp,4,6.693440428380187e-06,62.0,1.3726782128514057e-06,61.0,3.6784396114119566e-06,61.0,6.693440428380187e-06,3.5247725124408946e-06,3.517915675045356e-06
coding,8,8,model.layers.8.mlp,5,0.0005689424364123159,55.0,0.0001327183734939759,55.0,0.00027576164368644775,56.0,0.0005689424364123159,0.0003407951480599996,0.00026372764307212724
coding,8,8,model.layers.8.mlp,6,0.020321285140562247,13.0,0.006551747353999331,13.0,0.018933494094225616,12.0,0.020321285140562247,0.016823621709463308,0.01810725271955418
coding,8,8,model.layers.8.mlp,7,0.006224899598393574,32.0,0.0019705906961178044,29.0,0.002968156680843757,37.0,0.006224899598393574,0.005060096280336102,0.0028386288797936326
coding,8,8,model.layers.8.mlp,8,0.000214190093708166,59.0,4.136337014725569e-05,59.0,7.740474050463124e-05,59.0,0.000214190093708166,0.00010621314504155229,7.402686429845662e-05
coding,8,8,model.layers.8.mlp,9,0.00822623828647925,28.0,0.0021603275079484607,28.0,0.0064218506851349486,26.0,0.00822623828647925,0.005547303764710491,0.006141606652437422
coding,8,8,model.layers.8.mlp,10,0.018085676037483265,16.0,0.005578825719544846,17.0,0.01305746153176549,18.0,0.018085676037483265,0.01432534687580026,0.01248764515703645
coding,8,8,model.layers.8.mlp,11,0.018674698795180723,14.0,0.004846057406710174,19.0,0.011038242241983593,22.0,0.018674698795180723,0.012443739385504252,0.01055654285788764
coding,8,8,model.layers.8.mlp,12,0.007630522088353414,29.0,0.0019470590696117804,30.0,0.005093121480750272,29.0,0.007630522088353414,0.004999671608694258,0.004870862046084848
coding,8,8,model.layers.8.mlp,13,0.0004149933065595716,56.0,0.0001286330216700134,56.0,0.0003940906149236712,55.0,0.0004149933065595716,0.00033030475367773504,0.0003768928399224393
coding,8,8,model.layers.8.mlp,14,0.030896921017402944,10.0,0.00827455655957162,11.0,0.018023478076001565,13.0,0.030896921017402944,0.021247462982041804,0.01723694901655988
coding,8,8,model.layers.8.mlp,15,6.693440428380187e-06,62.0,1.2550200803212852e-06,62.0,1.954491957124457e-06,62.0,6.693440428380187e-06,3.222649154231675e-06,1.8691996115382674e-06
coding,8,8,model.layers.8.mlp,16,0.08629183400267737,3.0,0.04722187578438755,2.0,0.09174435037206934,3.0,0.08629183400267737,0.12125665592444687,0.08774070594212362
coding,8,8,model.layers.8.mlp,17,0.001854082998661312,49.0,0.0005432210613286479,47.0,0.0014208430528560956,46.0,0.001854082998661312,0.001394886760220955,0.001358838685815243
coding,8,8,model.layers.8.mlp,18,0.01775100401606426,17.0,0.0066921004329819275,12.0,0.0153831603728145,16.0,0.01775100401606426,0.017184021306544884,0.014711852503808864
coding,8,8,model.layers.8.mlp,19,6.693440428380187e-06,62.0,1.222337265729585e-06,63.0,1.77468840217335e-06,63.0,6.693440428380187e-06,3.1387259991735584e-06,1.697242528858695e-06
coding,8,8,model.layers.8.mlp,20,0.013239625167336011,20.0,0.003473856362951807,24.0,0.011108940400911304,21.0,0.013239625167336011,0.008920192151127207,0.010624155810052749
coding,8,8,model.layers.8.mlp,21,0.010488621151271754,24.0,0.002600617313002008,27.0,0.006210971235670399,27.0,0.010488621151271754,0.006677882940391414,0.005939929800515006
coding,8,8,model.layers.8.mlp,22,0.009009370816599731,26.0,0.005529200133868808,18.0,0.020649318797202155,11.0,0.009009370816599731,0.014197917957160015,0.019748200310349143
coding,8,8,model.layers.8.mlp,23,0.0042704149933065596,35.0,0.0016284081639056224,33.0,0.0034178333580892886,34.0,0.0042704149933065596,0.004181437631508633,0.003268682054155017
coding,8,8,model.layers.8.mlp,24,0.003239625167336011,40.0,0.001140636765813253,37.0,0.0031526908346288496,35.0,0.003239625167336011,0.0029289348961592785,0.0030151101220485857
coding,8,8,model.layers.8.mlp,25,0.004431057563587684,34.0,0.0011088363872155287,38.0,0.003562660591908727,33.0,0.004431057563587684,0.002847277666287731,0.003407189152231664
coding,8,8,model.layers.8.mlp,26,0.007001338688085676,31.0,0.0018870076660809907,31.0,0.00383712996690069,32.0,0.007001338688085676,0.004845471203590474,0.0036696809201020907
coding,8,8,model.layers.8.mlp,27,0.06392904953145917,5.0,0.02100361079735609,6.0,0.07813341559495632,5.0,0.06392904953145917,0.05393321559809859,0.07472374063545478
coding,8,8,model.layers.8.mlp,28,0.00320615796519411,41.5,0.0010023361675870147,41.0,0.0031495815443705363,36.0,0.00320615796519411,0.0025738056732153526,0.0030121365185390835
coding,8,8,model.layers.8.mlp,29,0.018493975903614457,15.0,0.006359899232346051,15.0,0.016053230203937494,15.0,0.018493975903614457,0.016330992789272164,0.01535268106463924
coding,8,8,model.layers.8.mlp,30,0.031686746987951805,9.0,0.010440230975987282,9.0,0.035612727743554784,9.0,0.031686746987951805,0.026808496574919804,0.03405861897841099
coding,8,8,model.layers.8.mlp,31,0.00028112449799196787,58.0,6.146330112115127e-05,58.0,0.0001481751722584128,58.0,0.00028112449799196787,0.00015782588540229396,0.00014170893536575674
coding,8,8,model.layers.8.mlp,32,0.03248995983935743,8.0,0.011893988715277777,8.0,0.036894409583115996,8.0,0.03248995983935743,0.030541465650428874,0.035284369326418645
coding,8,8,model.layers.8.mlp,33,0.006124497991967871,33.0,0.0013114240817436412,36.0,0.0018998522447594198,44.0,0.006124497991967871,0.0033674837352309726,0.0018169443291591303
coding,8,8,model.layers.8.mlp,34,0.00040829986613119144,57.0,9.942765855087015e-05,57.0,0.00025654342658867636,57.0,0.00040829986613119144,0.0002553110223178021,0.00024534809241566735
coding,8,8,model.layers.8.mlp,35,0.0207764390896921,12.0,0.0065478450259370815,14.0,0.017767129818917596,14.0,0.0207764390896921,0.016813601284749367,0.016991787576619833
coding,8,8,model.layers.8.mlp,36,0.0007095046854082999,54.0,0.00019843044051204818,54.0,0.0006125764275490839,52.0,0.0007095046854082999,0.0005095310436198488,0.0005858441198688108
coding,8,8,model.layers.8.mlp,37,0.0715194109772423,4.0,0.031966923684320615,4.0,0.08709971837729336,4.0,0.0715194109772423,0.08208488548509253,0.08329876168713345
coding,8,8,model.layers.8.mlp,38,0.0024431057563587683,46.0,0.0008455763156793842,43.0,0.0027216845599203864,39.0,0.0024431057563587683,0.0021712766522946026,0.00260291258993855
coding,8,8,model.layers.8.mlp,39,0.0011847389558232932,53.0,0.0002338520749665328,53.0,0.0004286232369252477,54.0,0.0011847389558232932,0.0006004869590718354,0.0004099184880431464
coding,8,8,model.layers.8.mlp,40,0.003286479250334672,39.0,0.0008337712830488621,44.0,0.0023755017246108456,42.0,0.003286479250334672,0.002140963608687611,0.0022718368753913117
coding,8,8,model.layers.8.mlp,41,0.0015261044176706827,51.0,0.0003699498514892905,50.0,0.0007739031498371517,50.0,0.0015261044176706827,0.0009499597613648443,0.000740130682948485
coding,8,8,model.layers.8.mlp,42,0.0027309236947791163,44.0,0.000731114562416332,45.0,0.0018950988809108096,45.0,0.0027309236947791163,0.0018773609786500668,0.0018123983980147555
coding,8,8,model.layers.8.mlp,43,4.685408299866131e-05,60.0,1.1282107597054885e-05,60.0,2.8878215805114993e-05,60.0,4.685408299866131e-05,2.897027312606183e-05,2.7617995340464804e-05
coding,8,8,model.layers.8.mlp,44,0.009223560910307899,25.0,0.0036632532735107093,22.0,0.011319450444605457,20.0,0.009223560910307899,0.009406526834688992,0.010825479376754415
coding,8,8,model.layers.8.mlp,45,0.05386211512717537,6.0,0.02448214733935743,5.0,0.04880021807659103,7.0,0.05386211512717537,0.06286542554503012,0.0466706185918258
coding,8,8,model.layers.8.mlp,46,0.0,64.0,0.0,64.0,0.0,64.0,0.0,0.0,0.0
coding,8,8,model.layers.8.mlp,47,0.001244979919678715,52.0,0.00029477284136546184,52.0,0.0008736826369720929,49.0,0.001244979919678715,0.0007569197201001646,0.0008355558792058893
coding,8,8,model.layers.8.mlp,48,0.008473895582329317,27.0,0.0028862585759705487,26.0,0.005620234716768405,28.0,0.008473895582329317,0.007411354530968341,0.0053749725144908505
coding,8,8,model.layers.8.mlp,49,0.0037349397590361448,37.0,0.0010612763554216868,39.0,0.0021505856753353133,43.0,0.0037349397590361448,0.0027251526910471602,0.002056735968783807
coding,8,8,model.layers.8.mlp,50,0.007034805890227577,30.0,0.0018569264035307898,32.0,0.004487513181874392,30.0,0.007034805890227577,0.004768228331674984,0.004291681971755658
coding,8,8,model.layers.8.mlp,51,0.05083668005354752,7.0,0.017795387278279787,7.0,0.05299681881824172,6.0,0.05083668005354752,0.04569511728202173,0.05068408329168343
coding,8,8,model.layers.8.mlp,52,0.010662650602409639,23.0,0.0035536351133701473,23.0,0.009722673647215407,23.0,0.010662650602409639,0.009125048572624068,0.009298384543483255
coding,8,8,model.layers.8.mlp,53,0.003386880856760375,38.0,0.0014948008178547524,34.0,0.003972157568258135,31.0,0.003386880856760375,0.003838359773631053,0.0037988160332368686
coding,8,8,model.layers.8.mlp,54,0.114524765729585,1.0,0.06245083197372825,1.0,0.21151040303180496,1.0,0.114524765729585,0.16036167388626799,0.20228027121944148
coding,8,8,model.layers.8.mlp,55,0.00320615796519411,41.5,0.0010581584149096386,40.0,0.00239304359179424,41.0,0.00320615796519411,0.002717146422054616,0.0022886132305998015
coding,8,8,model.layers.8.mlp,56,0.0019344042838018742,48.0,0.0005209052355254351,48.0,0.0012107022974385793,48.0,0.0019344042838018742,0.001337584029947273,0.0011578682919678933
coding,8,8,model.layers.8.mlp,57,0.011840696117804552,22.0,0.004247314779953146,21.0,0.013359410931945963,17.0,0.011840696117804552,0.010906283969470569,0.012776417745464971
coding,8,8,model.layers.8.mlp,58,0.00178045515394913,50.0,0.00035059508868808567,51.0,0.000581583240863629,53.0,0.00178045515394913,0.0009002604689394277,0.0005562034491555794
coding,8,8,model.layers.8.mlp,59,0.0028179384203480587,43.0,0.0005943467881944444,46.0,0.0006684870629445457,51.0,0.0028179384203480587,0.0015261677516783666,0.0006393148632919826
coding,8,8,model.layers.8.mlp,60,0.0157429718875502,19.0,0.004837501045850067,20.0,0.008199374631067197,25.0,0.0157429718875502,0.012421768303510038,0.007841560984367658
coding,8,8,model.layers.8.mlp,61,0.012610441767068273,21.0,0.0033299670034303884,25.0,0.008894335896454981,24.0,0.012610441767068273,0.008550712068668342,0.00850619473871074
coding,8,8,model.layers.8.mlp,62,0.017443105756358768,18.0,0.006283977054049532,16.0,0.011626275399602561,19.0,0.017443105756358768,0.01613603930007216,0.01111891475498673
coding,8,8,model.layers.8.mlp,63,0.0026238286479250334,45.0,0.0009142952016398929,42.0,0.002575076621379878,40.0,0.0026238286479250334,0.0023477334781197984,0.0024627024955611214
coding,9,9,model.layers.9.mlp,0,0.00107095046854083,54.0,0.0002706594607597055,55.0,0.0007571902950923925,55.0,0.00107095046854083,0.0006326171164004953,0.0004802789715054597
coding,9,9,model.layers.9.mlp,1,0.00891566265060241,27.0,0.003312292137299197,25.0,0.010870363032482714,24.0,0.00891566265060241,0.007741878649623787,0.006894973180413946
coding,9,9,model.layers.9.mlp,2,0.0015930388219544847,49.0,0.0004795680116298527,48.0,0.002029757633346471,47.0,0.0015930388219544847,0.0011209027454042828,0.0012874569508713098
coding,9,9,model.layers.9.mlp,3,0.0004953145917001338,60.0,0.00014010468959170012,60.0,0.0006425913125077086,58.0,0.0004953145917001338,0.00032746915431999937,0.000407589870960889
coding,9,9,model.layers.9.mlp,4,0.07710843373493977,4.0,0.036265021021586345,4.0,0.10667743029205036,5.0,0.07710843373493977,0.0847628712496673,0.06766453140720673
coding,9,9,model.layers.9.mlp,5,0.10879518072289157,2.0,0.0640711609458668,1.0,0.20264443883934175,3.0,0.10879518072289157,0.14975465098554785,0.1285355389495376
coding,9,9,model.layers.9.mlp,6,0.03574966532797858,8.0,0.013359152756860776,9.0,0.03938306946352304,10.0,0.03574966532797858,0.031224582620823612,0.02498032557900247
coding,9,9,model.layers.9.mlp,7,0.0494243641231593,6.0,0.023452076535307897,5.0,0.10989751167246296,4.0,0.0494243641231593,0.05481495082317456,0.06970699996969634
coding,9,9,model.layers.9.mlp,8,0.026352074966532798,10.0,0.014051348623661312,8.0,0.07322861642084287,6.0,0.026352074966532798,0.03284246419056658,0.046448250601361395
coding,9,9,model.layers.9.mlp,9,0.009705488621151271,23.0,0.0027187395414993306,27.0,0.006145952781998968,30.0,0.009705488621151271,0.006354557731548414,0.003898322390277608
coding,9,9,model.layers.9.mlp,10,0.0013453815261044177,51.0,0.0002829024431057564,54.0,0.0008498458432624618,52.0,0.0013453815261044177,0.0006612328542954919,0.000539049549612203
coding,9,9,model.layers.9.mlp,11,0.007697456492637216,29.0,0.002581569768657965,28.0,0.006973793701713822,27.0,0.007697456492637216,0.006033948409751027,0.004423414415449787
coding,9,9,model.layers.9.mlp,12,0.02071619812583668,14.0,0.0062580268992637215,14.0,0.01986627283824017,15.0,0.02071619812583668,0.014626996301022467,0.012600997593653258
coding,9,9,model.layers.9.mlp,13,0.018366800535475233,16.0,0.0059693657442269074,15.0,0.017151970078188732,18.0,0.018366800535475233,0.013952303508080157,0.010879339846055124
coding,9,9,model.layers.9.mlp,14,0.003507362784471218,38.0,0.0012583864102242302,40.0,0.002577296939480257,45.0,0.003507362784471218,0.00294124868171665,0.0016347561919117144
coding,9,9,model.layers.9.mlp,15,0.0019745649263721555,47.0,0.0003987630208333333,50.0,0.0007589827821037696,54.0,0.0019745649263721555,0.0009320358196926175,0.000481415929841879
coding,9,9,model.layers.9.mlp,16,0.0042904953145917,35.0,0.0016190674154953147,33.0,0.0046790783312745205,37.0,0.0042904953145917,0.0037842747368730953,0.0029678971628443783
coding,9,9,model.layers.9.mlp,17,0.0015194109772423026,50.0,0.0003519743034638554,51.0,0.000711347942291653,56.0,0.0015194109772423026,0.0008226757279401421,0.0004512015807924117
coding,9,9,model.layers.9.mlp,18,0.0002543507362784471,61.0,5.757404618473896e-05,61.0,9.755207003758774e-05,61.0,0.0002543507362784471,0.00013456883042131914,6.187639774247806e-05
coding,9,9,model.layers.9.mlp,19,5.35475234270415e-05,62.5,1.4112439340696119e-05,62.0,3.375960820650001e-05,63.0,5.35475234270415e-05,3.298525259759628e-05,2.1413414848200957e-05
coding,9,9,model.layers.9.mlp,20,0.025796519410977242,11.0,0.01116025952769411,11.0,0.04730353587123764,9.0,0.025796519410977242,0.026085070815090036,0.030004205949361075
coding,9,9,model.layers.9.mlp,21,0.011157965194109772,22.0,0.0038973929572456495,24.0,0.01566424528119395,20.0,0.011157965194109772,0.009109445083396847,0.009935689432130263
coding,9,9,model.layers.9.mlp,22,0.0006894243641231593,56.0,0.0002346691453313253,56.0,0.000998120603152866,51.0,0.0006894243641231593,0.0005484963193637351,0.0006330988918210766
coding,9,9,model.layers.9.mlp,23,0.0005087014725568942,59.0,0.00015423020205823293,58.0,0.0006996893599489766,57.0,0.0005087014725568942,0.000360484962964467,0.0004438066472162106
coding,9,9,model.layers.9.mlp,24,0.006659973226238286,30.0,0.002033191359186747,30.0,0.004865783784922507,35.0,0.006659973226238286,0.004752213911639521,0.0030863227473159455
coding,9,9,model.layers.9.mlp,25,5.35475234270415e-05,62.5,1.4014390896921018e-05,63.0,4.0272625095872996e-05,62.0,5.35475234270415e-05,3.275608224606134e-05,2.5544562689502934e-05
coding,9,9,model.layers.9.mlp,26,0.003654618473895582,37.0,0.0010690025727911646,42.0,0.0025801525170225377,44.0,0.003654618473895582,0.002498598508715188,0.0016365674589788567
coding,9,9,model.layers.9.mlp,27,0.009136546184738956,24.0,0.004311118170599063,22.0,0.018048901398338306,17.0,0.009136546184738956,0.010076452298733697,0.011448255288770762
coding,9,9,model.layers.9.mlp,28,0.018828647925033467,15.0,0.005899940909471218,16.0,0.01890533848459941,16.0,0.018828647925033467,0.013790035621169981,0.011991485604339483
coding,9,9,model.layers.9.mlp,29,0.0010107095046854083,55.0,0.00034560769118139223,52.0,0.0010891469311682255,50.0,0.0010107095046854083,0.0008077949331138065,0.0006908360702853106
coding,9,9,model.layers.9.mlp,30,0.0033132530120481927,42.0,0.0012256186203145917,41.0,0.003931302552122667,39.0,0.0033132530120481927,0.002864659950233672,0.002493589733846067
coding,9,9,model.layers.9.mlp,31,0.004933065595716198,33.0,0.0016394614918005355,31.0,0.003185509730933341,41.0,0.004933065595716198,0.003831942169992364,0.0020205400771897324
coding,9,9,model.layers.9.mlp,32,0.0013319946452476574,52.0,0.00044428364499665327,49.0,0.0013079716175435536,49.0,0.0013319946452476574,0.0010384319748985742,0.0008296345942409344
coding,9,9,model.layers.9.mlp,33,0.00893574297188755,26.0,0.0030372531793842034,26.0,0.009981874554671118,25.0,0.00893574297188755,0.0070990252575213976,0.006331412956407462
coding,9,9,model.layers.9.mlp,34,0.017603748326639895,17.0,0.0056919082580321285,17.0,0.012968817893440624,22.0,0.017603748326639895,0.013303797247306572,0.008226004162854787
coding,9,9,model.layers.9.mlp,35,0.020970548862115128,13.0,0.006333230055639224,13.0,0.031566895295976796,13.0,0.020970548862115128,0.01480276996064977,0.020022596835478895
coding,9,9,model.layers.9.mlp,36,0.002684069611780455,45.0,0.0009068239102242303,45.0,0.00278139189543973,43.0,0.002684069611780455,0.0021195354692529547,0.001764211780781494
coding,9,9,model.layers.9.mlp,37,0.004464524765729585,34.0,0.0014386125230087014,36.0,0.005633457350124477,32.0,0.004464524765729585,0.003362494343884749,0.0035732511624538377
coding,9,9,model.layers.9.mlp,38,0.0034538152610441766,39.0,0.001515227576974565,34.0,0.006199170061383381,28.0,0.0034538152610441766,0.003541568056574154,0.003932077630373424
coding,9,9,model.layers.9.mlp,39,0.03037483266398929,9.0,0.011813615137633869,10.0,0.03290409246442149,12.0,0.03037483266398929,0.02761217036957829,0.020870768932933294
coding,9,9,model.layers.9.mlp,40,0.014819277108433735,19.0,0.004549447791164659,21.0,0.00918673853079478,26.0,0.014819277108433735,0.010633504311221405,0.0058270653515458985
coding,9,9,model.layers.9.mlp,41,0.0011981258366800536,53.0,0.0003286976029116466,53.0,0.000773803068292508,53.0,0.0011981258366800536,0.0007682706864857464,0.0004908163036373135
coding,9,9,model.layers.9.mlp,42,0.023949129852744312,12.0,0.008805312395414993,12.0,0.03520900001168411,11.0,0.023949129852744312,0.020580811477853442,0.022332750991326405
coding,9,9,model.layers.9.mlp,43,0.004149933065595716,36.0,0.0014461491800535475,35.0,0.005910573874611452,31.0,0.004149933065595716,0.003380109904906068,0.003749023673314575
coding,9,9,model.layers.9.mlp,44,0.005662650602409639,32.0,0.0016340426811412316,32.0,0.005340945980395658,33.0,0.005662650602409639,0.0038192766885641995,0.003387713840174941
coding,9,9,model.layers.9.mlp,45,0.0005153949129852745,58.0,0.00014749100568942436,59.0,0.0005749357045893688,59.0,0.0005153949129852745,0.0003447333208022985,0.00036467652936340855
coding,9,9,model.layers.9.mlp,46,0.11235609103078982,1.0,0.05404900853413654,2.0,0.2118197917810565,2.0,0.11235609103078982,0.12632969794293483,0.13435538252467039
coding,9,9,model.layers.9.mlp,47,0.008989290495314592,25.0,0.003919774148678046,23.0,0.02282763619020761,14.0,0.008989290495314592,0.009161757035640558,0.014479363645298617
coding,9,9,model.layers.9.mlp,48,0.01427710843373494,20.0,0.00466631499958166,20.0,0.015738365838486187,19.0,0.01427710843373494,0.010906660092227622,0.00998270343277773
coding,9,9,model.layers.9.mlp,49,0.00178714859437751,48.0,0.0006274642842202142,47.0,0.0029773405489513034,42.0,0.00178714859437751,0.0014665833036595923,0.0018885002435185061
coding,9,9,model.layers.9.mlp,50,0.04993975903614458,5.0,0.022417403990963855,6.0,0.06800362816776137,8.0,0.04993975903614458,0.05239659249354347,0.043134087701252
coding,9,9,model.layers.9.mlp,51,0.09869477911646586,3.0,0.047196657724648594,3.0,0.2453862335531906,1.0,0.09869477911646586,0.1103135779170716,0.15564627364663247
coding,9,9,model.layers.9.mlp,52,0.04704819277108434,7.0,0.0172059265708668,7.0,0.07015835145391135,7.0,0.04704819277108434,0.040215714690734684,0.04450080923804177
coding,9,9,model.layers.9.mlp,53,0.0034136546184738957,40.0,0.0013627949297188755,38.0,0.005057567241520607,34.0,0.0034136546184738957,0.0031852845500544946,0.003207969263236304
coding,9,9,model.layers.9.mlp,54,0.01757697456492637,18.0,0.005594997176204819,18.0,0.01280014252088156,23.0,0.01757697456492637,0.013077285271849433,0.008119014896119558
coding,9,9,model.layers.9.mlp,55,0.0029785809906291835,43.0,0.0010386337014725569,43.0,0.0037564234162270624,40.0,0.0029785809906291835,0.002427616811833098,0.002382665476007479
coding,9,9,model.layers.9.mlp,56,2.0080321285140562e-05,64.0,5.157348142570281e-06,64.0,1.8189804381634815e-05,64.0,2.0080321285140562e-05,1.2054360490738057e-05,1.1537628779606959e-05
coding,9,9,model.layers.9.mlp,57,0.006164658634538153,31.0,0.0013833524200970548,37.0,0.0019780984964755323,48.0,0.006164658634538153,0.0032333339337596544,0.0012546900265115535
coding,9,9,model.layers.9.mlp,58,0.0028313253012048193,44.0,0.0008636695218373494,46.0,0.0024148100726256567,46.0,0.0028313253012048193,0.002018669958530708,0.001531692238501496
coding,9,9,model.layers.9.mlp,59,0.002650602409638554,46.0,0.000937251610609103,44.0,0.003940541796894916,38.0,0.002650602409638554,0.002190654668345966,0.0024994501034327652
coding,9,9,model.layers.9.mlp,60,0.008346720214190093,28.0,0.00248838452769411,29.0,0.00476911680605836,36.0,0.008346720214190093,0.005816144907652217,0.0030250077549179685
coding,9,9,model.layers.9.mlp,61,0.014062918340026773,21.0,0.0055808324443607765,19.0,0.014638760744168896,21.0,0.014062918340026773,0.013044177795064352,0.00928523384397848
coding,9,9,model.layers.9.mlp,62,0.0006827309236947791,57.0,0.00017957899305555555,57.0,0.0004967910697661251,60.0,0.0006827309236947791,0.0004197331378479679,0.0003151100926501677
coding,9,9,model.layers.9.mlp,63,0.003386880856760375,41.0,0.0013352040976405623,39.0,0.006153218675968318,29.0,0.003386880856760375,0.0031207960131325613,0.0039029310812569895
coding,10,10,model.layers.10.mlp,0,0.002650602409638554,51.0,0.0012790484856091031,43.0,0.004480611153714948,48.0,0.002650602409638554,0.0028199531007483064,0.0021664563992823418
coding,10,10,model.layers.10.mlp,1,0.0014725568942436412,53.0,0.0005437243766733601,53.0,0.0022246504372541846,52.0,0.0014725568942436412,0.0011987639711893417,0.0010756586569578956
coding,10,10,model.layers.10.mlp,2,0.053868808567603746,5.0,0.024044838206994646,6.0,0.12522504380109958,4.0,0.053868808567603746,0.05301231096530007,0.06054856986827991
coding,10,10,model.layers.10.mlp,3,0.011807228915662651,24.0,0.0040428641649933065,26.0,0.01629683384774041,24.0,0.011807228915662651,0.008913412952088287,0.007879813437549739
coding,10,10,model.layers.10.mlp,4,0.012315930388219544,22.0,0.007031965753639558,17.0,0.029034578254423946,15.0,0.012315930388219544,0.015503566795506196,0.014038742863818364
coding,10,10,model.layers.10.mlp,5,0.027650602409638556,10.0,0.015599540087433066,9.0,0.06241974806370665,8.0,0.027650602409638556,0.03439273173358683,0.030181075303106302
coding,10,10,model.layers.10.mlp,6,0.02971218206157965,9.0,0.011146924939340696,11.0,0.0464696418169831,12.0,0.02971218206157965,0.024575929607182287,0.022468910921513582
coding,10,10,model.layers.10.mlp,7,0.0009103078982597055,57.0,0.0002934916750334672,56.0,0.001516623895171496,56.0,0.0009103078982597055,0.0006470691051718093,0.0007333150390152854
coding,10,10,model.layers.10.mlp,8,0.0027376171352074966,50.0,0.0011602791373828648,47.0,0.003988740633290456,50.0,0.0027376171352074966,0.00255809907756408,0.0019286281209439154
coding,10,10,model.layers.10.mlp,9,0.0049531459170013385,36.0,0.001750047063253012,38.0,0.007363856333885167,38.0,0.0049531459170013385,0.003858376518170576,0.0035605575066950503
coding,10,10,model.layers.10.mlp,10,0.0007295850066934404,58.0,0.00020087511504350737,58.0,0.000960692421020753,58.0,0.0007295850066934404,0.0004428748479072355,0.00046451213280063766
coding,10,10,model.layers.10.mlp,11,0.05009370816599732,7.0,0.03341036019076305,3.0,0.12974469239772404,3.0,0.05009370816599732,0.07366073286283051,0.06273390157610867
coding,10,10,model.layers.10.mlp,12,0.017757697456492638,18.0,0.004938039920097055,22.0,0.01763570002922252,22.0,0.017757697456492638,0.010887031368216886,0.00852717941222257
coding,10,10,model.layers.10.mlp,13,0.05297858099062918,6.0,0.023505473717787818,7.0,0.06782859346474031,7.0,0.05297858099062918,0.05182315935698711,0.03279634972210663
coding,10,10,model.layers.10.mlp,14,0.004946452476572959,37.0,0.0019753231676706826,35.0,0.009151788712186188,34.0,0.004946452476572959,0.0043550488932405365,0.00442505509632471
coding,10,10,model.layers.10.mlp,15,0.010669344042838019,25.0,0.003323410830823293,28.0,0.011066146548014568,29.0,0.010669344042838019,0.0073272145527599935,0.0053506816775351854
coding,10,10,model.layers.10.mlp,16,0.02575635876840696,12.0,0.007839443712349398,14.0,0.03457946998208083,14.0,0.02575635876840696,0.017283835486700774,0.016719798138331528
coding,10,10,model.layers.10.mlp,17,0.00393574297188755,40.0,0.0014333505898594377,41.0,0.008455934901154503,36.0,0.00393574297188755,0.0031601471608081223,0.004088597213648444
coding,10,10,model.layers.10.mlp,18,0.015307898259705488,19.0,0.006922546958668005,18.0,0.026040225471039534,17.0,0.015307898259705488,0.015262328192254001,0.012590919223979976
coding,10,10,model.layers.10.mlp,19,0.04822623828647925,8.0,0.01802132357555221,8.0,0.06149793527850824,9.0,0.04822623828647925,0.03973210387897536,0.029735362176275922
coding,10,10,model.layers.10.mlp,20,0.008949129852744311,28.0,0.004118720977660643,24.0,0.011190498695475668,28.0,0.008949129852744311,0.009080656537066434,0.0054108081862611745
coding,10,10,model.layers.10.mlp,21,0.0006291834002677376,60.0,0.00021607916039156626,57.0,0.0009849758484117795,57.0,0.0006291834002677376,0.00047639562159609134,0.0004762536084304028
coding,10,10,model.layers.10.mlp,22,0.024645247657295852,13.5,0.007281371580070281,16.0,0.023754480341511716,19.0,0.024645247657295852,0.016053438627185102,0.011485720180120028
coding,10,10,model.layers.10.mlp,23,0.008447121820615796,29.0,0.0028836766336178044,29.0,0.009984143097676746,32.0,0.008447121820615796,0.006357720568077964,0.004827513471544713
coding,10,10,model.layers.10.mlp,24,0.006372155287817939,32.0,0.002681239280036814,31.0,0.010644339940634118,31.0,0.006372155287817939,0.005911401410234513,0.005146730566298657
coding,10,10,model.layers.10.mlp,25,6.0240963855421684e-05,62.0,1.98253953313253e-05,62.0,6.319274544875466e-05,62.0,6.0240963855421684e-05,4.3709590111048945e-05,3.055483349680211e-05
coding,10,10,model.layers.10.mlp,26,0.002971887550200803,46.0,0.0008890967515896921,50.0,0.004386007453463323,49.0,0.002971887550200803,0.0019602158711885154,0.002120713801950282
coding,10,10,model.layers.10.mlp,27,0.001030789825970549,55.0,0.00035297439759036144,55.0,0.0020430174585646253,53.0,0.001030789825970549,0.0007782122868436014,0.00098783583201214
coding,10,10,model.layers.10.mlp,28,0.005568942436412316,33.0,0.0016605222975234271,39.0,0.005763027114242595,42.0,0.005568942436412316,0.0036609988240852063,0.002786527672801223
coding,10,10,model.layers.10.mlp,29,0.01000669344042838,27.0,0.004078494969461178,25.0,0.016564626996336852,23.0,0.01000669344042838,0.008991969159043555,0.008009296260440921
coding,10,10,model.layers.10.mlp,30,0.024645247657295852,13.5,0.009857695756986279,12.0,0.05916024168492002,10.0,0.024645247657295852,0.021733530846494,0.028605045112008592
coding,10,10,model.layers.10.mlp,31,0.0031191432396251674,45.0,0.001047020111696787,49.0,0.00497498970194514,45.0,0.0031191432396251674,0.0023083938128578008,0.0024054973543523196
coding,10,10,model.layers.10.mlp,32,0.00320615796519411,43.0,0.0011759734249497992,46.0,0.00569911817948981,43.0,0.00320615796519411,0.00259270070165133,0.002755626548843682
coding,10,10,model.layers.10.mlp,33,8.032128514056225e-05,61.0,2.1734071703480588e-05,61.0,8.42762492108377e-05,61.0,8.032128514056225e-05,4.79177009954625e-05,4.074908827090519e-05
coding,10,10,model.layers.10.mlp,34,0.022556894243641233,15.0,0.009148311997991968,13.0,0.04065147828864285,13.0,0.022556894243641233,0.020169533114348718,0.019655723796897107
coding,10,10,model.layers.10.mlp,35,0.007530120481927711,31.0,0.002832724125669344,30.0,0.012655264549306438,27.0,0.007530120481927711,0.006245384183338225,0.006119048925886807
coding,10,10,model.layers.10.mlp,36,0.003681392235609103,42.0,0.0012017732387884872,45.0,0.005428397700170596,44.0,0.003681392235609103,0.002649582255284139,0.002624728308689186
coding,10,10,model.layers.10.mlp,37,0.002777777777777778,49.0,0.0010811736529451137,48.0,0.0046787438558606575,46.0,0.002777777777777778,0.0023836930572792418,0.002262257138454895
coding,10,10,model.layers.10.mlp,38,0.01965194109772423,17.0,0.0063411850527108436,19.0,0.028314121672746488,16.0,0.01965194109772423,0.0139805837331453,0.013690389097282275
coding,10,10,model.layers.10.mlp,39,0.004805890227576975,38.0,0.0019674008534136546,36.0,0.00805163975381149,37.0,0.004805890227576975,0.004337582350802492,0.003893113209544705
coding,10,10,model.layers.10.mlp,40,0.0009437751004016064,56.0,0.00019779639390896922,59.0,0.0005138534814159235,60.0,0.0009437751004016064,0.0004360871074053218,0.00024845743692443185
coding,10,10,model.layers.10.mlp,41,0.0028380187416331996,48.0,0.0008259012612951807,51.0,0.002524227237845042,51.0,0.0028380187416331996,0.0018208870491662201,0.001220509449506247
coding,10,10,model.layers.10.mlp,42,0.0014457831325301205,54.0,0.00043073988662985273,54.0,0.0018980687725017348,54.0,0.0014457831325301205,0.0009496639827061631,0.0009177505249601872
coding,10,10,model.layers.10.mlp,43,0.07538152610441767,2.0,0.04399172209672021,2.0,0.289891621233469,2.0,0.07538152610441767,0.09698975021640967,0.1401678334436287
coding,10,10,model.layers.10.mlp,44,0.07131860776439089,3.0,0.026576844487324298,4.0,0.12413003173378737,5.0,0.07131860776439089,0.05859469430859416,0.06001911176108553
coding,10,10,model.layers.10.mlp,45,0.0020883534136546186,52.0,0.000550509328982597,52.0,0.001831092004635567,55.0,0.0020883534136546186,0.0012137229407031133,0.0008853660482964177
coding,10,10,model.layers.10.mlp,46,0.012309236947791164,23.0,0.006337616089357429,20.0,0.02070921637606589,20.0,0.012309236947791164,0.013972715142244992,0.010013280064450986
coding,10,10,model.layers.10.mlp,47,0.0031860776439089694,44.0,0.0013681418381860776,42.0,0.006182013098973347,40.0,0.0031860776439089694,0.0030163796464830897,0.0029891149620545994
coding,10,10,model.layers.10.mlp,48,0.010127175368139224,26.0,0.003687137874414324,27.0,0.010913988385334552,30.0,0.010127175368139224,0.008129133491675034,0.005277110458357228
coding,10,10,model.layers.10.mlp,49,0.01315930388219545,21.0,0.004895748358015395,23.0,0.0241470176017428,18.0,0.01315930388219545,0.010793790007182107,0.011675519033492808
coding,10,10,model.layers.10.mlp,50,0.020870147255689423,16.0,0.007489110086178046,15.0,0.02052082455142275,21.0,0.020870147255689423,0.016511445380669853,0.009922189215442094
coding,10,10,model.layers.10.mlp,51,0.0007161981258366801,59.0,0.0001526418172690763,60.0,0.0006932787826581493,59.0,0.0007161981258366801,0.0003365335800439219,0.000335212809960338
coding,10,10,model.layers.10.mlp,52,0.0038353413654618473,41.0,0.0012524773573460509,44.0,0.005885951006747632,41.0,0.0038353413654618473,0.0027613710091553578,0.0028459635944659348
coding,10,10,model.layers.10.mlp,53,0.0029518072289156628,47.0,0.0015455376192269076,40.0,0.008501234376925222,35.0,0.0029518072289156628,0.0034074889659765806,0.004110500328156882
coding,10,10,model.layers.10.mlp,54,3.346720214190094e-05,63.0,7.033341700133869e-06,63.0,2.5327650099553894e-05,63.0,3.346720214190094e-05,1.5506600382291023e-05,1.224637616488276e-05
coding,10,10,model.layers.10.mlp,55,0.014799196787148595,20.0,0.005061051497657296,21.0,0.01550717741450472,25.0,0.014799196787148595,0.011158238350181881,0.007498000293242513
coding,10,10,model.layers.10.mlp,56,0.11652610441767068,1.0,0.07430399331701808,1.0,0.4087123073184666,1.0,0.11652610441767068,0.16382004178092066,0.19761978071259229
coding,10,10,model.layers.10.mlp,57,0.00789156626506024,30.0,0.0020802807584504686,34.0,0.004498470835936277,47.0,0.00789156626506024,0.004586451757867346,0.002175091878128898
coding,10,10,model.layers.10.mlp,58,0.005515394912985274,34.0,0.0019080357889892906,37.0,0.006935416400991131,39.0,0.005515394912985274,0.004206698573226314,0.003353399062794646
coding,10,10,model.layers.10.mlp,59,0.026633199464524766,11.0,0.013438271314424365,10.0,0.04740352408474229,11.0,0.026633199464524766,0.029627723489904816,0.022920459861100924
coding,10,10,model.layers.10.mlp,60,0.004029451137884873,39.0,0.002172276344963186,33.0,0.009277627621309825,33.0,0.004029451137884873,0.004789276937960621,0.004485900481161012
coding,10,10,model.layers.10.mlp,61,0.00534805890227577,35.0,0.002298164010207497,32.0,0.013827587086832028,26.0,0.00534805890227577,0.005066824908929527,0.006685888041425643
coding,10,10,model.layers.10.mlp,62,0.05882195448460509,4.0,0.025675900215445115,5.0,0.1225684708540379,6.0,0.05882195448460509,0.05660835788611113,0.05926406887859901
coding,10,10,model.layers.10.mlp,63,1.3386880856760374e-05,64.0,4.039595883534136e-06,64.0,1.867107917346469e-05,64.0,1.3386880856760374e-05,8.906207282765661e-06,9.027803924320016e-06
coding,11,11,model.layers.11.mlp,0,0.00250334672021419,48.0,0.0011195563504016065,44.0,0.007205671380003453,36.0,0.00250334672021419,0.002291886450859893,0.002397178075569911
coding,11,11,model.layers.11.mlp,1,0.00022757697456492638,60.5,5.674390269410977e-05,61.0,0.000262302517332386,61.0,0.00022757697456492638,0.00011616260468433833,8.72626311353781e-05
coding,11,11,model.layers.11.mlp,2,0.009176706827309236,25.0,0.002852046205655957,25.0,0.008792628740450465,30.0,0.009176706827309236,0.005838532427264125,0.0029251260197247064
coding,11,11,model.layers.11.mlp,3,0.0026639892904953147,47.0,0.0008941233684738956,48.0,0.0057738944365477145,43.0,0.0026639892904953147,0.0018303940064003307,0.0019208554517706345
coding,11,11,model.layers.11.mlp,4,0.004431057563587684,34.5,0.001251307312583668,42.0,0.006583072633309217,39.0,0.004431057563587684,0.0025615988641783495,0.0021900523288151358
coding,11,11,model.layers.11.mlp,5,0.019049531459170013,15.0,0.008253247364457832,15.0,0.050302897299149905,14.0,0.019049531459170013,0.016895537061096273,0.016734735208408746
coding,11,11,model.layers.11.mlp,6,0.00026104417670682733,59.0,6.548982387884873e-05,59.0,0.0003022415064265291,60.0,0.00026104417670682733,0.00013406671308978062,0.00010054950809213152
coding,11,11,model.layers.11.mlp,7,0.062356091030789824,4.0,0.025283974439424366,5.0,0.13363337658495308,6.0,0.062356091030789824,0.051759787187860166,0.044457064945095166
coding,11,11,model.layers.11.mlp,8,0.0026706827309236946,46.0,0.0012410710550535475,43.0,0.0084528126103811,31.0,0.0026706827309236946,0.002540643831470635,0.00281207621023882
coding,11,11,model.layers.11.mlp,9,0.004618473895582329,33.0,0.0016844003618641233,33.0,0.005483483114595234,44.0,0.004618473895582329,0.0034482001426681787,0.0018242416017671909
coding,11,11,model.layers.11.mlp,10,0.010187416331994645,22.0,0.002660805984354083,26.0,0.006267802135213472,40.0,0.010187416331994645,0.005447037285546617,0.002085168344235094
coding,11,11,model.layers.11.mlp,11,0.006157965194109772,30.0,0.0022700502530957163,28.0,0.013815642179175712,23.0,0.006157965194109772,0.004647106343485824,0.004596178868737566
coding,11,11,model.layers.11.mlp,12,0.01392904953145917,18.0,0.005365511525267738,18.0,0.025003740621538685,19.0,0.01392904953145917,0.01098394302554088,0.008318228193354078
coding,11,11,model.layers.11.mlp,13,0.10999330655957162,3.0,0.05063002008032128,3.0,0.35524419720712275,3.0,0.10999330655957162,0.1036466426966606,0.11818240884278854
coding,11,11,model.layers.11.mlp,14,0.00819277108433735,26.0,0.0030802801047941767,23.0,0.01343673125168725,24.0,0.00819277108433735,0.006305758736037388,0.004470123027433189
coding,11,11,model.layers.11.mlp,15,0.004149933065595716,37.0,0.0016034254204317269,34.0,0.007796506560949916,34.0,0.004149933065595716,0.0032824332555780296,0.0025937367398979473
coding,11,11,model.layers.11.mlp,16,0.004082998661311914,38.0,0.0012515295557228917,41.0,0.005429843707257007,45.0,0.004082998661311914,0.002562053826574303,0.0018063968785656031
coding,11,11,model.layers.11.mlp,17,0.005890227576974565,31.0,0.0018968909492135208,31.0,0.016139661246833394,22.0,0.005890227576974565,0.003883197718186952,0.005369332023023203
coding,11,11,model.layers.11.mlp,18,0.004712182061579652,32.0,0.0023399914763219546,27.0,0.01333056416058317,25.0,0.004712182061579652,0.004790285685741603,0.0044348034285061535
coding,11,11,model.layers.11.mlp,19,0.00028781793842034805,58.0,9.159031961178045e-05,57.0,0.0005111380908862654,59.0,0.00028781793842034805,0.00018749803212037193,0.0001700450881595198
coding,11,11,model.layers.11.mlp,20,0.01534805890227577,17.0,0.006784775822038153,16.0,0.05110735341727016,13.0,0.01534805890227577,0.013889373029837197,0.01700236114739724
coding,11,11,model.layers.11.mlp,21,0.0002945113788487282,57.0,6.443743724899598e-05,60.0,0.0006852771814568454,57.0,0.0002945113788487282,0.00013191233233247405,0.00022797756773025444
coding,11,11,model.layers.11.mlp,22,0.010910307898259705,21.0,0.004542538644159973,21.0,0.02669856246376293,17.0,0.010910307898259705,0.00929920389208019,0.008882060423262821
coding,11,11,model.layers.11.mlp,23,0.0471285140562249,6.0,0.02164149436286814,7.0,0.08074048939798092,9.0,0.0471285140562249,0.04430312747440164,0.026860693582661264
coding,11,11,model.layers.11.mlp,24,0.002925033467202142,45.0,0.0007819363391064257,49.0,0.004784471948781965,47.0,0.002925033467202142,0.0016007316651726728,0.001591695021039646
coding,11,11,model.layers.11.mlp,25,0.0011512717536813922,52.0,0.0002690580028447122,53.0,0.0007646987787690986,55.0,0.0011512717536813922,0.0005507988865357371,0.0002543994931502816
coding,11,11,model.layers.11.mlp,26,0.0013654618473895582,51.0,0.000555679750251004,50.0,0.0027764075962574764,50.0,0.0013654618473895582,0.0011375531835986967,0.0009236534762137584
coding,11,11,model.layers.11.mlp,27,0.1190896921017403,1.0,0.0881358376213186,1.0,0.6002795937166635,1.0,0.1190896921017403,0.18042623045014877,0.19970062543553155
coding,11,11,model.layers.11.mlp,28,0.012938420348058902,19.0,0.005161609981593039,19.0,0.017759674371006978,21.0,0.012938420348058902,0.010566528408500994,0.005908276937189213
coding,11,11,model.layers.11.mlp,29,0.011954484605087015,20.0,0.004888179018155957,20.0,0.01313052291531799,26.0,0.011954484605087015,0.010006777467762535,0.00436825383693164
coding,11,11,model.layers.11.mlp,30,0.0002074966532797858,62.0,8.254371653279786e-05,58.0,0.0005548376068373123,58.0,0.0002074966532797858,0.00016897838635569916,0.0001845830147490636
coding,11,11,model.layers.11.mlp,31,0.003078982597054886,43.0,0.001384084515143909,38.0,0.009248611358913233,29.0,0.003078982597054886,0.002833412133266354,0.0030768220211345545
coding,11,11,model.layers.11.mlp,32,0.0033601070950468543,41.0,0.0012764992260709505,40.0,0.005151028044651471,46.0,0.0033601070950468543,0.00261317018988431,0.0017136406649838553
coding,11,11,model.layers.11.mlp,33,0.0343574297188755,9.0,0.02258923715696118,6.0,0.1541300281080376,5.0,0.0343574297188755,0.04624328784944909,0.05127587766393321
coding,11,11,model.layers.11.mlp,34,0.0024765729585006693,49.0,0.0009453896314424365,47.0,0.004573569881070251,48.0,0.0024765729585006693,0.001935343126149123,0.0015215322581062856
coding,11,11,model.layers.11.mlp,35,0.003467202141900937,40.0,0.0010788302951388888,45.0,0.006141201201851269,42.0,0.003467202141900937,0.002208514591801516,0.002043050827934703
coding,11,11,model.layers.11.mlp,36,0.0009437751004016064,53.0,0.0002623972452309237,54.0,0.0013400530220673904,52.0,0.0009437751004016064,0.0005371633959040886,0.0004458079691943446
coding,11,11,model.layers.11.mlp,37,0.0207764390896921,14.0,0.011311718227074967,12.0,0.03968518296717959,16.0,0.0207764390896921,0.02315664926671904,0.013202440899248694
coding,11,11,model.layers.11.mlp,38,0.007637215528781794,27.0,0.0017722648406124498,32.0,0.004529942619393628,49.0,0.007637215528781794,0.003628070864032869,0.0015070183690218376
coding,11,11,model.layers.11.mlp,39,0.0008634538152610441,54.0,0.00028440585257697457,52.0,0.0012351182701597252,53.0,0.0008634538152610441,0.0005822180543503698,0.0004108983440709321
coding,11,11,model.layers.11.mlp,40,0.0063520749665327975,29.0,0.002051408760040161,30.0,0.007212564952402229,35.0,0.0063520749665327975,0.004199517014596706,0.002399471424759073
coding,11,11,model.layers.11.mlp,41,0.007456492637215529,28.0,0.003037815323795181,24.0,0.010745136165914127,28.0,0.007456492637215529,0.006218827465293026,0.0035746849221328673
coding,11,11,model.layers.11.mlp,42,0.00030789825970548864,56.0,0.00010581388052208836,56.0,0.0007040499914761687,56.0,0.00030789825970548864,0.0002166156254613603,0.00023422289397702806
coding,11,11,model.layers.11.mlp,43,0.03961847389558233,8.0,0.017840012393323293,8.0,0.08486772456481913,8.0,0.03961847389558233,0.03652096892913266,0.028233739497872144
coding,11,11,model.layers.11.mlp,44,0.05002008032128514,5.0,0.02636214127342704,4.0,0.19684982059790268,4.0,0.05002008032128514,0.053966943583097296,0.06548787048861177
coding,11,11,model.layers.11.mlp,45,0.0036613119143239625,39.0,0.0014229313085676037,37.0,0.0070718657555509925,37.0,0.0036613119143239625,0.0029129368838295405,0.002352663707316105
coding,11,11,model.layers.11.mlp,46,0.027630522088353413,11.0,0.010099316536981259,14.0,0.047506555483203976,15.0,0.027630522088353413,0.020674695584326337,0.01580445002893367
coding,11,11,model.layers.11.mlp,47,0.110809906291834,2.0,0.06661269426664994,2.0,0.5387248975557176,2.0,0.110809906291834,0.136365383832839,0.17922264908833432
coding,11,11,model.layers.11.mlp,48,0.00022757697456492638,60.5,5.046226572958501e-05,62.0,0.00019677004880375333,62.0,0.00022757697456492638,0.00010330322637519777,6.546133205993538e-05
coding,11,11,model.layers.11.mlp,49,0.0029785809906291835,44.0,0.0010728133889725568,46.0,0.006613112281125233,38.0,0.0029785809906291835,0.002196197153993437,0.0022000458993437933
coding,11,11,model.layers.11.mlp,50,0.0,64.0,0.0,64.0,0.0,64.0,0.0,0.0,0.0
coding,11,11,model.layers.11.mlp,51,0.025140562248995985,13.0,0.015308120502844712,10.0,0.07119493880265529,10.0,0.025140562248995985,0.03133783659573263,0.023685086009179752
coding,11,11,model.layers.11.mlp,52,0.00426372155287818,36.0,0.00146476531124498,36.0,0.008197552471594958,32.0,0.00426372155287818,0.0029985768642442124,0.0027271564330251137
coding,11,11,model.layers.11.mlp,53,6.693440428380188e-05,63.0,1.717808734939759e-05,63.0,8.890156046932481e-05,63.0,6.693440428380188e-05,3.5165916957774575e-05,2.9575713407140692e-05
coding,11,11,model.layers.11.mlp,54,0.010093708165997323,23.0,0.0038758092264892905,22.0,0.025793622724183275,18.0,0.010093708165997323,0.007934316704221359,0.008581005658338022
coding,11,11,model.layers.11.mlp,55,0.0014323962516733602,50.0,0.0005386062479082999,51.0,0.0019871543521383203,51.0,0.0014323962516733602,0.0011026013665919588,0.0006610852194756942
coding,11,11,model.layers.11.mlp,56,0.027289156626506023,12.0,0.012457845705739625,11.0,0.06494627941085632,11.0,0.027289156626506023,0.02550293048638919,0.02160628606039312
coding,11,11,model.layers.11.mlp,57,0.04259036144578313,7.0,0.017073959902108433,9.0,0.12125981807868325,7.0,0.04259036144578313,0.03495275369402368,0.040340637536217486
coding,11,11,model.layers.11.mlp,58,0.004431057563587684,34.5,0.0015562641189759037,35.0,0.011742191678548912,27.0,0.004431057563587684,0.003185887558907427,0.003906384702620648
coding,11,11,model.layers.11.mlp,59,0.00964524765729585,24.0,0.0022128814738119145,29.0,0.006255156451679138,41.0,0.00964524765729585,0.004530073957750399,0.0020809613864485894
coding,11,11,model.layers.11.mlp,60,0.0006894243641231593,55.0,0.00022657688043842034,55.0,0.0011630366660824103,54.0,0.0006894243641231593,0.00046383416267402593,0.0003869182828339503
coding,11,11,model.layers.11.mlp,61,0.003099062918340027,42.0,0.0013690634935575635,39.0,0.007821045320835138,33.0,0.003099062918340027,0.002802662027798711,0.0026019002786018875
coding,11,11,model.layers.11.mlp,62,0.01610441767068273,16.0,0.005726806967453146,17.0,0.02243070576883543,20.0,0.01610441767068273,0.011723564687644029,0.007462232629402265
coding,11,11,model.layers.11.mlp,63,0.030274431057563587,10.0,0.010298570584421017,13.0,0.05343968119487226,12.0,0.030274431057563587,0.02108259613479203,0.017778278437911785
coding,12,12,model.layers.12.mlp,0,0.0022623828647925035,44.0,0.0008451841219042838,44.0,0.006210988771165391,43.0,0.0022623828647925035,0.0017427468394458977,0.001859292497182447
coding,12,12,model.layers.12.mlp,1,0.0007429718875502008,54.0,0.000217765593624498,54.0,0.0011502750582963108,55.0,0.0007429718875502008,0.0004490267743957129,0.0003443409518811834
coding,12,12,model.layers.12.mlp,2,0.047456492637215526,7.0,0.01690477404409304,9.0,0.10492948753128409,11.0,0.047456492637215526,0.03485718765103184,0.031411199744209056
coding,12,12,model.layers.12.mlp,3,0.00641231593038822,31.0,0.0020223406647423025,34.0,0.007915774264648416,40.0,0.00641231593038822,0.004170011847621649,0.0023696290948033963
coding,12,12,model.layers.12.mlp,4,0.009973226238286479,25.0,0.0030175715884370818,27.0,0.018813715944966797,24.0,0.009973226238286479,0.006222151141104875,0.005631985854328806
coding,12,12,model.layers.12.mlp,5,0.0002945113788487282,58.0,0.00012572425117135207,56.0,0.00131860289588032,53.0,0.0002945113788487282,0.0002592400113680667,0.00039473078464659833
coding,12,12,model.layers.12.mlp,6,0.030783132530120483,11.0,0.014606489107471553,11.0,0.14998234719476866,9.0,0.030783132530120483,0.030118186165274147,0.04489801271959512
coding,12,12,model.layers.12.mlp,7,0.002784471218206158,42.0,0.001731359029869478,36.0,0.014234050169208123,28.0,0.002784471218206158,0.0035700155730006206,0.004261038565548948
coding,12,12,model.layers.12.mlp,8,0.06609103078982598,5.0,0.02559408859395917,7.0,0.1508806958894334,8.0,0.06609103078982598,0.052774319641882714,0.045166938175651025
coding,12,12,model.layers.12.mlp,9,0.011010709504685409,21.0,0.004210736173862115,22.0,0.025785355842416705,19.0,0.011010709504685409,0.008682424300878858,0.0077189833086736236
coding,12,12,model.layers.12.mlp,10,0.017322623828647923,16.0,0.007795655277359438,15.0,0.0407259315723077,17.0,0.017322623828647923,0.01607443069968898,0.012191524055669731
coding,12,12,model.layers.12.mlp,11,0.00020080321285140563,59.0,5.316186621485944e-05,59.0,0.00034357811392869654,59.0,0.00020080321285140563,0.00010961833276783231,0.00010285193436340069
coding,12,12,model.layers.12.mlp,12,0.010214190093708166,24.0,0.0031401354114374163,25.0,0.009926037909674995,35.0,0.010214190093708166,0.006474874434915675,0.002971412200564066
coding,12,12,model.layers.12.mlp,13,0.003540829986613119,39.0,0.0014091979898761713,39.0,0.007097209950527513,41.0,0.003540829986613119,0.0029057282068632316,0.002124587517080382
coding,12,12,model.layers.12.mlp,14,0.0020883534136546186,46.0,0.0008190182605421687,45.0,0.0053796068587935114,44.0,0.0020883534136546186,0.0016887935397939078,0.0016104139033033939
coding,12,12,model.layers.12.mlp,15,0.0038821954484605085,38.0,0.0012829573502342703,41.0,0.008969808489762476,39.0,0.0038821954484605085,0.002645423416411351,0.0026851598417959345
coding,12,12,model.layers.12.mlp,16,0.0008634538152610441,53.0,0.00041267936328647924,50.0,0.004821757315951019,45.0,0.0008634538152610441,0.0008509337047785965,0.0014434186779410578
coding,12,12,model.layers.12.mlp,17,0.025100401606425703,12.0,0.011139218331659973,13.0,0.05024861863020114,13.0,0.025100401606425703,0.022968767441654218,0.015042191035129673
coding,12,12,model.layers.12.mlp,18,6.0240963855421684e-05,60.0,1.644599230254351e-05,60.0,0.00010130513983079228,60.0,6.0240963855421684e-05,3.391119208703628e-05,3.0326231998334274e-05
coding,12,12,model.layers.12.mlp,19,0.0010508701472556894,50.0,0.0003267235609103079,51.0,0.0017040872466133302,52.0,0.0010508701472556894,0.0006736951610804538,0.0005101275737096464
coding,12,12,model.layers.12.mlp,20,0.016967871485943774,17.0,0.0059453700217536815,17.0,0.022692816293383218,20.0,0.016967871485943774,0.012259192460221134,0.0067932151592523735
coding,12,12,model.layers.12.mlp,21,0.0034805890227576973,40.0,0.0014742890834170013,38.0,0.012132882044178096,32.0,0.0034805890227576973,0.003039944284288791,0.003632042720583958
coding,12,12,model.layers.12.mlp,22,0.0026305220883534137,43.0,0.0012341619080488621,43.0,0.012939122058301566,30.0,0.0026305220883534137,0.0025448085320990592,0.0038733949536047833
coding,12,12,model.layers.12.mlp,23,0.008078982597054887,29.0,0.0039966702748493975,24.0,0.01756431250208353,25.0,0.008078982597054887,0.008241026196881104,0.005257970293699978
coding,12,12,model.layers.12.mlp,24,0.012054886211512718,19.0,0.004620670180722892,18.0,0.01886538401106435,23.0,0.012054886211512718,0.009527697154832114,0.005647452964506994
coding,12,12,model.layers.12.mlp,25,0.0003279785809906292,56.5,0.00010480724983266398,57.0,0.000634859567744984,57.0,0.0003279785809906292,0.00021610971936547686,0.00019004858558957906
coding,12,12,model.layers.12.mlp,26,0.013119143239625167,18.0,0.00438460874748996,20.0,0.013245984626662141,29.0,0.013119143239625167,0.009040944853150386,0.003965255894276216
coding,12,12,model.layers.12.mlp,27,4.685408299866131e-05,61.0,1.257634705488621e-05,61.0,6.258707608244665e-05,62.0,4.685408299866131e-05,2.5932088066557158e-05,1.8735773846656872e-05
coding,12,12,model.layers.12.mlp,28,0.00819277108433735,27.0,0.0025733794553212852,30.0,0.009445592648134014,36.0,0.00819277108433735,0.005306238955781127,0.0028275883581773097
coding,12,12,model.layers.12.mlp,29,0.01104417670682731,20.0,0.004058198941599732,23.0,0.02252200260698556,21.0,0.01104417670682731,0.008367896646449971,0.006742081174433455
coding,12,12,model.layers.12.mlp,30,0.04165997322623829,9.0,0.02230591310554719,8.0,0.12784926632800733,10.0,0.04165997322623829,0.04599419056531871,0.03827235733503705
coding,12,12,model.layers.12.mlp,31,0.07041499330655958,4.0,0.03939511954066265,4.0,0.2524684868216355,4.0,0.07041499330655958,0.08123167282697526,0.07557778328335227
coding,12,12,model.layers.12.mlp,32,0.020314591700133867,15.0,0.00730437374497992,16.0,0.04690915936925804,14.0,0.020314591700133867,0.015061421444494402,0.014042506157684157
coding,12,12,model.layers.12.mlp,33,0.0003279785809906292,56.5,0.00010032316767068273,58.0,0.00048437765284554865,58.0,0.0003279785809906292,0.00020686366301742165,0.00014500102462262053
coding,12,12,model.layers.12.mlp,34,0.00043507362784471216,55.0,0.00018372971050870148,55.0,0.0011708468414214721,54.0,0.00043507362784471216,0.00037884570237774873,0.0003504992244892178
coding,12,12,model.layers.12.mlp,35,0.0011646586345381525,49.0,0.00027226745523761716,53.0,0.0009730218360861303,56.0,0.0011646586345381525,0.0005614081414949611,0.00029127925779363087
coding,12,12,model.layers.12.mlp,36,0.0013788487282463185,48.0,0.000552006201890897,47.0,0.003293040326560836,49.0,0.0013788487282463185,0.0011382218841645975,0.0009857891227430069
coding,12,12,model.layers.12.mlp,37,6.693440428380187e-06,64.0,1.5622385374832664e-06,64.0,5.360548515396425e-06,64.0,6.693440428380187e-06,3.221293683943431e-06,1.6047086869211911e-06
coding,12,12,model.layers.12.mlp,38,0.10668005354752343,1.0,0.06836146343185241,1.0,0.4008676133162206,2.0,0.10668005354752343,0.14095949184105613,0.12000185047226132
coding,12,12,model.layers.12.mlp,39,0.005147255689424364,35.0,0.002053049437332664,33.0,0.01204569269854381,33.0,0.005147255689424364,0.0042333325075679515,0.0036059421265972687
coding,12,12,model.layers.12.mlp,40,0.00428380187416332,37.0,0.0012689560324631861,42.0,0.0034667006059184453,48.0,0.00428380187416332,0.0026165530772021173,0.001037775250292812
coding,12,12,model.layers.12.mlp,41,0.006050870147255689,33.0,0.0019330446787148594,35.0,0.009186552351657325,37.0,0.006050870147255689,0.0039858859354193425,0.002750043268747587
coding,12,12,model.layers.12.mlp,42,0.0022222222222222222,45.0,0.0007434098372657296,46.0,0.003679232889788856,46.0,0.0022222222222222222,0.0015328910124207964,0.0011013979189802583
coding,12,12,model.layers.12.mlp,43,0.08930388219544846,2.0,0.04409801314633534,2.0,0.39498813746604255,3.0,0.08930388219544846,0.0909289124640263,0.11824179812981436
coding,12,12,model.layers.12.mlp,44,0.004491298527443106,36.0,0.0016694381693440428,37.0,0.006599618387988293,42.0,0.004491298527443106,0.0034423364304567035,0.0019756308383651394
coding,12,12,model.layers.12.mlp,45,0.042436412315930386,8.0,0.015584728235860107,10.0,0.17714238157872375,7.0,0.042436412315930386,0.032135288835613396,0.05302851335545922
coding,12,12,model.layers.12.mlp,46,0.0009036144578313253,51.5,0.0003197555848393574,52.0,0.001970894592433889,51.0,0.0009036144578313253,0.000659327382557091,0.0005899977706387331
coding,12,12,model.layers.12.mlp,47,0.006459170013386881,30.0,0.0027654498201137886,29.0,0.014973285552488273,27.0,0.006459170013386881,0.005702282862094908,0.004482332606228188
coding,12,12,model.layers.12.mlp,48,0.010776439089692101,23.0,0.004430756881693441,19.0,0.04110411742285712,16.0,0.010776439089692101,0.0091361010598811,0.012304735999914666
coding,12,12,model.layers.12.mlp,49,0.0009036144578313253,51.5,0.0004933144034471219,49.0,0.003038648103614409,50.0,0.0009036144578313253,0.0010172009804485804,0.00090963545882693
coding,12,12,model.layers.12.mlp,50,0.006097724230254351,32.0,0.0030835647276606427,26.0,0.03299168079891996,18.0,0.006097724230254351,0.0063582272123730455,0.009876234982688659
coding,12,12,model.layers.12.mlp,51,0.07489290495314592,3.0,0.03693947665662651,5.0,0.41987216392833704,1.0,0.07489290495314592,0.07616820350230372,0.1256909636983994
coding,12,12,model.layers.12.mlp,52,0.0029852744310575638,41.0,0.0013670436956157966,40.0,0.01173602891255574,34.0,0.0029852744310575638,0.0028188071902617625,0.0035132426265418702
coding,12,12,model.layers.12.mlp,53,0.006024096385542169,34.0,0.002395506505187416,32.0,0.0153160079288355,26.0,0.006024096385542169,0.0049394697351641025,0.004584928370998726
coding,12,12,model.layers.12.mlp,54,0.024163319946452478,13.0,0.012319349010625837,12.0,0.06881668856823779,12.0,0.024163319946452478,0.025402165038224088,0.02060064145178897
coding,12,12,model.layers.12.mlp,55,0.062014725568942435,6.0,0.04107536918507363,3.0,0.24285738108786872,5.0,0.062014725568942435,0.0846963022271108,0.07270064770336526
coding,12,12,model.layers.12.mlp,56,0.009009370816599731,26.0,0.002972364719293842,28.0,0.009117888535361692,38.0,0.009009370816599731,0.006128935797514277,0.0027294883904230476
coding,12,12,model.layers.12.mlp,57,0.010783132530120481,22.0,0.004341977284136546,21.0,0.021582650801982267,22.0,0.010783132530120481,0.008953039926762607,0.006460881219385122
coding,12,12,model.layers.12.mlp,58,0.02111780455153949,14.0,0.009053538372238957,14.0,0.04500143104767704,15.0,0.02111780455153949,0.018668151678562225,0.013471417545924763
coding,12,12,model.layers.12.mlp,59,0.03981258366800536,10.0,0.030540939800870148,6.0,0.2138243215885188,6.0,0.03981258366800536,0.06297459326584647,0.0640094470449451
coding,12,12,model.layers.12.mlp,60,0.008145917001338689,28.0,0.002426973519076305,31.0,0.01287853123353348,31.0,0.008145917001338689,0.005004353868195499,0.003855256768198233
coding,12,12,model.layers.12.mlp,61,2.677376171352075e-05,62.0,1.217108015394913e-05,62.0,8.787599114209932e-05,61.0,2.677376171352075e-05,2.5096438659006978e-05,2.6306144968656818e-05
coding,12,12,model.layers.12.mlp,62,0.001465863453815261,47.0,0.0005270430681057563,48.0,0.003544800202530551,47.0,0.001465863453815261,0.0010867485763027566,0.0010611547796018975
coding,12,12,model.layers.12.mlp,63,2.0080321285140562e-05,63.0,4.451399347389559e-06,63.0,2.3268055883915708e-05,63.0,2.0080321285140562e-05,9.178665266801157e-06,6.965416187810775e-06
coding,13,13,model.layers.13.mlp,0,0.004431057563587684,36.0,0.0011892818670515394,38.0,0.009628745823340563,37.0,0.004431057563587684,0.0023773322921493427,0.002084098077406838
coding,13,13,model.layers.13.mlp,1,0.0020348058902275768,42.0,0.0006551531647423026,43.0,0.009954236865522392,35.0,0.0020348058902275768,0.0013096279511156596,0.0021545491275924114
coding,13,13,model.layers.13.mlp,2,0.10936412315930388,1.0,0.09043162232262383,1.0,1.0891791580384036,1.0,0.10936412315930388,0.18076960721853014,0.23574785656060707
coding,13,13,model.layers.13.mlp,3,0.026265060240963856,13.0,0.009532044192394578,14.0,0.10341385796686094,10.0,0.026265060240963856,0.019054218429273493,0.022383457463745298
coding,13,13,model.layers.13.mlp,4,0.010093708165997323,25.0,0.0038357597054886213,22.0,0.02106614348080902,23.0,0.010093708165997323,0.007667547673446676,0.004559670587659027
coding,13,13,model.layers.13.mlp,5,0.0342570281124498,10.0,0.022466951137884873,7.0,0.23978346062472547,6.0,0.0342570281124498,0.04491063887037341,0.05190003542004116
coding,13,13,model.layers.13.mlp,6,0.06722222222222222,4.0,0.031706170384663654,4.0,0.25403586381250914,5.0,0.06722222222222222,0.0633795106140162,0.05498490302658702
coding,13,13,model.layers.13.mlp,7,0.029926372155287817,11.0,0.010425840732722557,12.0,0.05684478456555919,14.0,0.029926372155287817,0.020840886028268325,0.012303794117870505
coding,13,13,model.layers.13.mlp,8,0.0013319946452476574,51.0,0.0004589386190595716,49.0,0.0035251507757498397,45.0,0.0013319946452476574,0.0009174020301088665,0.0007630027927936938
coding,13,13,model.layers.13.mlp,9,0.00500669344042838,33.0,0.0014731451849062918,35.0,0.010033983428335414,34.0,0.00500669344042838,0.0029447650015757536,0.002171809907063352
coding,13,13,model.layers.13.mlp,10,0.013400267737617134,21.0,0.006568520174447791,17.0,0.042851194268568774,18.0,0.013400267737617134,0.013130238974435184,0.009274945380033674
coding,13,13,model.layers.13.mlp,11,0.042904953145917,7.0,0.017391107398343375,9.0,0.1794377313943273,8.0,0.042904953145917,0.03476420717388043,0.03883847781158063
coding,13,13,model.layers.13.mlp,12,0.0009236947791164659,53.0,0.0004514934738955823,50.0,0.0029455690642437304,46.0,0.0009236947791164659,0.0009025194488567266,0.0006375549771787022
coding,13,13,model.layers.13.mlp,13,0.0007563587684069612,55.0,0.00017612768783467202,57.0,0.0016260535107399405,56.0,0.0007563587684069612,0.0003520730042483857,0.0003519518593251257
coding,13,13,model.layers.13.mlp,14,0.00035475234270414995,60.0,9.356436161311914e-05,60.0,0.0005275622592712822,60.0,0.00035475234270414995,0.0001870318420045052,0.00011418844265204968
coding,13,13,model.layers.13.mlp,15,0.0010642570281124497,52.0,0.0002890337391231593,54.0,0.0018315855693944805,55.0,0.0010642570281124497,0.0005777681982503291,0.0003964383351493246
coding,13,13,model.layers.13.mlp,16,0.011606425702811245,23.0,0.003098566139558233,25.0,0.01456749201459259,26.0,0.011606425702811245,0.006193923868691325,0.0031530671447009767
coding,13,13,model.layers.13.mlp,17,0.019477911646586344,17.0,0.006519672439759036,19.0,0.026547253137451897,22.0,0.019477911646586344,0.013032594084446385,0.005746031751101013
coding,13,13,model.layers.13.mlp,18,0.010542168674698794,24.0,0.004906867051539491,21.0,0.03137348878415553,20.0,0.010542168674698794,0.009808653287406873,0.006790648424647994
coding,13,13,model.layers.13.mlp,19,0.0044444444444444444,35.0,0.0014921077539323962,34.0,0.010935623722781777,32.0,0.0044444444444444444,0.0029826705048351548,0.002366965832730551
coding,13,13,model.layers.13.mlp,20,0.024779116465863452,14.0,0.008071070087642235,15.0,0.05677117042193611,15.0,0.024779116465863452,0.016133782985460237,0.012287860672538203
coding,13,13,model.layers.13.mlp,21,0.0214524765729585,16.0,0.006092825076347055,20.0,0.03144004837735749,19.0,0.0214524765729585,0.01217934133674084,0.006805054944746274
coding,13,13,model.layers.13.mlp,22,0.005655957161981259,31.0,0.0024322942812918342,28.0,0.029475096354044106,21.0,0.005655957161981259,0.0048620700433790985,0.006379750049475568
coding,13,13,model.layers.13.mlp,23,0.0066198125836680055,29.0,0.002104106530287818,31.0,0.008761435992906052,38.0,0.0066198125836680055,0.004206034363390123,0.0018963728239534752
coding,13,13,model.layers.13.mlp,24,0.001572958500669344,46.0,0.0004509149880773092,51.0,0.0024099621555731796,50.0,0.001572958500669344,0.0009013630762133426,0.0005216253068886993
coding,13,13,model.layers.13.mlp,25,0.09586345381526104,2.0,0.06435725649995816,2.0,0.677034477427941,2.0,0.09586345381526104,0.12864787427626548,0.14654102191848964
coding,13,13,model.layers.13.mlp,26,0.0014725568942436412,49.0,0.00046042241884203483,48.0,0.002279937238977297,51.0,0.0014725568942436412,0.0009203680932732526,0.0004934820072664802
coding,13,13,model.layers.13.mlp,27,0.03679384203480589,9.0,0.013900249435240963,10.0,0.08719515274167859,12.0,0.03679384203480589,0.02778610585668412,0.0188729927575429
coding,13,13,model.layers.13.mlp,28,0.01572958500669344,18.0,0.006758021670013387,16.0,0.04977166011789876,17.0,0.01572958500669344,0.013509045746235702,0.010772848620597611
coding,13,13,model.layers.13.mlp,29,0.011967871485943775,22.0,0.003769459347807898,23.0,0.014074993250839203,27.0,0.011967871485943775,0.007535015608793072,0.0030464680355858937
coding,13,13,model.layers.13.mlp,30,0.000749665327978581,56.0,0.00030502217202141904,53.0,0.002001931239642612,54.0,0.000749665327978581,0.0006097285088234059,0.0004333088778318545
coding,13,13,model.layers.13.mlp,31,0.013694779116465864,20.0,0.006523058379350737,18.0,0.06385068954712894,13.0,0.013694779116465864,0.013039362457658509,0.013820190268570731
coding,13,13,model.layers.13.mlp,32,0.04833333333333333,6.0,0.025399491847598727,6.0,0.22061488957130607,7.0,0.04833333333333333,0.05077268379041352,0.0477510857217088
coding,13,13,model.layers.13.mlp,33,8.701472556894244e-05,64.0,4.692598519076305e-05,62.0,0.00037170282090045364,62.0,8.701472556894244e-05,9.380338086840456e-05,8.045337872846394e-05
coding,13,13,model.layers.13.mlp,34,0.0018005354752342704,45.0,0.0007224078606091031,40.0,0.006674432250230986,40.0,0.0018005354752342704,0.001444067703971909,0.0014446503912035604
coding,13,13,model.layers.13.mlp,35,0.003112449799196787,38.0,0.0012630404430220884,37.0,0.014057024690201644,28.0,0.003112449799196787,0.002524773070770192,0.0030425788226639233
coding,13,13,model.layers.13.mlp,36,0.0005421686746987952,57.0,0.0001826577141900937,56.0,0.0022187506298782674,52.0,0.0005421686746987952,0.00036512629544319504,0.0004802384450491436
coding,13,13,model.layers.13.mlp,37,0.0014524765729585006,50.0,0.0005747795870983935,45.0,0.0055552561024585405,42.0,0.0014524765729585006,0.0011489640186518203,0.0012024098231538656
coding,13,13,model.layers.13.mlp,38,0.005401606425702811,32.0,0.0015818024702978582,32.0,0.00820412536222772,39.0,0.005401606425702811,0.003161967063168662,0.0017757454821142509
coding,13,13,model.layers.13.mlp,39,0.00890896921017403,27.0,0.0025876749184236946,27.0,0.0129180984540158,30.0,0.00890896921017403,0.005172670428756288,0.0027960634381380056
coding,13,13,model.layers.13.mlp,40,0.00013386880856760375,62.0,4.0134496318607766e-05,64.0,0.0004720195118522389,61.0,0.00013386880856760375,8.022743537150076e-05,0.00010216646853063069
coding,13,13,model.layers.13.mlp,41,0.0028714859437751006,39.0,0.0013984780266900938,36.0,0.013803294889100265,29.0,0.0028714859437751006,0.002795507999255126,0.0029876601655139576
coding,13,13,model.layers.13.mlp,42,0.013721552878179385,19.0,0.0034298260751338687,24.0,0.015834077329361134,25.0,0.013721552878179385,0.006856100736729911,0.003427213754011415
coding,13,13,model.layers.13.mlp,43,0.0028447121820615795,40.0,0.0006389898787859772,44.0,0.002768196609803791,47.0,0.0028447121820615795,0.0012773181154780574,0.0005991635191357315
coding,13,13,model.layers.13.mlp,44,0.0014792503346720213,48.0,0.00041475145373159303,52.0,0.0026455747989446443,48.0,0.0014792503346720213,0.0008290734530549015,0.0005726225879544126
coding,13,13,model.layers.13.mlp,45,0.008674698795180723,28.0,0.0022316283362617136,30.0,0.010368200880456641,33.0,0.008674698795180723,0.004460945932879147,0.0022441497488434946
coding,13,13,model.layers.13.mlp,46,0.024538152610441767,15.0,0.010031787305471888,13.0,0.05363157021632316,16.0,0.024538152610441767,0.020053187196402977,0.01160830854057903
coding,13,13,model.layers.13.mlp,47,0.0022289156626506025,41.0,0.0005021812510458501,47.0,0.00215912395891256,53.0,0.0022289156626506025,0.0010038425184965153,0.00046733252431951233
coding,13,13,model.layers.13.mlp,48,0.00012717536813922355,63.0,4.092542043172691e-05,63.0,0.00025227532648497636,64.0,0.00012717536813922355,8.180846463533653e-05,5.460384275904731e-05
coding,13,13,model.layers.13.mlp,49,0.0004953145917001338,58.0,0.00015681868097389557,58.0,0.0014833644962055457,57.0,0.0004953145917001338,0.00031347498403870924,0.00032106747351681513
coding,13,13,model.layers.13.mlp,50,0.0019410977242302542,43.0,0.0007205776229919678,41.0,0.005045664260984265,43.0,0.0019410977242302542,0.0014404091238572477,0.0010921109953974707
coding,13,13,model.layers.13.mlp,51,0.00999330655957162,26.0,0.0028186966616465864,26.0,0.01151072618632591,31.0,0.00999330655957162,0.005634474703729408,0.002491444135572326
coding,13,13,model.layers.13.mlp,52,0.0002677376171352075,61.0,5.9770331325301205e-05,61.0,0.0002910120539875873,63.0,0.0002677376171352075,0.00011947877345879529,6.29882305904851e-05
coding,13,13,model.layers.13.mlp,53,0.005689424364123159,30.0,0.001509521157546854,33.0,0.006202446557032854,41.0,0.005689424364123159,0.0030174792813546466,0.0013424912425662263
coding,13,13,model.layers.13.mlp,54,0.028413654618473897,12.0,0.010997773646670013,11.0,0.09830227980811593,11.0,0.028413654618473897,0.021984159648206093,0.021277079706080143
coding,13,13,model.layers.13.mlp,55,0.06118473895582329,5.0,0.030093492459421018,5.0,0.3364465424462335,4.0,0.06118473895582329,0.06015582461094896,0.07282231820500022
coding,13,13,model.layers.13.mlp,56,0.0007697456492637215,54.0,0.00023454495063587684,55.0,0.001358360015404432,58.0,0.0007697456492637215,0.0004688470416938421,0.00029401082430365136
coding,13,13,model.layers.13.mlp,57,0.004665327978580991,34.0,0.0022564672753514056,29.0,0.015948563515741025,24.0,0.004665327978580991,0.004510598091578121,0.0034519937664140255
coding,13,13,model.layers.13.mlp,58,0.001499330655957162,47.0,0.0007161000773929049,42.0,0.009765190452616536,36.0,0.001499330655957162,0.0014314586689338801,0.0021136308945321207
coding,13,13,model.layers.13.mlp,59,0.003246318607764391,37.0,0.0010265279869477912,39.0,0.004971308043523326,44.0,0.003246318607764391,0.002051993055453089,0.0010760169315705969
coding,13,13,model.layers.13.mlp,60,0.0019143239625167335,44.0,0.0005303701786311914,46.0,0.002491557526700149,49.0,0.0019143239625167335,0.001060191185441075,0.0005392862524792244
coding,13,13,model.layers.13.mlp,61,0.042423025435073626,8.0,0.019282697195030122,8.0,0.12963698099894697,9.0,0.042423025435073626,0.03854542812052817,0.028059332733221757
coding,13,13,model.layers.13.mlp,62,0.0790227576974565,3.0,0.05024977514223561,3.0,0.48783084711077385,3.0,0.0790227576974565,0.10044751915292006,0.10558875986723128
coding,13,13,model.layers.13.mlp,63,0.00045515394912985275,59.0,0.00013171174280455155,59.0,0.001093110433384437,59.0,0.00045515394912985275,0.000263287104680088,0.00023659876316264495
coding,14,14,model.layers.14.mlp,0,0.0007362784471218206,55.0,0.000357733015394913,53.0,0.004708246354916329,51.0,0.0007362784471218206,0.0007654182314383658,0.000896608115639755
coding,14,14,model.layers.14.mlp,1,0.04385542168674699,6.0,0.025667164916175118,6.0,0.24107668602163373,9.0,0.04385542168674699,0.05491837524274255,0.045909091599004734
coding,14,14,model.layers.14.mlp,2,0.00028112449799196787,57.0,9.424416415662651e-05,57.0,0.002586370567720099,55.0,0.00028112449799196787,0.00020164815196751858,0.000492531755193352
coding,14,14,model.layers.14.mlp,3,4.0160642570281125e-05,62.0,1.1262497908299866e-05,62.0,8.589304115877573e-05,62.0,4.0160642570281125e-05,2.4097639467334895e-05,1.6356917623803146e-05
coding,14,14,model.layers.14.mlp,4,0.007650602409638554,29.0,0.0022922811035809908,32.0,0.014257635636980754,39.0,0.007650602409638554,0.004904645846919214,0.0027151323143070135
coding,14,14,model.layers.14.mlp,5,0.009377510040160643,25.0,0.002735545044762383,28.0,0.01958515946884232,32.0,0.009377510040160643,0.00585306907686604,0.0037296716446297514
coding,14,14,model.layers.14.mlp,6,0.09471218206157965,2.0,0.051007756612387045,1.0,0.6353272050196228,2.0,0.09471218206157965,0.10913800285610174,0.120987621540343
coding,14,14,model.layers.14.mlp,7,0.05572289156626506,5.0,0.02683003498368474,4.0,0.7343283663217323,1.0,0.05572289156626506,0.05740649323063147,0.13984076515049915
coding,14,14,model.layers.14.mlp,8,0.006666666666666667,31.0,0.001669496998410308,37.0,0.009721543766568145,42.0,0.006666666666666667,0.0035721149150972366,0.00185130819005476
coding,14,14,model.layers.14.mlp,9,0.029163319946452475,13.0,0.021644520791499332,8.0,0.24647334495861048,8.0,0.029163319946452475,0.04631138338258041,0.04693679657352898
coding,14,14,model.layers.14.mlp,10,0.002791164658634538,43.0,0.0010906255229250334,42.0,0.015753813160152,37.0,0.002791164658634538,0.002333541001233214,0.003000054726727586
coding,14,14,model.layers.14.mlp,11,0.05587014725568942,4.0,0.02638944286259622,5.0,0.4008756077369373,4.0,0.05587014725568942,0.056463786721597166,0.07634016917650105
coding,14,14,model.layers.14.mlp,12,0.010722891566265061,23.0,0.003193071766231593,25.0,0.02037947803456461,30.0,0.010722891566265061,0.006832009456736096,0.00388093655702888
coding,14,14,model.layers.14.mlp,13,0.037248995983935745,11.0,0.01877500562144411,11.0,0.1565510795011099,12.0,0.037248995983935745,0.04017166708011787,0.02981257942169725
coding,14,14,model.layers.14.mlp,14,3.346720214190094e-05,63.0,9.81791750334672e-06,63.0,6.595546063010791e-05,63.0,3.346720214190094e-05,2.1006764062644814e-05,1.2560133182063288e-05
coding,14,14,model.layers.14.mlp,15,0.005977242302543507,34.0,0.00259580640269411,30.0,0.04322631526982768,17.0,0.005977242302543507,0.005554079328443123,0.008231741110925561
coding,14,14,model.layers.14.mlp,16,0.0016265060240963855,49.0,0.000515597546435743,51.0,0.005607824493124781,49.0,0.0016265060240963855,0.0011031907739662851,0.0010679179831719805
coding,14,14,model.layers.14.mlp,17,0.004377510040160642,37.0,0.0013133262215528781,40.0,0.007840882832585888,46.0,0.004377510040160642,0.002810039304571635,0.001493167232877701
coding,14,14,model.layers.14.mlp,18,0.0007295850066934404,56.0,0.00029764892904953145,55.0,0.0025252538129507777,56.0,0.0007295850066934404,0.0006368601919817538,0.0004808930739950926
coding,14,14,model.layers.14.mlp,19,0.012088353413654619,21.0,0.006429722797439759,17.0,0.03788571860735994,20.0,0.012088353413654619,0.013757262652490602,0.007214712274928668
coding,14,14,model.layers.14.mlp,20,0.0026907630522088354,45.0,0.0015050828313253012,38.0,0.023498012499317746,26.0,0.0026907630522088354,0.003220328539286514,0.004474810177741242
coding,14,14,model.layers.14.mlp,21,6.0240963855421684e-05,60.5,1.8740325886880856e-05,60.0,0.0001620009002915348,60.0,6.0240963855421684e-05,4.009746509161297e-05,3.085040819724017e-05
coding,14,14,model.layers.14.mlp,22,0.015200803212851405,18.0,0.006288626184425201,18.0,0.03933977842011765,18.0,0.015200803212851405,0.01345536734132866,0.0074916140618079465
coding,14,14,model.layers.14.mlp,23,0.00605756358768407,33.0,0.002027236550368139,33.0,0.018914001397339696,34.0,0.00605756358768407,0.004337547132397162,0.0036018606236201947
coding,14,14,model.layers.14.mlp,24,0.036880856760374836,12.0,0.018814836167587015,10.0,0.27829061097090185,6.0,0.036880856760374836,0.040256889927531805,0.05299587181590685
coding,14,14,model.layers.14.mlp,25,0.0001606425702811245,58.0,3.8938305304551536e-05,58.0,0.00037387933198068353,58.0,0.0001606425702811245,8.33137773110354e-05,7.119917227224368e-05
coding,14,14,model.layers.14.mlp,26,0.012235609103078983,20.0,0.004028869383785141,22.0,0.019430962068488798,33.0,0.012235609103078983,0.008620311645065043,0.0037003072847076853
coding,14,14,model.layers.14.mlp,27,0.01898259705488621,16.0,0.005472090183651272,19.0,0.025703421073106716,24.0,0.01898259705488621,0.011708277990550712,0.004894793984131473
coding,14,14,model.layers.14.mlp,28,0.037402945113788486,10.0,0.01456901172397925,12.0,0.15001900761002995,14.0,0.037402945113788486,0.0311723735514393,0.02856865371603211
coding,14,14,model.layers.14.mlp,29,0.010127175368139224,24.0,0.0032768378200301205,24.0,0.02004605901927514,31.0,0.010127175368139224,0.0070112382726234415,0.0038174423869107433
coding,14,14,model.layers.14.mlp,30,0.002202141900937082,47.0,0.0005956116131191433,49.0,0.003664063085194732,52.0,0.002202141900937082,0.0012743917053183724,0.0006977605780910795
coding,14,14,model.layers.14.mlp,31,0.0014926372155287819,50.0,0.0005851138930722891,50.0,0.009391517588093258,44.0,0.0014926372155287819,0.0012519304116535206,0.0017884601299303837
coding,14,14,model.layers.14.mlp,32,0.0007563587684069612,54.0,0.00023190417921686748,56.0,0.001547021078696372,57.0,0.0007563587684069612,0.0004961903964144558,0.0002946047317121717
coding,14,14,model.layers.14.mlp,33,0.008246318607764392,28.0,0.0019523602221385543,35.0,0.01134701448431615,41.0,0.008246318607764392,0.004177339088230986,0.002160852365827512
coding,14,14,model.layers.14.mlp,34,0.026191432396251674,14.0,0.012766129622657297,14.0,0.10442635363843067,15.0,0.026191432396251674,0.02731486314535516,0.019886282301502023
coding,14,14,model.layers.14.mlp,35,0.0073360107095046855,30.0,0.002972417011797189,27.0,0.02241122363242439,28.0,0.0073360107095046855,0.006359888728065855,0.004267849104638934
coding,14,14,model.layers.14.mlp,36,0.09499330655957162,1.0,0.04206689060931225,3.0,0.3397663772154046,5.0,0.09499330655957162,0.09000780925055443,0.06470292084753577
coding,14,14,model.layers.14.mlp,37,0.0034069611780455154,40.0,0.0009118072223790998,45.0,0.009445694926103834,43.0,0.0034069611780455154,0.0019509350312430335,0.0017987773132896014
coding,14,14,model.layers.14.mlp,38,0.004765729585006693,36.0,0.0020157256630689425,34.0,0.03277267279235554,21.0,0.004765729585006693,0.004312918030190559,0.006241016756939508
coding,14,14,model.layers.14.mlp,39,0.03876171352074966,9.0,0.014025744906710174,13.0,0.19222808199554403,10.0,0.03876171352074966,0.030009980625490876,0.036606678023782376
coding,14,14,model.layers.14.mlp,40,0.006506024096385542,32.0,0.00265613234186747,29.0,0.015160209061789864,38.0,0.006506024096385542,0.0056831548447774435,0.002887012584930405
coding,14,14,model.layers.14.mlp,41,0.0020950468540829985,48.0,0.0006805019557396252,46.0,0.0066592445111817306,48.0,0.0020950468540829985,0.0014560260893939838,0.001268143640470389
coding,14,14,model.layers.14.mlp,42,0.04372155287817939,7.0,0.02109918678620733,9.0,0.2614436747845876,7.0,0.04372155287817939,0.04514456742791373,0.04978764977957653
coding,14,14,model.layers.14.mlp,43,6.0240963855421684e-05,60.5,1.5289020665997324e-05,61.0,0.0001299708435334355,61.0,6.0240963855421684e-05,3.2712930188100016e-05,2.4750810455561635e-05
coding,14,14,model.layers.14.mlp,44,0.0027643908969210173,44.0,0.000991269766566265,44.0,0.016154098906510646,36.0,0.0027643908969210173,0.0021209559055260225,0.0030762825665017974
coding,14,14,model.layers.14.mlp,45,0.005174029451137885,35.0,0.0017409285579819277,36.0,0.022247680372981183,29.0,0.005174029451137885,0.0037249524102214594,0.004236704979497342
coding,14,14,model.layers.14.mlp,46,0.009210174029451138,26.0,0.003392972933400268,23.0,0.03899631342575094,19.0,0.009210174029451138,0.00725972507495434,0.0074262068001284915
coding,14,14,model.layers.14.mlp,47,0.013755020080321286,19.0,0.006635104872615462,16.0,0.04773200977279479,16.0,0.013755020080321286,0.014196705415626641,0.009089776556274626
coding,14,14,model.layers.14.mlp,48,0.0013119143239625167,52.0,0.0006334909952309237,47.0,0.008187632517642285,45.0,0.0013119143239625167,0.001355439773056739,0.0015592000098993317
coding,14,14,model.layers.14.mlp,49,0.002938420348058902,41.0,0.0010058234239039491,43.0,0.007649117522290752,47.0,0.002938420348058902,0.002152095426288658,0.0014566486821163847
coding,14,14,model.layers.14.mlp,50,0.0024163319946452475,46.0,0.0006303861278447122,48.0,0.003628048587196483,53.0,0.0024163319946452475,0.0013487964888158894,0.0006909022090186533
coding,14,14,model.layers.14.mlp,51,0.0010843373493975904,53.0,0.0003038586638219545,54.0,0.0026806258656573265,54.0,0.0010843373493975904,0.0006501467604634533,0.0005104811271467367
coding,14,14,model.layers.14.mlp,52,0.04256358768406961,8.0,0.023827124905873492,7.0,0.1850746659453774,11.0,0.04256358768406961,0.05098136045838969,0.03524442753779626
coding,14,14,model.layers.14.mlp,53,0.0029183400267737618,42.0,0.0013964909115629183,39.0,0.016805348402684633,35.0,0.0029183400267737618,0.00298798142119549,0.00320030232663312
coding,14,14,model.layers.14.mlp,54,0.016579651941097725,17.0,0.005012118787650602,20.0,0.031194357750725394,22.0,0.016579651941097725,0.010724106898457333,0.0059404526044532615
coding,14,14,model.layers.14.mlp,55,0.0,64.0,0.0,64.0,0.0,64.0,0.0,0.0,0.0
coding,14,14,model.layers.14.mlp,56,0.004002677376171352,39.0,0.0013117835927041498,41.0,0.011949784145297774,40.0,0.004002677376171352,0.0028067386412435496,0.002275639938345508
coding,14,14,model.layers.14.mlp,57,0.008453815261044178,27.0,0.0031237580530455154,26.0,0.0253068581642396,25.0,0.008453815261044178,0.0066837033807572105,0.004819275097554799
coding,14,14,model.layers.14.mlp,58,0.08892904953145916,3.0,0.046534871582684906,2.0,0.4373657275586722,3.0,0.08892904953145916,0.0995676596070105,0.08328911260607993
coding,14,14,model.layers.14.mlp,59,0.00011378848728246319,59.0,3.36567624665328e-05,59.0,0.00029788421818530223,59.0,0.00011378848728246319,7.201320117081101e-05,5.6727152194798845e-05
coding,14,14,model.layers.14.mlp,60,0.02026104417670683,15.0,0.011758897569444444,15.0,0.15293646009411996,13.0,0.02026104417670683,0.02515975376590039,0.02912423457927582
coding,14,14,model.layers.14.mlp,61,0.011880856760374833,22.0,0.0046338740378179385,21.0,0.030100975826562168,23.0,0.011880856760374833,0.00991480103344468,0.005732235991982485
coding,14,14,model.layers.14.mlp,62,0.001325301204819277,51.0,0.00043883868808567605,52.0,0.004896508184781515,50.0,0.001325301204819277,0.0009389548016709203,0.0009324594861497241
coding,14,14,model.layers.14.mlp,63,0.00431057563587684,38.0,0.0024289018051372154,31.0,0.02293792991433916,27.0,0.00431057563587684,0.005196964339378161,0.0043681516570808
coding,15,15,model.layers.15.mlp,0,0.009738955823293172,23.0,0.004327152359437751,23.0,0.10455945979798814,15.0,0.009738955823293172,0.008209116450551418,0.008746294588333276
coding,15,15,model.layers.15.mlp,1,0.03947121820615797,9.0,0.03247736061433233,7.0,1.1599392303916185,4.0,0.03947121820615797,0.06161336905739281,0.09702776040704914
coding,15,15,model.layers.15.mlp,2,0.004832663989290495,34.0,0.0018094971029953145,33.0,0.03585085580307477,28.0,0.004832663989290495,0.003432828613724633,0.002998888352171678
coding,15,15,model.layers.15.mlp,3,0.04249665327978581,8.0,0.020375218321201472,9.0,0.5165673344266143,9.0,0.04249665327978581,0.03865418316952558,0.043210342615907206
coding,15,15,model.layers.15.mlp,4,0.0021151271753681393,42.0,0.001103705185324632,38.0,0.02519821484883626,34.0,0.0021151271753681393,0.0020938584179145026,0.0021078055547899496
coding,15,15,model.layers.15.mlp,5,0.007717536813922356,28.0,0.0028850623849564928,26.0,0.04090848607391398,27.0,0.007717536813922356,0.0054733023286221445,0.0034219540829347854
coding,15,15,model.layers.15.mlp,6,0.020187416331994647,16.0,0.006858341569402611,17.0,0.0712612649810362,20.0,0.020187416331994647,0.01301107978740066,0.005960933783185184
coding,15,15,model.layers.15.mlp,7,0.0019076305220883535,43.0,0.0006938038612784471,44.0,0.020633329247215507,39.0,0.0019076305220883535,0.0013162274442809407,0.001725957424444269
coding,15,15,model.layers.15.mlp,8,0.08876171352074967,3.0,0.044209363495649266,4.0,0.6236688495927067,8.0,0.08876171352074967,0.08387035699101146,0.052169277601888386
coding,15,15,model.layers.15.mlp,9,0.0058366800535475235,31.0,0.001980748514892905,31.0,0.028040355787060187,33.0,0.0058366800535475235,0.003757712663513749,0.0023455478112562236
coding,15,15,model.layers.15.mlp,10,0.0008099062918340027,52.0,0.0004037700280287818,49.0,0.00876035156020199,46.0,0.0008099062918340027,0.0007659991846835182,0.0007327946757847148
coding,15,15,model.layers.15.mlp,11,0.005876840696117804,30.0,0.0018458403928212851,32.0,0.023459856910718332,36.0,0.005876840696117804,0.0035017761047291553,0.001962393646043271
coding,15,15,model.layers.15.mlp,12,0.01103748326639893,21.0,0.003143550765562249,25.0,0.05665406144766444,23.0,0.01103748326639893,0.005963685158077872,0.004739055767925292
coding,15,15,model.layers.15.mlp,13,0.0009170013386880857,49.0,0.00045938964190093707,47.0,0.010052247768744247,45.0,0.0009170013386880857,0.0008715161273017705,0.0008408605058807387
coding,15,15,model.layers.15.mlp,14,8.032128514056225e-05,61.0,2.3472797439759037e-05,61.0,0.000362440310967176,61.0,8.032128514056225e-05,4.4530654711733886e-05,3.031777073571909e-05
coding,15,15,model.layers.15.mlp,15,0.0014457831325301205,45.0,0.0005171663215361446,45.0,0.008704382829078868,47.0,0.0014457831325301205,0.0009811252771199314,0.0007281129472153075
coding,15,15,model.layers.15.mlp,16,0.008955823293172691,25.0,0.0027084967474062917,28.0,0.03363071054020719,30.0,0.008955823293172691,0.005138336568367798,0.002813175413950224
coding,15,15,model.layers.15.mlp,17,0.10696787148594378,1.0,0.07043615216072624,1.0,1.9194116529594942,1.0,0.10696787148594378,0.1336256566411476,0.16055687152073897
coding,15,15,model.layers.15.mlp,18,0.005287817938420348,32.0,0.0017090268626589692,35.0,0.020826175975671893,38.0,0.005287817938420348,0.003242224762917976,0.0017420888610520577
coding,15,15,model.layers.15.mlp,19,0.011954484605087015,19.0,0.004247648144661981,24.0,0.05412785798989466,24.0,0.011954484605087015,0.008058287613665085,0.004527741366775854
coding,15,15,model.layers.15.mlp,20,0.007991967871485943,27.0,0.0047169276062583665,21.0,0.06594745230004491,22.0,0.007991967871485943,0.008948565890947044,0.0055164386491727835
coding,15,15,model.layers.15.mlp,21,0.005100401606425703,33.0,0.002132115702392905,30.0,0.04603736333578945,25.0,0.005100401606425703,0.004044874003296434,0.003850979553479825
coding,15,15,model.layers.15.mlp,22,0.00605756358768407,29.0,0.0025558745398259705,29.0,0.03443451620967512,29.0,0.00605756358768407,0.00484879430803244,0.00288041295697619
coding,15,15,model.layers.15.mlp,23,0.0025100401606425703,41.0,0.0010519290704484605,39.0,0.014474466035324566,41.0,0.0025100401606425703,0.001995633044488815,0.0012107746558595838
coding,15,15,model.layers.15.mlp,24,0.02070281124497992,15.0,0.01110450264600067,12.0,0.2209201825000196,11.0,0.02070281124497992,0.021066546258223382,0.01847975305521519
coding,15,15,model.layers.15.mlp,25,6.693440428380187e-06,63.0,1.3138491465863454e-06,63.0,2.6172021306662197e-05,63.0,6.693440428380187e-06,2.4925262035807607e-06,2.1892634943070667e-06
coding,15,15,model.layers.15.mlp,26,0.0008768406961178045,50.0,0.00023660396795515396,54.0,0.003984039361218372,53.0,0.0008768406961178045,0.0004488655273184716,0.0003332609213174367
coding,15,15,model.layers.15.mlp,27,0.0006827309236947791,54.0,0.000208326796770415,56.0,0.0019151786979103344,57.0,0.0006827309236947791,0.00039522041111603195,0.00016020278905024178
coding,15,15,model.layers.15.mlp,28,0.003949129852744311,36.0,0.0012407311537817938,37.0,0.02053464563974894,40.0,0.003949129852744311,0.002353812780131734,0.0017177026390464713
coding,15,15,model.layers.15.mlp,29,0.036552878179384206,10.0,0.020703739436914323,8.0,0.7890434769677669,7.0,0.036552878179384206,0.03927742632607168,0.06600270033812512
coding,15,15,model.layers.15.mlp,30,0.09659973226238286,2.0,0.05546615498452142,3.0,1.234179783914303,3.0,0.09659973226238286,0.1052258130775484,0.10323790870701975
coding,15,15,model.layers.15.mlp,31,0.009183400267737616,24.0,0.004796837087935073,20.0,0.0845036487726163,17.0,0.009183400267737616,0.009100163566761844,0.007068645987482149
coding,15,15,model.layers.15.mlp,32,0.011331994645247657,20.0,0.00449423344419344,22.0,0.04312131070707696,26.0,0.011331994645247657,0.008526088899754043,0.0036070546577785774
coding,15,15,model.layers.15.mlp,33,0.01607764390896921,17.0,0.007143169030287818,16.0,0.06994457076352284,21.0,0.01607764390896921,0.013551430946892849,0.0058507936243571215
coding,15,15,model.layers.15.mlp,34,0.030548862115127175,11.0,0.01049328172063253,13.0,0.1431977305737844,12.0,0.030548862115127175,0.019906988346559552,0.011978347424507216
coding,15,15,model.layers.15.mlp,35,0.02210843373493976,14.0,0.00793602469774933,15.0,0.0957315446988965,16.0,0.02210843373493976,0.015055571305730809,0.008007848289867068
coding,15,15,model.layers.15.mlp,36,0.060194109772423024,6.0,0.03381422826723561,5.0,1.2819948290884893,2.0,0.060194109772423024,0.06414956407204775,0.10723758957430694
coding,15,15,model.layers.15.mlp,37,0.008821954484605087,26.0,0.00288070249748996,27.0,0.033120605074258215,31.0,0.008821954484605087,0.005465031109827177,0.0027705056001913484
coding,15,15,model.layers.15.mlp,38,0.000642570281124498,55.0,0.00016524431057563587,57.0,0.002730446405998036,56.0,0.000642570281124498,0.0003134878727687643,0.00022839912018151202
coding,15,15,model.layers.15.mlp,39,0.00018741633199464524,59.0,4.7553495230923697e-05,60.0,0.0006784901098713498,60.0,0.00018741633199464524,9.021456781616933e-05,5.675502137894194e-05
coding,15,15,model.layers.15.mlp,40,0.0025903614457831324,38.0,0.0008784421540327978,41.0,0.013835154696800304,42.0,0.0025903614457831324,0.001666507979965248,0.001157296899650839
coding,15,15,model.layers.15.mlp,41,0.004243641231593038,35.0,0.0016275649472891566,36.0,0.03251061904382514,32.0,0.004243641231593038,0.0030876819379820294,0.002719480876773273
coding,15,15,model.layers.15.mlp,42,0.0011044176706827308,47.0,0.00034012351489290496,50.0,0.004632828505323275,50.0,0.0011044176706827308,0.0006452542710304542,0.00038753148651562524
coding,15,15,model.layers.15.mlp,43,0.010609103078982596,22.0,0.00536668157003012,19.0,0.07713695624267242,19.0,0.010609103078982596,0.010181225503954696,0.006452429500393879
coding,15,15,model.layers.15.mlp,44,0.06737617135207496,5.0,0.06061884909429384,2.0,0.8430066835130234,6.0,0.06737617135207496,0.11500107922664426,0.07051666877567983
coding,15,15,model.layers.15.mlp,45,0.00016733601070950468,60.0,7.011771042503346e-05,59.0,0.0009818515241385463,59.0,0.00016733601070950468,0.00013302153525279016,8.213090129492983e-05
coding,15,15,model.layers.15.mlp,46,0.0008032128514056225,53.0,0.00041261399765729585,48.0,0.00819593709156695,48.0,0.0008032128514056225,0.000782777234203144,0.0006855819680857924
coding,15,15,model.layers.15.mlp,47,0.0011914323962516733,46.0,0.00048107142110107097,46.0,0.007123393664557931,49.0,0.0011914323962516733,0.0009126490099747922,0.0005958647795164812
coding,15,15,model.layers.15.mlp,48,0.0009504685408299866,48.0,0.0003034599334839357,52.0,0.004336527325861266,52.0,0.0009504685408299866,0.0005756991492598847,0.0003627461882035236
coding,15,15,model.layers.15.mlp,49,0.0,64.0,0.0,64.0,0.0,64.0,0.0,0.0,0.0
coding,15,15,model.layers.15.mlp,50,0.0025502008032128516,39.0,0.0007952905371485944,42.0,0.013711319194740081,44.0,0.0025502008032128516,0.0015087595927227063,0.0011469381833414257
coding,15,15,model.layers.15.mlp,51,0.0003279785809906292,58.0,8.940710759705489e-05,58.0,0.0013684731043645815,58.0,0.0003279785809906292,0.00016961578812227683,0.00011447141110051795
coding,15,15,model.layers.15.mlp,52,0.01291164658634538,18.0,0.0058318756798025435,18.0,0.13259939114571895,13.0,0.01291164658634538,0.011063753388812585,0.011091806895662675
coding,15,15,model.layers.15.mlp,53,0.028547523427041498,12.0,0.011932521753681393,11.0,0.11302670017942049,14.0,0.028547523427041498,0.022637395794733797,0.009454570806184047
coding,15,15,model.layers.15.mlp,54,0.0016398929049531458,44.0,0.0007565221824799197,43.0,0.013756733904561525,43.0,0.0016398929049531458,0.0014352114687752563,0.001150737078549085
coding,15,15,model.layers.15.mlp,55,0.003641231593038822,37.0,0.0017414057270749665,34.0,0.021761115478224544,37.0,0.003641231593038822,0.0033036512731141813,0.0018202956185027364
coding,15,15,model.layers.15.mlp,56,0.0025301204819277107,40.0,0.0009732680722891567,40.0,0.024574568645063653,35.0,0.0025301204819277107,0.0018464038885988106,0.0020556381714883394
coding,15,15,model.layers.15.mlp,57,0.023273092369477912,13.0,0.007984529262884872,14.0,0.0829065913719984,18.0,0.023273092369477912,0.015147590164903302,0.0069350537278504605
coding,15,15,model.layers.15.mlp,58,0.07140562248995984,4.0,0.03278950437165328,6.0,1.1154820110520205,5.0,0.07140562248995984,0.062205542440789297,0.09330895832377983
coding,15,15,model.layers.15.mlp,59,2.677376171352075e-05,62.0,6.497343540829987e-06,62.0,0.00011318064597715814,62.0,2.677376171352075e-05,1.232622411124018e-05,9.467448218713253e-06
coding,15,15,model.layers.15.mlp,60,0.045575635876840694,7.0,0.01992257441223226,10.0,0.48300552552004894,10.0,0.045575635876840694,0.03779546449019444,0.0404029307549307
coding,15,15,model.layers.15.mlp,61,0.0005287817938420348,57.0,0.00022090968038821954,55.0,0.0030394478718758907,55.0,0.0005287817938420348,0.0004190916197821661,0.0002542467847927874
coding,15,15,model.layers.15.mlp,62,0.0006291834002677376,56.0,0.0002598218394410977,53.0,0.0039150828960908945,54.0,0.0006291834002677376,0.0004929125575429435,0.0003274927817446015
coding,15,15,model.layers.15.mlp,63,0.0008500669344042838,51.0,0.0003081662587851406,51.0,0.004557413671868872,51.0,0.0008500669344042838,0.0005846276013324128,0.00038122311086987625
reasoning,0,0,model.layers.0.mlp,0,0.025320030120481927,8.0,0.006550172246603602,20.0,0.004228166545891805,13.0,0.025320030120481927,0.01790221339615902,0.017743098842433806
reasoning,0,0,model.layers.0.mlp,1,0.009757781124497992,41.0,0.0042288140599507406,33.0,0.0031966301163725824,25.0,0.009757781124497992,0.011557731440294629,0.013414354307449925
reasoning,0,0,model.layers.0.mlp,2,0.0032159889558232933,64.0,0.0018876470236414407,54.0,0.0008944079090140285,57.0,0.0032159889558232933,0.0051591101060549805,0.003753297738593038
reasoning,0,0,model.layers.0.mlp,3,0.009569528112449798,42.0,0.002542901709376569,52.0,0.000991620412554562,54.0,0.009569528112449798,0.006949980448273215,0.004161240765509998
reasoning,0,0,model.layers.0.mlp,4,0.008628263052208835,49.0,0.0037203409585608057,41.0,0.002226498956515278,35.0,0.008628263052208835,0.010168028448589427,0.009343291147414797
reasoning,0,0,model.layers.0.mlp,5,0.015499497991967872,22.0,0.005961559862496862,23.0,0.0036228836302965297,20.0,0.015499497991967872,0.016293482493950354,0.015203086645071723
reasoning,0,0,model.layers.0.mlp,6,0.09644829317269077,1.0,0.029417260104872615,1.0,0.035635024369002344,1.0,0.09644829317269077,0.08040003348016005,0.14953899113696958
reasoning,0,0,model.layers.0.mlp,7,0.0072948042168674695,53.0,0.0016242950316892571,59.0,0.00042716427680467776,62.0,0.0072948042168674695,0.004439345284499921,0.001792554267443962
reasoning,0,0,model.layers.0.mlp,8,0.02622991967871486,7.0,0.009666856512965926,7.0,0.004510509848863964,12.0,0.02622991967871486,0.026420393487346816,0.018927925664594284
reasoning,0,0,model.layers.0.mlp,9,0.04499246987951807,2.0,0.018936111266354482,3.0,0.01297685993745564,3.0,0.04499246987951807,0.05175410539157446,0.05445615872402455
reasoning,0,0,model.layers.0.mlp,10,0.01319339859437751,31.0,0.006784446746948732,18.0,0.0026158268260021494,28.0,0.01319339859437751,0.018542506802280017,0.010977068529512388
reasoning,0,0,model.layers.0.mlp,11,0.007310491967871486,52.0,0.0017332666849036772,57.0,0.000654568349445579,60.0,0.007310491967871486,0.004737174672267294,0.0027468338338342392
reasoning,0,0,model.layers.0.mlp,12,0.0037807479919678717,63.0,0.0008952282518746862,63.0,0.0008712753339812728,58.0,0.0037807479919678717,0.0024467398107952247,0.0036562240872050626
reasoning,0,0,model.layers.0.mlp,13,0.018637048192771084,18.0,0.00586919516444685,24.0,0.0021957224160133594,37.0,0.018637048192771084,0.016041041417210654,0.009214140321820124
reasoning,0,0,model.layers.0.mlp,14,0.011530496987951807,36.0,0.005860983607280685,25.0,0.002581571191399691,31.0,0.011530496987951807,0.016018598488510623,0.010833318016360945
reasoning,0,0,model.layers.0.mlp,15,0.021068649598393573,12.0,0.01068233198908917,6.0,0.004943006709367636,9.0,0.021068649598393573,0.029195779841736318,0.02074285761244176
reasoning,0,0,model.layers.0.mlp,16,0.010102911646586346,40.0,0.003937456981245294,39.0,0.001905250778921083,44.0,0.010102911646586346,0.010761426182799915,0.007995203718469093
reasoning,0,0,model.layers.0.mlp,17,0.012346260040160643,33.0,0.0041476789727268445,34.0,0.003069347806693799,26.0,0.012346260040160643,0.01133598190597493,0.012880226198490208
reasoning,0,0,model.layers.0.mlp,18,0.019954819277108432,15.0,0.008455850991858057,9.0,0.004632622538411234,10.0,0.019954819277108432,0.023110605828855667,0.01944035995426479
reasoning,0,0,model.layers.0.mlp,19,0.009538152610441768,43.0,0.002981591894923444,47.0,0.0013506315755152918,47.0,0.009538152610441768,0.008148960417163799,0.00566779697156545
reasoning,0,0,model.layers.0.mlp,20,0.022151104417670684,10.0,0.007526367064939445,12.0,0.004569887783916959,11.0,0.022151104417670684,0.020570242158781962,0.019177099522641235
reasoning,0,0,model.layers.0.mlp,21,0.016801581325301206,21.0,0.0036881381728084213,42.0,0.0013035307813671429,48.0,0.016801581325301206,0.010080015321485952,0.005470142967860289
reasoning,0,0,model.layers.0.mlp,22,0.016848644578313254,20.0,0.006358717340063378,22.0,0.0037517574836451366,16.0,0.016848644578313254,0.01737894981413612,0.01574389351569781
reasoning,0,0,model.layers.0.mlp,23,0.014338604417670682,24.0,0.0029145053112841993,50.0,0.0009354629753022848,56.0,0.014338604417670682,0.007965606714220832,0.003925581420238213
reasoning,0,0,model.layers.0.mlp,24,0.02232366967871486,9.0,0.007265282443249561,14.0,0.003399330163262336,22.0,0.02232366967871486,0.01985667426530079,0.014264965778945846
reasoning,0,0,model.layers.0.mlp,25,0.009318524096385542,44.0,0.003946174100699674,38.0,0.002063719066814613,42.0,0.009318524096385542,0.01078525085897588,0.008660200819450863
reasoning,0,0,model.layers.0.mlp,26,0.010275476907630521,39.0,0.0039890702948512805,37.0,0.0024338764324129737,34.0,0.010275476907630521,0.010902490038752155,0.010213531004953607
reasoning,0,0,model.layers.0.mlp,27,0.004408258032128514,59.0,0.0010616271850095696,62.0,0.0005003490728834816,61.0,0.004408258032128514,0.0029015231504880856,0.0020996673048552386
reasoning,0,0,model.layers.0.mlp,28,0.012330572289156627,34.0,0.0029457888928761922,49.0,0.0015405067977875128,46.0,0.012330572289156627,0.008051107573186243,0.006464590286099969
reasoning,0,0,model.layers.0.mlp,29,0.005114206827309237,56.0,0.0018047348083741214,55.0,0.000979093040334272,55.0,0.005114206827309237,0.004932503520001695,0.004108670839248099
reasoning,0,0,model.layers.0.mlp,30,0.013679718875502008,28.0,0.005235863497937061,30.0,0.0021857979539576097,38.0,0.013679718875502008,0.014310088670085222,0.009172493260546189
reasoning,0,0,model.layers.0.mlp,31,0.02084902108433735,13.0,0.007000612925334149,17.0,0.0032477587981366487,24.0,0.02084902108433735,0.019133308526081173,0.013628910958512928
reasoning,0,0,model.layers.0.mlp,32,0.01849585843373494,19.0,0.007146674466420369,15.0,0.0038327229967580205,15.0,0.01849585843373494,0.01953250793321939,0.016083657592253893
reasoning,0,0,model.layers.0.mlp,33,0.008800828313253012,48.0,0.003224644795000314,45.0,0.002010109637191624,43.0,0.008800828313253012,0.0088132459840033,0.008435233945898683
reasoning,0,0,model.layers.0.mlp,34,0.026245607429718876,6.0,0.007287557824069716,13.0,0.0037326405873175255,19.0,0.026245607429718876,0.019917554896513184,0.015663671278134596
reasoning,0,0,model.layers.0.mlp,35,0.008942018072289157,47.0,0.003734695863532254,40.0,0.0025229058705315173,32.0,0.008942018072289157,0.010207261702678844,0.010587134575976254
reasoning,0,0,model.layers.0.mlp,36,0.01331890060240964,30.0,0.005248548515350464,29.0,0.0032649181790679813,23.0,0.01331890060240964,0.014344757970390492,0.01370091866886091
reasoning,0,0,model.layers.0.mlp,37,0.009083207831325301,45.0,0.003989621817347515,36.0,0.0021146810497858575,41.0,0.009083207831325301,0.010903997399634992,0.00887405793488161
reasoning,0,0,model.layers.0.mlp,38,0.015091616465863454,23.0,0.008568836503239521,8.0,0.00689586860840265,6.0,0.015091616465863454,0.02341940545415925,0.02893785686900319
reasoning,0,0,model.layers.0.mlp,39,0.018950803212851405,16.5,0.004390394831278238,31.0,0.0010715799142483127,53.0,0.018950803212851405,0.011999346307830476,0.0044967832108099475
reasoning,0,0,model.layers.0.mlp,40,0.020535266064257027,14.0,0.007550603414635103,11.0,0.007768292282988508,5.0,0.020535266064257027,0.020636482295355557,0.03259889985835669
reasoning,0,0,model.layers.0.mlp,41,0.04064696285140562,3.0,0.02016887128592495,2.0,0.025632093222924025,2.0,0.04064696285140562,0.055123350062666436,0.10756264178730304
reasoning,0,0,model.layers.0.mlp,42,0.009051832329317269,46.0,0.002946692776967244,48.0,0.001241332589854144,50.0,0.009051832329317269,0.008053577970188673,0.005209134171764487
reasoning,0,0,model.layers.0.mlp,43,0.007796812248995984,50.0,0.001665597938629518,58.0,0.00038498976665509707,63.0,0.007796812248995984,0.00455222986617022,0.00161557294608558
reasoning,0,0,model.layers.0.mlp,44,0.013742469879518071,27.0,0.005688173225127071,26.0,0.0026147955137991764,29.0,0.013742469879518071,0.015546292078554772,0.010972740725922784
reasoning,0,0,model.layers.0.mlp,45,0.004549447791164659,58.0,0.001486536968185241,60.0,0.000747069610382363,59.0,0.004549447791164659,0.004062840032875541,0.00313500657916893
reasoning,0,0,model.layers.0.mlp,46,0.011938378514056224,35.0,0.005417590160446474,28.0,0.002515983954936932,33.0,0.011938378514056224,0.014806764080980283,0.01055808741540661
reasoning,0,0,model.layers.0.mlp,47,0.004282756024096386,60.0,0.0017429106685531188,56.0,0.0011581396887134518,51.0,0.004282756024096386,0.004763532552149139,0.004860023073157848
reasoning,0,0,model.layers.0.mlp,48,0.011389307228915662,37.0,0.004348571041980422,32.0,0.0025907410055667304,30.0,0.011389307228915662,0.011885038107548608,0.010871798269531344
reasoning,0,0,model.layers.0.mlp,49,0.01407191265060241,26.0,0.007146199544270833,16.0,0.004964135740565727,8.0,0.01407191265060241,0.019531209928014725,0.020831523582649787
reasoning,0,0,model.layers.0.mlp,50,0.007655622489959839,51.0,0.003610771822642131,43.0,0.0021723491360267893,39.0,0.007655622489959839,0.009868566086532313,0.009116056574982729
reasoning,0,0,model.layers.0.mlp,51,0.012801204819277108,32.0,0.004122477458662776,35.0,0.0030122746949095324,27.0,0.012801204819277108,0.01126710388785637,0.012640724312118814
reasoning,0,0,model.layers.0.mlp,52,0.0348581827309237,5.0,0.01581800223354355,4.0,0.008682828254429212,4.0,0.0348581827309237,0.04323203128477267,0.03643666309689324
reasoning,0,0,model.layers.0.mlp,53,0.018950803212851405,16.5,0.00545723849989803,27.0,0.002223221544011769,36.0,0.018950803212851405,0.01491512658000207,0.009329537797501538
reasoning,0,0,model.layers.0.mlp,54,0.004016064257028112,61.0,0.0008200833117626757,64.0,0.00024221425260165632,64.0,0.004016064257028112,0.0022413618905085713,0.001016429078256888
reasoning,0,0,model.layers.0.mlp,55,0.01422879016064257,25.0,0.006734196919513993,19.0,0.0037442384891765543,17.0,0.01422879016064257,0.018405169477399237,0.015712340770411226
reasoning,0,0,model.layers.0.mlp,56,0.007279116465863454,54.0,0.003161725270221511,46.0,0.0016522559530875948,45.0,0.007279116465863454,0.008641281229952886,0.006933534989797689
reasoning,0,0,model.layers.0.mlp,57,0.003969001004016064,62.0,0.0025819832062625504,51.0,0.005227725459150521,7.0,0.003969001004016064,0.0070567937152765286,0.02193765277125602
reasoning,0,0,model.layers.0.mlp,58,0.005882906626506024,55.0,0.0013458527714373118,61.0,0.001264385174469925,49.0,0.005882906626506024,0.003678337394344993,0.005305872150974126
reasoning,0,0,model.layers.0.mlp,59,0.013664031124497992,29.0,0.0063663314145252885,21.0,0.0034089017580880457,21.0,0.013664031124497992,0.01739975976854641,0.014305132066443986
reasoning,0,0,model.layers.0.mlp,60,0.02116277610441767,11.0,0.007814430328736821,10.0,0.004171782424280712,14.0,0.02116277610441767,0.021357545122115282,0.017506488237806254
reasoning,0,0,model.layers.0.mlp,61,0.010730421686746988,38.0,0.003412959087325866,44.0,0.002119901486257293,40.0,0.010730421686746988,0.009327925983221148,0.008895965000109052
reasoning,0,0,model.layers.0.mlp,62,0.0045808232931726905,57.0,0.0019342659946426331,53.0,0.001130822017283018,52.0,0.0045808232931726905,0.005286523971790411,0.004745387062708765
reasoning,0,0,model.layers.0.mlp,63,0.0404273343373494,4.0,0.011332255290694026,5.0,0.0037426553894746974,18.0,0.0404273343373494,0.030972079028753787,0.01570569744305347
reasoning,1,1,model.layers.1.mlp,0,0.012550200803212851,38.0,0.004823217430267947,25.0,0.004285467306552193,21.0,0.012550200803212851,0.01574116471319161,0.011677559549220751
reasoning,1,1,model.layers.1.mlp,1,0.014166039156626505,32.0,0.005170232320885103,23.0,0.005520394733142908,17.0,0.014166039156626505,0.016873690590390424,0.01504263913830789
reasoning,1,1,model.layers.1.mlp,2,0.0074046184738955825,54.5,0.002096367648327686,52.0,0.0016646996478505253,45.0,0.0074046184738955825,0.006841754270634035,0.00453617490900454
reasoning,1,1,model.layers.1.mlp,3,0.0074046184738955825,54.5,0.0016221655420510166,58.0,0.0008994530090790085,57.0,0.0074046184738955825,0.005294137234876897,0.002450938328052788
reasoning,1,1,model.layers.1.mlp,4,0.008236069277108434,50.0,0.0023564411454411395,48.0,0.0015750708592397321,47.0,0.008236069277108434,0.007690536191579119,0.00429194354718157
reasoning,1,1,model.layers.1.mlp,5,0.014040537148594377,33.0,0.0033127351937045054,41.0,0.0029603060964685695,29.0,0.014040537148594377,0.010811519714630078,0.00806660003509513
reasoning,1,1,model.layers.1.mlp,6,0.01187562751004016,40.0,0.0024366876686433233,47.0,0.0010056867864755277,55.0,0.01187562751004016,0.007952430613227939,0.0027404169713246183
reasoning,1,1,model.layers.1.mlp,7,0.03661521084337349,3.0,0.013321627574752134,2.0,0.011272441189975503,5.0,0.03661521084337349,0.043476773944714976,0.030716510906469235
reasoning,1,1,model.layers.1.mlp,8,0.016676079317269075,25.0,0.0037693039001709967,35.0,0.0017875618844603498,43.0,0.016676079317269075,0.012301587976176108,0.0048709647887845275
reasoning,1,1,model.layers.1.mlp,9,0.01538968373493976,27.0,0.007323559987018386,11.0,0.07613882988487486,1.0,0.01538968373493976,0.0239013409014388,0.20747229097494602
reasoning,1,1,model.layers.1.mlp,10,0.010149974899598393,47.0,0.0023419636799149723,50.0,0.0011096553653516025,54.0,0.010149974899598393,0.007643287197982683,0.0030237231277423656
reasoning,1,1,model.layers.1.mlp,11,0.01813504016064257,19.0,0.004671518103664659,28.0,0.013983399947604022,4.0,0.01813504016064257,0.015246075258596992,0.038103659159656585
reasoning,1,1,model.layers.1.mlp,12,0.020676455823293173,11.0,0.006683426209721699,12.0,0.00595267121324757,14.0,0.020676455823293173,0.02181218540045097,0.01622055836556037
reasoning,1,1,model.layers.1.mlp,13,0.008079191767068273,52.0,0.001830824886459902,56.0,0.0008449657349361025,60.0,0.008079191767068273,0.005975122729885853,0.0023024648144395407
reasoning,1,1,model.layers.1.mlp,14,0.014291541164658635,30.0,0.003717123743999435,36.0,0.0024937751007978863,36.0,0.014291541164658635,0.012131291603488846,0.0067953399615035956
reasoning,1,1,model.layers.1.mlp,15,0.00721636546184739,58.0,0.0014498607221856174,60.0,0.0006182185258720085,63.0,0.00721636546184739,0.00473179921267677,0.0016845965991302855
reasoning,1,1,model.layers.1.mlp,16,0.015923067269076305,26.0,0.00435198741744321,30.0,0.002137384219861862,39.0,0.015923067269076305,0.014203247470828871,0.005824202991547815
reasoning,1,1,model.layers.1.mlp,17,0.022417796184738957,8.0,0.01001733373925389,5.0,0.005714851454925166,16.0,0.022417796184738957,0.0326928036432824,0.015572518329052548
reasoning,1,1,model.layers.1.mlp,18,0.03870168172690763,2.0,0.010830247258565512,3.0,0.06391337478017232,2.0,0.03870168172690763,0.03534584713345606,0.17415889250770936
reasoning,1,1,model.layers.1.mlp,19,0.011844252008032128,41.0,0.0035469637338416166,38.0,0.002586425857592269,35.0,0.011844252008032128,0.011575953432191895,0.007047805947673313
reasoning,1,1,model.layers.1.mlp,20,0.01837035642570281,16.0,0.006074775174918424,15.0,0.006283973055671018,13.0,0.01837035642570281,0.01982577771093476,0.017123329689413717
reasoning,1,1,model.layers.1.mlp,21,0.026731927710843373,5.0,0.010320196190033572,4.0,0.01069076897868191,6.0,0.026731927710843373,0.03368123258974584,0.029131500124769286
reasoning,1,1,model.layers.1.mlp,22,0.006322163654618474,62.0,0.0012775405822508786,63.0,0.0006314914850469017,62.0,0.006322163654618474,0.00416941119154162,0.0017207643633603878
reasoning,1,1,model.layers.1.mlp,23,0.014181726907630521,31.0,0.0048057678712898465,26.0,0.003130151622673407,28.0,0.014181726907630521,0.01568421592620077,0.008529415663951583
reasoning,1,1,model.layers.1.mlp,24,0.02553965863453815,6.0,0.009032360521186307,6.0,0.006705504490518905,10.0,0.02553965863453815,0.029478222113868975,0.018271969517975366
reasoning,1,1,model.layers.1.mlp,25,0.011828564257028112,42.0,0.002493831527280999,46.0,0.002089974804254002,40.0,0.011828564257028112,0.00813892664086255,0.005695016082781041
reasoning,1,1,model.layers.1.mlp,26,0.0025571034136546186,64.0,0.0005961345381526105,64.0,0.0003521985915383365,64.0,0.0025571034136546186,0.0019455585596026804,0.0009597133128404396
reasoning,1,1,model.layers.1.mlp,27,0.007310491967871486,56.0,0.002241065703242658,51.0,0.0013216158181586,50.0,0.007310491967871486,0.007313994211923286,0.0036012986014717116
reasoning,1,1,model.layers.1.mlp,28,0.004753388554216868,63.0,0.0013175259632279117,62.0,0.0009637292525702976,56.0,0.004753388554216868,0.004299908411950826,0.002626086009105479
reasoning,1,1,model.layers.1.mlp,29,0.030151857429718876,4.0,0.00857980567288686,8.0,0.004226657999567239,22.0,0.030151857429718876,0.028001253573298888,0.011517308837865373
reasoning,1,1,model.layers.1.mlp,30,0.01849585843373494,15.0,0.006530531917709902,13.0,0.004471004327168187,19.0,0.01849585843373494,0.021313196028924584,0.012183133259587333
reasoning,1,1,model.layers.1.mlp,31,0.013444402610441768,36.0,0.0042112572604872615,31.0,0.0027915837877171942,32.0,0.013444402610441768,0.013743957253710496,0.007606845084984138
reasoning,1,1,model.layers.1.mlp,32,0.017287901606425703,22.0,0.006045115520676456,17.0,0.003975030618259706,23.0,0.017287901606425703,0.019728979772730842,0.010831644120521575
reasoning,1,1,model.layers.1.mlp,33,0.015248493975903615,28.0,0.003340066197406815,40.0,0.0012705453500164725,51.0,0.015248493975903615,0.010900717814710546,0.0034621356140363737
reasoning,1,1,model.layers.1.mlp,34,0.011530496987951807,43.0,0.0038426410721009037,34.0,0.002276987710268233,38.0,0.011530496987951807,0.012540932878129695,0.00620461146415638
reasoning,1,1,model.layers.1.mlp,35,0.019311621485943776,13.0,0.006054705884083208,16.0,0.006498500672973184,11.0,0.019311621485943776,0.019760279106055042,0.01770790048340117
reasoning,1,1,model.layers.1.mlp,36,0.00809487951807229,51.0,0.002052843331333145,53.0,0.001139585355899379,53.0,0.00809487951807229,0.00669970729623459,0.0031052799853562127
reasoning,1,1,model.layers.1.mlp,37,0.017758534136546184,20.0,0.00571221041392131,20.0,0.006293306552877942,12.0,0.017758534136546184,0.018642502914687917,0.017148762731282848
reasoning,1,1,model.layers.1.mlp,38,0.006965361445783132,59.0,0.0014043907563849147,61.0,0.0007326610281878341,61.0,0.006965361445783132,0.004583402373529444,0.001996443368725659
reasoning,1,1,model.layers.1.mlp,39,0.012409011044176707,39.0,0.0038613775169035517,33.0,0.002716425548791025,33.0,0.012409011044176707,0.012602081575662439,0.007402044826834224
reasoning,1,1,model.layers.1.mlp,40,0.020441139558232933,12.0,0.007330591898845382,10.0,0.007294794491746549,8.0,0.020441139558232933,0.02392429041261421,0.019877738174890535
reasoning,1,1,model.layers.1.mlp,41,0.01151480923694779,44.0,0.0026272693312311747,44.0,0.0019241596271010887,42.0,0.01151480923694779,0.008574417364910127,0.005243182836402698
reasoning,1,1,model.layers.1.mlp,42,0.01686433232931727,24.0,0.004906849688794239,24.0,0.0032881332400542906,26.0,0.01686433232931727,0.01601410889948044,0.008959903079367596
reasoning,1,1,model.layers.1.mlp,43,0.007671310240963855,53.0,0.0017093826968028363,57.0,0.0008676675835345689,58.0,0.007671310240963855,0.005578781171961037,0.0023643255567862764
reasoning,1,1,model.layers.1.mlp,44,0.009036144578313253,49.0,0.0023423773217871487,49.0,0.001198578603271382,52.0,0.009036144578313253,0.007644637169228296,0.0032660319197217362
reasoning,1,1,model.layers.1.mlp,45,0.014762173694779116,29.0,0.004383745921184739,29.0,0.004743142201224843,18.0,0.014762173694779116,0.014306895263130896,0.012924687447863634
reasoning,1,1,model.layers.1.mlp,46,0.017083960843373495,23.0,0.005342858862206639,21.0,0.003465590120038863,25.0,0.017083960843373495,0.01743707859022603,0.009443459045427682
reasoning,1,1,model.layers.1.mlp,47,0.07189696285140562,1.0,0.02181660602370419,1.0,0.01574307699392299,3.0,0.07189696285140562,0.07120118341479327,0.04289863996942009
reasoning,1,1,model.layers.1.mlp,48,0.009193022088353413,48.0,0.0035571056197446034,37.0,0.002608004509016449,34.0,0.009193022088353413,0.01160905272717691,0.007106606066533737
reasoning,1,1,model.layers.1.mlp,49,0.013867971887550202,34.0,0.003952332768574297,32.0,0.0029588467619161172,30.0,0.013867971887550202,0.012898925252892114,0.008062623463832425
reasoning,1,1,model.layers.1.mlp,50,0.007247740963855422,57.0,0.002040725156485316,54.0,0.0017043392352309138,44.0,0.007247740963855422,0.006660158138631647,0.004644189650228512
reasoning,1,1,model.layers.1.mlp,51,0.006730045180722892,60.0,0.002029924507600715,55.0,0.0014677245297747847,49.0,0.006730045180722892,0.006624908889440655,0.003999433287495162
reasoning,1,1,model.layers.1.mlp,52,0.013491465863453815,35.0,0.00306594419670871,43.0,0.0016288636612283238,46.0,0.013491465863453815,0.010006086870349661,0.00443852467908772
reasoning,1,1,model.layers.1.mlp,53,0.018166415662650603,18.0,0.00828441941594503,9.0,0.0058557178729763595,15.0,0.018166415662650603,0.027037224107126518,0.015956368179630843
reasoning,1,1,model.layers.1.mlp,54,0.012644327309236947,37.0,0.0035338037942786774,39.0,0.0019984848455555856,41.0,0.012644327309236947,0.011533004347007408,0.005445713179636028
reasoning,1,1,model.layers.1.mlp,55,0.011263805220883534,46.0,0.003299728454834965,42.0,0.0024349032185904413,37.0,0.011263805220883534,0.010769070618795819,0.006634918737614888
reasoning,1,1,model.layers.1.mlp,56,0.006635918674698795,61.0,0.0014718603417576556,59.0,0.000847860259140924,59.0,0.006635918674698795,0.004803597683369344,0.0023103521640214135
reasoning,1,1,model.layers.1.mlp,57,0.01742909136546185,21.0,0.004767100016276042,27.0,0.0038177595052112595,24.0,0.01742909136546185,0.015558018614203518,0.010403092773230347
reasoning,1,1,model.layers.1.mlp,58,0.018354668674698794,17.0,0.005929556237645896,18.0,0.004389596279209338,20.0,0.018354668674698794,0.019351837805854734,0.011961302766009232
reasoning,1,1,model.layers.1.mlp,59,0.018872364457831324,14.0,0.005796593355845256,19.0,0.006804512249376909,9.0,0.018872364457831324,0.01891789704879286,0.0185417578321066
reasoning,1,1,model.layers.1.mlp,60,0.02097452309236948,9.0,0.005312479164705698,22.0,0.002804128315681255,31.0,0.02097452309236948,0.017337930702076045,0.007641027931763346
reasoning,1,1,model.layers.1.mlp,61,0.011357931726907631,45.0,0.002509948240226531,45.0,0.001473999424526855,48.0,0.011357931726907631,0.008191525520506414,0.004016531879525105
reasoning,1,1,model.layers.1.mlp,62,0.020958835341365462,10.0,0.006146136057903489,14.0,0.0032231682812398576,27.0,0.020958835341365462,0.02005867275027042,0.008782878703517542
reasoning,1,1,model.layers.1.mlp,63,0.023453187751004016,7.0,0.008782842551848018,7.0,0.00941374346643806,7.0,0.023453187751004016,0.02866388945915452,0.025651706581063704
reasoning,2,2,model.layers.2.mlp,0,0.01223644578313253,41.0,0.004609303302075489,29.0,0.005177557798023953,23.0,0.01223644578313253,0.014008461917981819,0.005653529810780297
reasoning,2,2,model.layers.2.mlp,1,0.014134663654618474,34.0,0.004142393548804593,33.0,0.004877116561055662,26.0,0.014134663654618474,0.012589443235725766,0.005325469061707403
reasoning,2,2,model.layers.2.mlp,2,0.004957329317269076,61.0,0.00106593978452874,61.0,0.0006933479417203346,61.0,0.004957329317269076,0.0032395735103196398,0.0007570873007453653
reasoning,2,2,model.layers.2.mlp,3,0.012487449799196786,39.0,0.003405865895221511,45.0,0.00279425486995199,48.0,0.012487449799196786,0.010351009591727274,0.0030511302475890803
reasoning,2,2,model.layers.2.mlp,4,0.014401355421686747,31.0,0.0034645417607931726,43.0,0.00327614850521716,42.0,0.014401355421686747,0.010529335593402004,0.003577324283247497
reasoning,2,2,model.layers.2.mlp,5,0.008424322289156627,53.0,0.0017115715517097689,55.0,0.0016691691988338548,53.0,0.008424322289156627,0.005201758992781219,0.0018226156409968108
reasoning,2,2,model.layers.2.mlp,6,0.013491465863453815,38.0,0.004679806261177522,27.0,0.005427432508323805,21.0,0.013491465863453815,0.014222732481874011,0.005926375460939811
reasoning,2,2,model.layers.2.mlp,7,0.019562625502008033,16.0,0.004980646462804343,25.0,0.0038614113273727426,38.0,0.019562625502008033,0.015137037363045456,0.004216390217665615
reasoning,2,2,model.layers.2.mlp,8,0.0028237951807228916,64.0,0.0006234808619242595,64.0,0.0005997269438676925,63.0,0.0028237951807228916,0.001894865088813682,0.0006548597403930855
reasoning,2,2,model.layers.2.mlp,9,0.02088039658634538,12.0,0.0054198268905700925,22.0,0.004789981128924702,28.0,0.02088039658634538,0.01647178187740823,0.005230323284036777
reasoning,2,2,model.layers.2.mlp,10,0.00530245983935743,60.0,0.0010115994985802586,62.0,0.0006595280683687309,62.0,0.00530245983935743,0.003074424077437065,0.0007201583721560834
reasoning,2,2,model.layers.2.mlp,11,0.01606425702811245,24.0,0.005716683874168549,20.0,0.006636431735723343,17.0,0.01606425702811245,0.017373981077003844,0.0072465177828511754
reasoning,2,2,model.layers.2.mlp,12,0.008518448795180723,52.0,0.0025173171935790033,49.0,0.0029099781887164436,47.0,0.008518448795180723,0.0076505579543558536,0.003177491991476704
reasoning,2,2,model.layers.2.mlp,13,0.018558609437751002,18.0,0.00813178556511201,9.0,0.011635397616998258,5.0,0.018558609437751002,0.024713888617998395,0.012705037752178728
reasoning,2,2,model.layers.2.mlp,14,0.03361885040160643,2.0,0.015354279054695344,3.0,0.015619404314751607,4.0,0.03361885040160643,0.04666428293380355,0.017055293511891004
reasoning,2,2,model.layers.2.mlp,15,0.02459839357429719,8.0,0.01138193827556319,4.0,0.015833158405071282,3.0,0.02459839357429719,0.03459165918073822,0.017288697979584197
reasoning,2,2,model.layers.2.mlp,16,0.02403363453815261,10.0,0.007898629429828689,10.0,0.008739410195477217,10.0,0.02403363453815261,0.024005287202988557,0.009542822696759615
reasoning,2,2,model.layers.2.mlp,17,0.014369979919678715,32.0,0.004482177366693336,31.0,0.007008622571111593,15.0,0.014369979919678715,0.013622104434457827,0.0076529240587926576
reasoning,2,2,model.layers.2.mlp,18,0.00913027108433735,51.0,0.002694907437366654,48.0,0.0029461542222729274,46.0,0.00913027108433735,0.008190285111382863,0.0032169936816800323
reasoning,2,2,model.layers.2.mlp,19,0.015954442771084338,25.0,0.005677755577975966,21.0,0.005035565065708101,25.0,0.015954442771084338,0.01725567131975698,0.005498483710596115
reasoning,2,2,model.layers.2.mlp,20,0.01706827309236948,21.0,0.005941214810413529,19.0,0.009040025383585608,9.0,0.01706827309236948,0.018056369035370636,0.0098710733882715
reasoning,2,2,model.layers.2.mlp,21,0.010730421686746988,48.0,0.0037076099809393824,39.0,0.004022183385069844,36.0,0.010730421686746988,0.011268061531410158,0.004391942023437432
reasoning,2,2,model.layers.2.mlp,22,0.024331701807228916,9.0,0.006722930923523194,14.0,0.00694363990641502,16.0,0.024331701807228916,0.02043213814482339,0.007581967548720239
reasoning,2,2,model.layers.2.mlp,23,0.019311621485943776,17.0,0.006640085733559237,16.0,0.008126523291475203,13.0,0.019311621485943776,0.020180357428163778,0.00887359320332264
reasoning,2,2,model.layers.2.mlp,24,0.030026355421686746,4.0,0.009503460313421655,6.0,0.01033136231383406,6.0,0.030026355421686746,0.028882643029733625,0.011281122704129927
reasoning,2,2,model.layers.2.mlp,25,0.009930346385542169,49.0,0.0033421650469063753,46.0,0.004094039944625164,34.0,0.009930346385542169,0.0101574118071415,0.004470404344360465
reasoning,2,2,model.layers.2.mlp,26,0.01800953815261044,19.0,0.009806744066108182,5.0,0.009069202692214265,8.0,0.01800953815261044,0.029804374280948703,0.009902932961947993
reasoning,2,2,model.layers.2.mlp,27,0.015279869477911646,27.0,0.0049444757790929345,26.0,0.004387330555884882,30.0,0.015279869477911646,0.015027108462274168,0.004790657111912693
reasoning,2,2,model.layers.2.mlp,28,0.016707454819277108,22.0,0.004266409510110755,32.0,0.0035001863519769595,41.0,0.016707454819277108,0.012966348975557861,0.003821957891371188
reasoning,2,2,model.layers.2.mlp,29,0.015154367469879517,28.0,0.0046299394354762805,28.0,0.0051575250599634305,24.0,0.015154367469879517,0.01407117866060737,0.005631655466497759
reasoning,2,2,model.layers.2.mlp,30,0.020425451807228916,15.0,0.01766647583988297,2.0,0.5921651656369129,1.0,0.020425451807228916,0.05369144484731791,0.64660280916838
reasoning,2,2,model.layers.2.mlp,31,0.004282756024096386,62.0,0.0012206112045839608,60.0,0.001023036307406548,57.0,0.004282756024096386,0.0037096464379718728,0.001117083862133017
reasoning,2,2,model.layers.2.mlp,32,0.02384538152610442,11.0,0.007764839264283697,12.0,0.0075170695688201485,14.0,0.02384538152610442,0.023598675982981925,0.008208112503013239
reasoning,2,2,model.layers.2.mlp,33,0.020582329317269075,14.0,0.00783647590851688,11.0,0.008463701891552013,11.0,0.020582329317269075,0.023816392010091853,0.009241768575081686
reasoning,2,2,model.layers.2.mlp,34,0.016519201807228916,23.0,0.00689866935392939,13.0,0.006197270881423182,18.0,0.016519201807228916,0.02096623732392548,0.006766984945485019
reasoning,2,2,model.layers.2.mlp,35,0.013915035140562249,35.0,0.004028389252812029,35.0,0.00422437909156473,31.0,0.013915035140562249,0.012242964660931383,0.004612725547035546
reasoning,2,2,model.layers.2.mlp,36,0.058656501004016065,1.0,0.023318018779218436,1.0,0.029212318895193917,2.0,0.058656501004016065,0.07086745147024318,0.03189780243091268
reasoning,2,2,model.layers.2.mlp,37,0.007702685742971888,55.0,0.0023446293719801077,50.0,0.0024663611061788767,49.0,0.007702685742971888,0.007125730097729866,0.002693093265564902
reasoning,2,2,model.layers.2.mlp,38,0.01171875,44.0,0.0035675539070343875,42.0,0.0030130816548295976,45.0,0.01171875,0.010842407143078471,0.0032900737417930325
reasoning,2,2,model.layers.2.mlp,39,0.013538529116465864,37.0,0.004098823271602033,34.0,0.003679273411609143,39.0,0.013538529116465864,0.012457025703411687,0.004017508394108589
reasoning,2,2,model.layers.2.mlp,40,0.012409011044176707,40.0,0.0021525559176402875,51.0,0.0015249909371620111,55.0,0.012409011044176707,0.0065419859840884316,0.001665183096112552
reasoning,2,2,model.layers.2.mlp,41,0.014871987951807228,30.0,0.0037144733720036395,38.0,0.003214553283269416,43.0,0.014871987951807228,0.011288920551971589,0.003510066622962931
reasoning,2,2,model.layers.2.mlp,42,0.006165286144578314,58.0,0.0012678429783587475,59.0,0.0007604568960948335,60.0,0.006165286144578314,0.0038531918852729658,0.0008303655699462085
reasoning,2,2,model.layers.2.mlp,43,0.010746109437751004,46.5,0.001978740155936245,52.0,0.0009494871958313195,58.0,0.010746109437751004,0.006013730124362365,0.0010367733931691246
reasoning,2,2,model.layers.2.mlp,44,0.011295180722891566,45.0,0.004019296791658823,36.0,0.0040721577242948115,35.0,0.011295180722891566,0.012215331114718862,0.004446510495215811
reasoning,2,2,model.layers.2.mlp,45,0.012205070281124499,42.0,0.0019685408197732336,53.0,0.0008870258344801135,59.0,0.012205070281124499,0.0059827325954811775,0.000968569969432216
reasoning,2,2,model.layers.2.mlp,46,0.013616967871485943,36.0,0.0033061935240963855,47.0,0.0022419815262158713,50.0,0.013616967871485943,0.010048088190449004,0.0024480865087624266
reasoning,2,2,model.layers.2.mlp,47,0.014887675702811244,29.0,0.0052577099168157,24.0,0.00540881461826673,22.0,0.014887675702811244,0.015979080637271947,0.005906046031398401
reasoning,2,2,model.layers.2.mlp,48,0.010746109437751004,46.5,0.003583961701297377,41.0,0.0039019620148408934,37.0,0.010746109437751004,0.01089227323910814,0.004260668722974879
reasoning,2,2,model.layers.2.mlp,49,0.006196661646586345,57.0,0.0015325584564821787,57.0,0.0010730850583467871,56.0,0.006196661646586345,0.004657707546614382,0.0011717335862830689
reasoning,2,2,model.layers.2.mlp,50,0.009679342369477912,50.0,0.0034447329111367345,44.0,0.0035947673249499775,40.0,0.009679342369477912,0.010469133107719126,0.003925233677194311
reasoning,2,2,model.layers.2.mlp,51,0.02778300702811245,5.0,0.006695467784222829,15.0,0.004859016203610451,27.0,0.02778300702811245,0.020348672962381572,0.005305704741463343
reasoning,2,2,model.layers.2.mlp,52,0.011765813253012049,43.0,0.0036976978960764936,40.0,0.00314066124470796,44.0,0.011765813253012049,0.011237937008411842,0.0034293817017929623
reasoning,2,2,model.layers.2.mlp,53,0.007655622489959839,56.0,0.0019209068941782757,54.0,0.0021388225318643315,51.0,0.007655622489959839,0.005837964939944063,0.0023354441255061483
reasoning,2,2,model.layers.2.mlp,54,0.026998619477911646,6.0,0.00826467184656595,8.0,0.008304101979347361,12.0,0.026998619477911646,0.02511775277949359,0.00906749666993921
reasoning,2,2,model.layers.2.mlp,55,0.004047439759036145,63.0,0.0007731426193053464,63.0,0.00037472233866190865,64.0,0.004047439759036145,0.0023497127938686213,0.0004091704998829663
reasoning,2,2,model.layers.2.mlp,56,0.017240838353413654,20.0,0.004587043241324674,30.0,0.00450518450699279,29.0,0.017240838353413654,0.01394080978209843,0.004919345356814778
reasoning,2,2,model.layers.2.mlp,57,0.005710341365461847,59.0,0.0015932872113453816,56.0,0.0018179432716198176,52.0,0.005710341365461847,0.004842272630332037,0.0019850664891336773
reasoning,2,2,model.layers.2.mlp,58,0.020598017068273092,13.0,0.006556376874686245,18.0,0.009087846300239304,7.0,0.020598017068273092,0.019925951873816336,0.009923290473705814
reasoning,2,2,model.layers.2.mlp,59,0.007906626506024096,54.0,0.001497940844800099,58.0,0.0015758832614007686,54.0,0.007906626506024096,0.004552498697649824,0.0017207539431117922
reasoning,2,2,model.layers.2.mlp,60,0.03077936746987952,3.0,0.0066124330084007905,17.0,0.004210629530370714,32.0,0.03077936746987952,0.020096316061839266,0.004597711991006256
reasoning,2,2,model.layers.2.mlp,61,0.014322916666666666,33.0,0.0037948424557605422,37.0,0.004189968276507105,33.0,0.014322916666666666,0.011533175957920838,0.004575151351569147
reasoning,2,2,model.layers.2.mlp,62,0.015530873493975904,26.0,0.005300820591938065,23.0,0.005456696269939275,20.0,0.015530873493975904,0.01611010136017343,0.005958329435211575
reasoning,2,2,model.layers.2.mlp,63,0.025555346385542167,7.0,0.008295863507741905,7.0,0.00569553070899892,19.0,0.025555346385542167,0.02521254957829509,0.006219119883862873
reasoning,3,3,model.layers.3.mlp,0,0.03578376004016064,4.0,0.01413929031555911,3.0,0.01955905877146718,3.0,0.03578376004016064,0.04051532691938478,0.03969091266709576
reasoning,3,3,model.layers.3.mlp,1,0.027767319277108432,11.0,0.010978070607625815,8.0,0.01469484331220927,9.0,0.027767319277108432,0.03145703282735524,0.029820031187410917
reasoning,3,3,model.layers.3.mlp,2,0.014573920682730925,34.0,0.005179991205054593,31.0,0.0064593220356829375,30.0,0.014573920682730925,0.014842968241580087,0.013107807988232103
reasoning,3,3,model.layers.3.mlp,3,0.0034983684738955825,58.0,0.0008266403014401356,59.0,0.0007952748366302425,56.0,0.0034983684738955825,0.0023686904582991097,0.0016138396257123172
reasoning,3,3,model.layers.3.mlp,4,0.007655622489959839,47.0,0.0022827362918470756,47.0,0.002888921385511277,42.0,0.007655622489959839,0.006541050156750477,0.005862446028420626
reasoning,3,3,model.layers.3.mlp,5,0.002839482931726908,61.0,0.0009191735202528866,57.0,0.0008697436079752246,55.0,0.002839482931726908,0.002633839099244412,0.0017649580171653577
reasoning,3,3,model.layers.3.mlp,6,0.009522464859437751,43.0,0.0021872922598597513,49.0,0.0019082406480342195,49.0,0.009522464859437751,0.006267560747298617,0.00387236491253955
reasoning,3,3,model.layers.3.mlp,7,0.008659638554216868,46.0,0.00396069752643386,36.0,0.004245507946035948,36.0,0.008659638554216868,0.01134915201052798,0.008615347347869014
reasoning,3,3,model.layers.3.mlp,8,0.009114583333333334,45.0,0.0031073237039956703,41.0,0.004087701521207948,37.0,0.009114583333333334,0.008903858178313384,0.008295113071805998
reasoning,3,3,model.layers.3.mlp,9,0.02419051204819277,13.0,0.006357598975001569,21.0,0.0071369673884716855,26.0,0.02419051204819277,0.018217335887861966,0.014482943818185127
reasoning,3,3,model.layers.3.mlp,10,0.020707831325301206,15.0,0.006343627071763617,22.0,0.007655237324870833,22.0,0.020707831325301206,0.01817730019903049,0.015534661440385246
reasoning,3,3,model.layers.3.mlp,11,0.01586031626506024,29.0,0.005771284601295808,28.0,0.006042759248380919,31.0,0.01586031626506024,0.016537285616733215,0.012262483200145374
reasoning,3,3,model.layers.3.mlp,12,0.016127008032128513,28.0,0.0066037618491544305,17.0,0.007083906573299543,27.0,0.016127008032128513,0.018922701510827054,0.01437526827992688
reasoning,3,3,model.layers.3.mlp,13,0.003231676706827309,60.0,0.0007786884844063755,60.0,0.0005654601603942778,60.0,0.003231676706827309,0.002231287271848978,0.0011474800554141225
reasoning,3,3,model.layers.3.mlp,14,0.005004392570281124,54.0,0.000959449982547377,56.0,0.0004206079295884311,62.0,0.005004392570281124,0.0027492489961062,0.000853533536324156
reasoning,3,3,model.layers.3.mlp,15,0.01673883032128514,27.0,0.0037141210104088226,38.0,0.0025936379218960263,45.0,0.01673883032128514,0.010642601120459332,0.0052632316028528815
reasoning,3,3,model.layers.3.mlp,16,0.0006431977911646586,64.0,0.0001430741275649473,64.0,0.0001175011606114621,64.0,0.0006431977911646586,0.000409970721488109,0.00023844339130037266
reasoning,3,3,model.layers.3.mlp,17,0.0057730923694779114,52.0,0.0011940921645566642,54.0,0.0007213439846628282,57.0,0.0057730923694779114,0.0034216027352979633,0.0014638128262058237
reasoning,3,3,model.layers.3.mlp,18,0.018527233935742973,19.0,0.006158208272543298,24.0,0.007511083456533577,23.0,0.018527233935742973,0.017645993245162778,0.01524213209806614
reasoning,3,3,model.layers.3.mlp,19,0.036897590361445784,3.0,0.017262531571598894,2.0,0.02226644135024174,2.0,0.036897590361445784,0.04946479593179455,0.04518496464301796
reasoning,3,3,model.layers.3.mlp,20,0.017005522088353413,26.0,0.005731513701289533,29.0,0.007263772397201104,25.0,0.017005522088353413,0.01642332437966467,0.014740267372760863
reasoning,3,3,model.layers.3.mlp,21,0.0042043172690763055,56.0,0.0011912273115901105,55.0,0.001448150987860309,53.0,0.0042043172690763055,0.0034133936631362462,0.002938711676237801
reasoning,3,3,model.layers.3.mlp,22,0.01127949297188755,36.0,0.00274114340663435,43.0,0.0026873585869264544,43.0,0.01127949297188755,0.007854589500188447,0.005453417581344413
reasoning,3,3,model.layers.3.mlp,23,0.014715110441767069,33.0,0.00290462386655999,42.0,0.0024658001826778726,47.0,0.014715110441767069,0.008323033398785686,0.005003812343360259
reasoning,3,3,model.layers.3.mlp,24,0.002494352409638554,63.0,0.0006561279296875,61.0,0.0006295949857435133,58.0,0.002494352409638554,0.0018800970189412926,0.0012776279209939037
reasoning,3,3,model.layers.3.mlp,25,0.00494164156626506,55.0,0.0012865641030920557,53.0,0.001521305214047028,52.0,0.00494164156626506,0.003686575781116812,0.0030871624803757666
reasoning,3,3,model.layers.3.mlp,26,0.010212725903614458,40.5,0.0024580591653724274,45.0,0.0016447977808324702,50.0,0.010212725903614458,0.0070434278135349205,0.0033377641448314637
reasoning,3,3,model.layers.3.mlp,27,0.005208333333333333,53.0,0.0012985903575238455,52.0,0.0015780982247228365,51.0,0.005208333333333333,0.0037210363246833783,0.0032024117085300034
reasoning,3,3,model.layers.3.mlp,28,0.01813504016064257,20.0,0.006503568595671749,19.0,0.009769978695062837,13.0,0.01813504016064257,0.01863560347907502,0.019826075256280693
reasoning,3,3,model.layers.3.mlp,29,0.015248493975903615,31.0,0.006216225375133346,23.0,0.008587453966907948,15.0,0.015248493975903615,0.017812237931132954,0.017426395074310663
reasoning,3,3,model.layers.3.mlp,30,0.019782254016064257,18.0,0.0064913891405465616,20.0,0.008020223866415072,18.0,0.019782254016064257,0.01860070394769232,0.016275323305271653
reasoning,3,3,model.layers.3.mlp,31,0.025649472891566265,12.0,0.010218424969408885,10.0,0.016636478514541465,8.0,0.025649472891566265,0.0292803117410518,0.03376016318187831
reasoning,3,3,model.layers.3.mlp,32,0.010620607429718876,39.0,0.004220679103131275,34.0,0.005674264661174821,33.0,0.010620607429718876,0.012094114334508408,0.011514702509367397
reasoning,3,3,model.layers.3.mlp,33,0.017193775100401605,24.0,0.005881558460404116,27.0,0.008461193715495217,16.0,0.017193775100401605,0.016853269046786905,0.017170176987811592
reasoning,3,3,model.layers.3.mlp,34,0.005788780120481928,50.5,0.0019321211849350527,50.0,0.0025953980133285276,44.0,0.005788780120481928,0.005536382640744817,0.0052668033307233155
reasoning,3,3,model.layers.3.mlp,35,0.03979982429718876,2.0,0.011702020484280873,6.0,0.014186413092917415,10.0,0.03979982429718876,0.03353146975249933,0.02878828115960978
reasoning,3,3,model.layers.3.mlp,36,0.014966114457831326,32.0,0.004075689966898845,35.0,0.003514377264694935,38.0,0.014966114457831326,0.011678656265318617,0.007131674520847616
reasoning,3,3,model.layers.3.mlp,37,0.011075552208835342,38.0,0.0031957971044333584,40.0,0.0030377762091540576,41.0,0.011075552208835342,0.009157373642131119,0.006164514950770838
reasoning,3,3,model.layers.3.mlp,38,0.017805597389558232,21.0,0.005446499131290788,30.0,0.0052180645817210035,34.0,0.017805597389558232,0.015606631446527849,0.010588942342485638
reasoning,3,3,model.layers.3.mlp,39,0.00685554718875502,49.0,0.007447453387769829,12.0,0.08647988443393784,1.0,0.00685554718875502,0.021340251313061945,0.17549236804458368
reasoning,3,3,model.layers.3.mlp,40,0.01702120983935743,25.0,0.006951925744972076,15.0,0.0069160068763679935,28.0,0.01702120983935743,0.01992034522177456,0.014034551874009454
reasoning,3,3,model.layers.3.mlp,41,0.009773468875502008,42.0,0.003892477257663466,37.0,0.006483877408710948,29.0,0.009773468875502008,0.011153670736003242,0.013157637848541359
reasoning,3,3,model.layers.3.mlp,42,0.028285015060240965,10.0,0.010812414697853916,9.0,0.013315341902904242,11.0,0.028285015060240965,0.030982355301768894,0.027020629099579564
reasoning,3,3,model.layers.3.mlp,43,0.0033414909638554216,59.0,0.0005253864579411395,63.0,0.00040677546232005573,63.0,0.0033414909638554216,0.0015054648166520194,0.0008254635122634652
reasoning,3,3,model.layers.3.mlp,44,0.0025571034136546186,62.0,0.0006453426008722389,62.0,0.0006044146320343122,59.0,0.0025571034136546186,0.0018491922766854163,0.0012265297965045772
reasoning,3,3,model.layers.3.mlp,45,0.020017570281124497,16.0,0.006509880464239772,18.0,0.008158255770548161,17.0,0.020017570281124497,0.018653689777099768,0.01655542943492916
reasoning,3,3,model.layers.3.mlp,46,0.01311495983935743,35.0,0.00455367613030246,33.0,0.005903710133814997,32.0,0.01311495983935743,0.01304829825165859,0.01198031286019404
reasoning,3,3,model.layers.3.mlp,47,0.015483810240963855,30.0,0.006077241706082141,25.0,0.007987956407977396,19.0,0.015483810240963855,0.01741398818433564,0.01620984342253275
reasoning,3,3,model.layers.3.mlp,48,0.005788780120481928,50.5,0.001921749497991968,51.0,0.002460791057314215,48.0,0.005788780120481928,0.0055066631655925034,0.004993647398325302
reasoning,3,3,model.layers.3.mlp,49,0.017601656626506024,22.0,0.006759000111775226,16.0,0.008814994260261068,14.0,0.017601656626506024,0.01936752786491625,0.01788813927259994
reasoning,3,3,model.layers.3.mlp,50,0.007028112449799197,48.0,0.0024526511808954567,46.0,0.003156885875942537,40.0,0.007028112449799197,0.007027931543625369,0.006406222460193787
reasoning,3,3,model.layers.3.mlp,51,0.029398845381526106,8.0,0.010147661569128075,11.0,0.010542074308158404,12.0,0.029398845381526106,0.029077543268779225,0.021392877621777398
reasoning,3,3,model.layers.3.mlp,52,0.017476154618473894,23.0,0.006026302475527108,26.0,0.00768859854157842,21.0,0.017476154618473894,0.017268024735470882,0.015602360870827192
reasoning,3,3,model.layers.3.mlp,53,0.0038905622489959837,57.0,0.0008946767293784513,58.0,0.0005559536561100598,61.0,0.0038905622489959837,0.0025636449474444882,0.0011281886449366048
reasoning,3,3,model.layers.3.mlp,54,0.028363453815261043,9.0,0.007189815781681413,13.0,0.007719968187521739,20.0,0.028363453815261043,0.020602005502668375,0.01566601883576722
reasoning,3,3,model.layers.3.mlp,55,0.011169678714859438,37.0,0.002252754916148971,48.0,0.0012506346427975784,54.0,0.011169678714859438,0.006455140241132935,0.002537894638270451
reasoning,3,3,model.layers.3.mlp,56,0.034748368473895584,5.0,0.011088221906179405,7.0,0.018151197335626704,7.0,0.034748368473895584,0.03177266506715603,0.03683395999108902
reasoning,3,3,model.layers.3.mlp,57,0.031391189759036146,6.0,0.012386459902108434,5.0,0.018365198402220465,5.0,0.031391189759036146,0.035492691719862295,0.037268229234005204
reasoning,3,3,model.layers.3.mlp,58,0.010212725903614458,40.5,0.003466073767727159,39.0,0.004985739606017449,35.0,0.010212725903614458,0.009931835947355791,0.010117488658094299
reasoning,3,3,model.layers.3.mlp,59,0.0294929718875502,7.0,0.012388282990359876,4.0,0.018262431997970403,6.0,0.0294929718875502,0.0354979156748743,0.03705968686886078
reasoning,3,3,model.layers.3.mlp,60,0.00941265060240964,44.0,0.002598789322328376,44.0,0.0025355134798792645,46.0,0.00941265060240964,0.00744668202143617,0.005145280520499346
reasoning,3,3,model.layers.3.mlp,61,0.05529932228915663,1.0,0.027193889081717496,1.0,0.018841097842019247,4.0,0.05529932228915663,0.07792253230297333,0.03823396502549065
reasoning,3,3,model.layers.3.mlp,62,0.023170808232931727,14.0,0.007007752077646524,14.0,0.007445423444920036,24.0,0.023170808232931727,0.02008031238197401,0.015108889194247304
reasoning,3,3,model.layers.3.mlp,63,0.019860692771084338,17.0,0.004776851240410863,32.0,0.0031875167696560963,39.0,0.019860692771084338,0.013687793752812677,0.006468381286009758
reasoning,4,4,model.layers.4.mlp,0,0.009632279116465864,41.0,0.0026344850838902487,42.0,0.004663987210521616,36.0,0.009632279116465864,0.00804289544235925,0.007749070224321332
reasoning,4,4,model.layers.4.mlp,1,0.00450238453815261,57.5,0.0013875846403190889,55.0,0.00223919223403992,52.0,0.00450238453815261,0.004236197140668657,0.0037203485095727165
reasoning,4,4,model.layers.4.mlp,2,0.02635542168674699,9.0,0.009092016871195721,9.0,0.01797003405221016,9.0,0.02635542168674699,0.027757280351426678,0.029856654728786968
reasoning,4,4,model.layers.4.mlp,3,0.0030904869477911645,60.0,0.000769373882247741,60.0,0.0009666416935723679,60.0,0.0030904869477911645,0.0023488436996056215,0.001606045219924915
reasoning,4,4,model.layers.4.mlp,4,0.0028551706827309236,61.0,0.0006355377564947289,61.0,0.0006231197410115381,62.0,0.0028551706827309236,0.0019402515339394584,0.0010352941406799663
reasoning,4,4,model.layers.4.mlp,5,0.01466804718875502,25.0,0.0050081766274080695,24.0,0.009545737036866656,19.0,0.01466804718875502,0.015289606768860544,0.015859946286883565
reasoning,4,4,model.layers.4.mlp,6,0.01766440763052209,19.0,0.005349829493756275,20.0,0.005547242815116323,32.0,0.01766440763052209,0.01633264865147514,0.009216572041348035
reasoning,4,4,model.layers.4.mlp,7,0.015091616465863454,23.0,0.00620589198836361,19.0,0.008163008007270482,25.0,0.015091616465863454,0.018946146514247197,0.013562584851720003
reasoning,4,4,model.layers.4.mlp,8,0.020535266064257027,16.0,0.006769678200105108,15.0,0.011185997066155345,17.0,0.020535266064257027,0.020667345689224032,0.01858518749775813
reasoning,4,4,model.layers.4.mlp,9,0.03619164156626506,4.0,0.013728298815378702,5.0,0.02639349664647476,6.0,0.03619164156626506,0.04191151912331537,0.043851976805924515
reasoning,4,4,model.layers.4.mlp,10,0.009491089357429719,42.0,0.0030690388507153615,37.0,0.005019307246171761,33.0,0.009491089357429719,0.009369557161580944,0.008339423453024415
reasoning,4,4,model.layers.4.mlp,11,0.01490336345381526,24.0,0.003483186285179782,34.0,0.003714015326803049,40.0,0.01490336345381526,0.010633919800598043,0.006170721376910426
reasoning,4,4,model.layers.4.mlp,12,0.005522088353413655,53.0,0.0016308826615053966,51.0,0.0016752686627381239,53.0,0.005522088353413655,0.004978968681756608,0.002783406970515843
reasoning,4,4,model.layers.4.mlp,13,0.010667670682730925,34.0,0.003255361534026732,35.0,0.0059094751299542175,31.0,0.010667670682730925,0.00993838705155712,0.00981840980772634
reasoning,4,4,model.layers.4.mlp,14,0.013099272088353413,31.0,0.015337886580501694,4.0,0.07696655421353218,1.0,0.013099272088353413,0.04682547600215577,0.12787754481384883
reasoning,4,4,model.layers.4.mlp,15,0.004690637550200803,55.0,0.0011412226052648093,56.0,0.001047225066845915,59.0,0.004690637550200803,0.0034840713833337706,0.0017399319975302887
reasoning,4,4,model.layers.4.mlp,16,0.00597703313253012,51.0,0.001608055758189006,52.0,0.0016732065029415194,54.0,0.00597703313253012,0.004909279770716935,0.002779980755915252
reasoning,4,4,model.layers.4.mlp,17,0.07280685240963855,1.0,0.021460797413285958,1.0,0.03025402390888058,4.0,0.07280685240963855,0.06551828695489532,0.05026612322377971
reasoning,4,4,model.layers.4.mlp,18,0.0059456576305220886,52.0,0.0019430290743050326,46.0,0.002682698956021224,48.0,0.0059456576305220886,0.00593192946191321,0.004457221184917664
reasoning,4,4,model.layers.4.mlp,19,0.0034042419678714858,59.0,0.0007752261487355672,59.0,0.0012269323627673928,58.0,0.0034042419678714858,0.0023667102526372693,0.0020385101009986906
reasoning,4,4,model.layers.4.mlp,20,0.008141942771084338,45.0,0.002622566069943838,43.0,0.004234849252545436,39.0,0.008141942771084338,0.008006507541158668,0.007036070805116799
reasoning,4,4,model.layers.4.mlp,21,0.022386420682730925,13.0,0.006513036398523782,17.0,0.011539247118864194,16.0,0.022386420682730925,0.019883836536380674,0.019172101513948138
reasoning,4,4,model.layers.4.mlp,22,0.006667294176706827,49.5,0.0018739049214435868,49.0,0.0028569949234473,47.0,0.006667294176706827,0.005720898343382334,0.004746808533775259
reasoning,4,4,model.layers.4.mlp,23,0.0221667921686747,14.0,0.006313691656273532,18.0,0.010851346580947498,18.0,0.0221667921686747,0.01927525122735502,0.018029176086614317
reasoning,4,4,model.layers.4.mlp,24,0.006667294176706827,49.5,0.001972535527853602,45.0,0.0032473749394180723,43.0,0.006667294176706827,0.006022010564371203,0.0053954128333549905
reasoning,4,4,model.layers.4.mlp,25,0.010008785140562249,40.0,0.001994443227009601,44.0,0.0025678297269146845,51.0,0.010008785140562249,0.006088893210536795,0.0042663695202835574
reasoning,4,4,model.layers.4.mlp,26,0.004518072289156626,56.0,0.0010798657275586721,57.0,0.001647103239593272,56.0,0.004518072289156626,0.003296753202988878,0.002736610992740687
reasoning,4,4,model.layers.4.mlp,27,0.028645833333333332,6.0,0.009681969761369697,8.0,0.021204277753351205,7.0,0.028645833333333332,0.02955836453315235,0.03523025041665077
reasoning,4,4,model.layers.4.mlp,28,0.008706701807228916,44.0,0.00271174419357116,41.0,0.0030756423048334696,44.0,0.008706701807228916,0.00827876200502574,0.0051100843825818655
reasoning,4,4,model.layers.4.mlp,29,0.02638679718875502,8.0,0.008462653102644956,10.0,0.014245931358809721,12.0,0.02638679718875502,0.025835877563224797,0.02366917350485867
reasoning,4,4,model.layers.4.mlp,30,0.007169302208835341,46.0,0.001930910899457204,47.0,0.003071254042134317,45.0,0.007169302208835341,0.0058949335366565775,0.005102793420089132
reasoning,4,4,model.layers.4.mlp,31,0.026214231927710843,10.0,0.00794007021739301,12.0,0.016325553781895274,11.0,0.026214231927710843,0.024240469211228632,0.02712440171822269
reasoning,4,4,model.layers.4.mlp,32,0.010573544176706827,36.0,0.002837506642782066,40.0,0.002900383554059586,46.0,0.010573544176706827,0.008662705810881226,0.004818897399026272
reasoning,4,4,model.layers.4.mlp,33,0.015797565261044175,21.0,0.004951231929671812,25.0,0.008305056402123118,24.0,0.015797565261044175,0.015115758659911238,0.013798593858023022
reasoning,4,4,model.layers.4.mlp,34,0.010824548192771084,33.0,0.003955519342996988,30.0,0.006461536427623177,29.0,0.010824548192771084,0.012075919006144457,0.010735642546726131
reasoning,4,4,model.layers.4.mlp,35,0.01794678714859438,18.0,0.007161611534026732,14.0,0.012076710893615452,15.0,0.01794678714859438,0.021863890260450845,0.020065080920962965
reasoning,4,4,model.layers.4.mlp,36,0.013852284136546185,29.0,0.004414845661944653,27.0,0.007128539729870886,27.0,0.013852284136546185,0.013478209563722629,0.011843847864551962
reasoning,4,4,model.layers.4.mlp,37,0.00450238453815261,57.5,0.0010242079156469628,58.0,0.0013252340264648318,57.0,0.00450238453815261,0.003126833864863286,0.002201835269095342
reasoning,4,4,model.layers.4.mlp,38,0.015640687751004016,22.0,0.005116183116254079,23.0,0.008992862911992165,20.0,0.015640687751004016,0.015619342891565037,0.01494136306066938
reasoning,4,4,model.layers.4.mlp,39,0.022543298192771084,12.0,0.007911130606410015,13.0,0.017328341285806584,10.0,0.022543298192771084,0.024152118638776324,0.028790502081952368
reasoning,4,4,model.layers.4.mlp,40,0.004878890562248996,54.0,0.0014137359986822289,54.0,0.0026083444899703606,49.0,0.004878890562248996,0.004316035376336256,0.004333683543643639
reasoning,4,4,model.layers.4.mlp,41,0.025131777108433735,11.0,0.01211538659520896,7.0,0.019825907850480943,8.0,0.025131777108433735,0.03698741291984704,0.032940131535463255
reasoning,4,4,model.layers.4.mlp,42,0.019515562248995984,17.0,0.005247767191814132,21.0,0.00840433083295104,22.0,0.019515562248995984,0.016021059708289702,0.013963535248563213
reasoning,4,4,model.layers.4.mlp,43,0.0668925702811245,2.0,0.019893554319818336,3.0,0.03223727745224673,3.0,0.0668925702811245,0.06073360534458758,0.05356123752973417
reasoning,4,4,model.layers.4.mlp,44,0.017131024096385544,20.0,0.005239892676173444,22.0,0.008748149192596534,21.0,0.017131024096385544,0.015997019372535077,0.014534778798994376
reasoning,4,4,model.layers.4.mlp,45,0.010134287148594377,39.0,0.0029043787454505524,39.0,0.004903254839759993,35.0,0.010134287148594377,0.008866861580470604,0.008146605975961547
reasoning,4,4,model.layers.4.mlp,46,0.059440888554216864,3.0,0.021234412748650854,2.0,0.03829869780695088,2.0,0.059440888554216864,0.06482715068749047,0.06363209961995848
reasoning,4,4,model.layers.4.mlp,47,0.010479417670682731,37.5,0.0018591287145652924,50.0,0.0016725944512571398,55.0,0.010479417670682731,0.005675787635531485,0.0027789638510076933
reasoning,4,4,model.layers.4.mlp,48,0.020911772088353413,15.0,0.0066751993324861945,16.0,0.012576935427585041,14.0,0.020911772088353413,0.020378908431249763,0.020896188483375263
reasoning,4,4,model.layers.4.mlp,49,0.006761420682730924,48.0,0.0019222397402108434,48.0,0.0025833153047123887,50.0,0.006761420682730924,0.005868461104677749,0.004292098327932921
reasoning,4,4,model.layers.4.mlp,50,0.010636295180722892,35.0,0.0032210752188441263,36.0,0.004503993750185178,38.0,0.010636295180722892,0.009833713371753906,0.007483246047792218
reasoning,4,4,model.layers.4.mlp,51,0.0068084839357429715,47.0,0.0016007174449752133,53.0,0.0035500980415250584,42.0,0.0068084839357429715,0.004886876422805523,0.005898377886831
reasoning,4,4,model.layers.4.mlp,52,0.010479417670682731,37.5,0.004077987977299824,28.0,0.007157250647161934,26.0,0.010479417670682731,0.012449807029534488,0.011891550163947447
reasoning,4,4,model.layers.4.mlp,53,0.002196285140562249,62.0,0.0005092697449956074,62.0,0.0007374962928787203,61.0,0.002196285140562249,0.0015547642824032273,0.0012253272373477853
reasoning,4,4,model.layers.4.mlp,54,0.00147464859437751,63.0,0.0003168496740869729,63.0,0.0003531228362425533,64.0,0.00147464859437751,0.0009673195020956485,0.0005867026499733977
reasoning,4,4,model.layers.4.mlp,55,0.001207956827309237,64.0,0.0002880326236586973,64.0,0.0004428103049547527,63.0,0.001207956827309237,0.0008793430982932157,0.0007357156000356532
reasoning,4,4,model.layers.4.mlp,56,0.014573920682730925,28.0,0.004005707890154368,29.0,0.006556628046236581,28.0,0.014573920682730925,0.012229141068269268,0.01089363432438738
reasoning,4,4,model.layers.4.mlp,57,0.009051832329317269,43.0,0.0029938632704646713,38.0,0.00462385598639303,37.0,0.009051832329317269,0.009140051465962369,0.007682393439003644
reasoning,4,4,model.layers.4.mlp,58,0.011703062248995984,32.0,0.003920589584902108,31.0,0.006391457620967015,30.0,0.011703062248995984,0.011969280940929387,0.010619208781043806
reasoning,4,4,model.layers.4.mlp,59,0.027877133534136546,7.0,0.008038501662901607,11.0,0.012736232225674701,13.0,0.027877133534136546,0.02454097340816145,0.021160855177169275
reasoning,4,4,model.layers.4.mlp,60,0.014605296184738955,26.0,0.00453408176161678,26.0,0.008334280756567735,23.0,0.014605296184738955,0.013842228888972142,0.013847149217338955
reasoning,4,4,model.layers.4.mlp,61,0.013695406626506024,30.0,0.003525010074477598,33.0,0.004962899494003579,34.0,0.013695406626506024,0.010761604852368718,0.008245703720740145
reasoning,4,4,model.layers.4.mlp,62,0.03336784638554217,5.0,0.012425204357468939,6.0,0.029195802016969186,5.0,0.03336784638554217,0.03793326449565597,0.048507920342168796
reasoning,4,4,model.layers.4.mlp,63,0.014589608433734939,27.0,0.0038365360244689696,32.0,0.003619039375110563,41.0,0.014589608433734939,0.011712671403735317,0.006012921776254036
reasoning,5,5,model.layers.5.mlp,0,0.0520519578313253,2.0,0.01439236254098425,6.0,0.024373962874917023,6.0,0.0520519578313253,0.04153716217411205,0.03575774753195909
reasoning,5,5,model.layers.5.mlp,1,0.017131024096385544,21.0,0.005462294122780183,23.0,0.009462498885815043,26.0,0.017131024096385544,0.015764485933044275,0.013881929988849642
reasoning,5,5,model.layers.5.mlp,2,0.0008471385542168675,62.0,0.00017097197383283134,62.0,0.0002121731833401454,63.0,0.0008471385542168675,0.0004934346660667633,0.00031126801833018775
reasoning,5,5,model.layers.5.mlp,3,0.0003451305220883534,64.0,7.836215467338103e-05,64.0,0.00014476990561004742,64.0,0.0003451305220883534,0.00022615755528059984,0.0002123842463203574
reasoning,5,5,model.layers.5.mlp,4,0.0040945030120481925,54.0,0.0011577836002211973,53.0,0.0025705252923669823,50.0,0.0040945030120481925,0.0033414281378730737,0.0037710812517714886
reasoning,5,5,model.layers.5.mlp,5,0.00980484437751004,42.0,0.0023595357994477912,45.0,0.0020485058727012164,53.0,0.00980484437751004,0.006809752108327833,0.0030052542620866273
reasoning,5,5,model.layers.5.mlp,6,0.01490336345381526,26.0,0.005181247450740462,25.0,0.010035405503997362,24.0,0.01490336345381526,0.014953369539765175,0.014722410887154187
reasoning,5,5,model.layers.5.mlp,7,0.008079191767068273,45.0,0.0024227157654053717,44.0,0.005347683434337228,40.0,0.008079191767068273,0.006992093018978311,0.007845302592245024
reasoning,5,5,model.layers.5.mlp,8,0.022715863453815262,12.0,0.007026810243905309,17.0,0.016387969182512487,10.0,0.022715863453815262,0.02027976684416166,0.024041919961765856
reasoning,5,5,model.layers.5.mlp,9,0.012644327309236947,35.0,0.0038099480441296436,35.0,0.007755825979575275,31.0,0.012644327309236947,0.010995722858794209,0.011378160732527419
reasoning,5,5,model.layers.5.mlp,10,0.01606425702811245,24.0,0.005729108450403175,22.0,0.01164165454454735,20.0,0.01606425702811245,0.016534526985393625,0.017078853619105033
reasoning,5,5,model.layers.5.mlp,11,0.013820908634538153,30.0,0.004096341420368976,30.0,0.00820065484602887,30.0,0.013820908634538153,0.01182227013903185,0.012030745557703466
reasoning,5,5,model.layers.5.mlp,12,0.004659262048192771,50.0,0.0012391638085545306,52.0,0.0022119531145199656,52.0,0.004659262048192771,0.0035762959645887233,0.0032450390372478475
reasoning,5,5,model.layers.5.mlp,13,0.013899347389558232,28.0,0.0034311899698402986,39.0,0.006019772146360941,39.0,0.013899347389558232,0.009902605900983403,0.008831288277336674
reasoning,5,5,model.layers.5.mlp,14,0.034701305220883535,6.0,0.014450379643574297,5.0,0.02767091895262879,5.0,0.034701305220883535,0.041704602772713734,0.040594536840935044
reasoning,5,5,model.layers.5.mlp,15,0.007279116465863454,48.0,0.0016672065459102034,48.0,0.0033069466470729515,47.0,0.007279116465863454,0.004811651212788128,0.004851445943137213
reasoning,5,5,model.layers.5.mlp,16,0.0021178463855421686,57.0,0.0006481921337694528,56.0,0.0014920218756055855,54.0,0.0021178463855421686,0.001870718702624082,0.0021888661197136667
reasoning,5,5,model.layers.5.mlp,17,0.02990085341365462,8.0,0.009026477614559802,10.0,0.014057922951248756,14.0,0.02990085341365462,0.02605091856665542,0.020623632779542315
reasoning,5,5,model.layers.5.mlp,18,0.01614269578313253,23.0,0.004968359767193775,27.0,0.010601183746466375,21.0,0.01614269578313253,0.014338963794275591,0.015552434123716263
reasoning,5,5,model.layers.5.mlp,19,0.010918674698795181,40.0,0.004079673184927209,31.0,0.007538581603621862,33.0,0.010918674698795181,0.011774164680547922,0.01105945303661662
reasoning,5,5,model.layers.5.mlp,20,0.009381275100401607,44.0,0.00273893731664941,43.0,0.004760647220649274,41.0,0.009381275100401607,0.00790472607832276,0.006984092914159696
reasoning,5,5,model.layers.5.mlp,21,0.06173130020080321,1.0,0.02907009201356206,1.0,0.0918296740117322,1.0,0.06173130020080321,0.0838979092518823,0.1347184418104109
reasoning,5,5,model.layers.5.mlp,22,0.020190135542168676,16.0,0.006855960830627197,19.0,0.015010509991562032,12.0,0.020190135542168676,0.019786685894701395,0.02202112267745266
reasoning,5,5,model.layers.5.mlp,23,0.004408258032128514,53.0,0.0012977630737794929,51.0,0.0025544308247998446,51.0,0.004408258032128514,0.003745416717071283,0.003747469912455006
reasoning,5,5,model.layers.5.mlp,24,0.01371109437751004,33.0,0.003731279488069465,36.0,0.007528175443717574,34.0,0.01371109437751004,0.01076868101199736,0.011044186711622843
reasoning,5,5,model.layers.5.mlp,25,0.0338855421686747,7.0,0.012309859555409136,7.0,0.019160832963831514,9.0,0.0338855421686747,0.035526942240200456,0.028109841273607796
reasoning,5,5,model.layers.5.mlp,26,0.0023688504016064257,56.0,0.0005807991487434111,57.0,0.0003533554469126774,60.0,0.0023688504016064257,0.0016762187836251849,0.0005183890253951618
reasoning,5,5,model.layers.5.mlp,27,0.020676455823293173,14.0,0.008261730393252698,12.0,0.022983014441458095,7.0,0.020676455823293173,0.02384381537125034,0.03371716089576698
reasoning,5,5,model.layers.5.mlp,28,0.002447289156626506,55.0,0.0006802723589671185,55.0,0.0009635596689917745,56.0,0.002447289156626506,0.001963304024375319,0.0014135872591831556
reasoning,5,5,model.layers.5.mlp,29,0.0008314508032128514,63.0,0.00019036718161709337,61.0,0.00033825996470259855,61.0,0.0008314508032128514,0.0005494103190453048,0.0004962432444849651
reasoning,5,5,model.layers.5.mlp,30,0.01546812248995984,25.0,0.004054364430377761,32.0,0.006395422380387664,38.0,0.01546812248995984,0.01170112220130578,0.009382384801836268
reasoning,5,5,model.layers.5.mlp,31,0.023421812248995984,11.0,0.007366272340337914,13.0,0.0100806870733399,23.0,0.023421812248995984,0.021259473415013573,0.014788841074674805
reasoning,5,5,model.layers.5.mlp,32,0.012628639558232931,36.0,0.003831564661968185,34.0,0.007733134730965887,32.0,0.012628639558232931,0.011058109625265553,0.011344871605801356
reasoning,5,5,model.layers.5.mlp,33,0.0045808232931726905,52.0,0.001436838663246737,50.0,0.0030015443676585205,49.0,0.0045808232931726905,0.004146796636296559,0.0044034064651488295
reasoning,5,5,model.layers.5.mlp,34,0.007749748995983936,47.0,0.002004018270347013,47.0,0.0038704352709792,43.0,0.007749748995983936,0.00578370866202449,0.00567811020180423
reasoning,5,5,model.layers.5.mlp,35,0.01378953313253012,31.0,0.004833343996101594,28.0,0.008771763193462208,28.0,0.01378953313253012,0.013949300737640611,0.012868588308417231
reasoning,5,5,model.layers.5.mlp,36,0.01997050702811245,18.0,0.006503752436503828,20.0,0.013031654843937111,16.0,0.01997050702811245,0.018770192796773538,0.019118049298116908
reasoning,5,5,model.layers.5.mlp,37,0.013020833333333334,34.0,0.003875073658893386,33.0,0.007179250284733932,36.0,0.013020833333333334,0.011183679020572865,0.010532297126555595
reasoning,5,5,model.layers.5.mlp,38,0.04154116465863454,5.0,0.01470830833098017,4.0,0.028821820238218027,4.0,0.04154116465863454,0.042448999371091874,0.04228296304456473
reasoning,5,5,model.layers.5.mlp,39,0.013726782128514057,32.0,0.005933799896853037,21.0,0.009306018730722758,27.0,0.013726782128514057,0.017125277932823556,0.013652366256917077
reasoning,5,5,model.layers.5.mlp,40,0.0020707831325301206,58.0,0.0004327613187123494,58.0,0.0005145339850695377,58.0,0.0020707831325301206,0.0012489733375496354,0.0007548455058025509
reasoning,5,5,model.layers.5.mlp,41,0.009710717871485943,43.0,0.002793323562805911,42.0,0.004278387302106403,42.0,0.009710717871485943,0.008061687822456901,0.006276594978738399
reasoning,5,5,model.layers.5.mlp,42,0.0008628263052208835,60.5,0.00016545674887048193,63.0,0.00024592622494639223,62.0,0.0008628263052208835,0.00047751741877428706,0.0003607853145690331
reasoning,5,5,model.layers.5.mlp,43,0.004596511044176707,51.0,0.0010850592310648844,54.0,0.0009989464803024694,55.0,0.004596511044176707,0.0031315415464914496,0.0014655013722595753
reasoning,5,5,model.layers.5.mlp,44,0.0078125,46.0,0.002222850140797565,46.0,0.0035071881880925737,46.0,0.0078125,0.006415269662929297,0.005145209682170332
reasoning,5,5,model.layers.5.mlp,45,0.005961345381526105,49.0,0.0016524992793439382,49.0,0.003247323275794346,48.0,0.005961345381526105,0.004769205220008192,0.004763975659042432
reasoning,5,5,model.layers.5.mlp,46,0.0016315261044176706,59.0,0.00040759044478696035,59.0,0.0007469623520723488,57.0,0.0016315261044176706,0.0011763287894898061,0.0010958288292449987
reasoning,5,5,model.layers.5.mlp,47,0.013852284136546185,29.0,0.004999245026982932,26.0,0.00844081417525591,29.0,0.013852284136546185,0.014428100379113459,0.012383070565582367
reasoning,5,5,model.layers.5.mlp,48,0.016644703815261043,22.0,0.00533074068735881,24.0,0.012463691461098242,19.0,0.016644703815261043,0.015384815370542905,0.018284820358072464
reasoning,5,5,model.layers.5.mlp,49,0.014636671686746988,27.0,0.004744931875941265,29.0,0.009986429843195081,25.0,0.014636671686746988,0.013694138420627054,0.014650561294079562
reasoning,5,5,model.layers.5.mlp,50,0.011828564257028112,38.0,0.003672036779932229,37.0,0.007385336007103773,35.0,0.011828564257028112,0.010597703247330678,0.01083463455392674
reasoning,5,5,model.layers.5.mlp,51,0.020425451807228916,15.0,0.009670548649676832,9.0,0.012868100305996746,17.0,0.020425451807228916,0.027909743548385955,0.01887810711450932
reasoning,5,5,model.layers.5.mlp,52,0.0247082078313253,9.0,0.007275899251302083,14.0,0.014732948979400248,13.0,0.0247082078313253,0.020998651632296025,0.021613927645256655
reasoning,5,5,model.layers.5.mlp,53,0.0108402359437751,41.0,0.0028112327238642067,41.0,0.0038357885146745475,44.0,0.0108402359437751,0.008113374661581636,0.005627281784156232
reasoning,5,5,model.layers.5.mlp,54,0.01888805220883534,19.0,0.006909764914148782,18.0,0.013639255585784773,15.0,0.01888805220883534,0.019941967484954665,0.020009428104210775
reasoning,5,5,model.layers.5.mlp,55,0.04750251004016064,4.0,0.01814806221958145,3.0,0.030049337216290127,3.0,0.04750251004016064,0.052376321219954426,0.04408378806503219
reasoning,5,5,model.layers.5.mlp,56,0.05194214357429719,3.0,0.022018110895731365,2.0,0.04953269808493315,2.0,0.05194214357429719,0.06354549785966081,0.07266679291287888
reasoning,5,5,model.layers.5.mlp,57,0.017836972891566265,20.0,0.008762742620874122,11.0,0.020983216543513608,8.0,0.017836972891566265,0.025289764644044366,0.030783363518762277
reasoning,5,5,model.layers.5.mlp,58,0.0221667921686747,13.0,0.007237537797675075,16.0,0.015776713741531813,11.0,0.0221667921686747,0.02088793833446169,0.02314517954051018
reasoning,5,5,model.layers.5.mlp,59,0.012063880522088354,37.0,0.0035883892013365963,38.0,0.006799364650208713,37.0,0.012063880522088354,0.010356291663394789,0.00997498707073575
reasoning,5,5,model.layers.5.mlp,60,0.01151480923694779,39.0,0.0032693640774033635,40.0,0.0037765782476069936,45.0,0.01151480923694779,0.009435567336676663,0.005540417543328152
reasoning,5,5,model.layers.5.mlp,61,0.020017570281124497,17.0,0.007272176474452497,15.0,0.010200828747696665,22.0,0.020017570281124497,0.020987907490373603,0.014965094549818031
reasoning,5,5,model.layers.5.mlp,62,0.023970883534136546,10.0,0.010159503982727787,8.0,0.012491355508348033,18.0,0.023970883534136546,0.0293208959500156,0.018325404813802813
reasoning,5,5,model.layers.5.mlp,63,0.0008628263052208835,60.5,0.00020129039105641316,60.0,0.00038460290094979676,59.0,0.0008628263052208835,0.0005809353115995701,0.0005642305070700867
reasoning,6,6,model.layers.6.mlp,0,0.016472138554216868,24.0,0.005487955238924448,24.0,0.013192640751203799,21.0,0.016472138554216868,0.015185128256301158,0.01611096401880601
reasoning,6,6,model.layers.6.mlp,1,0.02064508032128514,15.0,0.007379999122466428,19.0,0.009813870452942857,30.0,0.02064508032128514,0.02042039855048197,0.011984781268159566
reasoning,6,6,model.layers.6.mlp,2,0.027845758032128513,9.0,0.008626011002015876,12.0,0.01952442768437556,12.0,0.027845758032128513,0.023868103456242355,0.023843395559911076
reasoning,6,6,model.layers.6.mlp,3,0.018793925702811246,20.0,0.00593026096083553,22.0,0.01210652906672064,23.0,0.018793925702811246,0.01640898465149872,0.014784595280423116
reasoning,6,6,model.layers.6.mlp,4,0.014056224899598393,30.0,0.008102309751702121,17.0,0.015699949694318645,17.0,0.014056224899598393,0.022419026284913567,0.01917291082144807
reasoning,6,6,model.layers.6.mlp,5,0.05095381526104418,3.0,0.015600196807738768,5.0,0.039031477630078554,4.0,0.05095381526104418,0.04316561980477814,0.04766556927896695
reasoning,6,6,model.layers.6.mlp,6,0.015515185742971888,26.0,0.005319495756463353,27.0,0.012887970327463255,22.0,0.015515185742971888,0.014719002215582361,0.015738897930822043
reasoning,6,6,model.layers.6.mlp,7,0.006039784136546184,47.0,0.0018221996874215613,47.0,0.004214421485505819,44.0,0.006039784136546184,0.00504201196209305,0.005146687019948727
reasoning,6,6,model.layers.6.mlp,8,0.006526104417670682,45.0,0.0020013525782818773,43.0,0.004616032795883326,43.0,0.006526104417670682,0.005537726578332193,0.00563713813531372
reasoning,6,6,model.layers.6.mlp,9,0.008345883534136546,41.0,0.0028636580011452057,39.0,0.014344581780603612,19.0,0.008345883534136546,0.007923718787126138,0.01751772410774069
reasoning,6,6,model.layers.6.mlp,10,0.0021021586345381527,55.0,0.0005494236467353791,55.0,0.0009555478964139329,55.0,0.0021021586345381527,0.001520250836513116,0.0011669231405369623
reasoning,6,6,model.layers.6.mlp,11,0.0,64.0,0.0,64.0,0.0,64.0,0.0,0.0,0.0
reasoning,6,6,model.layers.6.mlp,12,0.01960968875502008,19.0,0.006035172795674887,21.0,0.01560976518033798,18.0,0.01960968875502008,0.016699274859469104,0.0190627767332699
reasoning,6,6,model.layers.6.mlp,13,0.010228413654618474,36.0,0.0029768579934974274,38.0,0.006147727999559428,36.0,0.010228413654618474,0.008236942260650255,0.0075076572208843395
reasoning,6,6,model.layers.6.mlp,14,0.0012550200803212851,58.0,0.0003003039991999247,58.0,0.0006410452143577148,58.0,0.0012550200803212851,0.0008309387641114827,0.000782849815871969
reasoning,6,6,model.layers.6.mlp,15,0.000737324297188755,62.0,0.00015690815017884037,63.0,0.0003252436059067048,62.0,0.000737324297188755,0.0004341635966753293,0.0003971902313516349
reasoning,6,6,model.layers.6.mlp,16,0.029524347389558232,7.0,0.009334610169192395,11.0,0.022781470730661387,11.0,0.029524347389558232,0.025828791684813338,0.02782092396502778
reasoning,6,6,model.layers.6.mlp,17,0.025571034136546184,13.0,0.009924111117320845,9.0,0.02443553164721014,7.0,0.025571034136546184,0.027459936093763737,0.029840877089954542
reasoning,6,6,model.layers.6.mlp,18,0.04651418172690763,5.0,0.021322656348048443,2.0,0.0693307793044661,2.0,0.04651418172690763,0.05899961958756917,0.08466733172190043
reasoning,6,6,model.layers.6.mlp,19,0.0062123493975903615,46.0,0.001544278309527171,50.0,0.0023551353086982986,51.0,0.0062123493975903615,0.004273005732129454,0.002876111078397675
reasoning,6,6,model.layers.6.mlp,20,0.015891691767068273,25.0,0.007669257351672314,18.0,0.016230898598829906,16.0,0.015891691767068273,0.02122077375735825,0.019821310096295664
reasoning,6,6,model.layers.6.mlp,21,0.016927083333333332,22.0,0.005227728541117595,28.0,0.010752630125016841,28.0,0.016927083333333332,0.01446508306462696,0.013131202487710323
reasoning,6,6,model.layers.6.mlp,22,0.005757404618473895,50.0,0.002388858412164282,41.0,0.005718094212597752,39.0,0.005757404618473895,0.006609952121615319,0.006982984821056327
reasoning,6,6,model.layers.6.mlp,23,0.018762550200803214,21.0,0.005363096673804593,26.0,0.006060626569118007,37.0,0.018762550200803214,0.014839645605168183,0.007401288220295869
reasoning,6,6,model.layers.6.mlp,24,0.026135793172690762,11.0,0.010915840485967306,8.0,0.023093830509836894,10.0,0.026135793172690762,0.030204043325474415,0.028202380358643257
reasoning,6,6,model.layers.6.mlp,25,0.012487449799196786,32.0,0.0033244244066108182,36.0,0.00656486984228259,35.0,0.012487449799196786,0.009198655746080172,0.008017074353177438
reasoning,6,6,model.layers.6.mlp,26,0.02012738453815261,16.0,0.008202610245670181,15.0,0.01710370918324434,14.0,0.02012738453815261,0.022696556949572164,0.020887193734448316
reasoning,6,6,model.layers.6.mlp,27,0.0018825301204819277,56.0,0.0004270928930566014,56.0,0.0008984821260416783,56.0,0.0018825301204819277,0.0011817626194214831,0.0010972339410422402
reasoning,6,6,model.layers.6.mlp,28,0.0015060240963855422,57.0,0.0003954416298004518,57.0,0.0007458237012900621,57.0,0.0015060240963855422,0.0010941838271220075,0.0009108061867568466
reasoning,6,6,model.layers.6.mlp,29,0.029289031124497992,8.0,0.013202222954317269,7.0,0.02342206385476612,8.0,0.029289031124497992,0.03653044533010465,0.028603221684474447
reasoning,6,6,model.layers.6.mlp,30,0.005851531124497992,48.0,0.0017088158542372615,48.0,0.0034280287816720345,48.0,0.005851531124497992,0.0047282798024568355,0.004186337625536422
reasoning,6,6,model.layers.6.mlp,31,0.0068084839357429715,43.0,0.0016145055073810868,49.0,0.003213970701960121,49.0,0.0068084839357429715,0.00446732382695075,0.003924928095389195
reasoning,6,6,model.layers.6.mlp,32,0.02009600903614458,17.0,0.00818840854139213,16.0,0.011572203550059498,25.0,0.02009600903614458,0.022657260947412623,0.014132072458373853
reasoning,6,6,model.layers.6.mlp,33,0.00789093875502008,42.0,0.0019407310639040537,44.0,0.004211908882394074,45.0,0.00789093875502008,0.0053699873328679985,0.005143618607862757
reasoning,6,6,model.layers.6.mlp,34,0.016880020080321287,23.0,0.005383441725887927,25.0,0.01108105803641629,27.0,0.016880020080321287,0.014895940201573655,0.013532281419753956
reasoning,6,6,model.layers.6.mlp,35,0.0057730923694779114,49.0,0.0018488872482115965,46.0,0.004626729602300857,42.0,0.0057730923694779114,0.005115856229365889,0.005650201165419596
reasoning,6,6,model.layers.6.mlp,36,0.06741026606425703,1.0,0.03298726522300138,1.0,0.09839916235232449,1.0,0.06741026606425703,0.0912754990571079,0.1201658859689858
reasoning,6,6,model.layers.6.mlp,37,0.01971950301204819,18.0,0.006576308284897402,20.0,0.013242085136091673,20.0,0.01971950301204819,0.018196592430428486,0.016171345918145445
reasoning,6,6,model.layers.6.mlp,38,0.009381275100401607,37.0,0.002245002961063002,42.0,0.004036850965465887,47.0,0.009381275100401607,0.006211905238898922,0.004929836405040338
reasoning,6,6,model.layers.6.mlp,39,0.0049102660642570285,51.0,0.0014026749086188503,51.0,0.002604489207237839,50.0,0.0049102660642570285,0.0038811902542862527,0.003180624159825514
reasoning,6,6,model.layers.6.mlp,40,0.04927522590361446,4.0,0.018094426656822604,4.0,0.04512799351689327,3.0,0.04927522590361446,0.050067133849644084,0.05511068583636193
reasoning,6,6,model.layers.6.mlp,41,0.0008942018072289156,60.0,0.0002262774241497239,60.0,0.0005761461723296637,59.0,0.0008942018072289156,0.0006261078229735026,0.0007035945590445214
reasoning,6,6,model.layers.6.mlp,42,0.0008471385542168675,61.0,0.00016914888558138805,62.0,0.00029432954524744704,63.0,0.0008471385542168675,0.0004680336136391633,0.00035943772005771207
reasoning,6,6,model.layers.6.mlp,43,0.0011138303212851405,59.0,0.0002787333415694026,59.0,0.0005558154706555199,60.0,0.0011138303212851405,0.0007712529269586938,0.0006787665348963367
reasoning,6,6,model.layers.6.mlp,44,0.00920870983935743,38.0,0.003147446965596762,37.0,0.005722921426748356,38.0,0.00920870983935743,0.008708960582167517,0.006988879855640995
reasoning,6,6,model.layers.6.mlp,45,0.0006745732931726908,63.0,0.00016985360877102158,61.0,0.00037364943287743023,61.0,0.0006745732931726908,0.0004699835770688709,0.00045630383501394533
reasoning,6,6,model.layers.6.mlp,46,0.008879267068273092,40.0,0.002411547434856614,40.0,0.005147775735642506,40.0,0.008879267068273092,0.006672732465950035,0.0062865070926949465
reasoning,6,6,model.layers.6.mlp,47,0.014009161646586346,31.0,0.004737057360300577,30.0,0.010428544242368883,29.0,0.014009161646586346,0.013107399831438379,0.01273542607775481
reasoning,6,6,model.layers.6.mlp,48,0.025006275100401605,14.0,0.009605269834219691,10.0,0.02312909781813143,9.0,0.025006275100401605,0.026577704813349076,0.028245449092620684
reasoning,6,6,model.layers.6.mlp,49,0.015217118473895582,28.0,0.004766793614889245,29.0,0.005053772026276493,41.0,0.015217118473895582,0.01318967981007017,0.0061717089709396825
reasoning,6,6,model.layers.6.mlp,50,0.009036144578313253,39.0,0.0036622625756933987,34.0,0.007762792316848883,33.0,0.009036144578313253,0.010133451258078253,0.009479987370292342
reasoning,6,6,model.layers.6.mlp,51,0.003969001004016064,52.0,0.0009863826644468498,52.0,0.00212760134899323,52.0,0.003969001004016064,0.0027293129439505057,0.002598244690083393
reasoning,6,6,model.layers.6.mlp,52,0.0028237951807228916,53.0,0.0006945813037305472,53.0,0.0012562314406538524,53.0,0.0028237951807228916,0.0019219009125235383,0.0015341204176897094
reasoning,6,6,model.layers.6.mlp,53,0.014275853413654619,29.0,0.004372914632161458,33.0,0.007833455745355192,32.0,0.014275853413654619,0.012099819814900993,0.009566282144445633
reasoning,6,6,model.layers.6.mlp,54,0.002745356425702811,54.0,0.0006471503690543424,54.0,0.0009755948680007912,54.0,0.002745356425702811,0.0017906598956023492,0.0011914046711124409
reasoning,6,6,model.layers.6.mlp,55,0.027767319277108432,10.0,0.008349253949391315,13.0,0.01934657300482074,13.0,0.027767319277108432,0.02310231890498871,0.023626197927009377
reasoning,6,6,model.layers.6.mlp,56,0.011389307228915662,35.0,0.0033303992336533635,35.0,0.007303185755364507,34.0,0.011389307228915662,0.009215188044723344,0.00891871196572967
reasoning,6,6,model.layers.6.mlp,57,0.058530998995983935,2.0,0.020406163839930033,3.0,0.037896773976135445,5.0,0.058530998995983935,0.05646369214723445,0.04627985961814586
reasoning,6,6,model.layers.6.mlp,58,0.01179718875502008,34.0,0.004441012340377134,32.0,0.008019393818625006,31.0,0.01179718875502008,0.012288245628923824,0.009793351285845752
reasoning,6,6,model.layers.6.mlp,59,0.025618097389558232,12.0,0.008234874311699924,14.0,0.016562207194277083,15.0,0.025618097389558232,0.0227858313622453,0.020225906943964967
reasoning,6,6,model.layers.6.mlp,60,0.0066986696787148595,44.0,0.0019054183040756777,45.0,0.004176733393528794,46.0,0.0066986696787148595,0.005272277208835912,0.005100662004545811
reasoning,6,6,model.layers.6.mlp,61,0.015436746987951807,27.0,0.005542739806883785,23.0,0.012079912477666625,24.0,0.015436746987951807,0.015336716717706252,0.014752090877654968
reasoning,6,6,model.layers.6.mlp,62,0.03241089357429719,6.0,0.01424411022998243,6.0,0.03063373441198265,6.0,0.03241089357429719,0.03941333908939929,0.03741017451931127
reasoning,6,6,model.layers.6.mlp,63,0.011938378514056224,33.0,0.004689090223197478,31.0,0.011455140325304375,26.0,0.011938378514056224,0.012974675146690238,0.013989113862174446
reasoning,7,7,model.layers.7.mlp,0,0.014934738955823293,29.0,0.004622095559974272,32.0,0.00803624758549244,37.0,0.014934738955823293,0.012498307230050885,0.009227350241122957
reasoning,7,7,model.layers.7.mlp,1,0.018276229919678713,24.0,0.004870479844181413,30.0,0.010013824983324152,33.0,0.018276229919678713,0.013169946977619064,0.011498036787871948
reasoning,7,7,model.layers.7.mlp,2,0.01164031124497992,35.0,0.003180921317104355,40.0,0.005087444929024541,41.0,0.01164031124497992,0.008601321928534432,0.005841487048915726
reasoning,7,7,model.layers.7.mlp,3,0.003231676706827309,54.0,0.0008812563486367345,54.0,0.0022560740446103326,54.0,0.003231676706827309,0.0023829478319474747,0.002590460928195849
reasoning,7,7,model.layers.7.mlp,4,0.03081074297188755,8.0,0.00967854572587224,16.0,0.026136230707288266,14.0,0.03081074297188755,0.026171124428833837,0.03001004537917848
reasoning,7,7,model.layers.7.mlp,5,0.02566516064257028,18.0,0.009439935645903928,18.0,0.02682862065014351,12.0,0.02566516064257028,0.025525914469642176,0.030805058777930668
reasoning,7,7,model.layers.7.mlp,6,0.015876004016064257,27.0,0.004437504044498305,33.0,0.011114331164741403,30.0,0.015876004016064257,0.01199916534894011,0.012761655892488611
reasoning,7,7,model.layers.7.mlp,7,0.0020550953815261044,59.0,0.0005268265444590863,59.0,0.0007211532007555017,62.0,0.0020550953815261044,0.0014245573082942433,0.0008280398395005535
reasoning,7,7,model.layers.7.mlp,8,0.0035140562248995983,52.0,0.0008967296186699925,53.0,0.002201724862941657,55.0,0.0035140562248995983,0.002424788092543531,0.002528056313449953
reasoning,7,7,model.layers.7.mlp,9,0.01921749497991968,23.0,0.007255171197485253,23.0,0.014580512175291598,27.0,0.01921749497991968,0.01961823537748138,0.01674158132948176
reasoning,7,7,model.layers.7.mlp,10,0.015373995983935743,28.0,0.00427144981292357,34.0,0.007886996464224076,39.0,0.015373995983935743,0.011550148928543422,0.009055977675112209
reasoning,7,7,model.layers.7.mlp,11,0.011624623493975904,36.0,0.0038093199212867095,36.0,0.010103440114173544,32.0,0.011624623493975904,0.010300533620741402,0.01160093433930431
reasoning,7,7,model.layers.7.mlp,12,0.005553463855421686,46.0,0.002565958413733057,41.0,0.00640559556798628,40.0,0.005553463855421686,0.006938440838845028,0.007355009061131661
reasoning,7,7,model.layers.7.mlp,13,0.024096385542168676,20.0,0.00901912398127667,20.0,0.016911796193165952,21.0,0.024096385542168676,0.024388025085431805,0.019418399572773956
reasoning,7,7,model.layers.7.mlp,14,0.01371109437751004,31.0,0.005204901637801205,28.0,0.015713588839086395,24.0,0.01371109437751004,0.014074235144501554,0.018042598391941646
reasoning,7,7,model.layers.7.mlp,15,0.03205007530120482,5.0,0.0105960187184284,11.0,0.02673862106821324,13.0,0.03205007530120482,0.02865200332617644,0.030701719793511568
reasoning,7,7,model.layers.7.mlp,16,0.013052208835341365,33.0,0.005301081033116843,27.0,0.013820557877511144,28.0,0.013052208835341365,0.014334307576206545,0.015868989439017104
reasoning,7,7,model.layers.7.mlp,17,0.006996736947791165,44.0,0.0015633211557166164,47.0,0.002584178152636262,50.0,0.006996736947791165,0.0042272748042217565,0.0029671954038449056
reasoning,7,7,model.layers.7.mlp,18,0.0034669929718875504,53.0,0.0009811891609406375,52.0,0.002327403155095636,53.0,0.0034669929718875504,0.0026531696337970547,0.0026723621735014113
reasoning,7,7,model.layers.7.mlp,19,0.01363265562248996,32.0,0.005017843591161521,29.0,0.011734459227527002,29.0,0.01363265562248996,0.013568423677295764,0.013473697024720748
reasoning,7,7,model.layers.7.mlp,20,0.01008722389558233,40.0,0.00341032403539941,38.0,0.0084881447115352,36.0,0.01008722389558233,0.009221634861371411,0.009746225874382569
reasoning,7,7,model.layers.7.mlp,21,0.02412776104417671,19.0,0.01018962323904995,13.0,0.016408152855842947,22.0,0.02412776104417671,0.027553095808521402,0.018840108097723213
reasoning,7,7,model.layers.7.mlp,22,0.007043800200803213,43.0,0.0020629545770974524,44.0,0.004380907482807955,43.0,0.007043800200803213,0.005578300961468476,0.00503022925660002
reasoning,7,7,model.layers.7.mlp,23,0.029351782128514057,12.0,0.012156459701109124,6.0,0.0363423598249514,3.0,0.029351782128514057,0.032871490042287246,0.041728888903214835
reasoning,7,7,model.layers.7.mlp,24,0.01782128514056225,25.0,0.008360269079246673,22.0,0.018381196638965702,20.0,0.01782128514056225,0.02260645850405161,0.021105589074293735
reasoning,7,7,model.layers.7.mlp,25,0.02726531124497992,15.0,0.009915807639738643,15.0,0.021841785658233196,18.0,0.02726531124497992,0.026812688899973566,0.025079093695904848
reasoning,7,7,model.layers.7.mlp,26,0.0286144578313253,13.0,0.011548605309911522,9.0,0.029617766823514878,8.0,0.0286144578313253,0.031227830616871673,0.03400760179836306
reasoning,7,7,model.layers.7.mlp,27,0.002902233935742972,57.0,0.0006920534922894703,57.0,0.0008775640118223835,60.0,0.002902233935742972,0.001871336724659063,0.0010076332778383285
reasoning,7,7,model.layers.7.mlp,28,0.00018825301204819278,63.0,4.14714277029995e-05,63.0,8.256276919839373e-05,63.0,0.00018825301204819278,0.00011214018359754905,9.479991503072812e-05
reasoning,7,7,model.layers.7.mlp,29,0.02969691265060241,11.0,0.010452638189476657,12.0,0.028802713341861366,9.0,0.02969691265060241,0.02826429738665318,0.03307174412841762
reasoning,7,7,model.layers.7.mlp,30,0.0032159889558232933,55.0,0.0008348212184676205,56.0,0.00259416989176104,49.0,0.0032159889558232933,0.002257385624158716,0.00297866808129062
reasoning,7,7,model.layers.7.mlp,31,0.004957329317269076,48.0,0.0014122039917482429,49.0,0.0028754754018143237,48.0,0.004957329317269076,0.0038186487344004697,0.003301667645254443
reasoning,7,7,model.layers.7.mlp,32,0.014479794176706827,30.0,0.005694071451822917,26.0,0.015566001584974069,25.0,0.014479794176706827,0.015396967343345197,0.01787313630527342
reasoning,7,7,model.layers.7.mlp,33,0.006792796184738956,45.0,0.001627466286042608,46.0,0.00239448568196481,52.0,0.006792796184738956,0.004400725468692735,0.0027493874223997725
reasoning,7,7,model.layers.7.mlp,34,0.016346636546184738,26.0,0.007036814249184237,24.0,0.0155311177408016,26.0,0.016346636546184738,0.019027790591069904,0.01783308210777492
reasoning,7,7,model.layers.7.mlp,35,0.04464733935742972,2.0,0.019841205642884035,2.0,0.057062145217834224,1.0,0.04464733935742972,0.05365131047631657,0.0655196836375856
reasoning,7,7,model.layers.7.mlp,36,0.029822414658634538,10.0,0.011623643009538153,8.0,0.029758795332836818,7.0,0.029822414658634538,0.03143073516776225,0.03416953302754099
reasoning,7,7,model.layers.7.mlp,37,0.005114206827309237,47.0,0.001956480095185429,45.0,0.003350130843847661,45.0,0.005114206827309237,0.005290390257366899,0.0038466747472510714
reasoning,7,7,model.layers.7.mlp,38,0.031312751004016065,7.0,0.010054546187680409,14.0,0.022924265450233197,17.0,0.031312751004016065,0.02718784276131801,0.02632201460687251
reasoning,7,7,model.layers.7.mlp,39,0.03231676706827309,4.0,0.013855547311315575,4.0,0.02980885777368124,6.0,0.03231676706827309,0.03746588206373896,0.0342270155367199
reasoning,7,7,model.layers.7.mlp,40,0.002196285140562249,58.0,0.0006243387858072916,58.0,0.0014752004231068205,57.0,0.002196285140562249,0.0016882338020505787,0.0016938491298392829
reasoning,7,7,model.layers.7.mlp,41,0.02105296184738956,21.0,0.006716440959149097,25.0,0.016369420698428727,23.0,0.02105296184738956,0.018161490066728587,0.018795635204341916
reasoning,7,7,model.layers.7.mlp,42,0.004282756024096386,51.0,0.0010021470157975652,51.0,0.0014247371152185473,58.0,0.004282756024096386,0.0027098404026043863,0.0016359063385978422
reasoning,7,7,model.layers.7.mlp,43,0.010620607429718876,38.0,0.0036741662695704692,37.0,0.007969865663796214,38.0,0.010620607429718876,0.009935073443535057,0.009151129438484215
reasoning,7,7,model.layers.7.mlp,44,0.0019295933734939758,60.0,0.0005199018731174698,60.0,0.0014758218364064473,56.0,0.0019295933734939758,0.0014058327560274935,0.001694562646701369
reasoning,7,7,model.layers.7.mlp,45,0.03391691767068273,3.0,0.013917271870685869,3.0,0.02415819594778689,15.0,0.03391691767068273,0.03763278742011669,0.02773883368231832
reasoning,7,7,model.layers.7.mlp,46,0.028551706827309238,14.0,0.011321010359798569,10.0,0.03320823832747927,4.0,0.028551706827309238,0.030612405952104335,0.03813023960231279
reasoning,7,7,model.layers.7.mlp,47,0.0001255020080321285,64.0,2.9567733825928713e-05,64.0,5.5898951991165734e-05,64.0,0.0001255020080321285,7.995218113899878e-05,6.418408624758627e-05
reasoning,7,7,model.layers.7.mlp,48,0.03001066767068273,9.0,0.01211333370591742,7.0,0.02731247850690022,10.0,0.03001066767068273,0.03275487585062596,0.03136063224225166
reasoning,7,7,model.layers.7.mlp,49,0.001725652610441767,61.0,0.00045555758189006027,61.0,0.0008507379072149804,61.0,0.001725652610441767,0.0012318435535488433,0.0009768311080216125
reasoning,7,7,model.layers.7.mlp,50,0.001694277108433735,62.0,0.00042312499509757783,62.0,0.0010536755140623953,59.0,0.001694277108433735,0.0011441447102994856,0.001209847370344952
reasoning,7,7,model.layers.7.mlp,51,0.008549824297188756,42.0,0.0020934874752917922,43.0,0.004980855510125019,42.0,0.008549824297188756,0.005660862980644654,0.0057190993437435745
reasoning,7,7,model.layers.7.mlp,52,0.01099711345381526,37.0,0.004856799022260919,31.0,0.010849644286917096,31.0,0.01099711345381526,0.013132953559092057,0.012457738112463602
reasoning,7,7,model.layers.7.mlp,53,0.00486320281124498,49.0,0.0014368080231080573,48.0,0.003330202511863327,46.0,0.00486320281124498,0.0038851788913482586,0.0038237927121986936
reasoning,7,7,model.layers.7.mlp,54,0.025931852409638554,16.0,0.008537813362826305,21.0,0.030079497981921256,5.0,0.025931852409638554,0.02308654442489091,0.034537769027599065
reasoning,7,7,model.layers.7.mlp,55,0.012926706827309236,34.0,0.004111906610818273,35.0,0.008953266182398221,34.0,0.012926706827309236,0.01111873855839755,0.010280285915547463
reasoning,7,7,model.layers.7.mlp,56,0.025884789156626505,17.0,0.009632141235841805,17.0,0.018649965816413063,19.0,0.025884789156626505,0.02604564507304626,0.021414194217171913
reasoning,7,7,model.layers.7.mlp,57,0.004298443775100401,50.0,0.0011873666541164659,50.0,0.0031864807616552734,47.0,0.004298443775100401,0.003210680749739358,0.0036587690600116975
reasoning,7,7,model.layers.7.mlp,58,0.009632279116465864,41.0,0.002540358577866152,42.0,0.004183890819773975,44.0,0.009632279116465864,0.006869217991858879,0.004804011518307127
reasoning,7,7,model.layers.7.mlp,59,0.03137550200803213,6.0,0.013229155636216742,5.0,0.026903074829424,11.0,0.03137550200803213,0.0357720971776093,0.03089054827807707
reasoning,7,7,model.layers.7.mlp,60,0.01040097891566265,39.0,0.0032075629176863706,39.0,0.0087927726946442,35.0,0.01040097891566265,0.008673361743560712,0.010096004681405398
reasoning,7,7,model.layers.7.mlp,61,0.01953125,22.0,0.009232946189053088,19.0,0.02375334012976672,16.0,0.01953125,0.024966207775668596,0.02727397164437259
reasoning,7,7,model.layers.7.mlp,62,0.002933609437751004,56.0,0.0008487778016362324,55.0,0.002561435326428927,51.0,0.002933609437751004,0.0022951247106963468,0.0029410817207290545
reasoning,7,7,model.layers.7.mlp,63,0.04568273092369478,1.0,0.021219062039172315,1.0,0.04104596975981351,2.0,0.04568273092369478,0.05737708211739391,0.04712965036618297
reasoning,8,8,model.layers.8.mlp,0,0.02036270080321285,17.0,0.006094017182009287,25.0,0.017545728390684807,26.0,0.02036270080321285,0.015158874459097173,0.015501699875938205
reasoning,8,8,model.layers.8.mlp,1,0.02514746485943775,12.0,0.008269490008373338,19.0,0.02115078335515706,20.0,0.02514746485943775,0.020570365513206196,0.018686775972589713
reasoning,8,8,model.layers.8.mlp,2,0.009898970883534136,41.0,0.004319049268362513,38.0,0.011420409954396117,36.0,0.009898970883534136,0.010743639816941862,0.010089963986175444
reasoning,8,8,model.layers.8.mlp,3,0.0006118222891566265,63.0,0.0001388457884271461,63.0,0.0002860126340851547,63.0,0.0006118222891566265,0.00034537905179445337,0.0002526929583994065
reasoning,8,8,model.layers.8.mlp,4,0.007420306224899599,46.0,0.002176231169796373,48.0,0.0064436039849031105,48.0,0.007420306224899599,0.005413377434233024,0.005692942057988218
reasoning,8,8,model.layers.8.mlp,5,0.0013491465863453816,60.0,0.0003624575205117344,58.0,0.001089453212842046,57.0,0.0013491465863453816,0.0009016134818939615,0.0009625349463018145
reasoning,8,8,model.layers.8.mlp,6,0.014448418674698794,31.0,0.006218783826713103,24.0,0.01718039844319763,28.0,0.014448418674698794,0.015469231625357132,0.015178929850349231
reasoning,8,8,model.layers.8.mlp,7,0.005459337349397591,49.0,0.0013176944839906502,51.0,0.0016156943058164932,55.0,0.005459337349397591,0.0032777664817271028,0.0014274704168637854
reasoning,8,8,model.layers.8.mlp,8,0.002713980923694779,56.0,0.0006304361734045557,56.0,0.0013566197332810148,56.0,0.002713980923694779,0.0015682106764198997,0.0011985773108321113
reasoning,8,8,model.layers.8.mlp,9,0.01645645080321285,23.0,0.005980143106606112,26.0,0.022035864372569394,18.0,0.01645645080321285,0.01487561257098196,0.019468747515310064
reasoning,8,8,model.layers.8.mlp,10,0.030120481927710843,6.0,0.01164680695438002,6.0,0.027152237882575835,12.0,0.030120481927710843,0.02897144513999789,0.02398907775406083
reasoning,8,8,model.layers.8.mlp,11,0.023892444779116465,13.0,0.009043728012636483,14.0,0.02406320309530136,15.0,0.023892444779116465,0.02249628340243296,0.021259906920430217
reasoning,8,8,model.layers.8.mlp,12,0.014919051204819277,28.0,0.00548771011781501,31.0,0.015542043248625344,31.0,0.014919051204819277,0.013650684968440956,0.013731438475187653
reasoning,8,8,model.layers.8.mlp,13,0.008440010040160643,44.0,0.003037479507875251,45.0,0.009813634905006632,41.0,0.008440010040160643,0.007555733624758103,0.008670373757193822
reasoning,8,8,model.layers.8.mlp,14,0.07545808232931726,1.0,0.040899590794819904,1.0,0.10587044942181513,1.0,0.07545808232931726,0.10173777719522295,0.09353683678011265
reasoning,8,8,model.layers.8.mlp,15,0.0027296686746987953,55.0,0.0007216518662540788,55.0,0.001967395103188703,54.0,0.0027296686746987953,0.0017951098129513105,0.0017381990503861557
reasoning,8,8,model.layers.8.mlp,16,0.013475778112449798,32.0,0.004488014313111822,36.0,0.007589965318161321,46.0,0.013475778112449798,0.011163940552045141,0.0067057554870951965
reasoning,8,8,model.layers.8.mlp,17,0.019201807228915662,20.0,0.00684139144468499,23.0,0.019933700929003127,23.0,0.019201807228915662,0.01701796876150704,0.01761148026104014
reasoning,8,8,model.layers.8.mlp,18,0.057746611445783136,2.0,0.02420702708294114,2.0,0.0613606956349798,3.0,0.057746611445783136,0.06021500655783854,0.05421234540580525
reasoning,8,8,model.layers.8.mlp,19,0.0004706325301204819,64.0,0.00013080275202371987,64.0,0.00028935517838980297,62.0,0.0004706325301204819,0.0003253719898732255,0.0002556461055973418
reasoning,8,8,model.layers.8.mlp,20,0.01606425702811245,25.0,0.005503336588541667,30.0,0.018506669115843664,25.0,0.01606425702811245,0.013689555831602198,0.016350693681626404
reasoning,8,8,model.layers.8.mlp,21,0.012644327309236947,35.0,0.004040116765891692,39.0,0.010772104231064698,39.0,0.012644327309236947,0.01004979490951368,0.009517184074896738
reasoning,8,8,model.layers.8.mlp,22,0.002917921686746988,53.0,0.008832127214914345,15.0,0.04365109909610097,5.0,0.002917921686746988,0.021969926184802487,0.0385658675647711
reasoning,8,8,model.layers.8.mlp,23,0.010730421686746988,37.0,0.004456523910583741,37.0,0.00951560841261757,43.0,0.010730421686746988,0.011085608141037363,0.00840706652153944
reasoning,8,8,model.layers.8.mlp,24,0.00944402610441767,42.0,0.003605210637471762,41.0,0.010220760746997404,40.0,0.00944402610441767,0.008967965435571172,0.009030070571925675
reasoning,8,8,model.layers.8.mlp,25,0.010683358433734939,38.0,0.003914155155779368,40.0,0.012761172332640094,33.0,0.010683358433734939,0.009736465265482564,0.011274531279689557
reasoning,8,8,model.layers.8.mlp,26,0.001725652610441767,59.0,0.0004573193898641441,57.0,0.0009537540810055522,58.0,0.001725652610441767,0.0011375824864963287,0.000842644385572999
reasoning,8,8,model.layers.8.mlp,27,0.012958082329317269,34.0,0.004549876753106175,35.0,0.017362869858936255,27.0,0.012958082329317269,0.011317823439736415,0.015340143854107516
reasoning,8,8,model.layers.8.mlp,28,0.015358308232931727,27.0,0.005870083728468561,28.0,0.01999368262477219,22.0,0.015358308232931727,0.014601839746520814,0.017664474256225627
reasoning,8,8,model.layers.8.mlp,29,0.03834086345381526,5.0,0.017188259875439257,4.0,0.051079509637681354,4.0,0.03834086345381526,0.04275581539076202,0.04512888895703034
reasoning,8,8,model.layers.8.mlp,30,0.022229543172690762,15.0,0.00841966498807731,17.0,0.03281642445718428,7.0,0.022229543172690762,0.02094392594079255,0.0289934023603573
reasoning,8,8,model.layers.8.mlp,31,0.00796937751004016,45.0,0.0026532368487622365,46.0,0.007871906036963633,45.0,0.00796937751004016,0.006599929586574644,0.006954850897007054
reasoning,8,8,model.layers.8.mlp,32,0.04383157630522088,3.0,0.018612750562798066,3.0,0.06624289174156496,2.0,0.04383157630522088,0.046299237546113654,0.05852577925674401
reasoning,8,8,model.layers.8.mlp,33,0.002384538152610442,57.0,0.0003381675505733873,60.0,0.0003879296452641098,60.0,0.002384538152610442,0.0008411921548918534,0.0003427369214866031
reasoning,8,8,model.layers.8.mlp,34,0.020111696787148595,18.0,0.007520836519907756,22.0,0.020212505484957354,21.0,0.020111696787148595,0.01870808913523362,0.017857804862345443
reasoning,8,8,model.layers.8.mlp,35,0.02739081325301205,8.0,0.010150220020707831,10.0,0.02888528462574185,10.0,0.02739081325301205,0.025248683492453308,0.025520229376001742
reasoning,8,8,model.layers.8.mlp,36,0.010008785140562249,40.0,0.003492516207407756,42.0,0.011597339270531712,35.0,0.010008785140562249,0.00868763791653774,0.01024628152950668
reasoning,8,8,model.layers.8.mlp,37,0.015954442771084338,26.0,0.009396288768354669,12.0,0.03161574608410697,9.0,0.015954442771084338,0.023373278670991468,0.027932599675365564
reasoning,8,8,model.layers.8.mlp,38,0.008722389558232931,43.0,0.0025385661297533885,47.0,0.0066482608195349395,47.0,0.008722389558232931,0.006314686046611995,0.005873756941097114
reasoning,8,8,model.layers.8.mlp,39,0.0012863955823293172,61.0,0.0003412392244760291,59.0,0.0008738608563311368,59.0,0.0012863955823293172,0.0008488329471112937,0.0007720584991710866
reasoning,8,8,model.layers.8.mlp,40,0.013067896586345381,33.0,0.004906573927546122,32.0,0.016331244129631443,29.0,0.013067896586345381,0.01220510805442584,0.014428699650487603
reasoning,8,8,model.layers.8.mlp,41,0.0028237951807228916,54.0,0.0012154177010777485,52.0,0.0035871261633543604,51.0,0.0028237951807228916,0.003023352871467832,0.0031692359509547076
reasoning,8,8,model.layers.8.mlp,42,0.016566265060240965,22.0,0.005949411047510354,27.0,0.015409053556235829,32.0,0.016566265060240965,0.014799166540098182,0.013613941711752621
reasoning,8,8,model.layers.8.mlp,43,0.005553463855421686,48.0,0.0016072437945139934,50.0,0.004768818744503141,49.0,0.005553463855421686,0.003998020710891306,0.004213264635926058
reasoning,8,8,model.layers.8.mlp,44,0.0068084839357429715,47.0,0.003437042236328125,43.0,0.011405041796645247,37.0,0.0068084839357429715,0.008549646352315329,0.010076386176021574
reasoning,8,8,model.layers.8.mlp,45,0.014526857429718876,29.0,0.007572357913097703,21.0,0.01623367127704333,30.0,0.014526857429718876,0.018836248657597598,0.014342493763608428
reasoning,8,8,model.layers.8.mlp,46,0.0030747991967871487,52.0,0.0008624433034873871,54.0,0.0025625422575425013,53.0,0.0030747991967871487,0.0021453286682962323,0.0022640132179934298
reasoning,8,8,model.layers.8.mlp,47,0.01016566265060241,39.0,0.003407413222224837,44.0,0.009547546908472586,42.0,0.01016566265060241,0.008475944147066462,0.008435284271535856
reasoning,8,8,model.layers.8.mlp,48,0.004784764056224899,50.0,0.002018296574971762,49.0,0.0043099022640596075,50.0,0.004784764056224899,0.005020514955478857,0.003807810647949451
reasoning,8,8,model.layers.8.mlp,49,0.01937437248995984,19.0,0.009236546405347955,13.0,0.021964382642064708,19.0,0.01937437248995984,0.0229759193668912,0.01940559320742253
reasoning,8,8,model.layers.8.mlp,50,0.014479794176706827,30.0,0.004802029774370921,34.0,0.011019798195789975,38.0,0.014479794176706827,0.011945054358139251,0.009736022382247432
reasoning,8,8,model.layers.8.mlp,51,0.04177648092369478,4.0,0.013763856696316516,5.0,0.03552362186662165,6.0,0.04177648092369478,0.03423760870718005,0.03138521880773236
reasoning,8,8,model.layers.8.mlp,52,0.012110943775100401,36.0,0.004831949869791667,33.0,0.01261991520513253,34.0,0.012110943775100401,0.012019480628486219,0.01114973021431333
reasoning,8,8,model.layers.8.mlp,53,0.016079944779116465,24.0,0.007634649315033572,20.0,0.02234077347951182,17.0,0.016079944779116465,0.018991198588591336,0.01973813556008176
reasoning,8,8,model.layers.8.mlp,54,0.029555722891566265,7.0,0.008344259606786522,18.0,0.019923361874817604,24.0,0.029555722891566265,0.020756354971694865,0.01760234567788598
reasoning,8,8,model.layers.8.mlp,55,0.023610065261044175,14.0,0.01014917825599272,11.0,0.025582289839365398,14.0,0.023610065261044175,0.02524609210157589,0.022602024287555252
reasoning,8,8,model.layers.8.mlp,56,0.025492595381526106,10.0,0.010426885152916354,9.0,0.027094441094345986,13.0,0.025492595381526106,0.025936888313854174,0.023938014130768452
reasoning,8,8,model.layers.8.mlp,57,0.02726531124497992,9.0,0.010774267725197666,8.0,0.0324683410665357,8.0,0.02726531124497992,0.026801002845404348,0.028685869715745178
reasoning,8,8,model.layers.8.mlp,58,0.000737324297188755,62.0,0.0001573064719816767,62.0,0.0003784396564101718,61.0,0.000737324297188755,0.000391300022489843,0.00033435248991647533
reasoning,8,8,model.layers.8.mlp,59,0.002133534136546185,58.0,0.0002739151797620168,61.0,0.00023192174067154122,64.0,0.002133534136546185,0.0006813643116582731,0.00020490350349342684
reasoning,8,8,model.layers.8.mlp,60,0.01854292168674699,21.0,0.005756615634902893,29.0,0.009457436551051924,44.0,0.01854292168674699,0.014319587738674007,0.008355671519910781
reasoning,8,8,model.layers.8.mlp,61,0.0035297439759036145,51.0,0.0011909209102033132,53.0,0.0033357044154531264,52.0,0.0035297439759036145,0.0029624170771591777,0.0029471041367908723
reasoning,8,8,model.layers.8.mlp,62,0.02530434236947791,11.0,0.0111693569934033,7.0,0.022689864428407217,16.0,0.02530434236947791,0.02778378783566443,0.020046558385209724
reasoning,8,8,model.layers.8.mlp,63,0.021554969879518073,16.0,0.00863008614046028,16.0,0.027396479157738417,11.0,0.021554969879518073,0.021467348789341242,0.024204865600571487
reasoning,9,9,model.layers.9.mlp,0,0.01976656626506024,15.0,0.007210467235151544,21.0,0.021418933734207987,32.0,0.01976656626506024,0.016629907417997653,0.013187519654360609
reasoning,9,9,model.layers.9.mlp,1,0.014934738955823293,27.0,0.007108129171961282,23.0,0.025351209074154078,23.0,0.014934738955823293,0.016393879368678674,0.015608599946003526
reasoning,9,9,model.layers.9.mlp,2,0.011985441767068273,40.0,0.00505827325414941,37.0,0.022218968545322317,31.0,0.011985441767068273,0.011666181007155007,0.013680096685816327
reasoning,9,9,model.layers.9.mlp,3,0.010149974899598393,46.0,0.003231906507867407,47.0,0.012065393334987712,45.0,0.010149974899598393,0.007453928331778834,0.00742859629322372
reasoning,9,9,model.layers.9.mlp,4,0.000251004016064257,64.0,6.285824450144328e-05,64.0,0.00010772272439516452,64.0,0.000251004016064257,0.00014497351592152293,6.632428872561862e-05
reasoning,9,9,model.layers.9.mlp,5,0.07428150100401607,1.0,0.03147525097950395,1.0,0.09849905064067688,2.0,0.07428150100401607,0.07259314725065659,0.0606453235431245
reasoning,9,9,model.layers.9.mlp,6,0.011373619477911646,43.0,0.0031354973115116716,48.0,0.006940074590405068,52.0,0.011373619477911646,0.0072315743625626155,0.004272965741405042
reasoning,9,9,model.layers.9.mlp,7,0.018464482931726908,18.0,0.010949590598723018,11.0,0.06833761032805385,4.0,0.018464482931726908,0.02525365860259876,0.04207509068922243
reasoning,9,9,model.layers.9.mlp,8,0.035815135542168676,3.0,0.02431472717040035,2.0,0.1490260029892366,1.0,0.035815135542168676,0.05607842717409305,0.0917544901076296
reasoning,9,9,model.layers.9.mlp,9,0.011122615461847389,44.0,0.00403046512220758,44.0,0.010207102719103417,46.0,0.011122615461847389,0.009295689120813536,0.006284456985236165
reasoning,9,9,model.layers.9.mlp,10,0.013852284136546185,32.0,0.0048782471193367215,40.0,0.01710792260579241,40.0,0.013852284136546185,0.011250976574887443,0.010533253821540434
reasoning,9,9,model.layers.9.mlp,11,0.01143637048192771,42.0,0.00476516968753922,41.0,0.015033204123437643,43.0,0.01143637048192771,0.010990179713806097,0.009255861066941184
reasoning,9,9,model.layers.9.mlp,12,0.03648970883534137,2.0,0.014548535327834776,6.0,0.04549624097634511,8.0,0.03648970883534137,0.03355410789329737,0.028011785251328865
reasoning,9,9,model.layers.9.mlp,13,0.033587474899598395,5.0,0.015105251327575928,5.0,0.04361000022734983,11.0,0.033587474899598395,0.03483809341488456,0.02685043720016497
reasoning,9,9,model.layers.9.mlp,14,0.00789093875502008,50.0,0.005639302203932919,34.0,0.01578796205828976,42.0,0.00789093875502008,0.013006240857225609,0.009720561374793133
reasoning,9,9,model.layers.9.mlp,15,0.0019295933734939758,61.0,0.0005200244336721888,61.0,0.0014252265804002144,61.0,0.0019295933734939758,0.0011993616925274615,0.000877504164034428
reasoning,9,9,model.layers.9.mlp,16,0.020786270080321287,14.0,0.007615774989606865,18.0,0.023764700236090695,29.0,0.020786270080321287,0.017564691560629828,0.014631795183291966
reasoning,9,9,model.layers.9.mlp,17,0.0034983684738955825,59.0,0.0010562115404979292,60.0,0.002945361832852464,58.0,0.0034983684738955825,0.002436000270089582,0.0018134430752690185
reasoning,9,9,model.layers.9.mlp,18,0.01451116967871486,30.0,0.00490573132373243,39.0,0.012607126595848894,44.0,0.01451116967871486,0.011314364946216522,0.007762138481349448
reasoning,9,9,model.layers.9.mlp,19,0.008643950803212851,48.0,0.0026300882239897088,49.0,0.007546184092655359,50.0,0.008643950803212851,0.006065920867497775,0.0046461440271595164
reasoning,9,9,model.layers.9.mlp,20,0.013664031124497992,34.0,0.006834405493066014,26.0,0.03208979062855723,15.0,0.013664031124497992,0.01576257500383104,0.01975750753374575
reasoning,9,9,model.layers.9.mlp,21,0.03096762048192771,6.0,0.012721632379125878,9.0,0.049487521041588614,7.0,0.03096762048192771,0.029340618544010096,0.030469194427696657
reasoning,9,9,model.layers.9.mlp,22,0.008832203815261045,47.0,0.0038588956656704946,45.0,0.018298203220972455,36.0,0.008832203815261045,0.008899988802801073,0.011266103047448536
reasoning,9,9,model.layers.9.mlp,23,0.00796937751004016,49.0,0.002550056181758283,50.0,0.009213661616032263,47.0,0.00796937751004016,0.005881338452880657,0.0056728007639333744
reasoning,9,9,model.layers.9.mlp,24,0.005192645582329318,55.0,0.0018883211066923946,53.0,0.006324691649331865,54.0,0.005192645582329318,0.0043551415124189795,0.003894077850389248
reasoning,9,9,model.layers.9.mlp,25,0.0035924949799196787,58.0,0.0011164806932809363,59.0,0.003305650925839761,57.0,0.0035924949799196787,0.0025750024176974962,0.002035271087530593
reasoning,9,9,model.layers.9.mlp,26,0.021931475903614456,12.0,0.011295165402822226,10.0,0.04374952906795056,10.0,0.021931475903614456,0.026050677271534123,0.026936344339642856
reasoning,9,9,model.layers.9.mlp,27,0.021272590361445784,13.0,0.010723834056930849,12.0,0.043084929177320624,12.0,0.021272590361445784,0.02473298355248432,0.026527153843573924
reasoning,9,9,model.layers.9.mlp,28,0.03471699297188755,4.0,0.01741576290513617,3.0,0.0576782008580654,5.0,0.03471699297188755,0.04016695663136528,0.03551215092603313
reasoning,9,9,model.layers.9.mlp,29,0.013365963855421686,36.0,0.005351667902077058,35.0,0.01771345882336179,38.0,0.013365963855421686,0.012342853637769944,0.01090607913907105
reasoning,9,9,model.layers.9.mlp,30,0.011467745983935743,41.0,0.005758660864159764,33.0,0.018124730776935577,37.0,0.011467745983935743,0.01328152446983701,0.011159297018090842
reasoning,9,9,model.layers.9.mlp,31,0.003137550200803213,60.0,0.0012512819834023595,57.0,0.002811857825051619,59.0,0.003137550200803213,0.002885902238948649,0.0017312453921977209
reasoning,9,9,model.layers.9.mlp,32,0.018856676706827308,17.0,0.007896576540537149,16.0,0.026928509138599337,21.0,0.018856676706827308,0.01821232002110402,0.016579734917464572
reasoning,9,9,model.layers.9.mlp,33,0.01378953313253012,33.0,0.007082621256510417,24.0,0.030187191523940688,17.0,0.01378953313253012,0.016335049024050516,0.01858608773302861
reasoning,9,9,model.layers.9.mlp,34,0.026371109437751002,10.0,0.014067270669592432,7.0,0.03667078424529378,14.0,0.026371109437751002,0.03244414005777246,0.022578000099196402
reasoning,9,9,model.layers.9.mlp,35,0.01200112951807229,39.0,0.00456786251451117,42.0,0.02136100742060796,33.0,0.01200112951807229,0.010535119048060718,0.01315185474178445
reasoning,9,9,model.layers.9.mlp,36,0.013444402610441768,35.0,0.005257296274943524,36.0,0.017395089297222506,39.0,0.013444402610441768,0.012125199029415914,0.010710060773478655
reasoning,9,9,model.layers.9.mlp,37,0.025727911646586346,11.0,0.010379791259765625,13.0,0.0416105066138099,13.0,0.025727911646586346,0.023939498237580677,0.02561935998341194
reasoning,9,9,model.layers.9.mlp,38,0.01637801204819277,23.0,0.007409398335529618,19.0,0.02717880205808574,19.0,0.01637801204819277,0.017088713439016658,0.016733838890894522
reasoning,9,9,model.layers.9.mlp,39,0.0012863955823293172,63.0,0.00031023140413215364,63.0,0.0007535642869471306,63.0,0.0012863955823293172,0.0007155041914235534,0.0004639653854042324
reasoning,9,9,model.layers.9.mlp,40,0.00538089859437751,53.5,0.002029955147739395,52.0,0.0044599602823650625,55.0,0.00538089859437751,0.004681800092651609,0.00274597300739685
reasoning,9,9,model.layers.9.mlp,41,0.017680095381526106,19.0,0.007289518792945218,20.0,0.0250348415222004,24.0,0.017680095381526106,0.01681222848603447,0.015413814184902458
reasoning,9,9,model.layers.9.mlp,42,0.028347766064257027,8.0,0.012883657432464233,8.0,0.05083531392626015,6.0,0.028347766064257027,0.029714306066404936,0.03129902309130687
reasoning,9,9,model.layers.9.mlp,43,0.015311244979919678,26.0,0.006573228950960091,28.0,0.02715359361894638,20.0,0.015311244979919678,0.0151602088085032,0.016718318193611862
reasoning,9,9,model.layers.9.mlp,44,0.01331890060240964,37.0,0.005783969618709212,32.0,0.026885439005463446,22.0,0.01331890060240964,0.013339895478441046,0.0165532168734623
reasoning,9,9,model.layers.9.mlp,45,0.014793549196787149,28.0,0.005801832819559488,31.0,0.02493167150182178,27.0,0.014793549196787149,0.013381094386450916,0.0153502929709911
reasoning,9,9,model.layers.9.mlp,46,0.0015060240963855422,62.0,0.00034798005498556727,62.0,0.0009186072920235884,62.0,0.0015060240963855422,0.000802566034765165,0.0005655814555723025
reasoning,9,9,model.layers.9.mlp,47,0.014699422690763053,29.0,0.00820706838584808,15.0,0.04393609607195759,9.0,0.014699422690763053,0.018928424882712964,0.027051212617528624
reasoning,9,9,model.layers.9.mlp,48,0.017005522088353413,21.0,0.006763795293478602,27.0,0.023034019837058693,30.0,0.017005522088353413,0.015599722716509007,0.01418191928177119
reasoning,9,9,model.layers.9.mlp,49,0.012126631526104418,38.0,0.0044750382143809615,43.0,0.018494682592231346,35.0,0.012126631526104418,0.010321033127278726,0.011387074315313979
reasoning,9,9,model.layers.9.mlp,50,0.026669176706827308,9.0,0.009848996817347515,14.0,0.024936284436040134,26.0,0.026669176706827308,0.022715297066210213,0.015353133129209232
reasoning,9,9,model.layers.9.mlp,51,0.01575050200803213,24.0,0.004968635528441893,38.0,0.018789088742500806,34.0,0.01575050200803213,0.011459444462758997,0.011568338562228496
reasoning,9,9,model.layers.9.mlp,52,0.03049698795180723,7.0,0.01589438809927209,4.0,0.07121312423762548,3.0,0.03049698795180723,0.03665812407662417,0.043845528782426854
reasoning,9,9,model.layers.9.mlp,53,0.016440763052208835,22.0,0.00696127098726939,25.0,0.02907895732738347,18.0,0.016440763052208835,0.016055172051197875,0.017903754035651715
reasoning,9,9,model.layers.9.mlp,54,0.010636295180722892,45.0,0.003475434330093813,46.0,0.007799148080818145,48.0,0.010636295180722892,0.008015590288661244,0.004801892562877443
reasoning,9,9,model.layers.9.mlp,55,0.01761734437751004,20.0,0.007653906642193775,17.0,0.030636665804019893,16.0,0.01761734437751004,0.017652636742479372,0.018862826574290698
reasoning,9,9,model.layers.9.mlp,56,0.0057260291164658635,52.0,0.0018212345230531502,54.0,0.006344427377075316,53.0,0.0057260291164658635,0.004200415939369906,0.0039062290293760057
reasoning,9,9,model.layers.9.mlp,57,0.005035768072289157,56.0,0.0011735939117799323,58.0,0.0016948137208856792,60.0,0.005035768072289157,0.0027067258560000643,0.0010434874831777607
reasoning,9,9,model.layers.9.mlp,58,0.019515562248995984,16.0,0.007138692710294302,22.0,0.024241256859549976,28.0,0.019515562248995984,0.016464369781611515,0.014925208474367607
reasoning,9,9,model.layers.9.mlp,59,0.014056224899598393,31.0,0.006079432475997741,30.0,0.02496572852837872,25.0,0.014056224899598393,0.014021338136998806,0.015371261694862326
reasoning,9,9,model.layers.9.mlp,60,0.00538089859437751,53.5,0.0015890588722075804,56.0,0.0034812382463530363,56.0,0.00538089859437751,0.0036649361358625505,0.00214337923469887
reasoning,9,9,model.layers.9.mlp,61,0.01554656124497992,25.0,0.006535618180730735,29.0,0.016947046791420256,41.0,0.01554656124497992,0.015073464967024443,0.010434203467761348
reasoning,9,9,model.layers.9.mlp,62,0.00486320281124498,57.0,0.0017801307770143073,55.0,0.007604496194476105,49.0,0.00486320281124498,0.004105616050698825,0.004682046467420584
reasoning,9,9,model.layers.9.mlp,63,0.0073575552208835346,51.0,0.0025291749272480547,51.0,0.007301947718157047,51.0,0.0073575552208835346,0.0058331788374282965,0.004495769035155959
reasoning,10,10,model.layers.10.mlp,0,0.015923067269076305,24.5,0.008313757348730862,23.0,0.03134578388244153,29.0,0.015923067269076305,0.017428213009130052,0.014018333450786916
reasoning,10,10,model.layers.10.mlp,1,0.021178463855421686,17.0,0.00894370327991654,21.0,0.037543655788323964,23.0,0.021178463855421686,0.01874877499000321,0.016790120412241486
reasoning,10,10,model.layers.10.mlp,2,0.03184613453815261,8.0,0.013338648171788717,9.0,0.06626645450192283,9.0,0.03184613453815261,0.02796194209676621,0.02963541314816844
reasoning,10,10,model.layers.10.mlp,3,0.013883659638554216,30.0,0.007795540683240776,26.0,0.04464624719656854,18.0,0.013883659638554216,0.01634187020981549,0.019966512334640953
reasoning,10,10,model.layers.10.mlp,4,0.029602786144578314,9.0,0.021623481229605925,4.0,0.08869268329268,5.0,0.029602786144578314,0.04532952082442326,0.03966477959858195
reasoning,10,10,model.layers.10.mlp,5,0.004329819277108434,57.0,0.002045122016385856,57.0,0.008434800152483594,54.0,0.004329819277108434,0.004287209818154642,0.0037721768762176977
reasoning,10,10,model.layers.10.mlp,6,0.04077246485943775,1.0,0.023149344815786583,2.0,0.10958702431385775,3.0,0.04077246485943775,0.04852820398143062,0.04900906145695962
reasoning,10,10,model.layers.10.mlp,7,0.007953689759036145,47.0,0.0030455685044866966,48.0,0.014298013712552536,46.0,0.007953689759036145,0.006384455836709568,0.006394299299012246
reasoning,10,10,model.layers.10.mlp,8,0.004016064257028112,59.0,0.001572084235379016,59.0,0.007644687706780392,57.0,0.004016064257028112,0.0032955759680264643,0.0034188260150931635
reasoning,10,10,model.layers.10.mlp,9,0.012126631526104418,34.0,0.00518356078121078,35.0,0.024043763357487667,35.0,0.012126631526104418,0.010866350514127644,0.010752753653287197
reasoning,10,10,model.layers.10.mlp,10,0.014887675702811244,27.0,0.005306565617940512,34.0,0.023601626049742162,36.0,0.014887675702811244,0.011124206788463853,0.010555022812219237
reasoning,10,10,model.layers.10.mlp,11,0.005710341365461847,55.0,0.002144089664321348,56.0,0.00736751137245222,58.0,0.005710341365461847,0.004494676692262491,0.003294868346851355
reasoning,10,10,model.layers.10.mlp,12,0.017836972891566265,21.0,0.00797277856543361,25.0,0.0325471537120371,27.0,0.017836972891566265,0.016713415761913583,0.014555605159548343
reasoning,10,10,model.layers.10.mlp,13,0.008424322289156627,44.0,0.003951306323928526,46.0,0.012924356462740635,48.0,0.008424322289156627,0.008283163122178623,0.005779977913808647
reasoning,10,10,model.layers.10.mlp,14,0.014056224899598393,29.0,0.007072081048804593,27.0,0.03421487685958724,25.0,0.014056224899598393,0.014825274513841044,0.015301437494564519
reasoning,10,10,model.layers.10.mlp,15,0.015923067269076305,24.5,0.007058032545219943,28.0,0.03080534978384474,31.0,0.015923067269076305,0.014795824494714588,0.013776642720361476
reasoning,10,10,model.layers.10.mlp,16,0.03854480421686747,4.0,0.014422543077583772,8.0,0.06576768597064307,10.0,0.03854480421686747,0.03023412187124458,0.029412355922595102
reasoning,10,10,model.layers.10.mlp,17,0.027171184738955825,11.0,0.012236032141260353,10.0,0.07004142627419238,8.0,0.027171184738955825,0.02565051704052936,0.03132364060706524
reasoning,10,10,model.layers.10.mlp,18,0.0064319779116465865,53.0,0.0050257487469408885,37.0,0.031104300485317964,30.0,0.0064319779116465865,0.01053552756208663,0.01391033823215073
reasoning,10,10,model.layers.10.mlp,19,0.001678589357429719,62.0,0.0004343392858543549,63.0,0.0011248975042178928,62.0,0.001678589357429719,0.0009105098061658834,0.0005030720677212854
reasoning,10,10,model.layers.10.mlp,20,0.006180973895582329,54.0,0.0026268710094283386,52.0,0.007820023459393576,56.0,0.006180973895582329,0.005506736073649584,0.0034972389543003754
reasoning,10,10,model.layers.10.mlp,21,0.008565512048192772,43.0,0.003989667777555534,45.0,0.0193158944042018,42.0,0.008565512048192772,0.008363580622606805,0.008638375408756857
reasoning,10,10,model.layers.10.mlp,22,0.03241089357429719,7.0,0.0096957501637409,17.0,0.029190093495819462,32.0,0.03241089357429719,0.02032529842391655,0.013054274399985787
reasoning,10,10,model.layers.10.mlp,23,0.01753890562248996,22.0,0.010233530557777986,15.0,0.05119767566267625,14.0,0.01753890562248996,0.02145265286382488,0.022896415417023905
reasoning,10,10,model.layers.10.mlp,24,0.00833019578313253,45.0,0.0027920826371893824,49.0,0.011273709825243816,50.0,0.00833019578313253,0.005853070867825906,0.0050417824658775395
reasoning,10,10,model.layers.10.mlp,25,0.0005490712851405622,64.0,0.00016072284744446537,64.0,0.0006291726791116607,64.0,0.0005490712851405622,0.0003369249189265381,0.00028137603599228376
reasoning,10,10,model.layers.10.mlp,26,0.009271460843373495,42.0,0.005019605399135605,39.0,0.028154822955671024,33.0,0.009271460843373495,0.010522649200396654,0.012591284937096442
reasoning,10,10,model.layers.10.mlp,27,0.01200112951807229,36.0,0.005520188664815512,33.0,0.027979430311497855,34.0,0.01200112951807229,0.01157202692663101,0.01251284655507812
reasoning,10,10,model.layers.10.mlp,28,0.02687311746987952,12.0,0.015065174026182857,7.0,0.0757490947812676,6.0,0.02687311746987952,0.031581275581492554,0.03387620080651058
reasoning,10,10,model.layers.10.mlp,29,0.0073575552208835346,49.0,0.004113821619485755,44.0,0.020473357733249306,39.0,0.0073575552208835346,0.008623845568082038,0.009156011431658638
reasoning,10,10,model.layers.10.mlp,30,0.033979668674698794,6.0,0.017341774630259318,5.0,0.13036070937612448,1.0,0.033979668674698794,0.036353736287314774,0.05829938405015564
reasoning,10,10,model.layers.10.mlp,31,0.01311495983935743,32.0,0.0050221638507153615,38.0,0.022474090585552425,37.0,0.01311495983935743,0.010528012508132878,0.01005077100681285
reasoning,10,10,model.layers.10.mlp,32,0.021931475903614456,15.0,0.009400900109225967,19.0,0.04438224047362565,19.0,0.021931475903614456,0.01970720129402806,0.019848444326217782
reasoning,10,10,model.layers.10.mlp,33,0.008079191767068273,46.0,0.0027343412958474524,51.0,0.010215978843186155,52.0,0.008079191767068273,0.005732027114186203,0.004568748335886668
reasoning,10,10,model.layers.10.mlp,34,0.013805220883534136,31.0,0.0067230592291039155,30.0,0.032493350271838736,28.0,0.013805220883534136,0.014093616568651416,0.014531543404757688
reasoning,10,10,model.layers.10.mlp,35,0.020017570281124497,19.0,0.01089482135083302,13.0,0.06561069754532063,11.0,0.020017570281124497,0.022838923393370587,0.029342148200167822
reasoning,10,10,model.layers.10.mlp,36,0.021696159638554216,16.0,0.01028764104268637,14.0,0.052472124710290065,13.0,0.021696159638554216,0.021566085216665268,0.02346636931520974
reasoning,10,10,model.layers.10.mlp,37,0.02459839357429719,14.0,0.01155844079442771,12.0,0.05637481691966574,12.0,0.02459839357429719,0.024230075496424714,0.02521171538637506
reasoning,10,10,model.layers.10.mlp,38,0.026261295180722892,13.0,0.010137626923710466,16.0,0.04939957073773725,15.0,0.026261295180722892,0.021251609112754425,0.02209227427600696
reasoning,10,10,model.layers.10.mlp,39,0.015091616465863454,26.0,0.006932316056217055,29.0,0.03295558625944408,26.0,0.015091616465863454,0.014532283756490285,0.014738262695348956
reasoning,10,10,model.layers.10.mlp,40,0.002227660642570281,60.0,0.0006750175751835467,61.0,0.0029968224759456745,61.0,0.002227660642570281,0.0014150461207532359,0.0013402267085798306
reasoning,10,10,model.layers.10.mlp,41,0.010636295180722892,39.0,0.005113639984743662,36.0,0.020249486107465225,40.0,0.010636295180722892,0.010719774846414296,0.009055892477473895
reasoning,10,10,model.layers.10.mlp,42,0.01466804718875502,28.0,0.006703709981527673,31.0,0.03446541943336766,24.0,0.01466804718875502,0.014053054546670267,0.015413484121187235
reasoning,10,10,model.layers.10.mlp,43,0.036677961847389556,5.0,0.022674162225072163,3.0,0.11326530132906504,2.0,0.036677961847389556,0.04753207394517627,0.050654045481507315
reasoning,10,10,model.layers.10.mlp,44,0.04006651606425703,2.0,0.01616866330066359,6.0,0.07041363304398625,7.0,0.04006651606425703,0.033894531227795066,0.031490097398548876
reasoning,10,10,model.layers.10.mlp,45,0.011091239959839357,38.0,0.004846519255733873,40.0,0.02086174360338045,38.0,0.011091239959839357,0.010159806980014228,0.009329703774319182
reasoning,10,10,model.layers.10.mlp,46,0.011750125502008033,37.0,0.00478799659085561,41.0,0.013598939265502265,47.0,0.011750125502008033,0.01003712532999999,0.006081662079843367
reasoning,10,10,model.layers.10.mlp,47,0.01857429718875502,20.0,0.008227627918902171,24.0,0.03918234357258761,22.0,0.01857429718875502,0.017247659020548887,0.017522967670669968
reasoning,10,10,model.layers.10.mlp,48,0.012503137550200803,33.0,0.005564563245658415,32.0,0.017662282060667216,45.0,0.012503137550200803,0.011665049806020079,0.00789885364988357
reasoning,10,10,model.layers.10.mlp,49,0.005600527108433735,56.0,0.0027598338912289784,50.0,0.011319311851837549,49.0,0.005600527108433735,0.005785467497857326,0.005062176417970749
reasoning,10,10,model.layers.10.mlp,50,0.0021178463855421686,61.0,0.001009914290952874,60.0,0.004005057776036362,60.0,0.0021178463855421686,0.002117093468740475,0.001791125581823277
reasoning,10,10,model.layers.10.mlp,51,0.01040097891566265,40.0,0.003700026546616152,47.0,0.018048827399884962,44.0,0.01040097891566265,0.0077564028018818855,0.008071722877825808
reasoning,10,10,model.layers.10.mlp,52,0.020990210843373495,18.0,0.009581646287297628,18.0,0.04895952747513851,17.0,0.020990210843373495,0.02008610132200397,0.02189547992525739
reasoning,10,10,model.layers.10.mlp,53,0.01730358935742972,23.0,0.008860254862222326,22.0,0.03992875845706367,21.0,0.01730358935742972,0.018573841234079767,0.017856776286924645
reasoning,10,10,model.layers.10.mlp,54,0.00721636546184739,51.0,0.002254256282944277,55.0,0.010725600060531831,51.0,0.00721636546184739,0.004725620081072017,0.0047966590553997135
reasoning,10,10,model.layers.10.mlp,55,0.0040945030120481925,58.0,0.002357130548561433,53.0,0.008112280437419841,55.0,0.0040945030120481925,0.004941276437052543,0.003627940926427046
reasoning,10,10,model.layers.10.mlp,56,0.007153614457831325,52.0,0.001770341252706137,58.0,0.006254364936481638,59.0,0.007153614457831325,0.0037111841441610873,0.0027970515438799177
reasoning,10,10,model.layers.10.mlp,57,0.0015687751004016064,63.0,0.00044440457141064257,62.0,0.0010358534195090093,63.0,0.0015687751004016064,0.0009316097653437249,0.0004632501358164829
reasoning,10,10,model.layers.10.mlp,58,0.007922314257028112,48.0,0.004218810054671812,43.0,0.01874929939838029,43.0,0.007922314257028112,0.008843933878958366,0.008384985104244305
reasoning,10,10,model.layers.10.mlp,59,0.039595883534136546,3.0,0.027183992316923946,1.0,0.10396622384647768,4.0,0.039595883534136546,0.05698607605022638,0.046495350027455064
reasoning,10,10,model.layers.10.mlp,60,0.012048192771084338,35.0,0.008955239292129455,20.0,0.043606329150123885,20.0,0.012048192771084338,0.018772958048239002,0.019501444432966367
reasoning,10,10,model.layers.10.mlp,61,0.009977409638554216,41.0,0.004355817434778175,42.0,0.019747672954117917,41.0,0.009977409638554216,0.009131143825575469,0.008831473648453833
reasoning,10,10,model.layers.10.mlp,62,0.028551706827309238,10.0,0.011622156962812186,11.0,0.049114576260368505,16.0,0.028551706827309238,0.024363644339987337,0.021964820209764077
reasoning,10,10,model.layers.10.mlp,63,0.007310491967871486,50.0,0.002308121646743223,54.0,0.009261981483144933,53.0,0.007310491967871486,0.004838538584069415,0.004142105532682775
reasoning,11,11,model.layers.11.mlp,0,0.016754518072289157,22.0,0.008793260198999122,21.0,0.05923455567604088,18.0,0.016754518072289157,0.01836614696447,0.020757395513629064
reasoning,11,11,model.layers.11.mlp,1,0.027077058232931727,9.0,0.010572670932754455,17.0,0.07099137039122033,15.0,0.027077058232931727,0.02208273424912987,0.024877302386200464
reasoning,11,11,model.layers.11.mlp,2,0.003137550200803213,58.0,0.0012056894570469376,56.0,0.005054000008619395,58.0,0.003137550200803213,0.002518277551272347,0.0017710587326517327
reasoning,11,11,model.layers.11.mlp,3,0.012518825301204819,34.0,0.005369209381471197,36.0,0.03765893200165536,30.0,0.012518825301204819,0.011214462707965289,0.013196711569078326
reasoning,11,11,model.layers.11.mlp,4,0.012095256024096385,35.0,0.00483049446320438,40.0,0.03192799836846001,35.0,0.012095256024096385,0.010089269419363753,0.01118843692720891
reasoning,11,11,model.layers.11.mlp,5,0.012973770080321285,33.0,0.011590383139001318,13.0,0.08477232588761782,8.0,0.012973770080321285,0.024208390891201307,0.02970652310930191
reasoning,11,11,model.layers.11.mlp,6,0.009396962851405623,45.0,0.0029224564272715865,48.0,0.01571729170985101,46.0,0.009396962851405623,0.006104023197976022,0.005507765470695036
reasoning,11,11,model.layers.11.mlp,7,0.04593373493975904,2.0,0.01850227754278834,4.0,0.0943857502626128,6.0,0.04593373493975904,0.038645000925475,0.03307532785029614
reasoning,11,11,model.layers.11.mlp,8,0.016174071285140562,24.0,0.008381946977362576,23.0,0.056962309577259194,21.0,0.016174071285140562,0.017507052737067715,0.01996113882801017
reasoning,11,11,model.layers.11.mlp,9,0.014166039156626505,28.0,0.006562244461243411,30.0,0.027499749417787035,40.0,0.014166039156626505,0.013706309544404712,0.009636658343696869
reasoning,11,11,model.layers.11.mlp,10,0.005553463855421686,53.0,0.0018349153449736446,53.0,0.006291985941090505,55.0,0.005553463855421686,0.0038325176476619,0.002204882593527012
reasoning,11,11,model.layers.11.mlp,11,0.013491465863453815,31.0,0.0067488275857335595,27.0,0.0507404028249149,24.0,0.013491465863453815,0.014096018595191828,0.01778081388367082
reasoning,11,11,model.layers.11.mlp,12,0.006322163654618474,50.0,0.006040718660775916,33.0,0.04134134382727635,27.0,0.006322163654618474,0.012617018510091966,0.01448712858725471
reasoning,11,11,model.layers.11.mlp,13,0.0002666917670682731,64.0,5.9564429593373496e-05,64.0,0.00028498696600906103,64.0,0.0002666917670682731,0.00012440995069055763,9.986716540986853e-05
reasoning,11,11,model.layers.11.mlp,14,0.009381275100401607,46.0,0.0034109061980343246,45.0,0.016735903828977102,44.0,0.009381275100401607,0.007124229591460345,0.005864714795128448
reasoning,11,11,model.layers.11.mlp,15,0.024331701807228916,12.0,0.010703381764362136,15.0,0.05768716840978607,20.0,0.024331701807228916,0.02235574497425637,0.020215149030443302
reasoning,11,11,model.layers.11.mlp,16,0.014009161646586346,30.0,0.006666681373933233,29.0,0.03782987159613266,29.0,0.014009161646586346,0.013924442937886588,0.01325661344106856
reasoning,11,11,model.layers.11.mlp,17,0.01120105421686747,38.0,0.0048483117038466365,38.0,0.03569918220870227,32.0,0.01120105421686747,0.010126483609860954,0.012509962067949985
reasoning,11,11,model.layers.11.mlp,18,0.02850464357429719,8.0,0.013349908422753513,9.0,0.07869090091990659,11.0,0.02850464357429719,0.027883444195409442,0.02757542679397494
reasoning,11,11,model.layers.11.mlp,19,0.012032505020080322,36.0,0.004830693624105798,39.0,0.030538795500933885,36.0,0.012032505020080322,0.010089685399137153,0.010701622549337732
reasoning,11,11,model.layers.11.mlp,20,0.01742909136546185,19.0,0.008177684492854229,24.0,0.059151079999395166,19.0,0.01742909136546185,0.017080417481780366,0.020728143371595967
reasoning,11,11,model.layers.11.mlp,21,0.010934362449799197,39.0,0.003839071495944716,43.0,0.027503362628649997,39.0,0.010934362449799197,0.00801852210738105,0.009637924510820106
reasoning,11,11,model.layers.11.mlp,22,0.031391189759036146,6.0,0.015721424516425074,7.0,0.10324694736894355,4.0,0.031391189759036146,0.03283673934638602,0.03618053174624991
reasoning,11,11,model.layers.11.mlp,23,0.00789093875502008,47.0,0.003340050877337475,46.0,0.011545889879984549,50.0,0.00789093875502008,0.006976236787462446,0.004045993087318538
reasoning,11,11,model.layers.11.mlp,24,0.02339043674698795,14.0,0.010061225737912589,18.0,0.0697810824317147,16.0,0.02339043674698795,0.021014498191039958,0.02445318464657837
reasoning,11,11,model.layers.11.mlp,25,0.010902986947791165,40.0,0.0038246706307652487,44.0,0.02056966499653626,42.0,0.010902986947791165,0.007988443569919856,0.00720816872926517
reasoning,11,11,model.layers.11.mlp,26,0.010871611445783132,41.0,0.005893217033171749,34.0,0.029636580295052874,37.0,0.010871611445783132,0.012308937490223475,0.010385461861490159
reasoning,11,11,model.layers.11.mlp,27,0.004063127510040161,56.0,0.0009801167560868475,58.0,0.004032106558141489,60.0,0.004063127510040161,0.002047132460231254,0.0014129595406806392
reasoning,11,11,model.layers.11.mlp,28,0.009898970883534136,43.0,0.003310176742124749,47.0,0.010817965832969031,52.0,0.009898970883534136,0.006913839821452522,0.0037909087505604553
reasoning,11,11,model.layers.11.mlp,29,0.017240838353413654,20.0,0.0072025467593028365,26.0,0.02049952811266045,43.0,0.017240838353413654,0.0150436845158841,0.007183590862138658
reasoning,11,11,model.layers.11.mlp,30,0.01407191265060241,29.0,0.006262798385926518,31.0,0.04179331101477146,26.0,0.01407191265060241,0.013080867955876513,0.014645510152929446
reasoning,11,11,model.layers.11.mlp,31,0.01645645080321285,23.0,0.008670883485112324,22.0,0.061759705552419865,17.0,0.01645645080321285,0.01811054339293806,0.021642276544928687
reasoning,11,11,model.layers.11.mlp,32,0.009993097389558232,42.0,0.005597417134357743,35.0,0.028613831564582075,38.0,0.009993097389558232,0.011691111531392897,0.010027062956203339
reasoning,11,11,model.layers.11.mlp,33,0.03619164156626506,4.0,0.02295471865489301,3.0,0.13647242961638423,3.0,0.03619164156626506,0.04794464473959418,0.04782364222914235
reasoning,11,11,model.layers.11.mlp,34,0.018480170682730925,18.0,0.009410122790968561,19.0,0.05519242836985303,22.0,0.018480170682730925,0.019654564316464677,0.019340924430941115
reasoning,11,11,model.layers.11.mlp,35,0.009773468875502008,44.0,0.00409156155873494,42.0,0.02351971404499797,41.0,0.009773468875502008,0.008545888464719292,0.008241945959205516
reasoning,11,11,model.layers.11.mlp,36,0.014275853413654619,27.0,0.006720087135651983,28.0,0.040766142338634015,28.0,0.014275853413654619,0.014035989514045869,0.014285562378755126
reasoning,11,11,model.layers.11.mlp,37,0.02670055220883534,10.0,0.01236285167525571,11.0,0.03698935404599431,31.0,0.02670055220883534,0.02582181643999742,0.012962073285828988
reasoning,11,11,model.layers.11.mlp,38,0.0020237198795180723,61.0,0.00030194324661928965,63.0,0.0005040164722735623,63.0,0.0020237198795180723,0.0006306573349177469,0.00017662104730867552
reasoning,11,11,model.layers.11.mlp,39,0.0069182981927710845,49.0,0.0026778715202607304,50.0,0.012152061932327518,48.0,0.0069182981927710845,0.00559316803779733,0.004258412221659755
reasoning,11,11,model.layers.11.mlp,40,0.005082831325301205,54.0,0.0018182317894625377,54.0,0.007788271510442457,54.0,0.005082831325301205,0.0037976713420286652,0.0027292216555812377
reasoning,11,11,model.layers.11.mlp,41,0.005678965863453816,51.0,0.002839008009577372,49.0,0.011342564186298225,51.0,0.005678965863453816,0.005929727672921632,0.00397474224743696
reasoning,11,11,model.layers.11.mlp,42,0.01327183734939759,32.0,0.005339228005773093,37.0,0.03274714007008686,34.0,0.01327183734939759,0.011151841752846609,0.011475486405141486
reasoning,11,11,model.layers.11.mlp,43,0.011248117469879517,37.0,0.004102546048451619,41.0,0.015910217721748304,45.0,0.011248117469879517,0.00856883134914448,0.005575371979904305
reasoning,11,11,model.layers.11.mlp,44,0.0216804718875502,15.0,0.012015001840859532,12.0,0.07532720794400058,12.0,0.0216804718875502,0.02509527576731109,0.026396697508502504
reasoning,11,11,model.layers.11.mlp,45,0.015954442771084338,25.0,0.009129014838651481,20.0,0.051530701112017095,23.0,0.015954442771084338,0.01906742486553334,0.018057755846548736
reasoning,11,11,model.layers.11.mlp,46,0.007843875502008033,48.0,0.0026722030946049824,51.0,0.012073386277270365,49.0,0.007843875502008033,0.005581328613477498,0.0042308421374297545
reasoning,11,11,model.layers.11.mlp,47,0.045902359437751006,3.0,0.017293294270833332,5.0,0.10078148908883214,5.0,0.045902359437751006,0.036119843708719505,0.03531656826988802
reasoning,11,11,model.layers.11.mlp,48,0.067378890562249,1.0,0.031311065796388676,1.0,0.22866120119111605,1.0,0.067378890562249,0.065398228076558,0.08012908913682165
reasoning,11,11,model.layers.11.mlp,49,0.014699422690763053,26.0,0.006056069370254455,32.0,0.034909751097929764,33.0,0.014699422690763053,0.012649080951087834,0.012233323987186996
reasoning,11,11,model.layers.11.mlp,50,0.004471009036144578,55.0,0.001467126440331639,55.0,0.008978498271146572,53.0,0.004471009036144578,0.0030643309999694576,0.0031463094068249586
reasoning,11,11,model.layers.11.mlp,51,0.03377572791164658,5.0,0.02861026013232618,2.0,0.15819005602334876,2.0,0.03377572791164658,0.059757158367931516,0.05543408778413344
reasoning,11,11,model.layers.11.mlp,52,0.031234312248995984,7.0,0.013903744249458772,8.0,0.07402066066561933,14.0,0.031234312248995984,0.02904021994834523,0.025938847891752784
reasoning,11,11,model.layers.11.mlp,53,0.0028081074297188753,59.0,0.0008709153018323293,59.0,0.005993187092768261,56.0,0.0028081074297188753,0.001819047550631898,0.002100175369798306
reasoning,11,11,model.layers.11.mlp,54,0.02157065763052209,16.0,0.012458081226272276,10.0,0.080249169175644,9.0,0.02157065763052209,0.026020718768570598,0.028121486271108106
reasoning,11,11,model.layers.11.mlp,55,0.0032944277108433737,57.0,0.001064407777594754,57.0,0.005546610932385766,57.0,0.0032944277108433737,0.0022231878997115645,0.0019436829662979839
reasoning,11,11,model.layers.11.mlp,56,0.023453187751004016,13.0,0.01590816084160862,6.0,0.08019504004932311,10.0,0.023453187751004016,0.03322676838161421,0.028102517956565584
reasoning,11,11,model.layers.11.mlp,57,0.017131024096385544,21.0,0.007269863143982178,25.0,0.045852883437453924,25.0,0.017131024096385544,0.015184285679293131,0.01606809447777355
reasoning,11,11,model.layers.11.mlp,58,0.026057354417670684,11.0,0.01133944040321442,14.0,0.0928153854955631,7.0,0.026057354417670684,0.02368425637671794,0.032525029427385825
reasoning,11,11,model.layers.11.mlp,59,0.0018511546184738956,62.0,0.0004923563884444026,62.0,0.0016329835419614152,61.0,0.0018511546184738956,0.0010283659967317749,0.0005722417406677769
reasoning,11,11,model.layers.11.mlp,60,0.005663278112449799,52.0,0.0022263124764683737,52.0,0.013623169918795187,47.0,0.005663278112449799,0.004650013897724237,0.004773928375530717
reasoning,11,11,model.layers.11.mlp,61,0.021351029116465862,17.0,0.010643878615046122,16.0,0.0744700235310927,13.0,0.021351029116465862,0.022231463017342246,0.026096316832328315
reasoning,11,11,model.layers.11.mlp,62,0.0016001506024096385,63.0,0.0005108017519295934,61.0,0.0015928735666680168,62.0,0.0016001506024096385,0.00106689212343739,0.0005581861170253813
reasoning,11,11,model.layers.11.mlp,63,0.002776731927710843,60.0,0.0008094511836408133,60.0,0.004835807781920855,59.0,0.002776731927710843,0.0016906697928719915,0.0016945982562306537
reasoning,12,12,model.layers.12.mlp,0,0.011263805220883534,34.0,0.005077178219714797,37.0,0.03874043868031787,34.0,0.011263805220883534,0.009404611956638845,0.00917343363910192
reasoning,12,12,model.layers.12.mlp,1,0.011859939759036145,33.0,0.0054093020029336095,36.0,0.038681516986729274,35.0,0.011859939759036145,0.010019814962634413,0.009159481441748175
reasoning,12,12,model.layers.12.mlp,2,0.017366340361445784,18.0,0.007809972188558923,24.0,0.05879968333985641,23.0,0.017366340361445784,0.014466649514159467,0.013923306278728845
reasoning,12,12,model.layers.12.mlp,3,0.002008032128514056,61.0,0.0007172243662148595,60.0,0.0025107319463029444,62.0,0.002008032128514056,0.0013285365528247868,0.0005945217369643448
reasoning,12,12,model.layers.12.mlp,4,0.017476154618473894,17.0,0.009040495478005773,18.0,0.0745722400735181,18.0,0.017476154618473894,0.016745985306611613,0.017658124660863604
reasoning,12,12,model.layers.12.mlp,5,0.007388930722891566,44.0,0.002383450427687312,50.0,0.019018988790790958,46.0,0.007388930722891566,0.004414937869079414,0.004503548165647994
reasoning,12,12,model.layers.12.mlp,6,0.04019201807228916,4.0,0.021450870008353728,5.0,0.26648106464899207,4.0,0.04019201807228916,0.03973410028773844,0.06310063710963379
reasoning,12,12,model.layers.12.mlp,7,0.01567206325301205,25.0,0.010066587762181538,15.0,0.08427378610075717,15.0,0.01567206325301205,0.01864664731743154,0.019955375071783327
reasoning,12,12,model.layers.12.mlp,8,0.00020394076305220882,64.0,4.8196938143197794e-05,64.0,0.00024203289427371868,64.0,0.00020394076305220882,8.927665745016189e-05,5.731150110150255e-05
reasoning,12,12,model.layers.12.mlp,9,0.028912525100401605,11.0,0.013080520323481426,11.0,0.08611882834070658,13.0,0.028912525100401605,0.024229446458190536,0.02039226667977936
reasoning,12,12,model.layers.12.mlp,10,0.012299196787148595,32.0,0.005569886969754016,35.0,0.031691901886977826,40.0,0.012299196787148595,0.010317271390921952,0.007504395116847825
reasoning,12,12,model.layers.12.mlp,11,0.05241277610441767,3.0,0.028454945269358684,4.0,0.2762523063002192,3.0,0.05241277610441767,0.05270796236117689,0.0654143909005711
reasoning,12,12,model.layers.12.mlp,12,0.00773406124497992,42.0,0.002712157835443336,48.0,0.010991160024750424,55.0,0.00773406124497992,0.005023812618682298,0.0026026209443782825
reasoning,12,12,model.layers.12.mlp,13,0.0066516064257028116,47.0,0.0035508703515232808,45.0,0.02357207669925139,45.0,0.0066516064257028116,0.006577385374170717,0.005581683860649279
reasoning,12,12,model.layers.12.mlp,14,0.017115336345381527,19.0,0.008645865811880335,20.0,0.06103437586900699,20.0,0.017115336345381527,0.016015000748678135,0.014452464035281939
reasoning,12,12,model.layers.12.mlp,15,0.022307981927710843,13.0,0.009831761739340174,16.0,0.0768490433094492,16.0,0.022307981927710843,0.01821167191838638,0.018197253904248183
reasoning,12,12,model.layers.12.mlp,16,0.00972640562248996,37.0,0.004584837151339734,42.0,0.04672623797316089,31.0,0.00972640562248996,0.008492633590308312,0.011064408609018845
reasoning,12,12,model.layers.12.mlp,17,0.007639934738955823,43.0,0.00505505603958804,38.0,0.01753053871211577,48.0,0.007639934738955823,0.009363634368158858,0.004151094799424759
reasoning,12,12,model.layers.12.mlp,18,0.033665913654618476,5.0,0.015957568065229667,8.0,0.1346067553591806,8.0,0.033665913654618476,0.029558689675771785,0.03187382951059909
reasoning,12,12,model.layers.12.mlp,19,0.0020394076305220886,60.0,0.0008228409242438504,59.0,0.007308364181917714,58.0,0.0020394076305220886,0.0015241733222022236,0.0017305636207798733
reasoning,12,12,model.layers.12.mlp,20,0.005271084337349397,49.0,0.0031416253392476156,46.0,0.017464077065560413,49.0,0.005271084337349397,0.005819328365122346,0.004135357200032763
reasoning,12,12,model.layers.12.mlp,21,0.016048569277108432,24.0,0.008681791374482304,19.0,0.07618464772630648,17.0,0.016048569277108432,0.016081546763211076,0.018039930213559863
reasoning,12,12,model.layers.12.mlp,22,0.01658195281124498,22.0,0.00802502000188253,23.0,0.08531192902206297,14.0,0.01658195281124498,0.014864989132922316,0.020201199216292577
reasoning,12,12,model.layers.12.mlp,23,0.020064633534136546,15.0,0.010146864925522402,14.0,0.04902370779748901,29.0,0.020064633534136546,0.018795347153743952,0.011608431539301788
reasoning,12,12,model.layers.12.mlp,24,0.005882906626506024,48.0,0.006078099629965173,33.0,0.049195146075932374,28.0,0.005882906626506024,0.011258649190538678,0.011649026786131066
reasoning,12,12,model.layers.12.mlp,25,0.014809236947791165,27.0,0.006733844557919177,30.0,0.062176060462632333,19.0,0.014809236947791165,0.012473305506126497,0.01472280603999775
reasoning,12,12,model.layers.12.mlp,26,0.002902233935742972,58.0,0.0010389611424212475,58.0,0.004088572436386353,60.0,0.002902233935742972,0.0019244993891600855,0.0009681420552139119
reasoning,12,12,model.layers.12.mlp,27,0.004047439759036145,54.0,0.0015152467781281375,57.0,0.013711512313190713,54.0,0.004047439759036145,0.002806737788228135,0.0032467791429705056
reasoning,12,12,model.layers.12.mlp,28,0.0037807479919678717,55.0,0.002080848418086408,52.0,0.01378930424691653,53.0,0.0037807479919678717,0.0038544189441094214,0.003265199665969223
reasoning,12,12,model.layers.12.mlp,29,0.010416666666666666,36.0,0.004886182915254769,40.0,0.03337087177009468,39.0,0.010416666666666666,0.009050825533107005,0.007901962086388832
reasoning,12,12,model.layers.12.mlp,30,0.0168957078313253,21.0,0.0062192893890013175,32.0,0.0266905573447306,43.0,0.0168957078313253,0.011520179284327836,0.0063201157481193905
reasoning,12,12,model.layers.12.mlp,31,0.002415913654618474,59.0,0.0006680469436339106,61.0,0.003230201660180427,61.0,0.002415913654618474,0.0012374437141677557,0.0007648865521400665
reasoning,12,12,model.layers.12.mlp,32,0.029681224899598395,10.0,0.012535325015883848,12.0,0.08963337842838831,11.0,0.029681224899598395,0.023219564573677215,0.02122448472115709
reasoning,12,12,model.layers.12.mlp,33,0.003451305220883534,56.0,0.0015859029379235693,56.0,0.01023070583022742,57.0,0.003451305220883534,0.0029376163464481433,0.00242255132393339
reasoning,12,12,model.layers.12.mlp,34,0.014824924698795181,26.0,0.007018705927224523,27.0,0.0496084962159874,26.0,0.014824924698795181,0.013000962902384701,0.01174690487447173
reasoning,12,12,model.layers.12.mlp,35,0.06323732429718876,2.0,0.04160267473703407,2.0,0.34733438175209014,2.0,0.06323732429718876,0.07706190236553204,0.08224607180816644
reasoning,12,12,model.layers.12.mlp,36,0.0069182981927710845,46.0,0.003663411580893888,44.0,0.03059409978429237,41.0,0.0069182981927710845,0.006785848923321666,0.007244444143629549
reasoning,12,12,model.layers.12.mlp,37,0.0016472138554216868,62.0,0.0005608370983935743,62.0,0.00513825350699116,59.0,0.0016472138554216868,0.0010388556503291566,0.0012166983434602494
reasoning,12,12,model.layers.12.mlp,38,0.0013962098393574297,63.0,0.00033341832907803087,63.0,0.0015574000924489047,63.0,0.0013962098393574297,0.0006176009327452633,0.0003687801915591008
reasoning,12,12,model.layers.12.mlp,39,0.007043800200803213,45.0,0.004894624273461032,39.0,0.038412152142469666,36.0,0.007043800200803213,0.009066461718184893,0.009095697948125064
reasoning,12,12,model.layers.12.mlp,40,0.005004392570281124,50.0,0.002260598791650979,51.0,0.015085836913601222,52.0,0.005004392570281124,0.00418737603942498,0.0035722084863108075
reasoning,12,12,model.layers.12.mlp,41,0.011075552208835342,35.0,0.005833131721220821,34.0,0.046362137956821536,32.0,0.011075552208835342,0.010804887667134963,0.010978192565740483
reasoning,12,12,model.layers.12.mlp,42,0.009396962851405623,40.0,0.004358023524763115,43.0,0.025136175845005368,44.0,0.009396962851405623,0.008072499797063034,0.005952050335767169
reasoning,12,12,model.layers.12.mlp,43,0.07712098393574297,1.0,0.04311804407571693,1.0,0.4384767569930678,1.0,0.07712098393574297,0.07986886717641103,0.10382787520183866
reasoning,12,12,model.layers.12.mlp,44,0.009522464859437751,38.5,0.008089869855398155,22.0,0.049730171976857876,25.0,0.009522464859437751,0.014985112493057895,0.01177571674537085
reasoning,12,12,model.layers.12.mlp,45,0.009522464859437751,38.5,0.0031347466281140186,47.0,0.029066977756898326,42.0,0.009522464859437751,0.005806586718842904,0.006882833561655749
reasoning,12,12,model.layers.12.mlp,46,0.01706827309236948,20.0,0.008416983975942835,21.0,0.06054719673080677,21.0,0.01706827309236948,0.015591035948199617,0.014337103816170501
reasoning,12,12,model.layers.12.mlp,47,0.00913027108433735,41.0,0.0071193281426487195,26.0,0.049247396329088686,27.0,0.00913027108433735,0.013187348498739648,0.01166139923843887
reasoning,12,12,model.layers.12.mlp,48,0.027328062248995984,12.0,0.014243865108872992,10.0,0.1343207856019338,9.0,0.027328062248995984,0.02638434546014079,0.03180611410312678
reasoning,12,12,model.layers.12.mlp,49,0.013224774096385542,30.0,0.006759566954340801,28.0,0.04394419879716144,33.0,0.013224774096385542,0.012520951884975455,0.010405643436713796
reasoning,12,12,model.layers.12.mlp,50,0.03065386546184739,9.0,0.014528588597554279,9.0,0.1512157480759793,6.0,0.03065386546184739,0.026911747455916776,0.03580670940793715
reasoning,12,12,model.layers.12.mlp,51,0.012989457831325301,31.0,0.004636940707164596,41.0,0.03516327290530186,37.0,0.012989457831325301,0.008589146594754593,0.008326388691470813
reasoning,12,12,model.layers.12.mlp,52,0.02051957831325301,14.0,0.009457308604535329,17.0,0.08782119531349006,12.0,0.02051957831325301,0.017518060964350504,0.020795373897616883
reasoning,12,12,model.layers.12.mlp,53,0.013820908634538153,28.0,0.006582773354158823,31.0,0.04826205343673806,30.0,0.013820908634538153,0.012193471711111861,0.011428077728857426
reasoning,12,12,model.layers.12.mlp,54,0.03317959337349398,6.0,0.01888822072959808,6.0,0.10201997600166673,10.0,0.03317959337349398,0.03498722692527233,0.024157534390273492
reasoning,12,12,model.layers.12.mlp,55,0.018950803212851405,16.0,0.01112036341165443,13.0,0.05726167775062194,24.0,0.018950803212851405,0.020598588069514166,0.013559118554221266
reasoning,12,12,model.layers.12.mlp,56,0.004643574297188755,52.0,0.0024365651080886044,49.0,0.010596068159875321,56.0,0.004643574297188755,0.004513323810395279,0.0025090662731550545
reasoning,12,12,model.layers.12.mlp,57,0.013569904618473896,29.0,0.00675857114983371,29.0,0.03430814549596195,38.0,0.013569904618473896,0.012519107325937228,0.008123901192367139
reasoning,12,12,model.layers.12.mlp,58,0.03129706325301205,8.0,0.017943447373478288,7.0,0.14287881092374105,7.0,0.03129706325301205,0.03323719444329711,0.03383258773237967
reasoning,12,12,model.layers.12.mlp,59,0.03215988955823293,7.0,0.03953440409587569,3.0,0.18738487602237716,5.0,0.03215988955823293,0.07323078162096698,0.04437127672578316
reasoning,12,12,model.layers.12.mlp,60,0.003153237951807229,57.0,0.0018044284069873243,54.0,0.01775778403475761,47.0,0.003153237951807229,0.0033423977329291063,0.004204904718931693
reasoning,12,12,model.layers.12.mlp,61,0.004235692771084337,53.0,0.001709214176040098,55.0,0.01646921504662937,51.0,0.004235692771084337,0.003166029511043297,0.003899781635542227
reasoning,12,12,model.layers.12.mlp,62,0.01622113453815261,23.0,0.007423768560570407,25.0,0.06053848495243125,22.0,0.01622113453815261,0.013751272763472521,0.014335040935017663
reasoning,12,12,model.layers.12.mlp,63,0.004957329317269076,51.0,0.0020214065490477533,53.0,0.016769637959638994,50.0,0.004957329317269076,0.0037443129584429787,0.003970919437540314
reasoning,13,13,model.layers.13.mlp,0,0.018244854417670684,19.5,0.009626442170047376,17.0,0.0925920149947266,18.0,0.018244854417670684,0.018415376023504557,0.019472895255806647
reasoning,13,13,model.layers.13.mlp,1,0.018244854417670684,19.5,0.008211848247482115,23.0,0.12567582926956047,12.0,0.018244854417670684,0.015709259002861263,0.026430705279414966
reasoning,13,13,model.layers.13.mlp,2,0.021303965863453816,13.0,0.01733065991995325,6.0,0.06482556237872825,27.0,0.021303965863453816,0.033153538298339745,0.013633372015628229
reasoning,13,13,model.layers.13.mlp,3,0.02869289658634538,10.0,0.012040946378286585,12.0,0.12071108815061998,13.0,0.02869289658634538,0.02303432060548196,0.025386577621248865
reasoning,13,13,model.layers.13.mlp,4,0.019594001004016065,17.0,0.010851373634185178,15.0,0.06595442795669697,26.0,0.019594001004016065,0.020758668915795267,0.013870782133108906
reasoning,13,13,model.layers.13.mlp,5,0.0432668172690763,4.0,0.026219210950246298,4.0,0.19592164091795802,5.0,0.0432668172690763,0.05015732917304769,0.04120400222587707
reasoning,13,13,model.layers.13.mlp,6,3.1375502008032126e-05,64.0,6.25058829066265e-06,64.0,2.5101266913564807e-05,64.0,3.1375502008032126e-05,1.1957370304350024e-05,5.279011817852012e-06
reasoning,13,13,model.layers.13.mlp,7,0.0026355421686746986,56.0,0.0006223012165850904,58.0,0.0032825158202055707,58.0,0.0026355421686746986,0.0011904617200066126,0.0006903412432058181
reasoning,13,13,model.layers.13.mlp,8,0.01960968875502008,16.0,0.009666779912619227,16.0,0.0912352676529542,19.0,0.01960968875502008,0.018492542092159836,0.01918755964801765
reasoning,13,13,model.layers.13.mlp,9,0.015154367469879517,29.0,0.004970588837282725,40.0,0.040001549223161126,39.0,0.015154367469879517,0.009508732393532384,0.0084126690421088
reasoning,13,13,model.layers.13.mlp,10,0.01011859939759036,39.0,0.007298557633855735,28.0,0.05523396954389222,30.0,0.01011859939759036,0.013962134803538903,0.011616177740077092
reasoning,13,13,model.layers.13.mlp,11,0.00036081827309236947,63.0,0.000104850554561998,63.0,0.0011905530807992302,63.0,0.00036081827309236947,0.00020057902539944008,0.0002503835286466299
reasoning,13,13,model.layers.13.mlp,12,0.00972640562248996,40.0,0.005580978699956074,38.0,0.037602284971819104,40.0,0.00972640562248996,0.01067640770321637,0.007908083182733719
reasoning,13,13,model.layers.13.mlp,13,0.006463353413654618,48.0,0.002398586656195093,50.0,0.026276449988929022,45.0,0.006463353413654618,0.004588494317893533,0.005526162902470566
reasoning,13,13,model.layers.13.mlp,14,0.016629016064257027,24.0,0.006270872062468624,35.0,0.06676151407097118,25.0,0.016629016064257027,0.011996173143278846,0.014040519268288141
reasoning,13,13,model.layers.13.mlp,15,0.015844628514056224,27.0,0.0067647910979856925,31.0,0.05102629236779718,34.0,0.015844628514056224,0.012941039855563758,0.010731267125214532
reasoning,13,13,model.layers.13.mlp,16,0.0028081074297188753,55.0,0.0007132641282905057,56.0,0.0037632374079845637,57.0,0.0028081074297188753,0.001364473695943079,0.0007914411180336695
reasoning,13,13,model.layers.13.mlp,17,0.015891691767068273,26.0,0.004907355251082455,41.0,0.0198879958126679,49.0,0.015891691767068273,0.009387766594681393,0.0041826161719243264
reasoning,13,13,model.layers.13.mlp,18,0.008565512048192772,42.0,0.006660721866960028,33.0,0.05402163718359537,33.0,0.008565512048192772,0.012741955501452363,0.011361213842071095
reasoning,13,13,model.layers.13.mlp,19,0.04794176706827309,2.0,0.02617868936684237,5.0,0.2349568561923851,4.0,0.04794176706827309,0.050079811417030516,0.049413442946765085
reasoning,13,13,model.layers.13.mlp,20,0.07313629518072289,1.0,0.04136547410344503,1.0,0.3955950443165369,1.0,0.07313629518072289,0.07913211823737899,0.08319703229410055
reasoning,13,13,model.layers.13.mlp,21,0.004000376506024097,53.0,0.0011417128474836848,54.0,0.0068208924139359865,54.0,0.004000376506024097,0.0021840957464739734,0.001434492202543235
reasoning,13,13,model.layers.13.mlp,22,0.029006651606425703,8.0,0.01448380803487387,10.0,0.16000298353802248,8.0,0.029006651606425703,0.027707512963031308,0.03365000037238542
reasoning,13,13,model.layers.13.mlp,23,0.005365210843373494,50.0,0.00231172186303809,51.0,0.01465892579395279,51.0,0.005365210843373494,0.004422322039399257,0.0030828978780140202
reasoning,13,13,model.layers.13.mlp,24,0.007106551204819277,45.0,0.0033350871748713605,45.0,0.026702768560199732,44.0,0.007106551204819277,0.006380019046654838,0.005615821356111871
reasoning,13,13,model.layers.13.mlp,25,0.001239332329317269,61.0,0.0003167156234802491,61.0,0.0017085144718001824,61.0,0.001239332329317269,0.0006058767295205983,0.00035931525363487967
reasoning,13,13,model.layers.13.mlp,26,0.004722013052208835,51.0,0.0024457877898311996,49.0,0.020553894253096068,48.0,0.004722013052208835,0.00467879004805947,0.004322660327807544
reasoning,13,13,model.layers.13.mlp,27,0.016848644578313254,23.0,0.008496433855539345,22.0,0.07211325180354008,24.0,0.016848644578313254,0.01625367103907108,0.015166035634994251
reasoning,13,13,model.layers.13.mlp,28,0.012487449799196786,35.0,0.007025829759467557,30.0,0.045586132575350116,37.0,0.012487449799196786,0.01344040660217116,0.009587154840594676
reasoning,13,13,model.layers.13.mlp,29,0.004565135542168675,52.0,0.001422437798067269,52.0,0.005985433716386796,56.0,0.004565135542168675,0.0027211223480840463,0.0012587880696452245
reasoning,13,13,model.layers.13.mlp,30,0.011310868473895582,38.0,0.006288290981308045,34.0,0.050001362226454606,36.0,0.011310868473895582,0.012029495520818174,0.010515715521893017
reasoning,13,13,model.layers.13.mlp,31,0.017993850401606427,21.0,0.008762696660666102,21.0,0.08710701631973067,21.0,0.017993850401606427,0.016763031568212267,0.01831935296943868
reasoning,13,13,model.layers.13.mlp,32,0.04645143072289157,3.0,0.0308170471804209,2.0,0.25039285971936454,3.0,0.04645143072289157,0.05895298613306257,0.05265976693988967
reasoning,13,13,model.layers.13.mlp,33,0.014385667670682731,30.5,0.007891842639111132,26.0,0.07730001545544848,22.0,0.014385667670682731,0.015097088534926794,0.016256856536947726
reasoning,13,13,model.layers.13.mlp,34,0.015358308232931727,28.0,0.007746822862740022,27.0,0.07217297654030433,23.0,0.015358308232931727,0.01481966582095381,0.015178596259614603
reasoning,13,13,model.layers.13.mlp,35,0.018323293172690762,18.0,0.009576422143652737,18.0,0.11817742671712814,14.0,0.018323293172690762,0.018319687753789598,0.024853726881248515
reasoning,13,13,model.layers.13.mlp,36,0.020786270080321287,15.0,0.009184841171325928,19.0,0.1035580509697577,15.0,0.020786270080321287,0.017570593672958257,0.021779146717397044
reasoning,13,13,model.layers.13.mlp,37,0.013977786144578314,33.0,0.008026015806389621,24.0,0.09571154274225953,17.0,0.013977786144578314,0.01535376169454811,0.020128958708780974
reasoning,13,13,model.layers.13.mlp,38,0.016989834337349397,22.0,0.008941818911387739,20.0,0.06355094300755057,28.0,0.016989834337349397,0.017105692287816335,0.013365308624769107
reasoning,13,13,model.layers.13.mlp,39,0.008879267068273092,41.0,0.006685103757314414,32.0,0.05511232827772315,31.0,0.008879267068273092,0.012788598037823375,0.011590595538037004
reasoning,13,13,model.layers.13.mlp,40,0.008126255020080322,43.0,0.0031003377523766943,46.0,0.030561218286928045,42.0,0.008126255020080322,0.005930943592798085,0.006427286441763753
reasoning,13,13,model.layers.13.mlp,41,0.021476531124497992,12.0,0.011544239090149662,14.0,0.12736064339258585,11.0,0.021476531124497992,0.022084119968208343,0.026785036146337402
reasoning,13,13,model.layers.13.mlp,42,0.002227660642570281,58.0,0.0003236134847005208,60.0,0.0019439634334961753,60.0,0.002227660642570281,0.000619072332411612,0.0004088321905916531
reasoning,13,13,model.layers.13.mlp,43,0.001458960843373494,60.0,0.00037501997737041917,59.0,0.0024687054293065606,59.0,0.001458960843373494,0.0007174129109808437,0.0005191899349535241
reasoning,13,13,model.layers.13.mlp,44,0.006965361445783132,46.0,0.0026835093057777986,48.0,0.024836103246738035,46.0,0.006965361445783132,0.005133551114266821,0.005223245623433871
reasoning,13,13,model.layers.13.mlp,45,0.01598581827309237,25.0,0.006056138310566485,37.0,0.03089807962018802,41.0,0.01598581827309237,0.011585387650948154,0.006498131270647502
reasoning,13,13,model.layers.13.mlp,46,0.014087600401606426,32.0,0.004578142281038216,42.0,0.023468212890307826,47.0,0.014087600401606426,0.008757982451372133,0.004935566544047701
reasoning,13,13,model.layers.13.mlp,47,0.0028551706827309236,54.0,0.0010632281322555848,55.0,0.006793465255853163,55.0,0.0028551706827309236,0.0020339545502259704,0.001428724035854761
reasoning,13,13,model.layers.13.mlp,48,0.012346260040160643,36.0,0.006113810711596386,36.0,0.054154838222157525,32.0,0.012346260040160643,0.011695714907101893,0.011389227163436152
reasoning,13,13,model.layers.13.mlp,49,0.033540411646586346,7.0,0.016869326671922064,7.0,0.164215764965877,7.0,0.033540411646586346,0.032271008170950306,0.03453598445519095
reasoning,13,13,model.layers.13.mlp,50,0.006839859437751004,47.0,0.004036531869666165,44.0,0.04244417136901593,38.0,0.006839859437751004,0.007721882175956236,0.008926373438740122
reasoning,13,13,model.layers.13.mlp,51,0.006275100401606426,49.0,0.0027319207248917544,47.0,0.014779786158532622,50.0,0.006275100401606426,0.005226162119565218,0.0031083158497492254
reasoning,13,13,model.layers.13.mlp,52,0.001709964859437751,59.0,0.0007032984231849272,57.0,0.006981183776639432,53.0,0.001709964859437751,0.0013454093102004817,0.0014682028515285981
reasoning,13,13,model.layers.13.mlp,53,0.013773845381526104,34.0,0.007065324898225716,29.0,0.05913501692913383,29.0,0.013773845381526104,0.013515960770417765,0.012436601478831182
reasoning,13,13,model.layers.13.mlp,54,0.03448167670682731,6.0,0.014820512518825301,9.0,0.15055306800398002,9.0,0.03448167670682731,0.02835162836633769,0.031662602048878705
reasoning,13,13,model.layers.13.mlp,55,0.04180785642570281,5.0,0.02770998391760401,3.0,0.3410382625089592,2.0,0.04180785642570281,0.05300917664427524,0.0717232729457014
reasoning,13,13,model.layers.13.mlp,56,0.0025414156626506024,57.0,0.0011434133751804091,53.0,0.009713377380915674,52.0,0.0025414156626506024,0.0021873488545714804,0.0020428066105858582
reasoning,13,13,model.layers.13.mlp,57,0.021272590361445784,14.0,0.011963442147496235,13.0,0.09888135638821077,16.0,0.021272590361445784,0.02288605507516405,0.02079559771767986
reasoning,13,13,model.layers.13.mlp,58,0.014385667670682731,30.5,0.007973697769594001,25.0,0.08804109653300908,20.0,0.014385667670682731,0.015253677332809495,0.018515798053334174
reasoning,13,13,model.layers.13.mlp,59,0.02467683232931727,11.0,0.014405078198536333,11.0,0.13056989767435326,10.0,0.02467683232931727,0.02755690285030078,0.027459969859375884
reasoning,13,13,model.layers.13.mlp,60,0.012079568273092369,37.0,0.005537178621713416,39.0,0.050771073292357374,35.0,0.012079568273092369,0.010592618189245446,0.010677592363696423
reasoning,13,13,model.layers.13.mlp,61,0.00721636546184739,44.0,0.004081925235120168,43.0,0.029977895435409612,43.0,0.00721636546184739,0.007808719647063562,0.006304608640782926
reasoning,13,13,model.layers.13.mlp,62,0.0009098895582329318,62.0,0.0002437576232665035,62.0,0.0013872358553395812,62.0,0.0009098895582329318,0.00046630813458949316,0.00029174760380434
reasoning,13,13,model.layers.13.mlp,63,0.02889683734939759,9.0,0.014924964751584464,8.0,0.19018516682245465,6.0,0.02889683734939759,0.02855144540245303,0.03999757250074638
reasoning,14,14,model.layers.14.mlp,0,0.012628639558232931,31.0,0.006054016480962914,33.0,0.07463675189995203,31.0,0.012628639558232931,0.011621998092013476,0.011827641515888115
reasoning,14,14,model.layers.14.mlp,1,0.023688504016064257,13.0,0.010069883492098275,16.0,0.07637151285826442,30.0,0.023688504016064257,0.019331326087396076,0.012102548049309898
reasoning,14,14,model.layers.14.mlp,2,0.00589859437751004,53.0,0.001763248060601782,57.0,0.02282674564796698,49.0,0.00589859437751004,0.0033849372000389687,0.003617340755401846
reasoning,14,14,model.layers.14.mlp,3,0.007028112449799197,49.5,0.0027373746695767446,48.0,0.028973997944599414,47.0,0.007028112449799197,0.005254984568837323,0.004591492156976102
reasoning,14,14,model.layers.14.mlp,4,0.005051455823293173,57.0,0.001318583048012362,59.0,0.008500962805219862,59.0,0.005051455823293173,0.0025313062355131802,0.0013471425007189222
reasoning,14,14,model.layers.14.mlp,5,0.007028112449799197,49.5,0.002637686978382279,50.0,0.022230915478374583,51.0,0.007028112449799197,0.005063612417720379,0.003522919904133609
reasoning,14,14,model.layers.14.mlp,6,0.0006118222891566265,62.0,0.00016576315025727912,62.0,0.0020494424311601252,62.0,0.0006118222891566265,0.00031821833027283474,0.00032477391856099445
reasoning,14,14,model.layers.14.mlp,7,0.01981362951807229,19.0,0.008773543269758722,23.0,0.15065528739647693,15.0,0.01981362951807229,0.016842719781482236,0.023874253453408538
reasoning,14,14,model.layers.14.mlp,8,0.04563566767068273,2.0,0.02238885657375596,4.0,0.25787827495044197,5.0,0.04563566767068273,0.04298026759602889,0.04086581627959908
reasoning,14,14,model.layers.14.mlp,9,0.030747991967871487,7.0,0.027038742739512737,3.0,0.2342354606193711,7.0,0.030747991967871487,0.05190673291313515,0.037119153607173924
reasoning,14,14,model.layers.14.mlp,10,0.01877823795180723,20.0,0.009635189929640436,20.0,0.18894493244737987,10.0,0.01877823795180723,0.018496837484766437,0.029941990645934603
reasoning,14,14,model.layers.14.mlp,11,0.03162650602409638,6.0,0.018200613887434505,5.0,0.3086486348665383,3.0,0.03162650602409638,0.03494002709414388,0.04891136490589976
reasoning,14,14,model.layers.14.mlp,12,0.022809989959839357,16.0,0.009833510142253584,18.0,0.0665198513063561,33.0,0.022809989959839357,0.018877556159690015,0.01054136112456238
reasoning,14,14,model.layers.14.mlp,13,0.006839859437751004,51.0,0.002231352779281187,53.0,0.015991641096321934,55.0,0.006839859437751004,0.004283565765795573,0.0025341858176194483
reasoning,14,14,model.layers.14.mlp,14,0.007592871485943775,48.0,0.002644780170486634,49.0,0.025967101959219897,48.0,0.007592871485943775,0.0050772293388771554,0.004114991145272043
reasoning,14,14,model.layers.14.mlp,15,0.02966553714859438,8.0,0.015385914997882154,8.0,0.266557156082138,4.0,0.02966553714859438,0.029536601909089404,0.042241153391298504
reasoning,14,14,model.layers.14.mlp,16,0.016111320281124497,24.0,0.008012197103845068,27.0,0.10413683374154281,21.0,0.016111320281124497,0.015381150637190297,0.01650250187395148
reasoning,14,14,model.layers.14.mlp,17,0.012581576305220884,32.0,0.007625104911834839,29.0,0.07859221212266679,28.0,0.012581576305220884,0.014638043192550397,0.01245446093599548
reasoning,14,14,model.layers.14.mlp,18,0.010636295180722892,39.5,0.005156030616607053,39.0,0.052762700110135306,40.0,0.010636295180722892,0.00989811940172307,0.00836127358743477
reasoning,14,14,model.layers.14.mlp,19,0.008173318273092369,46.5,0.009334625489261734,21.0,0.07783361691906748,29.0,0.008173318273092369,0.01791983883212108,0.012334246806957926
reasoning,14,14,model.layers.14.mlp,20,0.01631526104417671,23.0,0.009948378107155183,17.0,0.1583734527679093,14.0,0.01631526104417671,0.01909807013964329,0.02509734651212057
reasoning,14,14,model.layers.14.mlp,21,0.017287901606425703,22.0,0.008346435056632781,26.0,0.10064792230979626,23.0,0.017287901606425703,0.016022792902584237,0.015949616162221993
reasoning,14,14,model.layers.14.mlp,22,0.010746109437751004,37.5,0.005568833714986901,36.0,0.038110871241992736,45.0,0.010746109437751004,0.010690584509281674,0.006039407013754969
reasoning,14,14,model.layers.14.mlp,23,0.023923820281124497,12.0,0.01073244393589985,15.0,0.11903293440342848,18.0,0.023923820281124497,0.020603254605912554,0.01886307805295694
reasoning,14,14,model.layers.14.mlp,24,0.016001506024096387,25.0,0.00966316437625502,19.0,0.11914304922144096,17.0,0.016001506024096387,0.018550540504274588,0.018880527882429488
reasoning,14,14,model.layers.14.mlp,25,0.021147088353413654,17.0,0.009209246041784325,22.0,0.10131027305640848,22.0,0.021147088353413654,0.017679145780831535,0.016054578489618172
reasoning,14,14,model.layers.14.mlp,26,0.008173318273092369,46.5,0.003516492115924636,47.0,0.016587425988302172,53.0,0.008173318273092369,0.006750669541513412,0.0026285994937715173
reasoning,14,14,model.layers.14.mlp,27,0.003419929718875502,59.0,0.001979690000235316,55.0,0.012502831777176225,58.0,0.003419929718875502,0.0038004444616003925,0.0019813162876128557
reasoning,14,14,model.layers.14.mlp,28,0.00020394076305220882,63.0,6.111175659669929e-05,63.0,0.0006418799585008238,63.0,0.00020394076305220882,0.00011731727536583528,0.00010171833382510533
reasoning,14,14,model.layers.14.mlp,29,0.0055064006024096385,54.0,0.002227691282708961,54.0,0.017441077947048057,52.0,0.0055064006024096385,0.004276536728740564,0.002763877210048832
reasoning,14,14,model.layers.14.mlp,30,0.012205070281124499,33.0,0.005746083087231739,35.0,0.07395763437723718,32.0,0.012205070281124499,0.011030853134667453,0.011720022167492619
reasoning,14,14,model.layers.14.mlp,31,0.013381651606425703,29.0,0.00692306273433578,32.0,0.09981711552362425,24.0,0.013381651606425703,0.013290320920392111,0.01581795870680403
reasoning,14,14,model.layers.14.mlp,32,0.010636295180722892,39.5,0.004872808494721072,41.0,0.044230282856488085,42.0,0.010636295180722892,0.009354413091949142,0.007009146519051683
reasoning,14,14,model.layers.14.mlp,33,0.06693963353413655,1.0,0.04110828843940214,1.0,0.4833313242689403,1.0,0.06693963353413655,0.07891627836016095,0.07659322641097105
reasoning,14,14,model.layers.14.mlp,34,0.01451116967871486,28.0,0.007054524249341114,31.0,0.061329150834236755,35.0,0.01451116967871486,0.013542689819844163,0.009718793919562959
reasoning,14,14,model.layers.14.mlp,35,0.011263805220883534,35.0,0.007663527645739207,28.0,0.08620797438793872,26.0,0.011263805220883534,0.014711803966332678,0.013661326235608314
reasoning,14,14,model.layers.14.mlp,36,0.00015687751004016064,64.0,4.1639948465737955e-05,64.0,0.0004824205099728452,64.0,0.00015687751004016064,7.993691512768621e-05,7.644889021321958e-05
reasoning,14,14,model.layers.14.mlp,37,0.010871611445783132,36.0,0.004290565429442379,44.0,0.04418946357713227,43.0,0.010871611445783132,0.00823667120686581,0.007002677912221034
reasoning,14,14,model.layers.14.mlp,38,0.028708584337349397,9.0,0.013680239757859564,9.0,0.2430918905210782,6.0,0.028708584337349397,0.026262188228936324,0.03852262676646143
reasoning,14,14,model.layers.14.mlp,39,0.010212725903614458,42.0,0.005503214027986948,37.0,0.06456309764919033,34.0,0.010212725903614458,0.01056461328348305,0.010231275540681622
reasoning,14,14,model.layers.14.mlp,40,0.005176957831325301,56.0,0.0019462309687970632,56.0,0.013481504583065528,57.0,0.005176957831325301,0.003736212591608168,0.002136405982900285
reasoning,14,14,model.layers.14.mlp,41,0.018338980923694778,21.0,0.00727842706274316,30.0,0.09577135433513956,25.0,0.018338980923694778,0.013972519847287552,0.015176829346560242
reasoning,14,14,model.layers.14.mlp,42,0.0317363202811245,5.0,0.01755398057072038,6.0,0.23295802620041323,8.0,0.0317363202811245,0.033698674151561775,0.036916719337422424
reasoning,14,14,model.layers.14.mlp,43,0.01052648092369478,41.0,0.004421601812523532,43.0,0.05463941267927189,38.0,0.01052648092369478,0.008488223973354362,0.008658675107879594
reasoning,14,14,model.layers.14.mlp,44,0.02023719879518072,18.0,0.00870952069998745,24.0,0.1677422905004168,13.0,0.02023719879518072,0.016719814568708653,0.026582020634450594
reasoning,14,14,model.layers.14.mlp,45,0.02809676204819277,10.0,0.011922077960278615,12.0,0.17600822688106552,12.0,0.02809676204819277,0.022887015214262476,0.027891918637977107
reasoning,14,14,model.layers.14.mlp,46,0.023641440763052208,14.0,0.011056494042576557,14.0,0.14547047719179865,16.0,0.023641440763052208,0.021225339090379373,0.02305261967557405
reasoning,14,14,model.layers.14.mlp,47,0.015311244979919678,27.0,0.011250890402430033,13.0,0.08388585333214946,27.0,0.015311244979919678,0.021598525078626325,0.01329334109818986
reasoning,14,14,model.layers.14.mlp,48,0.02499058734939759,11.0,0.013138598706348833,10.0,0.180360315464826,11.0,0.02499058734939759,0.025222390718141863,0.028581591517674608
reasoning,14,14,model.layers.14.mlp,49,0.004031752008032128,58.0,0.0014854186031234313,58.0,0.01472422143773561,56.0,0.004031752008032128,0.0028515832795678172,0.0023333385809652767
reasoning,14,14,model.layers.14.mlp,50,0.005490712851405622,55.0,0.0023681150382781125,51.0,0.022364481213880353,50.0,0.005490712851405622,0.004546110593369104,0.003544085986501257
reasoning,14,14,model.layers.14.mlp,51,0.00199234437751004,60.0,0.0006241855851138931,60.0,0.006215868848768702,60.0,0.00199234437751004,0.001198259651599455,0.0009850250256276175
reasoning,14,14,model.layers.14.mlp,52,0.008989081325301206,44.0,0.0054803871246705575,38.0,0.060139533676521244,36.0,0.008989081325301206,0.010520792090127549,0.009530275998774155
reasoning,14,14,model.layers.14.mlp,53,0.015577936746987951,26.0,0.008661017360457456,25.0,0.11609215496564247,19.0,0.015577936746987951,0.016626701885377435,0.018397054491078837
reasoning,14,14,model.layers.14.mlp,54,0.008236069277108434,45.0,0.00422009694049636,45.0,0.04153002685227667,44.0,0.008236069277108434,0.008101391653753752,0.006581238562101086
reasoning,14,14,model.layers.14.mlp,55,0.001004016064257028,61.0,0.0003175543972766064,61.0,0.0030998823711700946,61.0,0.001004016064257028,0.0006096145609884767,0.0004912365087479734
reasoning,14,14,model.layers.14.mlp,56,0.006322163654618474,52.0,0.003997986575207078,46.0,0.05452596537776321,39.0,0.006322163654618474,0.00767500261934566,0.00864069718173688
reasoning,14,14,model.layers.14.mlp,57,0.011781501004016065,34.0,0.005863971020801958,34.0,0.059802223120378445,37.0,0.011781501004016065,0.011257164599681267,0.009476822596314601
reasoning,14,14,model.layers.14.mlp,58,0.00913027108433735,43.0,0.00231822523247286,52.0,0.01626762356908326,54.0,0.00913027108433735,0.004450336287219983,0.00257792059531804
reasoning,14,14,model.layers.14.mlp,59,0.013287525100401607,30.0,0.004717876633487073,42.0,0.05160942177351818,41.0,0.013287525100401607,0.009056987770872509,0.008178514257931367
reasoning,14,14,model.layers.14.mlp,60,0.039595883534136546,3.0,0.03064076680256181,2.0,0.42338645889098386,2.0,0.039595883534136546,0.05882159958384572,0.06709379938125463
reasoning,14,14,model.layers.14.mlp,61,0.010746109437751004,37.5,0.004983250874592118,40.0,0.03096232267029314,46.0,0.010746109437751004,0.009566431201277873,0.004906580789238744
reasoning,14,14,model.layers.14.mlp,62,0.038136922690763055,4.0,0.01663643097781752,7.0,0.19835391077007275,9.0,0.038136922690763055,0.03193723863985192,0.031433025823627614
reasoning,14,14,model.layers.14.mlp,63,0.023060993975903613,15.0,0.012172561093985316,11.0,0.11166876168495202,20.0,0.023060993975903613,0.023367871933297674,0.01769608199862732
reasoning,15,15,model.layers.15.mlp,0,0.006965361445783132,46.0,0.004222640072006777,44.0,0.09338805534274702,34.0,0.006965361445783132,0.008311585173472504,0.009556904245219494
reasoning,15,15,model.layers.15.mlp,1,0.014777861445783132,26.0,0.012729399654281187,11.0,0.4493673276230992,5.0,0.014777861445783132,0.02505576786786097,0.04598618640534389
reasoning,15,15,model.layers.15.mlp,2,0.025131777108433735,12.0,0.011736873642029053,15.0,0.2877590631744469,11.0,0.025131777108433735,0.023102140670883196,0.029447939593121007
reasoning,15,15,model.layers.15.mlp,3,0.023829693775100403,14.0,0.009482801199916855,21.0,0.13932876671892572,26.0,0.023829693775100403,0.018665363022228647,0.014258265441445586
reasoning,15,15,model.layers.15.mlp,4,0.00944402610441767,40.0,0.006072998046875,33.0,0.14074300600208312,25.0,0.00944402610441767,0.011953716079084449,0.014402992187916089
reasoning,15,15,model.layers.15.mlp,5,0.018197791164658635,19.5,0.008300482508647873,26.0,0.10914279436729998,33.0,0.018197791164658635,0.01633815958146735,0.011169171806777291
reasoning,15,15,model.layers.15.mlp,6,0.008032128514056224,44.0,0.005017567829913403,39.0,0.06629236687318867,40.0,0.008032128514056224,0.009876272111958947,0.006784056055892907
reasoning,15,15,model.layers.15.mlp,7,0.029916541164658635,7.0,0.013091167771672628,10.0,0.48926266650837585,4.0,0.029916541164658635,0.025767849994083197,0.05006889197360779
reasoning,15,15,model.layers.15.mlp,8,0.0052397088353413656,51.0,0.0017693148080603664,52.0,0.02057101047900786,53.0,0.0052397088353413656,0.0034826105173797273,0.0021051426400705477
reasoning,15,15,model.layers.15.mlp,9,0.011357931726907631,33.0,0.004327260825528677,43.0,0.0444248610860612,46.0,0.011357931726907631,0.008517514234197988,0.004546236046445723
reasoning,15,15,model.layers.15.mlp,10,0.016393699799196786,22.0,0.009193098688700113,22.0,0.17990582630816235,21.0,0.016393699799196786,0.01809513040569344,0.01841073517243691
reasoning,15,15,model.layers.15.mlp,11,0.0034983684738955825,54.0,0.001311397935491968,54.0,0.01497563160955906,58.0,0.0034983684738955825,0.002581275091243438,0.0015325372905449805
reasoning,15,15,model.layers.15.mlp,12,0.008157630522088354,43.0,0.003091881074101092,48.0,0.04934561333383422,44.0,0.008157630522088354,0.006085868664014713,0.005049803209010777
reasoning,15,15,model.layers.15.mlp,13,0.01702120983935743,21.0,0.009818371998737136,20.0,0.2586021019991143,13.0,0.01702120983935743,0.019325879956791685,0.026464150231499214
reasoning,15,15,model.layers.15.mlp,14,0.001223644578313253,63.0,0.0003897425640060241,63.0,0.006555374812738723,61.0,0.001223644578313253,0.0007671453074910404,0.0006708469209144237
reasoning,15,15,model.layers.15.mlp,15,0.013569904618473896,29.0,0.006049343859814257,34.0,0.11517624609755824,31.0,0.013569904618473896,0.011907156631176974,0.011786607518899228
reasoning,15,15,model.layers.15.mlp,16,0.0016629016064257029,62.0,0.0004393106483551393,62.0,0.005116263761682563,62.0,0.0016629016064257029,0.000864712078025131,0.0005235749120616443
reasoning,15,15,model.layers.15.mlp,17,0.044019829317269075,4.0,0.017471474337290568,5.0,0.32118076702437726,9.0,0.044019829317269075,0.03438977620262033,0.0328681631135016
reasoning,15,15,model.layers.15.mlp,18,0.001694277108433735,61.0,0.0005057767691861195,60.0,0.007159189257516439,60.0,0.001694277108433735,0.0009955399049335382,0.0007326385152402947
reasoning,15,15,model.layers.15.mlp,19,0.003153237951807229,57.0,0.001137453868207204,58.0,0.015804789107607072,57.0,0.003153237951807229,0.002238894280659583,0.0016173894569592804
reasoning,15,15,model.layers.15.mlp,20,0.016048569277108432,24.0,0.010126948835380584,19.0,0.18104362225975376,19.0,0.016048569277108432,0.019933263635387777,0.01852717197926461
reasoning,15,15,model.layers.15.mlp,21,0.02938315763052209,9.0,0.013424241399190512,9.0,0.30699424948318893,10.0,0.02938315763052209,0.02642345165014305,0.03141638012887183
reasoning,15,15,model.layers.15.mlp,22,0.010338227911646587,35.0,0.005599424063441265,36.0,0.07074800601984603,37.0,0.010338227911646587,0.011021562158284015,0.007240025681982385
reasoning,15,15,model.layers.15.mlp,23,0.02180597389558233,15.0,0.01264297148310037,12.0,0.1803512308133175,20.0,0.02180597389558233,0.02488564796800992,0.01845631582180941
reasoning,15,15,model.layers.15.mlp,24,0.024049322289156627,13.0,0.01177754076609171,14.0,0.20965845290436802,16.0,0.024049322289156627,0.0231821873382863,0.02145548219474218
reasoning,15,15,model.layers.15.mlp,25,0.0062123493975903615,49.0,0.0021527455034983686,50.0,0.035484256911050366,49.0,0.0062123493975903615,0.004237331930740017,0.003631295718355635
reasoning,15,15,model.layers.15.mlp,26,0.0450238453815261,3.0,0.019856801473472012,3.0,0.3837185007441475,8.0,0.0450238453815261,0.039084907523520535,0.039267987273875836
reasoning,15,15,model.layers.15.mlp,27,0.003184613453815261,56.0,0.0014657935942990713,53.0,0.021767042958772326,51.0,0.003184613453815261,0.0028851780161213746,0.0022275391054571584
reasoning,15,15,model.layers.15.mlp,28,0.018197791164658635,19.5,0.00788666445567426,28.0,0.1575370984204323,24.0,0.018197791164658635,0.015523625561290692,0.016121622397512747
reasoning,15,15,model.layers.15.mlp,29,0.015405371485943776,25.0,0.010257812867681664,18.0,0.40537635605019257,7.0,0.015405371485943776,0.02019084835302097,0.04148435261692789
reasoning,15,15,model.layers.15.mlp,30,0.0018511546184738956,60.0,0.0005018701515044553,61.0,0.005111970893859145,63.0,0.0018511546184738956,0.0009878503588089229,0.0005231355997044567
reasoning,15,15,model.layers.15.mlp,31,0.008753765060240963,42.0,0.006690718562727472,31.0,0.11931961786794854,29.0,0.008753765060240963,0.013169599174341769,0.01221062113730724
reasoning,15,15,model.layers.15.mlp,32,0.006447665662650603,48.0,0.0024078859382843875,49.0,0.021209987246966266,52.0,0.006447665662650603,0.004739534680384505,0.0021705325848968547
reasoning,15,15,model.layers.15.mlp,33,0.01076179718875502,34.0,0.004616289253694466,42.0,0.04268049499595979,47.0,0.01076179718875502,0.00908642002708816,0.004367725640264513
reasoning,15,15,model.layers.15.mlp,34,0.08087035642570281,1.0,0.042243298756549634,1.0,0.6002174881567438,2.0,0.08087035642570281,0.08314911279109936,0.06142349832178692
reasoning,15,15,model.layers.15.mlp,35,0.01331890060240964,30.0,0.0067478011410877885,30.0,0.09012692216708956,35.0,0.01331890060240964,0.013281957013009679,0.009223174868627572
reasoning,15,15,model.layers.15.mlp,36,0.01319339859437751,31.0,0.0064901328948606925,32.0,0.17977547642576647,22.0,0.01319339859437751,0.012774778674696322,0.01839739576473792
reasoning,15,15,model.layers.15.mlp,37,0.010134287148594377,36.0,0.003896981358049385,46.0,0.04723527285094601,45.0,0.010134287148594377,0.007670578577507998,0.004833840665987984
reasoning,15,15,model.layers.15.mlp,38,0.060413529116465865,2.0,0.030232548234931916,2.0,0.6035452038947359,1.0,0.060413529116465865,0.05950788970425636,0.06176404145170412
reasoning,15,15,model.layers.15.mlp,39,0.02892821285140562,10.0,0.014298266675098833,8.0,0.19695892054812017,18.0,0.02892821285140562,0.028143829281340824,0.020155870437732256
reasoning,15,15,model.layers.15.mlp,40,0.0030277359437751003,58.0,0.001282711105653081,56.0,0.02031527892368505,54.0,0.0030277359437751003,0.002524809698622488,0.002078972248388964
reasoning,15,15,model.layers.15.mlp,41,0.00486320281124498,52.0,0.0021526689031516693,51.0,0.03216040760548,50.0,0.00486320281124498,0.004237181155325809,0.0032911482613570847
reasoning,15,15,model.layers.15.mlp,42,0.007467369477911647,45.0,0.0033122143113469503,47.0,0.037753416307599666,48.0,0.007467369477911647,0.00651955906544302,0.0038635110588547024
reasoning,15,15,model.layers.15.mlp,43,0.0066516064257028116,47.0,0.007058921109241654,29.0,0.1297971738809084,27.0,0.0066516064257028116,0.01389434643535748,0.01328284605057135
reasoning,15,15,model.layers.15.mlp,44,0.00972640562248996,38.0,0.005089012973279838,38.0,0.056035030363913045,43.0,0.00972640562248996,0.010016900340790884,0.00573436739420739
reasoning,15,15,model.layers.15.mlp,45,0.02990085341365462,8.0,0.016360087567065137,7.0,0.23218335610735846,14.0,0.02990085341365462,0.032202190795415774,0.023760577233435866
reasoning,15,15,model.layers.15.mlp,46,0.014573920682730925,27.0,0.00821566294474774,27.0,0.11565408085932932,30.0,0.014573920682730925,0.016171205965314673,0.01183550693164022
reasoning,15,15,model.layers.15.mlp,47,0.00964796686746988,39.0,0.003945040415568524,45.0,0.06777520611672756,39.0,0.00964796686746988,0.007765175072382188,0.006935803006930104
reasoning,15,15,model.layers.15.mlp,48,0.011687374497991967,32.0,0.005543888812084274,37.0,0.0691178562830251,38.0,0.011687374497991967,0.01091224998298311,0.007073203652302147
reasoning,15,15,model.layers.15.mlp,49,0.0037807479919678717,53.0,0.0012412932981927711,57.0,0.0180904892344312,55.0,0.0037807479919678717,0.002443285432160144,0.0018512974997509733
reasoning,15,15,model.layers.15.mlp,50,0.0020707831325301206,59.0,0.00069101172757436,59.0,0.007452101605648856,59.0,0.0020707831325301206,0.0013601450115716738,0.0007626138183245056
reasoning,15,15,model.layers.15.mlp,51,0.003263052208835341,55.0,0.001290118359178903,55.0,0.017480382987533707,56.0,0.003263052208835341,0.0025393896811764156,0.0017888620313218468
reasoning,15,15,model.layers.15.mlp,52,0.0333050953815261,5.0,0.0190865543472719,4.0,0.5432701855299463,3.0,0.0333050953815261,0.03756880042349195,0.05559577317824041
reasoning,15,15,model.layers.15.mlp,53,0.013915035140562249,28.0,0.009000303276092652,24.0,0.11168652928497896,32.0,0.013915035140562249,0.017715643765672962,0.011429485943786113
reasoning,15,15,model.layers.15.mlp,54,0.020660768072289157,16.0,0.011849828513271838,13.0,0.20841202603645592,17.0,0.020660768072289157,0.023324474096674527,0.02132792859935371
reasoning,15,15,model.layers.15.mlp,55,0.01989206827309237,17.0,0.010667578762314885,17.0,0.16130620389279113,23.0,0.01989206827309237,0.02099740635378602,0.016507335323617315
reasoning,15,15,model.layers.15.mlp,56,0.01849585843373494,18.0,0.008917092319473205,25.0,0.22801948088898238,15.0,0.01849585843373494,0.017551856433218656,0.02333446538642273
reasoning,15,15,model.layers.15.mlp,57,0.005396586345381526,50.0,0.005834445417166714,35.0,0.06410388217633028,41.0,0.005396586345381526,0.011484163745386734,0.00656009659326953
reasoning,15,15,model.layers.15.mlp,58,0.0325207078313253,6.0,0.017239750628490525,6.0,0.4438549739768706,6.0,0.0325207078313253,0.033933665497099266,0.04542207747546579
reasoning,15,15,model.layers.15.mlp,59,0.0001725652610441767,64.0,4.579168725683986e-05,64.0,0.0007076608241502061,64.0,0.0001725652610441767,9.013354261362893e-05,7.241875537160847e-05
reasoning,15,15,model.layers.15.mlp,60,0.02654367469879518,11.0,0.01127511909209102,16.0,0.2741256210219908,12.0,0.02654367469879518,0.02219325139649508,0.028052755801087143
reasoning,15,15,model.layers.15.mlp,61,0.01614269578313253,23.0,0.009052552372576243,23.0,0.12123377765547559,28.0,0.01614269578313253,0.017818487675704337,0.012406507449880151
reasoning,15,15,model.layers.15.mlp,62,0.008942018072289157,41.0,0.004736076875862826,40.0,0.07542276828658269,36.0,0.008942018072289157,0.009322202619826856,0.0077184193607928026
reasoning,15,15,model.layers.15.mlp,63,0.009742093373493976,37.0,0.004679867541454882,41.0,0.06286959010494282,42.0,0.009742093373493976,0.00921156362088092,0.006433784817169357
