variant,workload,regime,capacity,layer,decisions,dominant_adviser,dominant_adviser_mean_weight,start_weights,end_weights,mean_weights,weight_variance,end_entropy_nats,end_effective_advisers,mean_entropy_nats,mean_effective_advisers
RACE_UNIFORM,mixed_interleaved,mixed,8,0,0,MARKOV_H1,0.1111111111111111,"[0.1111111111111111, 0.1111111111111111, 0.1111111111111111, 0.1111111111111111, 0.1111111111111111, 0.1111111111111111, 0.1111111111111111, 0.1111111111111111, 0.1111111111111111]","[0.1111111111111111, 0.1111111111111111, 0.1111111111111111, 0.1111111111111111, 0.1111111111111111, 0.1111111111111111, 0.1111111111111111, 0.1111111111111111, 0.1111111111111111]","[0.1111111111111111, 0.1111111111111111, 0.1111111111111111, 0.1111111111111111, 0.1111111111111111, 0.1111111111111111, 0.1111111111111111, 0.1111111111111111, 0.1111111111111111]","[0.0, 0.0, 0.0, 0.0, 0.0, 0.0, 0.0, 0.0, 0.0]",2.1972245773362196,9.000000000000002,2.1972245773362196,9.000000000000002
RACE_UNIFORM,mixed_interleaved,mixed,8,1,0,MARKOV_H1,0.1111111111111111,"[0.1111111111111111, 0.1111111111111111, 0.1111111111111111, 0.1111111111111111, 0.1111111111111111, 0.1111111111111111, 0.1111111111111111, 0.1111111111111111, 0.1111111111111111]","[0.1111111111111111, 0.1111111111111111, 0.1111111111111111, 0.1111111111111111, 0.1111111111111111, 0.1111111111111111, 0.1111111111111111, 0.1111111111111111, 0.1111111111111111]","[0.1111111111111111, 0.1111111111111111, 0.1111111111111111, 0.1111111111111111, 0.1111111111111111, 0.1111111111111111, 0.1111111111111111, 0.1111111111111111, 0.1111111111111111]","[0.0, 0.0, 0.0, 0.0, 0.0, 0.0, 0.0, 0.0, 0.0]",2.1972245773362196,9.000000000000002,2.1972245773362196,9.000000000000002
RACE_UNIFORM,mixed_interleaved,mixed,8,2,0,MARKOV_H1,0.1111111111111111,"[0.1111111111111111, 0.1111111111111111, 0.1111111111111111, 0.1111111111111111, 0.1111111111111111, 0.1111111111111111, 0.1111111111111111, 0.1111111111111111, 0.1111111111111111]","[0.1111111111111111, 0.1111111111111111, 0.1111111111111111, 0.1111111111111111, 0.1111111111111111, 0.1111111111111111, 0.1111111111111111, 0.1111111111111111, 0.1111111111111111]","[0.1111111111111111, 0.1111111111111111, 0.1111111111111111, 0.1111111111111111, 0.1111111111111111, 0.1111111111111111, 0.1111111111111111, 0.1111111111111111, 0.1111111111111111]","[0.0, 0.0, 0.0, 0.0, 0.0, 0.0, 0.0, 0.0, 0.0]",2.1972245773362196,9.000000000000002,2.1972245773362196,9.000000000000002
RACE_UNIFORM,mixed_interleaved,mixed,8,3,0,MARKOV_H1,0.1111111111111111,"[0.1111111111111111, 0.1111111111111111, 0.1111111111111111, 0.1111111111111111, 0.1111111111111111, 0.1111111111111111, 0.1111111111111111, 0.1111111111111111, 0.1111111111111111]","[0.1111111111111111, 0.1111111111111111, 0.1111111111111111, 0.1111111111111111, 0.1111111111111111, 0.1111111111111111, 0.1111111111111111, 0.1111111111111111, 0.1111111111111111]","[0.1111111111111111, 0.1111111111111111, 0.1111111111111111, 0.1111111111111111, 0.1111111111111111, 0.1111111111111111, 0.1111111111111111, 0.1111111111111111, 0.1111111111111111]","[0.0, 0.0, 0.0, 0.0, 0.0, 0.0, 0.0, 0.0, 0.0]",2.1972245773362196,9.000000000000002,2.1972245773362196,9.000000000000002
RACE_UNIFORM,mixed_interleaved,mixed,8,4,0,MARKOV_H1,0.1111111111111111,"[0.1111111111111111, 0.1111111111111111, 0.1111111111111111, 0.1111111111111111, 0.1111111111111111, 0.1111111111111111, 0.1111111111111111, 0.1111111111111111, 0.1111111111111111]","[0.1111111111111111, 0.1111111111111111, 0.1111111111111111, 0.1111111111111111, 0.1111111111111111, 0.1111111111111111, 0.1111111111111111, 0.1111111111111111, 0.1111111111111111]","[0.1111111111111111, 0.1111111111111111, 0.1111111111111111, 0.1111111111111111, 0.1111111111111111, 0.1111111111111111, 0.1111111111111111, 0.1111111111111111, 0.1111111111111111]","[0.0, 0.0, 0.0, 0.0, 0.0, 0.0, 0.0, 0.0, 0.0]",2.1972245773362196,9.000000000000002,2.1972245773362196,9.000000000000002
RACE_UNIFORM,mixed_interleaved,mixed,8,5,0,MARKOV_H1,0.1111111111111111,"[0.1111111111111111, 0.1111111111111111, 0.1111111111111111, 0.1111111111111111, 0.1111111111111111, 0.1111111111111111, 0.1111111111111111, 0.1111111111111111, 0.1111111111111111]","[0.1111111111111111, 0.1111111111111111, 0.1111111111111111, 0.1111111111111111, 0.1111111111111111, 0.1111111111111111, 0.1111111111111111, 0.1111111111111111, 0.1111111111111111]","[0.1111111111111111, 0.1111111111111111, 0.1111111111111111, 0.1111111111111111, 0.1111111111111111, 0.1111111111111111, 0.1111111111111111, 0.1111111111111111, 0.1111111111111111]","[0.0, 0.0, 0.0, 0.0, 0.0, 0.0, 0.0, 0.0, 0.0]",2.1972245773362196,9.000000000000002,2.1972245773362196,9.000000000000002
RACE_UNIFORM,mixed_interleaved,mixed,8,6,0,MARKOV_H1,0.1111111111111111,"[0.1111111111111111, 0.1111111111111111, 0.1111111111111111, 0.1111111111111111, 0.1111111111111111, 0.1111111111111111, 0.1111111111111111, 0.1111111111111111, 0.1111111111111111]","[0.1111111111111111, 0.1111111111111111, 0.1111111111111111, 0.1111111111111111, 0.1111111111111111, 0.1111111111111111, 0.1111111111111111, 0.1111111111111111, 0.1111111111111111]","[0.1111111111111111, 0.1111111111111111, 0.1111111111111111, 0.1111111111111111, 0.1111111111111111, 0.1111111111111111, 0.1111111111111111, 0.1111111111111111, 0.1111111111111111]","[0.0, 0.0, 0.0, 0.0, 0.0, 0.0, 0.0, 0.0, 0.0]",2.1972245773362196,9.000000000000002,2.1972245773362196,9.000000000000002
RACE_UNIFORM,mixed_interleaved,mixed,8,7,0,MARKOV_H1,0.1111111111111111,"[0.1111111111111111, 0.1111111111111111, 0.1111111111111111, 0.1111111111111111, 0.1111111111111111, 0.1111111111111111, 0.1111111111111111, 0.1111111111111111, 0.1111111111111111]","[0.1111111111111111, 0.1111111111111111, 0.1111111111111111, 0.1111111111111111, 0.1111111111111111, 0.1111111111111111, 0.1111111111111111, 0.1111111111111111, 0.1111111111111111]","[0.1111111111111111, 0.1111111111111111, 0.1111111111111111, 0.1111111111111111, 0.1111111111111111, 0.1111111111111111, 0.1111111111111111, 0.1111111111111111, 0.1111111111111111]","[0.0, 0.0, 0.0, 0.0, 0.0, 0.0, 0.0, 0.0, 0.0]",2.1972245773362196,9.000000000000002,2.1972245773362196,9.000000000000002
RACE_UNIFORM,mixed_interleaved,mixed,8,8,0,MARKOV_H1,0.1111111111111111,"[0.1111111111111111, 0.1111111111111111, 0.1111111111111111, 0.1111111111111111, 0.1111111111111111, 0.1111111111111111, 0.1111111111111111, 0.1111111111111111, 0.1111111111111111]","[0.1111111111111111, 0.1111111111111111, 0.1111111111111111, 0.1111111111111111, 0.1111111111111111, 0.1111111111111111, 0.1111111111111111, 0.1111111111111111, 0.1111111111111111]","[0.1111111111111111, 0.1111111111111111, 0.1111111111111111, 0.1111111111111111, 0.1111111111111111, 0.1111111111111111, 0.1111111111111111, 0.1111111111111111, 0.1111111111111111]","[0.0, 0.0, 0.0, 0.0, 0.0, 0.0, 0.0, 0.0, 0.0]",2.1972245773362196,9.000000000000002,2.1972245773362196,9.000000000000002
RACE_UNIFORM,mixed_interleaved,mixed,8,9,0,MARKOV_H1,0.1111111111111111,"[0.1111111111111111, 0.1111111111111111, 0.1111111111111111, 0.1111111111111111, 0.1111111111111111, 0.1111111111111111, 0.1111111111111111, 0.1111111111111111, 0.1111111111111111]","[0.1111111111111111, 0.1111111111111111, 0.1111111111111111, 0.1111111111111111, 0.1111111111111111, 0.1111111111111111, 0.1111111111111111, 0.1111111111111111, 0.1111111111111111]","[0.1111111111111111, 0.1111111111111111, 0.1111111111111111, 0.1111111111111111, 0.1111111111111111, 0.1111111111111111, 0.1111111111111111, 0.1111111111111111, 0.1111111111111111]","[0.0, 0.0, 0.0, 0.0, 0.0, 0.0, 0.0, 0.0, 0.0]",2.1972245773362196,9.000000000000002,2.1972245773362196,9.000000000000002
RACE_UNIFORM,mixed_interleaved,mixed,8,10,0,MARKOV_H1,0.1111111111111111,"[0.1111111111111111, 0.1111111111111111, 0.1111111111111111, 0.1111111111111111, 0.1111111111111111, 0.1111111111111111, 0.1111111111111111, 0.1111111111111111, 0.1111111111111111]","[0.1111111111111111, 0.1111111111111111, 0.1111111111111111, 0.1111111111111111, 0.1111111111111111, 0.1111111111111111, 0.1111111111111111, 0.1111111111111111, 0.1111111111111111]","[0.1111111111111111, 0.1111111111111111, 0.1111111111111111, 0.1111111111111111, 0.1111111111111111, 0.1111111111111111, 0.1111111111111111, 0.1111111111111111, 0.1111111111111111]","[0.0, 0.0, 0.0, 0.0, 0.0, 0.0, 0.0, 0.0, 0.0]",2.1972245773362196,9.000000000000002,2.1972245773362196,9.000000000000002
RACE_UNIFORM,mixed_interleaved,mixed,8,11,0,MARKOV_H1,0.1111111111111111,"[0.1111111111111111, 0.1111111111111111, 0.1111111111111111, 0.1111111111111111, 0.1111111111111111, 0.1111111111111111, 0.1111111111111111, 0.1111111111111111, 0.1111111111111111]","[0.1111111111111111, 0.1111111111111111, 0.1111111111111111, 0.1111111111111111, 0.1111111111111111, 0.1111111111111111, 0.1111111111111111, 0.1111111111111111, 0.1111111111111111]","[0.1111111111111111, 0.1111111111111111, 0.1111111111111111, 0.1111111111111111, 0.1111111111111111, 0.1111111111111111, 0.1111111111111111, 0.1111111111111111, 0.1111111111111111]","[0.0, 0.0, 0.0, 0.0, 0.0, 0.0, 0.0, 0.0, 0.0]",2.1972245773362196,9.000000000000002,2.1972245773362196,9.000000000000002
RACE_UNIFORM,mixed_interleaved,mixed,8,12,0,MARKOV_H1,0.1111111111111111,"[0.1111111111111111, 0.1111111111111111, 0.1111111111111111, 0.1111111111111111, 0.1111111111111111, 0.1111111111111111, 0.1111111111111111, 0.1111111111111111, 0.1111111111111111]","[0.1111111111111111, 0.1111111111111111, 0.1111111111111111, 0.1111111111111111, 0.1111111111111111, 0.1111111111111111, 0.1111111111111111, 0.1111111111111111, 0.1111111111111111]","[0.1111111111111111, 0.1111111111111111, 0.1111111111111111, 0.1111111111111111, 0.1111111111111111, 0.1111111111111111, 0.1111111111111111, 0.1111111111111111, 0.1111111111111111]","[0.0, 0.0, 0.0, 0.0, 0.0, 0.0, 0.0, 0.0, 0.0]",2.1972245773362196,9.000000000000002,2.1972245773362196,9.000000000000002
RACE_UNIFORM,mixed_interleaved,mixed,8,13,0,MARKOV_H1,0.1111111111111111,"[0.1111111111111111, 0.1111111111111111, 0.1111111111111111, 0.1111111111111111, 0.1111111111111111, 0.1111111111111111, 0.1111111111111111, 0.1111111111111111, 0.1111111111111111]","[0.1111111111111111, 0.1111111111111111, 0.1111111111111111, 0.1111111111111111, 0.1111111111111111, 0.1111111111111111, 0.1111111111111111, 0.1111111111111111, 0.1111111111111111]","[0.1111111111111111, 0.1111111111111111, 0.1111111111111111, 0.1111111111111111, 0.1111111111111111, 0.1111111111111111, 0.1111111111111111, 0.1111111111111111, 0.1111111111111111]","[0.0, 0.0, 0.0, 0.0, 0.0, 0.0, 0.0, 0.0, 0.0]",2.1972245773362196,9.000000000000002,2.1972245773362196,9.000000000000002
RACE_UNIFORM,mixed_interleaved,mixed,8,14,0,MARKOV_H1,0.1111111111111111,"[0.1111111111111111, 0.1111111111111111, 0.1111111111111111, 0.1111111111111111, 0.1111111111111111, 0.1111111111111111, 0.1111111111111111, 0.1111111111111111, 0.1111111111111111]","[0.1111111111111111, 0.1111111111111111, 0.1111111111111111, 0.1111111111111111, 0.1111111111111111, 0.1111111111111111, 0.1111111111111111, 0.1111111111111111, 0.1111111111111111]","[0.1111111111111111, 0.1111111111111111, 0.1111111111111111, 0.1111111111111111, 0.1111111111111111, 0.1111111111111111, 0.1111111111111111, 0.1111111111111111, 0.1111111111111111]","[0.0, 0.0, 0.0, 0.0, 0.0, 0.0, 0.0, 0.0, 0.0]",2.1972245773362196,9.000000000000002,2.1972245773362196,9.000000000000002
RACE_UNIFORM,mixed_interleaved,mixed,8,15,0,MARKOV_H1,0.1111111111111111,"[0.1111111111111111, 0.1111111111111111, 0.1111111111111111, 0.1111111111111111, 0.1111111111111111, 0.1111111111111111, 0.1111111111111111, 0.1111111111111111, 0.1111111111111111]","[0.1111111111111111, 0.1111111111111111, 0.1111111111111111, 0.1111111111111111, 0.1111111111111111, 0.1111111111111111, 0.1111111111111111, 0.1111111111111111, 0.1111111111111111]","[0.1111111111111111, 0.1111111111111111, 0.1111111111111111, 0.1111111111111111, 0.1111111111111111, 0.1111111111111111, 0.1111111111111111, 0.1111111111111111, 0.1111111111111111]","[0.0, 0.0, 0.0, 0.0, 0.0, 0.0, 0.0, 0.0, 0.0]",2.1972245773362196,9.000000000000002,2.1972245773362196,9.000000000000002
RACE_UNIFORM,mixed_interleaved,mixed,12,0,0,MARKOV_H1,0.1111111111111111,"[0.1111111111111111, 0.1111111111111111, 0.1111111111111111, 0.1111111111111111, 0.1111111111111111, 0.1111111111111111, 0.1111111111111111, 0.1111111111111111, 0.1111111111111111]","[0.1111111111111111, 0.1111111111111111, 0.1111111111111111, 0.1111111111111111, 0.1111111111111111, 0.1111111111111111, 0.1111111111111111, 0.1111111111111111, 0.1111111111111111]","[0.1111111111111111, 0.1111111111111111, 0.1111111111111111, 0.1111111111111111, 0.1111111111111111, 0.1111111111111111, 0.1111111111111111, 0.1111111111111111, 0.1111111111111111]","[0.0, 0.0, 0.0, 0.0, 0.0, 0.0, 0.0, 0.0, 0.0]",2.1972245773362196,9.000000000000002,2.1972245773362196,9.000000000000002
RACE_UNIFORM,mixed_interleaved,mixed,12,1,0,MARKOV_H1,0.1111111111111111,"[0.1111111111111111, 0.1111111111111111, 0.1111111111111111, 0.1111111111111111, 0.1111111111111111, 0.1111111111111111, 0.1111111111111111, 0.1111111111111111, 0.1111111111111111]","[0.1111111111111111, 0.1111111111111111, 0.1111111111111111, 0.1111111111111111, 0.1111111111111111, 0.1111111111111111, 0.1111111111111111, 0.1111111111111111, 0.1111111111111111]","[0.1111111111111111, 0.1111111111111111, 0.1111111111111111, 0.1111111111111111, 0.1111111111111111, 0.1111111111111111, 0.1111111111111111, 0.1111111111111111, 0.1111111111111111]","[0.0, 0.0, 0.0, 0.0, 0.0, 0.0, 0.0, 0.0, 0.0]",2.1972245773362196,9.000000000000002,2.1972245773362196,9.000000000000002
RACE_UNIFORM,mixed_interleaved,mixed,12,2,0,MARKOV_H1,0.1111111111111111,"[0.1111111111111111, 0.1111111111111111, 0.1111111111111111, 0.1111111111111111, 0.1111111111111111, 0.1111111111111111, 0.1111111111111111, 0.1111111111111111, 0.1111111111111111]","[0.1111111111111111, 0.1111111111111111, 0.1111111111111111, 0.1111111111111111, 0.1111111111111111, 0.1111111111111111, 0.1111111111111111, 0.1111111111111111, 0.1111111111111111]","[0.1111111111111111, 0.1111111111111111, 0.1111111111111111, 0.1111111111111111, 0.1111111111111111, 0.1111111111111111, 0.1111111111111111, 0.1111111111111111, 0.1111111111111111]","[0.0, 0.0, 0.0, 0.0, 0.0, 0.0, 0.0, 0.0, 0.0]",2.1972245773362196,9.000000000000002,2.1972245773362196,9.000000000000002
RACE_UNIFORM,mixed_interleaved,mixed,12,3,0,MARKOV_H1,0.1111111111111111,"[0.1111111111111111, 0.1111111111111111, 0.1111111111111111, 0.1111111111111111, 0.1111111111111111, 0.1111111111111111, 0.1111111111111111, 0.1111111111111111, 0.1111111111111111]","[0.1111111111111111, 0.1111111111111111, 0.1111111111111111, 0.1111111111111111, 0.1111111111111111, 0.1111111111111111, 0.1111111111111111, 0.1111111111111111, 0.1111111111111111]","[0.1111111111111111, 0.1111111111111111, 0.1111111111111111, 0.1111111111111111, 0.1111111111111111, 0.1111111111111111, 0.1111111111111111, 0.1111111111111111, 0.1111111111111111]","[0.0, 0.0, 0.0, 0.0, 0.0, 0.0, 0.0, 0.0, 0.0]",2.1972245773362196,9.000000000000002,2.1972245773362196,9.000000000000002
RACE_UNIFORM,mixed_interleaved,mixed,12,4,0,MARKOV_H1,0.1111111111111111,"[0.1111111111111111, 0.1111111111111111, 0.1111111111111111, 0.1111111111111111, 0.1111111111111111, 0.1111111111111111, 0.1111111111111111, 0.1111111111111111, 0.1111111111111111]","[0.1111111111111111, 0.1111111111111111, 0.1111111111111111, 0.1111111111111111, 0.1111111111111111, 0.1111111111111111, 0.1111111111111111, 0.1111111111111111, 0.1111111111111111]","[0.1111111111111111, 0.1111111111111111, 0.1111111111111111, 0.1111111111111111, 0.1111111111111111, 0.1111111111111111, 0.1111111111111111, 0.1111111111111111, 0.1111111111111111]","[0.0, 0.0, 0.0, 0.0, 0.0, 0.0, 0.0, 0.0, 0.0]",2.1972245773362196,9.000000000000002,2.1972245773362196,9.000000000000002
RACE_UNIFORM,mixed_interleaved,mixed,12,5,0,MARKOV_H1,0.1111111111111111,"[0.1111111111111111, 0.1111111111111111, 0.1111111111111111, 0.1111111111111111, 0.1111111111111111, 0.1111111111111111, 0.1111111111111111, 0.1111111111111111, 0.1111111111111111]","[0.1111111111111111, 0.1111111111111111, 0.1111111111111111, 0.1111111111111111, 0.1111111111111111, 0.1111111111111111, 0.1111111111111111, 0.1111111111111111, 0.1111111111111111]","[0.1111111111111111, 0.1111111111111111, 0.1111111111111111, 0.1111111111111111, 0.1111111111111111, 0.1111111111111111, 0.1111111111111111, 0.1111111111111111, 0.1111111111111111]","[0.0, 0.0, 0.0, 0.0, 0.0, 0.0, 0.0, 0.0, 0.0]",2.1972245773362196,9.000000000000002,2.1972245773362196,9.000000000000002
RACE_UNIFORM,mixed_interleaved,mixed,12,6,0,MARKOV_H1,0.1111111111111111,"[0.1111111111111111, 0.1111111111111111, 0.1111111111111111, 0.1111111111111111, 0.1111111111111111, 0.1111111111111111, 0.1111111111111111, 0.1111111111111111, 0.1111111111111111]","[0.1111111111111111, 0.1111111111111111, 0.1111111111111111, 0.1111111111111111, 0.1111111111111111, 0.1111111111111111, 0.1111111111111111, 0.1111111111111111, 0.1111111111111111]","[0.1111111111111111, 0.1111111111111111, 0.1111111111111111, 0.1111111111111111, 0.1111111111111111, 0.1111111111111111, 0.1111111111111111, 0.1111111111111111, 0.1111111111111111]","[0.0, 0.0, 0.0, 0.0, 0.0, 0.0, 0.0, 0.0, 0.0]",2.1972245773362196,9.000000000000002,2.1972245773362196,9.000000000000002
RACE_UNIFORM,mixed_interleaved,mixed,12,7,0,MARKOV_H1,0.1111111111111111,"[0.1111111111111111, 0.1111111111111111, 0.1111111111111111, 0.1111111111111111, 0.1111111111111111, 0.1111111111111111, 0.1111111111111111, 0.1111111111111111, 0.1111111111111111]","[0.1111111111111111, 0.1111111111111111, 0.1111111111111111, 0.1111111111111111, 0.1111111111111111, 0.1111111111111111, 0.1111111111111111, 0.1111111111111111, 0.1111111111111111]","[0.1111111111111111, 0.1111111111111111, 0.1111111111111111, 0.1111111111111111, 0.1111111111111111, 0.1111111111111111, 0.1111111111111111, 0.1111111111111111, 0.1111111111111111]","[0.0, 0.0, 0.0, 0.0, 0.0, 0.0, 0.0, 0.0, 0.0]",2.1972245773362196,9.000000000000002,2.1972245773362196,9.000000000000002
RACE_UNIFORM,mixed_interleaved,mixed,12,8,0,MARKOV_H1,0.1111111111111111,"[0.1111111111111111, 0.1111111111111111, 0.1111111111111111, 0.1111111111111111, 0.1111111111111111, 0.1111111111111111, 0.1111111111111111, 0.1111111111111111, 0.1111111111111111]","[0.1111111111111111, 0.1111111111111111, 0.1111111111111111, 0.1111111111111111, 0.1111111111111111, 0.1111111111111111, 0.1111111111111111, 0.1111111111111111, 0.1111111111111111]","[0.1111111111111111, 0.1111111111111111, 0.1111111111111111, 0.1111111111111111, 0.1111111111111111, 0.1111111111111111, 0.1111111111111111, 0.1111111111111111, 0.1111111111111111]","[0.0, 0.0, 0.0, 0.0, 0.0, 0.0, 0.0, 0.0, 0.0]",2.1972245773362196,9.000000000000002,2.1972245773362196,9.000000000000002
RACE_UNIFORM,mixed_interleaved,mixed,12,9,0,MARKOV_H1,0.1111111111111111,"[0.1111111111111111, 0.1111111111111111, 0.1111111111111111, 0.1111111111111111, 0.1111111111111111, 0.1111111111111111, 0.1111111111111111, 0.1111111111111111, 0.1111111111111111]","[0.1111111111111111, 0.1111111111111111, 0.1111111111111111, 0.1111111111111111, 0.1111111111111111, 0.1111111111111111, 0.1111111111111111, 0.1111111111111111, 0.1111111111111111]","[0.1111111111111111, 0.1111111111111111, 0.1111111111111111, 0.1111111111111111, 0.1111111111111111, 0.1111111111111111, 0.1111111111111111, 0.1111111111111111, 0.1111111111111111]","[0.0, 0.0, 0.0, 0.0, 0.0, 0.0, 0.0, 0.0, 0.0]",2.1972245773362196,9.000000000000002,2.1972245773362196,9.000000000000002
RACE_UNIFORM,mixed_interleaved,mixed,12,10,0,MARKOV_H1,0.1111111111111111,"[0.1111111111111111, 0.1111111111111111, 0.1111111111111111, 0.1111111111111111, 0.1111111111111111, 0.1111111111111111, 0.1111111111111111, 0.1111111111111111, 0.1111111111111111]","[0.1111111111111111, 0.1111111111111111, 0.1111111111111111, 0.1111111111111111, 0.1111111111111111, 0.1111111111111111, 0.1111111111111111, 0.1111111111111111, 0.1111111111111111]","[0.1111111111111111, 0.1111111111111111, 0.1111111111111111, 0.1111111111111111, 0.1111111111111111, 0.1111111111111111, 0.1111111111111111, 0.1111111111111111, 0.1111111111111111]","[0.0, 0.0, 0.0, 0.0, 0.0, 0.0, 0.0, 0.0, 0.0]",2.1972245773362196,9.000000000000002,2.1972245773362196,9.000000000000002
RACE_UNIFORM,mixed_interleaved,mixed,12,11,0,MARKOV_H1,0.1111111111111111,"[0.1111111111111111, 0.1111111111111111, 0.1111111111111111, 0.1111111111111111, 0.1111111111111111, 0.1111111111111111, 0.1111111111111111, 0.1111111111111111, 0.1111111111111111]","[0.1111111111111111, 0.1111111111111111, 0.1111111111111111, 0.1111111111111111, 0.1111111111111111, 0.1111111111111111, 0.1111111111111111, 0.1111111111111111, 0.1111111111111111]","[0.1111111111111111, 0.1111111111111111, 0.1111111111111111, 0.1111111111111111, 0.1111111111111111, 0.1111111111111111, 0.1111111111111111, 0.1111111111111111, 0.1111111111111111]","[0.0, 0.0, 0.0, 0.0, 0.0, 0.0, 0.0, 0.0, 0.0]",2.1972245773362196,9.000000000000002,2.1972245773362196,9.000000000000002
RACE_UNIFORM,mixed_interleaved,mixed,12,12,0,MARKOV_H1,0.1111111111111111,"[0.1111111111111111, 0.1111111111111111, 0.1111111111111111, 0.1111111111111111, 0.1111111111111111, 0.1111111111111111, 0.1111111111111111, 0.1111111111111111, 0.1111111111111111]","[0.1111111111111111, 0.1111111111111111, 0.1111111111111111, 0.1111111111111111, 0.1111111111111111, 0.1111111111111111, 0.1111111111111111, 0.1111111111111111, 0.1111111111111111]","[0.1111111111111111, 0.1111111111111111, 0.1111111111111111, 0.1111111111111111, 0.1111111111111111, 0.1111111111111111, 0.1111111111111111, 0.1111111111111111, 0.1111111111111111]","[0.0, 0.0, 0.0, 0.0, 0.0, 0.0, 0.0, 0.0, 0.0]",2.1972245773362196,9.000000000000002,2.1972245773362196,9.000000000000002
RACE_UNIFORM,mixed_interleaved,mixed,12,13,0,MARKOV_H1,0.1111111111111111,"[0.1111111111111111, 0.1111111111111111, 0.1111111111111111, 0.1111111111111111, 0.1111111111111111, 0.1111111111111111, 0.1111111111111111, 0.1111111111111111, 0.1111111111111111]","[0.1111111111111111, 0.1111111111111111, 0.1111111111111111, 0.1111111111111111, 0.1111111111111111, 0.1111111111111111, 0.1111111111111111, 0.1111111111111111, 0.1111111111111111]","[0.1111111111111111, 0.1111111111111111, 0.1111111111111111, 0.1111111111111111, 0.1111111111111111, 0.1111111111111111, 0.1111111111111111, 0.1111111111111111, 0.1111111111111111]","[0.0, 0.0, 0.0, 0.0, 0.0, 0.0, 0.0, 0.0, 0.0]",2.1972245773362196,9.000000000000002,2.1972245773362196,9.000000000000002
RACE_UNIFORM,mixed_interleaved,mixed,12,14,0,MARKOV_H1,0.1111111111111111,"[0.1111111111111111, 0.1111111111111111, 0.1111111111111111, 0.1111111111111111, 0.1111111111111111, 0.1111111111111111, 0.1111111111111111, 0.1111111111111111, 0.1111111111111111]","[0.1111111111111111, 0.1111111111111111, 0.1111111111111111, 0.1111111111111111, 0.1111111111111111, 0.1111111111111111, 0.1111111111111111, 0.1111111111111111, 0.1111111111111111]","[0.1111111111111111, 0.1111111111111111, 0.1111111111111111, 0.1111111111111111, 0.1111111111111111, 0.1111111111111111, 0.1111111111111111, 0.1111111111111111, 0.1111111111111111]","[0.0, 0.0, 0.0, 0.0, 0.0, 0.0, 0.0, 0.0, 0.0]",2.1972245773362196,9.000000000000002,2.1972245773362196,9.000000000000002
RACE_UNIFORM,mixed_interleaved,mixed,12,15,0,MARKOV_H1,0.1111111111111111,"[0.1111111111111111, 0.1111111111111111, 0.1111111111111111, 0.1111111111111111, 0.1111111111111111, 0.1111111111111111, 0.1111111111111111, 0.1111111111111111, 0.1111111111111111]","[0.1111111111111111, 0.1111111111111111, 0.1111111111111111, 0.1111111111111111, 0.1111111111111111, 0.1111111111111111, 0.1111111111111111, 0.1111111111111111, 0.1111111111111111]","[0.1111111111111111, 0.1111111111111111, 0.1111111111111111, 0.1111111111111111, 0.1111111111111111, 0.1111111111111111, 0.1111111111111111, 0.1111111111111111, 0.1111111111111111]","[0.0, 0.0, 0.0, 0.0, 0.0, 0.0, 0.0, 0.0, 0.0]",2.1972245773362196,9.000000000000002,2.1972245773362196,9.000000000000002
RACE_UNIFORM,mixed_interleaved,mixed,16,0,0,MARKOV_H1,0.1111111111111111,"[0.1111111111111111, 0.1111111111111111, 0.1111111111111111, 0.1111111111111111, 0.1111111111111111, 0.1111111111111111, 0.1111111111111111, 0.1111111111111111, 0.1111111111111111]","[0.1111111111111111, 0.1111111111111111, 0.1111111111111111, 0.1111111111111111, 0.1111111111111111, 0.1111111111111111, 0.1111111111111111, 0.1111111111111111, 0.1111111111111111]","[0.1111111111111111, 0.1111111111111111, 0.1111111111111111, 0.1111111111111111, 0.1111111111111111, 0.1111111111111111, 0.1111111111111111, 0.1111111111111111, 0.1111111111111111]","[0.0, 0.0, 0.0, 0.0, 0.0, 0.0, 0.0, 0.0, 0.0]",2.1972245773362196,9.000000000000002,2.1972245773362196,9.000000000000002
RACE_UNIFORM,mixed_interleaved,mixed,16,1,0,MARKOV_H1,0.1111111111111111,"[0.1111111111111111, 0.1111111111111111, 0.1111111111111111, 0.1111111111111111, 0.1111111111111111, 0.1111111111111111, 0.1111111111111111, 0.1111111111111111, 0.1111111111111111]","[0.1111111111111111, 0.1111111111111111, 0.1111111111111111, 0.1111111111111111, 0.1111111111111111, 0.1111111111111111, 0.1111111111111111, 0.1111111111111111, 0.1111111111111111]","[0.1111111111111111, 0.1111111111111111, 0.1111111111111111, 0.1111111111111111, 0.1111111111111111, 0.1111111111111111, 0.1111111111111111, 0.1111111111111111, 0.1111111111111111]","[0.0, 0.0, 0.0, 0.0, 0.0, 0.0, 0.0, 0.0, 0.0]",2.1972245773362196,9.000000000000002,2.1972245773362196,9.000000000000002
RACE_UNIFORM,mixed_interleaved,mixed,16,2,0,MARKOV_H1,0.1111111111111111,"[0.1111111111111111, 0.1111111111111111, 0.1111111111111111, 0.1111111111111111, 0.1111111111111111, 0.1111111111111111, 0.1111111111111111, 0.1111111111111111, 0.1111111111111111]","[0.1111111111111111, 0.1111111111111111, 0.1111111111111111, 0.1111111111111111, 0.1111111111111111, 0.1111111111111111, 0.1111111111111111, 0.1111111111111111, 0.1111111111111111]","[0.1111111111111111, 0.1111111111111111, 0.1111111111111111, 0.1111111111111111, 0.1111111111111111, 0.1111111111111111, 0.1111111111111111, 0.1111111111111111, 0.1111111111111111]","[0.0, 0.0, 0.0, 0.0, 0.0, 0.0, 0.0, 0.0, 0.0]",2.1972245773362196,9.000000000000002,2.1972245773362196,9.000000000000002
RACE_UNIFORM,mixed_interleaved,mixed,16,3,0,MARKOV_H1,0.1111111111111111,"[0.1111111111111111, 0.1111111111111111, 0.1111111111111111, 0.1111111111111111, 0.1111111111111111, 0.1111111111111111, 0.1111111111111111, 0.1111111111111111, 0.1111111111111111]","[0.1111111111111111, 0.1111111111111111, 0.1111111111111111, 0.1111111111111111, 0.1111111111111111, 0.1111111111111111, 0.1111111111111111, 0.1111111111111111, 0.1111111111111111]","[0.1111111111111111, 0.1111111111111111, 0.1111111111111111, 0.1111111111111111, 0.1111111111111111, 0.1111111111111111, 0.1111111111111111, 0.1111111111111111, 0.1111111111111111]","[0.0, 0.0, 0.0, 0.0, 0.0, 0.0, 0.0, 0.0, 0.0]",2.1972245773362196,9.000000000000002,2.1972245773362196,9.000000000000002
RACE_UNIFORM,mixed_interleaved,mixed,16,4,0,MARKOV_H1,0.1111111111111111,"[0.1111111111111111, 0.1111111111111111, 0.1111111111111111, 0.1111111111111111, 0.1111111111111111, 0.1111111111111111, 0.1111111111111111, 0.1111111111111111, 0.1111111111111111]","[0.1111111111111111, 0.1111111111111111, 0.1111111111111111, 0.1111111111111111, 0.1111111111111111, 0.1111111111111111, 0.1111111111111111, 0.1111111111111111, 0.1111111111111111]","[0.1111111111111111, 0.1111111111111111, 0.1111111111111111, 0.1111111111111111, 0.1111111111111111, 0.1111111111111111, 0.1111111111111111, 0.1111111111111111, 0.1111111111111111]","[0.0, 0.0, 0.0, 0.0, 0.0, 0.0, 0.0, 0.0, 0.0]",2.1972245773362196,9.000000000000002,2.1972245773362196,9.000000000000002
RACE_UNIFORM,mixed_interleaved,mixed,16,5,0,MARKOV_H1,0.1111111111111111,"[0.1111111111111111, 0.1111111111111111, 0.1111111111111111, 0.1111111111111111, 0.1111111111111111, 0.1111111111111111, 0.1111111111111111, 0.1111111111111111, 0.1111111111111111]","[0.1111111111111111, 0.1111111111111111, 0.1111111111111111, 0.1111111111111111, 0.1111111111111111, 0.1111111111111111, 0.1111111111111111, 0.1111111111111111, 0.1111111111111111]","[0.1111111111111111, 0.1111111111111111, 0.1111111111111111, 0.1111111111111111, 0.1111111111111111, 0.1111111111111111, 0.1111111111111111, 0.1111111111111111, 0.1111111111111111]","[0.0, 0.0, 0.0, 0.0, 0.0, 0.0, 0.0, 0.0, 0.0]",2.1972245773362196,9.000000000000002,2.1972245773362196,9.000000000000002
RACE_UNIFORM,mixed_interleaved,mixed,16,6,0,MARKOV_H1,0.1111111111111111,"[0.1111111111111111, 0.1111111111111111, 0.1111111111111111, 0.1111111111111111, 0.1111111111111111, 0.1111111111111111, 0.1111111111111111, 0.1111111111111111, 0.1111111111111111]","[0.1111111111111111, 0.1111111111111111, 0.1111111111111111, 0.1111111111111111, 0.1111111111111111, 0.1111111111111111, 0.1111111111111111, 0.1111111111111111, 0.1111111111111111]","[0.1111111111111111, 0.1111111111111111, 0.1111111111111111, 0.1111111111111111, 0.1111111111111111, 0.1111111111111111, 0.1111111111111111, 0.1111111111111111, 0.1111111111111111]","[0.0, 0.0, 0.0, 0.0, 0.0, 0.0, 0.0, 0.0, 0.0]",2.1972245773362196,9.000000000000002,2.1972245773362196,9.000000000000002
RACE_UNIFORM,mixed_interleaved,mixed,16,7,0,MARKOV_H1,0.1111111111111111,"[0.1111111111111111, 0.1111111111111111, 0.1111111111111111, 0.1111111111111111, 0.1111111111111111, 0.1111111111111111, 0.1111111111111111, 0.1111111111111111, 0.1111111111111111]","[0.1111111111111111, 0.1111111111111111, 0.1111111111111111, 0.1111111111111111, 0.1111111111111111, 0.1111111111111111, 0.1111111111111111, 0.1111111111111111, 0.1111111111111111]","[0.1111111111111111, 0.1111111111111111, 0.1111111111111111, 0.1111111111111111, 0.1111111111111111, 0.1111111111111111, 0.1111111111111111, 0.1111111111111111, 0.1111111111111111]","[0.0, 0.0, 0.0, 0.0, 0.0, 0.0, 0.0, 0.0, 0.0]",2.1972245773362196,9.000000000000002,2.1972245773362196,9.000000000000002
RACE_UNIFORM,mixed_interleaved,mixed,16,8,0,MARKOV_H1,0.1111111111111111,"[0.1111111111111111, 0.1111111111111111, 0.1111111111111111, 0.1111111111111111, 0.1111111111111111, 0.1111111111111111, 0.1111111111111111, 0.1111111111111111, 0.1111111111111111]","[0.1111111111111111, 0.1111111111111111, 0.1111111111111111, 0.1111111111111111, 0.1111111111111111, 0.1111111111111111, 0.1111111111111111, 0.1111111111111111, 0.1111111111111111]","[0.1111111111111111, 0.1111111111111111, 0.1111111111111111, 0.1111111111111111, 0.1111111111111111, 0.1111111111111111, 0.1111111111111111, 0.1111111111111111, 0.1111111111111111]","[0.0, 0.0, 0.0, 0.0, 0.0, 0.0, 0.0, 0.0, 0.0]",2.1972245773362196,9.000000000000002,2.1972245773362196,9.000000000000002
RACE_UNIFORM,mixed_interleaved,mixed,16,9,0,MARKOV_H1,0.1111111111111111,"[0.1111111111111111, 0.1111111111111111, 0.1111111111111111, 0.1111111111111111, 0.1111111111111111, 0.1111111111111111, 0.1111111111111111, 0.1111111111111111, 0.1111111111111111]","[0.1111111111111111, 0.1111111111111111, 0.1111111111111111, 0.1111111111111111, 0.1111111111111111, 0.1111111111111111, 0.1111111111111111, 0.1111111111111111, 0.1111111111111111]","[0.1111111111111111, 0.1111111111111111, 0.1111111111111111, 0.1111111111111111, 0.1111111111111111, 0.1111111111111111, 0.1111111111111111, 0.1111111111111111, 0.1111111111111111]","[0.0, 0.0, 0.0, 0.0, 0.0, 0.0, 0.0, 0.0, 0.0]",2.1972245773362196,9.000000000000002,2.1972245773362196,9.000000000000002
RACE_UNIFORM,mixed_interleaved,mixed,16,10,0,MARKOV_H1,0.1111111111111111,"[0.1111111111111111, 0.1111111111111111, 0.1111111111111111, 0.1111111111111111, 0.1111111111111111, 0.1111111111111111, 0.1111111111111111, 0.1111111111111111, 0.1111111111111111]","[0.1111111111111111, 0.1111111111111111, 0.1111111111111111, 0.1111111111111111, 0.1111111111111111, 0.1111111111111111, 0.1111111111111111, 0.1111111111111111, 0.1111111111111111]","[0.1111111111111111, 0.1111111111111111, 0.1111111111111111, 0.1111111111111111, 0.1111111111111111, 0.1111111111111111, 0.1111111111111111, 0.1111111111111111, 0.1111111111111111]","[0.0, 0.0, 0.0, 0.0, 0.0, 0.0, 0.0, 0.0, 0.0]",2.1972245773362196,9.000000000000002,2.1972245773362196,9.000000000000002
RACE_UNIFORM,mixed_interleaved,mixed,16,11,0,MARKOV_H1,0.1111111111111111,"[0.1111111111111111, 0.1111111111111111, 0.1111111111111111, 0.1111111111111111, 0.1111111111111111, 0.1111111111111111, 0.1111111111111111, 0.1111111111111111, 0.1111111111111111]","[0.1111111111111111, 0.1111111111111111, 0.1111111111111111, 0.1111111111111111, 0.1111111111111111, 0.1111111111111111, 0.1111111111111111, 0.1111111111111111, 0.1111111111111111]","[0.1111111111111111, 0.1111111111111111, 0.1111111111111111, 0.1111111111111111, 0.1111111111111111, 0.1111111111111111, 0.1111111111111111, 0.1111111111111111, 0.1111111111111111]","[0.0, 0.0, 0.0, 0.0, 0.0, 0.0, 0.0, 0.0, 0.0]",2.1972245773362196,9.000000000000002,2.1972245773362196,9.000000000000002
RACE_UNIFORM,mixed_interleaved,mixed,16,12,0,MARKOV_H1,0.1111111111111111,"[0.1111111111111111, 0.1111111111111111, 0.1111111111111111, 0.1111111111111111, 0.1111111111111111, 0.1111111111111111, 0.1111111111111111, 0.1111111111111111, 0.1111111111111111]","[0.1111111111111111, 0.1111111111111111, 0.1111111111111111, 0.1111111111111111, 0.1111111111111111, 0.1111111111111111, 0.1111111111111111, 0.1111111111111111, 0.1111111111111111]","[0.1111111111111111, 0.1111111111111111, 0.1111111111111111, 0.1111111111111111, 0.1111111111111111, 0.1111111111111111, 0.1111111111111111, 0.1111111111111111, 0.1111111111111111]","[0.0, 0.0, 0.0, 0.0, 0.0, 0.0, 0.0, 0.0, 0.0]",2.1972245773362196,9.000000000000002,2.1972245773362196,9.000000000000002
RACE_UNIFORM,mixed_interleaved,mixed,16,13,0,MARKOV_H1,0.1111111111111111,"[0.1111111111111111, 0.1111111111111111, 0.1111111111111111, 0.1111111111111111, 0.1111111111111111, 0.1111111111111111, 0.1111111111111111, 0.1111111111111111, 0.1111111111111111]","[0.1111111111111111, 0.1111111111111111, 0.1111111111111111, 0.1111111111111111, 0.1111111111111111, 0.1111111111111111, 0.1111111111111111, 0.1111111111111111, 0.1111111111111111]","[0.1111111111111111, 0.1111111111111111, 0.1111111111111111, 0.1111111111111111, 0.1111111111111111, 0.1111111111111111, 0.1111111111111111, 0.1111111111111111, 0.1111111111111111]","[0.0, 0.0, 0.0, 0.0, 0.0, 0.0, 0.0, 0.0, 0.0]",2.1972245773362196,9.000000000000002,2.1972245773362196,9.000000000000002
RACE_UNIFORM,mixed_interleaved,mixed,16,14,0,MARKOV_H1,0.1111111111111111,"[0.1111111111111111, 0.1111111111111111, 0.1111111111111111, 0.1111111111111111, 0.1111111111111111, 0.1111111111111111, 0.1111111111111111, 0.1111111111111111, 0.1111111111111111]","[0.1111111111111111, 0.1111111111111111, 0.1111111111111111, 0.1111111111111111, 0.1111111111111111, 0.1111111111111111, 0.1111111111111111, 0.1111111111111111, 0.1111111111111111]","[0.1111111111111111, 0.1111111111111111, 0.1111111111111111, 0.1111111111111111, 0.1111111111111111, 0.1111111111111111, 0.1111111111111111, 0.1111111111111111, 0.1111111111111111]","[0.0, 0.0, 0.0, 0.0, 0.0, 0.0, 0.0, 0.0, 0.0]",2.1972245773362196,9.000000000000002,2.1972245773362196,9.000000000000002
RACE_UNIFORM,mixed_interleaved,mixed,16,15,0,MARKOV_H1,0.1111111111111111,"[0.1111111111111111, 0.1111111111111111, 0.1111111111111111, 0.1111111111111111, 0.1111111111111111, 0.1111111111111111, 0.1111111111111111, 0.1111111111111111, 0.1111111111111111]","[0.1111111111111111, 0.1111111111111111, 0.1111111111111111, 0.1111111111111111, 0.1111111111111111, 0.1111111111111111, 0.1111111111111111, 0.1111111111111111, 0.1111111111111111]","[0.1111111111111111, 0.1111111111111111, 0.1111111111111111, 0.1111111111111111, 0.1111111111111111, 0.1111111111111111, 0.1111111111111111, 0.1111111111111111, 0.1111111111111111]","[0.0, 0.0, 0.0, 0.0, 0.0, 0.0, 0.0, 0.0, 0.0]",2.1972245773362196,9.000000000000002,2.1972245773362196,9.000000000000002
RACE_UNIFORM,mixed_interleaved,mixed,24,0,0,MARKOV_H1,0.1111111111111111,"[0.1111111111111111, 0.1111111111111111, 0.1111111111111111, 0.1111111111111111, 0.1111111111111111, 0.1111111111111111, 0.1111111111111111, 0.1111111111111111, 0.1111111111111111]","[0.1111111111111111, 0.1111111111111111, 0.1111111111111111, 0.1111111111111111, 0.1111111111111111, 0.1111111111111111, 0.1111111111111111, 0.1111111111111111, 0.1111111111111111]","[0.1111111111111111, 0.1111111111111111, 0.1111111111111111, 0.1111111111111111, 0.1111111111111111, 0.1111111111111111, 0.1111111111111111, 0.1111111111111111, 0.1111111111111111]","[0.0, 0.0, 0.0, 0.0, 0.0, 0.0, 0.0, 0.0, 0.0]",2.1972245773362196,9.000000000000002,2.1972245773362196,9.000000000000002
RACE_UNIFORM,mixed_interleaved,mixed,24,1,0,MARKOV_H1,0.1111111111111111,"[0.1111111111111111, 0.1111111111111111, 0.1111111111111111, 0.1111111111111111, 0.1111111111111111, 0.1111111111111111, 0.1111111111111111, 0.1111111111111111, 0.1111111111111111]","[0.1111111111111111, 0.1111111111111111, 0.1111111111111111, 0.1111111111111111, 0.1111111111111111, 0.1111111111111111, 0.1111111111111111, 0.1111111111111111, 0.1111111111111111]","[0.1111111111111111, 0.1111111111111111, 0.1111111111111111, 0.1111111111111111, 0.1111111111111111, 0.1111111111111111, 0.1111111111111111, 0.1111111111111111, 0.1111111111111111]","[0.0, 0.0, 0.0, 0.0, 0.0, 0.0, 0.0, 0.0, 0.0]",2.1972245773362196,9.000000000000002,2.1972245773362196,9.000000000000002
RACE_UNIFORM,mixed_interleaved,mixed,24,2,0,MARKOV_H1,0.1111111111111111,"[0.1111111111111111, 0.1111111111111111, 0.1111111111111111, 0.1111111111111111, 0.1111111111111111, 0.1111111111111111, 0.1111111111111111, 0.1111111111111111, 0.1111111111111111]","[0.1111111111111111, 0.1111111111111111, 0.1111111111111111, 0.1111111111111111, 0.1111111111111111, 0.1111111111111111, 0.1111111111111111, 0.1111111111111111, 0.1111111111111111]","[0.1111111111111111, 0.1111111111111111, 0.1111111111111111, 0.1111111111111111, 0.1111111111111111, 0.1111111111111111, 0.1111111111111111, 0.1111111111111111, 0.1111111111111111]","[0.0, 0.0, 0.0, 0.0, 0.0, 0.0, 0.0, 0.0, 0.0]",2.1972245773362196,9.000000000000002,2.1972245773362196,9.000000000000002
RACE_UNIFORM,mixed_interleaved,mixed,24,3,0,MARKOV_H1,0.1111111111111111,"[0.1111111111111111, 0.1111111111111111, 0.1111111111111111, 0.1111111111111111, 0.1111111111111111, 0.1111111111111111, 0.1111111111111111, 0.1111111111111111, 0.1111111111111111]","[0.1111111111111111, 0.1111111111111111, 0.1111111111111111, 0.1111111111111111, 0.1111111111111111, 0.1111111111111111, 0.1111111111111111, 0.1111111111111111, 0.1111111111111111]","[0.1111111111111111, 0.1111111111111111, 0.1111111111111111, 0.1111111111111111, 0.1111111111111111, 0.1111111111111111, 0.1111111111111111, 0.1111111111111111, 0.1111111111111111]","[0.0, 0.0, 0.0, 0.0, 0.0, 0.0, 0.0, 0.0, 0.0]",2.1972245773362196,9.000000000000002,2.1972245773362196,9.000000000000002
RACE_UNIFORM,mixed_interleaved,mixed,24,4,0,MARKOV_H1,0.1111111111111111,"[0.1111111111111111, 0.1111111111111111, 0.1111111111111111, 0.1111111111111111, 0.1111111111111111, 0.1111111111111111, 0.1111111111111111, 0.1111111111111111, 0.1111111111111111]","[0.1111111111111111, 0.1111111111111111, 0.1111111111111111, 0.1111111111111111, 0.1111111111111111, 0.1111111111111111, 0.1111111111111111, 0.1111111111111111, 0.1111111111111111]","[0.1111111111111111, 0.1111111111111111, 0.1111111111111111, 0.1111111111111111, 0.1111111111111111, 0.1111111111111111, 0.1111111111111111, 0.1111111111111111, 0.1111111111111111]","[0.0, 0.0, 0.0, 0.0, 0.0, 0.0, 0.0, 0.0, 0.0]",2.1972245773362196,9.000000000000002,2.1972245773362196,9.000000000000002
RACE_UNIFORM,mixed_interleaved,mixed,24,5,0,MARKOV_H1,0.1111111111111111,"[0.1111111111111111, 0.1111111111111111, 0.1111111111111111, 0.1111111111111111, 0.1111111111111111, 0.1111111111111111, 0.1111111111111111, 0.1111111111111111, 0.1111111111111111]","[0.1111111111111111, 0.1111111111111111, 0.1111111111111111, 0.1111111111111111, 0.1111111111111111, 0.1111111111111111, 0.1111111111111111, 0.1111111111111111, 0.1111111111111111]","[0.1111111111111111, 0.1111111111111111, 0.1111111111111111, 0.1111111111111111, 0.1111111111111111, 0.1111111111111111, 0.1111111111111111, 0.1111111111111111, 0.1111111111111111]","[0.0, 0.0, 0.0, 0.0, 0.0, 0.0, 0.0, 0.0, 0.0]",2.1972245773362196,9.000000000000002,2.1972245773362196,9.000000000000002
RACE_UNIFORM,mixed_interleaved,mixed,24,6,0,MARKOV_H1,0.1111111111111111,"[0.1111111111111111, 0.1111111111111111, 0.1111111111111111, 0.1111111111111111, 0.1111111111111111, 0.1111111111111111, 0.1111111111111111, 0.1111111111111111, 0.1111111111111111]","[0.1111111111111111, 0.1111111111111111, 0.1111111111111111, 0.1111111111111111, 0.1111111111111111, 0.1111111111111111, 0.1111111111111111, 0.1111111111111111, 0.1111111111111111]","[0.1111111111111111, 0.1111111111111111, 0.1111111111111111, 0.1111111111111111, 0.1111111111111111, 0.1111111111111111, 0.1111111111111111, 0.1111111111111111, 0.1111111111111111]","[0.0, 0.0, 0.0, 0.0, 0.0, 0.0, 0.0, 0.0, 0.0]",2.1972245773362196,9.000000000000002,2.1972245773362196,9.000000000000002
RACE_UNIFORM,mixed_interleaved,mixed,24,7,0,MARKOV_H1,0.1111111111111111,"[0.1111111111111111, 0.1111111111111111, 0.1111111111111111, 0.1111111111111111, 0.1111111111111111, 0.1111111111111111, 0.1111111111111111, 0.1111111111111111, 0.1111111111111111]","[0.1111111111111111, 0.1111111111111111, 0.1111111111111111, 0.1111111111111111, 0.1111111111111111, 0.1111111111111111, 0.1111111111111111, 0.1111111111111111, 0.1111111111111111]","[0.1111111111111111, 0.1111111111111111, 0.1111111111111111, 0.1111111111111111, 0.1111111111111111, 0.1111111111111111, 0.1111111111111111, 0.1111111111111111, 0.1111111111111111]","[0.0, 0.0, 0.0, 0.0, 0.0, 0.0, 0.0, 0.0, 0.0]",2.1972245773362196,9.000000000000002,2.1972245773362196,9.000000000000002
RACE_UNIFORM,mixed_interleaved,mixed,24,8,0,MARKOV_H1,0.1111111111111111,"[0.1111111111111111, 0.1111111111111111, 0.1111111111111111, 0.1111111111111111, 0.1111111111111111, 0.1111111111111111, 0.1111111111111111, 0.1111111111111111, 0.1111111111111111]","[0.1111111111111111, 0.1111111111111111, 0.1111111111111111, 0.1111111111111111, 0.1111111111111111, 0.1111111111111111, 0.1111111111111111, 0.1111111111111111, 0.1111111111111111]","[0.1111111111111111, 0.1111111111111111, 0.1111111111111111, 0.1111111111111111, 0.1111111111111111, 0.1111111111111111, 0.1111111111111111, 0.1111111111111111, 0.1111111111111111]","[0.0, 0.0, 0.0, 0.0, 0.0, 0.0, 0.0, 0.0, 0.0]",2.1972245773362196,9.000000000000002,2.1972245773362196,9.000000000000002
RACE_UNIFORM,mixed_interleaved,mixed,24,9,0,MARKOV_H1,0.1111111111111111,"[0.1111111111111111, 0.1111111111111111, 0.1111111111111111, 0.1111111111111111, 0.1111111111111111, 0.1111111111111111, 0.1111111111111111, 0.1111111111111111, 0.1111111111111111]","[0.1111111111111111, 0.1111111111111111, 0.1111111111111111, 0.1111111111111111, 0.1111111111111111, 0.1111111111111111, 0.1111111111111111, 0.1111111111111111, 0.1111111111111111]","[0.1111111111111111, 0.1111111111111111, 0.1111111111111111, 0.1111111111111111, 0.1111111111111111, 0.1111111111111111, 0.1111111111111111, 0.1111111111111111, 0.1111111111111111]","[0.0, 0.0, 0.0, 0.0, 0.0, 0.0, 0.0, 0.0, 0.0]",2.1972245773362196,9.000000000000002,2.1972245773362196,9.000000000000002
RACE_UNIFORM,mixed_interleaved,mixed,24,10,0,MARKOV_H1,0.1111111111111111,"[0.1111111111111111, 0.1111111111111111, 0.1111111111111111, 0.1111111111111111, 0.1111111111111111, 0.1111111111111111, 0.1111111111111111, 0.1111111111111111, 0.1111111111111111]","[0.1111111111111111, 0.1111111111111111, 0.1111111111111111, 0.1111111111111111, 0.1111111111111111, 0.1111111111111111, 0.1111111111111111, 0.1111111111111111, 0.1111111111111111]","[0.1111111111111111, 0.1111111111111111, 0.1111111111111111, 0.1111111111111111, 0.1111111111111111, 0.1111111111111111, 0.1111111111111111, 0.1111111111111111, 0.1111111111111111]","[0.0, 0.0, 0.0, 0.0, 0.0, 0.0, 0.0, 0.0, 0.0]",2.1972245773362196,9.000000000000002,2.1972245773362196,9.000000000000002
RACE_UNIFORM,mixed_interleaved,mixed,24,11,0,MARKOV_H1,0.1111111111111111,"[0.1111111111111111, 0.1111111111111111, 0.1111111111111111, 0.1111111111111111, 0.1111111111111111, 0.1111111111111111, 0.1111111111111111, 0.1111111111111111, 0.1111111111111111]","[0.1111111111111111, 0.1111111111111111, 0.1111111111111111, 0.1111111111111111, 0.1111111111111111, 0.1111111111111111, 0.1111111111111111, 0.1111111111111111, 0.1111111111111111]","[0.1111111111111111, 0.1111111111111111, 0.1111111111111111, 0.1111111111111111, 0.1111111111111111, 0.1111111111111111, 0.1111111111111111, 0.1111111111111111, 0.1111111111111111]","[0.0, 0.0, 0.0, 0.0, 0.0, 0.0, 0.0, 0.0, 0.0]",2.1972245773362196,9.000000000000002,2.1972245773362196,9.000000000000002
RACE_UNIFORM,mixed_interleaved,mixed,24,12,0,MARKOV_H1,0.1111111111111111,"[0.1111111111111111, 0.1111111111111111, 0.1111111111111111, 0.1111111111111111, 0.1111111111111111, 0.1111111111111111, 0.1111111111111111, 0.1111111111111111, 0.1111111111111111]","[0.1111111111111111, 0.1111111111111111, 0.1111111111111111, 0.1111111111111111, 0.1111111111111111, 0.1111111111111111, 0.1111111111111111, 0.1111111111111111, 0.1111111111111111]","[0.1111111111111111, 0.1111111111111111, 0.1111111111111111, 0.1111111111111111, 0.1111111111111111, 0.1111111111111111, 0.1111111111111111, 0.1111111111111111, 0.1111111111111111]","[0.0, 0.0, 0.0, 0.0, 0.0, 0.0, 0.0, 0.0, 0.0]",2.1972245773362196,9.000000000000002,2.1972245773362196,9.000000000000002
RACE_UNIFORM,mixed_interleaved,mixed,24,13,0,MARKOV_H1,0.1111111111111111,"[0.1111111111111111, 0.1111111111111111, 0.1111111111111111, 0.1111111111111111, 0.1111111111111111, 0.1111111111111111, 0.1111111111111111, 0.1111111111111111, 0.1111111111111111]","[0.1111111111111111, 0.1111111111111111, 0.1111111111111111, 0.1111111111111111, 0.1111111111111111, 0.1111111111111111, 0.1111111111111111, 0.1111111111111111, 0.1111111111111111]","[0.1111111111111111, 0.1111111111111111, 0.1111111111111111, 0.1111111111111111, 0.1111111111111111, 0.1111111111111111, 0.1111111111111111, 0.1111111111111111, 0.1111111111111111]","[0.0, 0.0, 0.0, 0.0, 0.0, 0.0, 0.0, 0.0, 0.0]",2.1972245773362196,9.000000000000002,2.1972245773362196,9.000000000000002
RACE_UNIFORM,mixed_interleaved,mixed,24,14,0,MARKOV_H1,0.1111111111111111,"[0.1111111111111111, 0.1111111111111111, 0.1111111111111111, 0.1111111111111111, 0.1111111111111111, 0.1111111111111111, 0.1111111111111111, 0.1111111111111111, 0.1111111111111111]","[0.1111111111111111, 0.1111111111111111, 0.1111111111111111, 0.1111111111111111, 0.1111111111111111, 0.1111111111111111, 0.1111111111111111, 0.1111111111111111, 0.1111111111111111]","[0.1111111111111111, 0.1111111111111111, 0.1111111111111111, 0.1111111111111111, 0.1111111111111111, 0.1111111111111111, 0.1111111111111111, 0.1111111111111111, 0.1111111111111111]","[0.0, 0.0, 0.0, 0.0, 0.0, 0.0, 0.0, 0.0, 0.0]",2.1972245773362196,9.000000000000002,2.1972245773362196,9.000000000000002
RACE_UNIFORM,mixed_interleaved,mixed,24,15,0,MARKOV_H1,0.1111111111111111,"[0.1111111111111111, 0.1111111111111111, 0.1111111111111111, 0.1111111111111111, 0.1111111111111111, 0.1111111111111111, 0.1111111111111111, 0.1111111111111111, 0.1111111111111111]","[0.1111111111111111, 0.1111111111111111, 0.1111111111111111, 0.1111111111111111, 0.1111111111111111, 0.1111111111111111, 0.1111111111111111, 0.1111111111111111, 0.1111111111111111]","[0.1111111111111111, 0.1111111111111111, 0.1111111111111111, 0.1111111111111111, 0.1111111111111111, 0.1111111111111111, 0.1111111111111111, 0.1111111111111111, 0.1111111111111111]","[0.0, 0.0, 0.0, 0.0, 0.0, 0.0, 0.0, 0.0, 0.0]",2.1972245773362196,9.000000000000002,2.1972245773362196,9.000000000000002
RACE_UNIFORM,mixed_interleaved,mixed,32,0,0,MARKOV_H1,0.1111111111111111,"[0.1111111111111111, 0.1111111111111111, 0.1111111111111111, 0.1111111111111111, 0.1111111111111111, 0.1111111111111111, 0.1111111111111111, 0.1111111111111111, 0.1111111111111111]","[0.1111111111111111, 0.1111111111111111, 0.1111111111111111, 0.1111111111111111, 0.1111111111111111, 0.1111111111111111, 0.1111111111111111, 0.1111111111111111, 0.1111111111111111]","[0.1111111111111111, 0.1111111111111111, 0.1111111111111111, 0.1111111111111111, 0.1111111111111111, 0.1111111111111111, 0.1111111111111111, 0.1111111111111111, 0.1111111111111111]","[0.0, 0.0, 0.0, 0.0, 0.0, 0.0, 0.0, 0.0, 0.0]",2.1972245773362196,9.000000000000002,2.1972245773362196,9.000000000000002
RACE_UNIFORM,mixed_interleaved,mixed,32,1,0,MARKOV_H1,0.1111111111111111,"[0.1111111111111111, 0.1111111111111111, 0.1111111111111111, 0.1111111111111111, 0.1111111111111111, 0.1111111111111111, 0.1111111111111111, 0.1111111111111111, 0.1111111111111111]","[0.1111111111111111, 0.1111111111111111, 0.1111111111111111, 0.1111111111111111, 0.1111111111111111, 0.1111111111111111, 0.1111111111111111, 0.1111111111111111, 0.1111111111111111]","[0.1111111111111111, 0.1111111111111111, 0.1111111111111111, 0.1111111111111111, 0.1111111111111111, 0.1111111111111111, 0.1111111111111111, 0.1111111111111111, 0.1111111111111111]","[0.0, 0.0, 0.0, 0.0, 0.0, 0.0, 0.0, 0.0, 0.0]",2.1972245773362196,9.000000000000002,2.1972245773362196,9.000000000000002
RACE_UNIFORM,mixed_interleaved,mixed,32,2,0,MARKOV_H1,0.1111111111111111,"[0.1111111111111111, 0.1111111111111111, 0.1111111111111111, 0.1111111111111111, 0.1111111111111111, 0.1111111111111111, 0.1111111111111111, 0.1111111111111111, 0.1111111111111111]","[0.1111111111111111, 0.1111111111111111, 0.1111111111111111, 0.1111111111111111, 0.1111111111111111, 0.1111111111111111, 0.1111111111111111, 0.1111111111111111, 0.1111111111111111]","[0.1111111111111111, 0.1111111111111111, 0.1111111111111111, 0.1111111111111111, 0.1111111111111111, 0.1111111111111111, 0.1111111111111111, 0.1111111111111111, 0.1111111111111111]","[0.0, 0.0, 0.0, 0.0, 0.0, 0.0, 0.0, 0.0, 0.0]",2.1972245773362196,9.000000000000002,2.1972245773362196,9.000000000000002
RACE_UNIFORM,mixed_interleaved,mixed,32,3,0,MARKOV_H1,0.1111111111111111,"[0.1111111111111111, 0.1111111111111111, 0.1111111111111111, 0.1111111111111111, 0.1111111111111111, 0.1111111111111111, 0.1111111111111111, 0.1111111111111111, 0.1111111111111111]","[0.1111111111111111, 0.1111111111111111, 0.1111111111111111, 0.1111111111111111, 0.1111111111111111, 0.1111111111111111, 0.1111111111111111, 0.1111111111111111, 0.1111111111111111]","[0.1111111111111111, 0.1111111111111111, 0.1111111111111111, 0.1111111111111111, 0.1111111111111111, 0.1111111111111111, 0.1111111111111111, 0.1111111111111111, 0.1111111111111111]","[0.0, 0.0, 0.0, 0.0, 0.0, 0.0, 0.0, 0.0, 0.0]",2.1972245773362196,9.000000000000002,2.1972245773362196,9.000000000000002
RACE_UNIFORM,mixed_interleaved,mixed,32,4,0,MARKOV_H1,0.1111111111111111,"[0.1111111111111111, 0.1111111111111111, 0.1111111111111111, 0.1111111111111111, 0.1111111111111111, 0.1111111111111111, 0.1111111111111111, 0.1111111111111111, 0.1111111111111111]","[0.1111111111111111, 0.1111111111111111, 0.1111111111111111, 0.1111111111111111, 0.1111111111111111, 0.1111111111111111, 0.1111111111111111, 0.1111111111111111, 0.1111111111111111]","[0.1111111111111111, 0.1111111111111111, 0.1111111111111111, 0.1111111111111111, 0.1111111111111111, 0.1111111111111111, 0.1111111111111111, 0.1111111111111111, 0.1111111111111111]","[0.0, 0.0, 0.0, 0.0, 0.0, 0.0, 0.0, 0.0, 0.0]",2.1972245773362196,9.000000000000002,2.1972245773362196,9.000000000000002
RACE_UNIFORM,mixed_interleaved,mixed,32,5,0,MARKOV_H1,0.1111111111111111,"[0.1111111111111111, 0.1111111111111111, 0.1111111111111111, 0.1111111111111111, 0.1111111111111111, 0.1111111111111111, 0.1111111111111111, 0.1111111111111111, 0.1111111111111111]","[0.1111111111111111, 0.1111111111111111, 0.1111111111111111, 0.1111111111111111, 0.1111111111111111, 0.1111111111111111, 0.1111111111111111, 0.1111111111111111, 0.1111111111111111]","[0.1111111111111111, 0.1111111111111111, 0.1111111111111111, 0.1111111111111111, 0.1111111111111111, 0.1111111111111111, 0.1111111111111111, 0.1111111111111111, 0.1111111111111111]","[0.0, 0.0, 0.0, 0.0, 0.0, 0.0, 0.0, 0.0, 0.0]",2.1972245773362196,9.000000000000002,2.1972245773362196,9.000000000000002
RACE_UNIFORM,mixed_interleaved,mixed,32,6,0,MARKOV_H1,0.1111111111111111,"[0.1111111111111111, 0.1111111111111111, 0.1111111111111111, 0.1111111111111111, 0.1111111111111111, 0.1111111111111111, 0.1111111111111111, 0.1111111111111111, 0.1111111111111111]","[0.1111111111111111, 0.1111111111111111, 0.1111111111111111, 0.1111111111111111, 0.1111111111111111, 0.1111111111111111, 0.1111111111111111, 0.1111111111111111, 0.1111111111111111]","[0.1111111111111111, 0.1111111111111111, 0.1111111111111111, 0.1111111111111111, 0.1111111111111111, 0.1111111111111111, 0.1111111111111111, 0.1111111111111111, 0.1111111111111111]","[0.0, 0.0, 0.0, 0.0, 0.0, 0.0, 0.0, 0.0, 0.0]",2.1972245773362196,9.000000000000002,2.1972245773362196,9.000000000000002
RACE_UNIFORM,mixed_interleaved,mixed,32,7,0,MARKOV_H1,0.1111111111111111,"[0.1111111111111111, 0.1111111111111111, 0.1111111111111111, 0.1111111111111111, 0.1111111111111111, 0.1111111111111111, 0.1111111111111111, 0.1111111111111111, 0.1111111111111111]","[0.1111111111111111, 0.1111111111111111, 0.1111111111111111, 0.1111111111111111, 0.1111111111111111, 0.1111111111111111, 0.1111111111111111, 0.1111111111111111, 0.1111111111111111]","[0.1111111111111111, 0.1111111111111111, 0.1111111111111111, 0.1111111111111111, 0.1111111111111111, 0.1111111111111111, 0.1111111111111111, 0.1111111111111111, 0.1111111111111111]","[0.0, 0.0, 0.0, 0.0, 0.0, 0.0, 0.0, 0.0, 0.0]",2.1972245773362196,9.000000000000002,2.1972245773362196,9.000000000000002
RACE_UNIFORM,mixed_interleaved,mixed,32,8,0,MARKOV_H1,0.1111111111111111,"[0.1111111111111111, 0.1111111111111111, 0.1111111111111111, 0.1111111111111111, 0.1111111111111111, 0.1111111111111111, 0.1111111111111111, 0.1111111111111111, 0.1111111111111111]","[0.1111111111111111, 0.1111111111111111, 0.1111111111111111, 0.1111111111111111, 0.1111111111111111, 0.1111111111111111, 0.1111111111111111, 0.1111111111111111, 0.1111111111111111]","[0.1111111111111111, 0.1111111111111111, 0.1111111111111111, 0.1111111111111111, 0.1111111111111111, 0.1111111111111111, 0.1111111111111111, 0.1111111111111111, 0.1111111111111111]","[0.0, 0.0, 0.0, 0.0, 0.0, 0.0, 0.0, 0.0, 0.0]",2.1972245773362196,9.000000000000002,2.1972245773362196,9.000000000000002
RACE_UNIFORM,mixed_interleaved,mixed,32,9,0,MARKOV_H1,0.1111111111111111,"[0.1111111111111111, 0.1111111111111111, 0.1111111111111111, 0.1111111111111111, 0.1111111111111111, 0.1111111111111111, 0.1111111111111111, 0.1111111111111111, 0.1111111111111111]","[0.1111111111111111, 0.1111111111111111, 0.1111111111111111, 0.1111111111111111, 0.1111111111111111, 0.1111111111111111, 0.1111111111111111, 0.1111111111111111, 0.1111111111111111]","[0.1111111111111111, 0.1111111111111111, 0.1111111111111111, 0.1111111111111111, 0.1111111111111111, 0.1111111111111111, 0.1111111111111111, 0.1111111111111111, 0.1111111111111111]","[0.0, 0.0, 0.0, 0.0, 0.0, 0.0, 0.0, 0.0, 0.0]",2.1972245773362196,9.000000000000002,2.1972245773362196,9.000000000000002
RACE_UNIFORM,mixed_interleaved,mixed,32,10,0,MARKOV_H1,0.1111111111111111,"[0.1111111111111111, 0.1111111111111111, 0.1111111111111111, 0.1111111111111111, 0.1111111111111111, 0.1111111111111111, 0.1111111111111111, 0.1111111111111111, 0.1111111111111111]","[0.1111111111111111, 0.1111111111111111, 0.1111111111111111, 0.1111111111111111, 0.1111111111111111, 0.1111111111111111, 0.1111111111111111, 0.1111111111111111, 0.1111111111111111]","[0.1111111111111111, 0.1111111111111111, 0.1111111111111111, 0.1111111111111111, 0.1111111111111111, 0.1111111111111111, 0.1111111111111111, 0.1111111111111111, 0.1111111111111111]","[0.0, 0.0, 0.0, 0.0, 0.0, 0.0, 0.0, 0.0, 0.0]",2.1972245773362196,9.000000000000002,2.1972245773362196,9.000000000000002
RACE_UNIFORM,mixed_interleaved,mixed,32,11,0,MARKOV_H1,0.1111111111111111,"[0.1111111111111111, 0.1111111111111111, 0.1111111111111111, 0.1111111111111111, 0.1111111111111111, 0.1111111111111111, 0.1111111111111111, 0.1111111111111111, 0.1111111111111111]","[0.1111111111111111, 0.1111111111111111, 0.1111111111111111, 0.1111111111111111, 0.1111111111111111, 0.1111111111111111, 0.1111111111111111, 0.1111111111111111, 0.1111111111111111]","[0.1111111111111111, 0.1111111111111111, 0.1111111111111111, 0.1111111111111111, 0.1111111111111111, 0.1111111111111111, 0.1111111111111111, 0.1111111111111111, 0.1111111111111111]","[0.0, 0.0, 0.0, 0.0, 0.0, 0.0, 0.0, 0.0, 0.0]",2.1972245773362196,9.000000000000002,2.1972245773362196,9.000000000000002
RACE_UNIFORM,mixed_interleaved,mixed,32,12,0,MARKOV_H1,0.1111111111111111,"[0.1111111111111111, 0.1111111111111111, 0.1111111111111111, 0.1111111111111111, 0.1111111111111111, 0.1111111111111111, 0.1111111111111111, 0.1111111111111111, 0.1111111111111111]","[0.1111111111111111, 0.1111111111111111, 0.1111111111111111, 0.1111111111111111, 0.1111111111111111, 0.1111111111111111, 0.1111111111111111, 0.1111111111111111, 0.1111111111111111]","[0.1111111111111111, 0.1111111111111111, 0.1111111111111111, 0.1111111111111111, 0.1111111111111111, 0.1111111111111111, 0.1111111111111111, 0.1111111111111111, 0.1111111111111111]","[0.0, 0.0, 0.0, 0.0, 0.0, 0.0, 0.0, 0.0, 0.0]",2.1972245773362196,9.000000000000002,2.1972245773362196,9.000000000000002
RACE_UNIFORM,mixed_interleaved,mixed,32,13,0,MARKOV_H1,0.1111111111111111,"[0.1111111111111111, 0.1111111111111111, 0.1111111111111111, 0.1111111111111111, 0.1111111111111111, 0.1111111111111111, 0.1111111111111111, 0.1111111111111111, 0.1111111111111111]","[0.1111111111111111, 0.1111111111111111, 0.1111111111111111, 0.1111111111111111, 0.1111111111111111, 0.1111111111111111, 0.1111111111111111, 0.1111111111111111, 0.1111111111111111]","[0.1111111111111111, 0.1111111111111111, 0.1111111111111111, 0.1111111111111111, 0.1111111111111111, 0.1111111111111111, 0.1111111111111111, 0.1111111111111111, 0.1111111111111111]","[0.0, 0.0, 0.0, 0.0, 0.0, 0.0, 0.0, 0.0, 0.0]",2.1972245773362196,9.000000000000002,2.1972245773362196,9.000000000000002
RACE_UNIFORM,mixed_interleaved,mixed,32,14,0,MARKOV_H1,0.1111111111111111,"[0.1111111111111111, 0.1111111111111111, 0.1111111111111111, 0.1111111111111111, 0.1111111111111111, 0.1111111111111111, 0.1111111111111111, 0.1111111111111111, 0.1111111111111111]","[0.1111111111111111, 0.1111111111111111, 0.1111111111111111, 0.1111111111111111, 0.1111111111111111, 0.1111111111111111, 0.1111111111111111, 0.1111111111111111, 0.1111111111111111]","[0.1111111111111111, 0.1111111111111111, 0.1111111111111111, 0.1111111111111111, 0.1111111111111111, 0.1111111111111111, 0.1111111111111111, 0.1111111111111111, 0.1111111111111111]","[0.0, 0.0, 0.0, 0.0, 0.0, 0.0, 0.0, 0.0, 0.0]",2.1972245773362196,9.000000000000002,2.1972245773362196,9.000000000000002
RACE_UNIFORM,mixed_interleaved,mixed,32,15,0,MARKOV_H1,0.1111111111111111,"[0.1111111111111111, 0.1111111111111111, 0.1111111111111111, 0.1111111111111111, 0.1111111111111111, 0.1111111111111111, 0.1111111111111111, 0.1111111111111111, 0.1111111111111111]","[0.1111111111111111, 0.1111111111111111, 0.1111111111111111, 0.1111111111111111, 0.1111111111111111, 0.1111111111111111, 0.1111111111111111, 0.1111111111111111, 0.1111111111111111]","[0.1111111111111111, 0.1111111111111111, 0.1111111111111111, 0.1111111111111111, 0.1111111111111111, 0.1111111111111111, 0.1111111111111111, 0.1111111111111111, 0.1111111111111111]","[0.0, 0.0, 0.0, 0.0, 0.0, 0.0, 0.0, 0.0, 0.0]",2.1972245773362196,9.000000000000002,2.1972245773362196,9.000000000000002
RACE_STATIC,mixed_interleaved,mixed,8,0,0,PERSISTENCE,0.3616124943007487,"[0.1521807004916651, 0.0019984102324220737, 0.09510628906289038, 0.05349153216161974, 0.09251083291307921, 0.0, 0.13138043683084985, 0.11171930400672497, 0.3616124943007487]","[0.1521807004916651, 0.0019984102324220737, 0.09510628906289038, 0.05349153216161974, 0.09251083291307921, 0.0, 0.13138043683084985, 0.11171930400672497, 0.3616124943007487]","[0.1521807004916651, 0.0019984102324220737, 0.09510628906289038, 0.05349153216161974, 0.09251083291307921, 0.0, 0.13138043683084985, 0.11171930400672497, 0.3616124943007487]","[0.0, 0.0, 0.0, 0.0, 0.0, 0.0, 0.0, 0.0, 0.0]",1.7788885831248296,5.923269537163808,1.7788885831248296,5.923269537163808
RACE_STATIC,mixed_interleaved,mixed,8,1,0,PERSISTENCE,0.3616124943007487,"[0.1521807004916651, 0.0019984102324220737, 0.09510628906289038, 0.05349153216161974, 0.09251083291307921, 0.0, 0.13138043683084985, 0.11171930400672497, 0.3616124943007487]","[0.1521807004916651, 0.0019984102324220737, 0.09510628906289038, 0.05349153216161974, 0.09251083291307921, 0.0, 0.13138043683084985, 0.11171930400672497, 0.3616124943007487]","[0.1521807004916651, 0.0019984102324220737, 0.09510628906289038, 0.05349153216161974, 0.09251083291307921, 0.0, 0.13138043683084985, 0.11171930400672497, 0.3616124943007487]","[0.0, 0.0, 0.0, 0.0, 0.0, 0.0, 0.0, 0.0, 0.0]",1.7788885831248296,5.923269537163808,1.7788885831248296,5.923269537163808
RACE_STATIC,mixed_interleaved,mixed,8,2,0,PERSISTENCE,0.3616124943007487,"[0.1521807004916651, 0.0019984102324220737, 0.09510628906289038, 0.05349153216161974, 0.09251083291307921, 0.0, 0.13138043683084985, 0.11171930400672497, 0.3616124943007487]","[0.1521807004916651, 0.0019984102324220737, 0.09510628906289038, 0.05349153216161974, 0.09251083291307921, 0.0, 0.13138043683084985, 0.11171930400672497, 0.3616124943007487]","[0.1521807004916651, 0.0019984102324220737, 0.09510628906289038, 0.05349153216161974, 0.09251083291307921, 0.0, 0.13138043683084985, 0.11171930400672497, 0.3616124943007487]","[0.0, 0.0, 0.0, 0.0, 0.0, 0.0, 0.0, 0.0, 0.0]",1.7788885831248296,5.923269537163808,1.7788885831248296,5.923269537163808
RACE_STATIC,mixed_interleaved,mixed,8,3,0,PERSISTENCE,0.3616124943007487,"[0.1521807004916651, 0.0019984102324220737, 0.09510628906289038, 0.05349153216161974, 0.09251083291307921, 0.0, 0.13138043683084985, 0.11171930400672497, 0.3616124943007487]","[0.1521807004916651, 0.0019984102324220737, 0.09510628906289038, 0.05349153216161974, 0.09251083291307921, 0.0, 0.13138043683084985, 0.11171930400672497, 0.3616124943007487]","[0.1521807004916651, 0.0019984102324220737, 0.09510628906289038, 0.05349153216161974, 0.09251083291307921, 0.0, 0.13138043683084985, 0.11171930400672497, 0.3616124943007487]","[0.0, 0.0, 0.0, 0.0, 0.0, 0.0, 0.0, 0.0, 0.0]",1.7788885831248296,5.923269537163808,1.7788885831248296,5.923269537163808
RACE_STATIC,mixed_interleaved,mixed,8,4,0,PERSISTENCE,0.3616124943007487,"[0.1521807004916651, 0.0019984102324220737, 0.09510628906289038, 0.05349153216161974, 0.09251083291307921, 0.0, 0.13138043683084985, 0.11171930400672497, 0.3616124943007487]","[0.1521807004916651, 0.0019984102324220737, 0.09510628906289038, 0.05349153216161974, 0.09251083291307921, 0.0, 0.13138043683084985, 0.11171930400672497, 0.3616124943007487]","[0.1521807004916651, 0.0019984102324220737, 0.09510628906289038, 0.05349153216161974, 0.09251083291307921, 0.0, 0.13138043683084985, 0.11171930400672497, 0.3616124943007487]","[0.0, 0.0, 0.0, 0.0, 0.0, 0.0, 0.0, 0.0, 0.0]",1.7788885831248296,5.923269537163808,1.7788885831248296,5.923269537163808
RACE_STATIC,mixed_interleaved,mixed,8,5,0,PERSISTENCE,0.3616124943007487,"[0.1521807004916651, 0.0019984102324220737, 0.09510628906289038, 0.05349153216161974, 0.09251083291307921, 0.0, 0.13138043683084985, 0.11171930400672497, 0.3616124943007487]","[0.1521807004916651, 0.0019984102324220737, 0.09510628906289038, 0.05349153216161974, 0.09251083291307921, 0.0, 0.13138043683084985, 0.11171930400672497, 0.3616124943007487]","[0.1521807004916651, 0.0019984102324220737, 0.09510628906289038, 0.05349153216161974, 0.09251083291307921, 0.0, 0.13138043683084985, 0.11171930400672497, 0.3616124943007487]","[0.0, 0.0, 0.0, 0.0, 0.0, 0.0, 0.0, 0.0, 0.0]",1.7788885831248296,5.923269537163808,1.7788885831248296,5.923269537163808
RACE_STATIC,mixed_interleaved,mixed,8,6,0,PERSISTENCE,0.3616124943007487,"[0.1521807004916651, 0.0019984102324220737, 0.09510628906289038, 0.05349153216161974, 0.09251083291307921, 0.0, 0.13138043683084985, 0.11171930400672497, 0.3616124943007487]","[0.1521807004916651, 0.0019984102324220737, 0.09510628906289038, 0.05349153216161974, 0.09251083291307921, 0.0, 0.13138043683084985, 0.11171930400672497, 0.3616124943007487]","[0.1521807004916651, 0.0019984102324220737, 0.09510628906289038, 0.05349153216161974, 0.09251083291307921, 0.0, 0.13138043683084985, 0.11171930400672497, 0.3616124943007487]","[0.0, 0.0, 0.0, 0.0, 0.0, 0.0, 0.0, 0.0, 0.0]",1.7788885831248296,5.923269537163808,1.7788885831248296,5.923269537163808
RACE_STATIC,mixed_interleaved,mixed,8,7,0,PERSISTENCE,0.3616124943007487,"[0.1521807004916651, 0.0019984102324220737, 0.09510628906289038, 0.05349153216161974, 0.09251083291307921, 0.0, 0.13138043683084985, 0.11171930400672497, 0.3616124943007487]","[0.1521807004916651, 0.0019984102324220737, 0.09510628906289038, 0.05349153216161974, 0.09251083291307921, 0.0, 0.13138043683084985, 0.11171930400672497, 0.3616124943007487]","[0.1521807004916651, 0.0019984102324220737, 0.09510628906289038, 0.05349153216161974, 0.09251083291307921, 0.0, 0.13138043683084985, 0.11171930400672497, 0.3616124943007487]","[0.0, 0.0, 0.0, 0.0, 0.0, 0.0, 0.0, 0.0, 0.0]",1.7788885831248296,5.923269537163808,1.7788885831248296,5.923269537163808
RACE_STATIC,mixed_interleaved,mixed,8,8,0,PERSISTENCE,0.3616124943007487,"[0.1521807004916651, 0.0019984102324220737, 0.09510628906289038, 0.05349153216161974, 0.09251083291307921, 0.0, 0.13138043683084985, 0.11171930400672497, 0.3616124943007487]","[0.1521807004916651, 0.0019984102324220737, 0.09510628906289038, 0.05349153216161974, 0.09251083291307921, 0.0, 0.13138043683084985, 0.11171930400672497, 0.3616124943007487]","[0.1521807004916651, 0.0019984102324220737, 0.09510628906289038, 0.05349153216161974, 0.09251083291307921, 0.0, 0.13138043683084985, 0.11171930400672497, 0.3616124943007487]","[0.0, 0.0, 0.0, 0.0, 0.0, 0.0, 0.0, 0.0, 0.0]",1.7788885831248296,5.923269537163808,1.7788885831248296,5.923269537163808
RACE_STATIC,mixed_interleaved,mixed,8,9,0,PERSISTENCE,0.3616124943007487,"[0.1521807004916651, 0.0019984102324220737, 0.09510628906289038, 0.05349153216161974, 0.09251083291307921, 0.0, 0.13138043683084985, 0.11171930400672497, 0.3616124943007487]","[0.1521807004916651, 0.0019984102324220737, 0.09510628906289038, 0.05349153216161974, 0.09251083291307921, 0.0, 0.13138043683084985, 0.11171930400672497, 0.3616124943007487]","[0.1521807004916651, 0.0019984102324220737, 0.09510628906289038, 0.05349153216161974, 0.09251083291307921, 0.0, 0.13138043683084985, 0.11171930400672497, 0.3616124943007487]","[0.0, 0.0, 0.0, 0.0, 0.0, 0.0, 0.0, 0.0, 0.0]",1.7788885831248296,5.923269537163808,1.7788885831248296,5.923269537163808
RACE_STATIC,mixed_interleaved,mixed,8,10,0,PERSISTENCE,0.3616124943007487,"[0.1521807004916651, 0.0019984102324220737, 0.09510628906289038, 0.05349153216161974, 0.09251083291307921, 0.0, 0.13138043683084985, 0.11171930400672497, 0.3616124943007487]","[0.1521807004916651, 0.0019984102324220737, 0.09510628906289038, 0.05349153216161974, 0.09251083291307921, 0.0, 0.13138043683084985, 0.11171930400672497, 0.3616124943007487]","[0.1521807004916651, 0.0019984102324220737, 0.09510628906289038, 0.05349153216161974, 0.09251083291307921, 0.0, 0.13138043683084985, 0.11171930400672497, 0.3616124943007487]","[0.0, 0.0, 0.0, 0.0, 0.0, 0.0, 0.0, 0.0, 0.0]",1.7788885831248296,5.923269537163808,1.7788885831248296,5.923269537163808
RACE_STATIC,mixed_interleaved,mixed,8,11,0,PERSISTENCE,0.3616124943007487,"[0.1521807004916651, 0.0019984102324220737, 0.09510628906289038, 0.05349153216161974, 0.09251083291307921, 0.0, 0.13138043683084985, 0.11171930400672497, 0.3616124943007487]","[0.1521807004916651, 0.0019984102324220737, 0.09510628906289038, 0.05349153216161974, 0.09251083291307921, 0.0, 0.13138043683084985, 0.11171930400672497, 0.3616124943007487]","[0.1521807004916651, 0.0019984102324220737, 0.09510628906289038, 0.05349153216161974, 0.09251083291307921, 0.0, 0.13138043683084985, 0.11171930400672497, 0.3616124943007487]","[0.0, 0.0, 0.0, 0.0, 0.0, 0.0, 0.0, 0.0, 0.0]",1.7788885831248296,5.923269537163808,1.7788885831248296,5.923269537163808
RACE_STATIC,mixed_interleaved,mixed,8,12,0,PERSISTENCE,0.3616124943007487,"[0.1521807004916651, 0.0019984102324220737, 0.09510628906289038, 0.05349153216161974, 0.09251083291307921, 0.0, 0.13138043683084985, 0.11171930400672497, 0.3616124943007487]","[0.1521807004916651, 0.0019984102324220737, 0.09510628906289038, 0.05349153216161974, 0.09251083291307921, 0.0, 0.13138043683084985, 0.11171930400672497, 0.3616124943007487]","[0.1521807004916651, 0.0019984102324220737, 0.09510628906289038, 0.05349153216161974, 0.09251083291307921, 0.0, 0.13138043683084985, 0.11171930400672497, 0.3616124943007487]","[0.0, 0.0, 0.0, 0.0, 0.0, 0.0, 0.0, 0.0, 0.0]",1.7788885831248296,5.923269537163808,1.7788885831248296,5.923269537163808
RACE_STATIC,mixed_interleaved,mixed,8,13,0,PERSISTENCE,0.3616124943007487,"[0.1521807004916651, 0.0019984102324220737, 0.09510628906289038, 0.05349153216161974, 0.09251083291307921, 0.0, 0.13138043683084985, 0.11171930400672497, 0.3616124943007487]","[0.1521807004916651, 0.0019984102324220737, 0.09510628906289038, 0.05349153216161974, 0.09251083291307921, 0.0, 0.13138043683084985, 0.11171930400672497, 0.3616124943007487]","[0.1521807004916651, 0.0019984102324220737, 0.09510628906289038, 0.05349153216161974, 0.09251083291307921, 0.0, 0.13138043683084985, 0.11171930400672497, 0.3616124943007487]","[0.0, 0.0, 0.0, 0.0, 0.0, 0.0, 0.0, 0.0, 0.0]",1.7788885831248296,5.923269537163808,1.7788885831248296,5.923269537163808
RACE_STATIC,mixed_interleaved,mixed,8,14,0,PERSISTENCE,0.3616124943007487,"[0.1521807004916651, 0.0019984102324220737, 0.09510628906289038, 0.05349153216161974, 0.09251083291307921, 0.0, 0.13138043683084985, 0.11171930400672497, 0.3616124943007487]","[0.1521807004916651, 0.0019984102324220737, 0.09510628906289038, 0.05349153216161974, 0.09251083291307921, 0.0, 0.13138043683084985, 0.11171930400672497, 0.3616124943007487]","[0.1521807004916651, 0.0019984102324220737, 0.09510628906289038, 0.05349153216161974, 0.09251083291307921, 0.0, 0.13138043683084985, 0.11171930400672497, 0.3616124943007487]","[0.0, 0.0, 0.0, 0.0, 0.0, 0.0, 0.0, 0.0, 0.0]",1.7788885831248296,5.923269537163808,1.7788885831248296,5.923269537163808
RACE_STATIC,mixed_interleaved,mixed,8,15,0,PERSISTENCE,0.3616124943007487,"[0.1521807004916651, 0.0019984102324220737, 0.09510628906289038, 0.05349153216161974, 0.09251083291307921, 0.0, 0.13138043683084985, 0.11171930400672497, 0.3616124943007487]","[0.1521807004916651, 0.0019984102324220737, 0.09510628906289038, 0.05349153216161974, 0.09251083291307921, 0.0, 0.13138043683084985, 0.11171930400672497, 0.3616124943007487]","[0.1521807004916651, 0.0019984102324220737, 0.09510628906289038, 0.05349153216161974, 0.09251083291307921, 0.0, 0.13138043683084985, 0.11171930400672497, 0.3616124943007487]","[0.0, 0.0, 0.0, 0.0, 0.0, 0.0, 0.0, 0.0, 0.0]",1.7788885831248296,5.923269537163808,1.7788885831248296,5.923269537163808
RACE_STATIC,mixed_interleaved,mixed,12,0,0,PERSISTENCE,0.3616124943007487,"[0.1521807004916651, 0.0019984102324220737, 0.09510628906289038, 0.05349153216161974, 0.09251083291307921, 0.0, 0.13138043683084985, 0.11171930400672497, 0.3616124943007487]","[0.1521807004916651, 0.0019984102324220737, 0.09510628906289038, 0.05349153216161974, 0.09251083291307921, 0.0, 0.13138043683084985, 0.11171930400672497, 0.3616124943007487]","[0.1521807004916651, 0.0019984102324220737, 0.09510628906289038, 0.05349153216161974, 0.09251083291307921, 0.0, 0.13138043683084985, 0.11171930400672497, 0.3616124943007487]","[0.0, 0.0, 0.0, 0.0, 0.0, 0.0, 0.0, 0.0, 0.0]",1.7788885831248296,5.923269537163808,1.7788885831248296,5.923269537163808
RACE_STATIC,mixed_interleaved,mixed,12,1,0,PERSISTENCE,0.3616124943007487,"[0.1521807004916651, 0.0019984102324220737, 0.09510628906289038, 0.05349153216161974, 0.09251083291307921, 0.0, 0.13138043683084985, 0.11171930400672497, 0.3616124943007487]","[0.1521807004916651, 0.0019984102324220737, 0.09510628906289038, 0.05349153216161974, 0.09251083291307921, 0.0, 0.13138043683084985, 0.11171930400672497, 0.3616124943007487]","[0.1521807004916651, 0.0019984102324220737, 0.09510628906289038, 0.05349153216161974, 0.09251083291307921, 0.0, 0.13138043683084985, 0.11171930400672497, 0.3616124943007487]","[0.0, 0.0, 0.0, 0.0, 0.0, 0.0, 0.0, 0.0, 0.0]",1.7788885831248296,5.923269537163808,1.7788885831248296,5.923269537163808
RACE_STATIC,mixed_interleaved,mixed,12,2,0,PERSISTENCE,0.3616124943007487,"[0.1521807004916651, 0.0019984102324220737, 0.09510628906289038, 0.05349153216161974, 0.09251083291307921, 0.0, 0.13138043683084985, 0.11171930400672497, 0.3616124943007487]","[0.1521807004916651, 0.0019984102324220737, 0.09510628906289038, 0.05349153216161974, 0.09251083291307921, 0.0, 0.13138043683084985, 0.11171930400672497, 0.3616124943007487]","[0.1521807004916651, 0.0019984102324220737, 0.09510628906289038, 0.05349153216161974, 0.09251083291307921, 0.0, 0.13138043683084985, 0.11171930400672497, 0.3616124943007487]","[0.0, 0.0, 0.0, 0.0, 0.0, 0.0, 0.0, 0.0, 0.0]",1.7788885831248296,5.923269537163808,1.7788885831248296,5.923269537163808
RACE_STATIC,mixed_interleaved,mixed,12,3,0,PERSISTENCE,0.3616124943007487,"[0.1521807004916651, 0.0019984102324220737, 0.09510628906289038, 0.05349153216161974, 0.09251083291307921, 0.0, 0.13138043683084985, 0.11171930400672497, 0.3616124943007487]","[0.1521807004916651, 0.0019984102324220737, 0.09510628906289038, 0.05349153216161974, 0.09251083291307921, 0.0, 0.13138043683084985, 0.11171930400672497, 0.3616124943007487]","[0.1521807004916651, 0.0019984102324220737, 0.09510628906289038, 0.05349153216161974, 0.09251083291307921, 0.0, 0.13138043683084985, 0.11171930400672497, 0.3616124943007487]","[0.0, 0.0, 0.0, 0.0, 0.0, 0.0, 0.0, 0.0, 0.0]",1.7788885831248296,5.923269537163808,1.7788885831248296,5.923269537163808
RACE_STATIC,mixed_interleaved,mixed,12,4,0,PERSISTENCE,0.3616124943007487,"[0.1521807004916651, 0.0019984102324220737, 0.09510628906289038, 0.05349153216161974, 0.09251083291307921, 0.0, 0.13138043683084985, 0.11171930400672497, 0.3616124943007487]","[0.1521807004916651, 0.0019984102324220737, 0.09510628906289038, 0.05349153216161974, 0.09251083291307921, 0.0, 0.13138043683084985, 0.11171930400672497, 0.3616124943007487]","[0.1521807004916651, 0.0019984102324220737, 0.09510628906289038, 0.05349153216161974, 0.09251083291307921, 0.0, 0.13138043683084985, 0.11171930400672497, 0.3616124943007487]","[0.0, 0.0, 0.0, 0.0, 0.0, 0.0, 0.0, 0.0, 0.0]",1.7788885831248296,5.923269537163808,1.7788885831248296,5.923269537163808
RACE_STATIC,mixed_interleaved,mixed,12,5,0,PERSISTENCE,0.3616124943007487,"[0.1521807004916651, 0.0019984102324220737, 0.09510628906289038, 0.05349153216161974, 0.09251083291307921, 0.0, 0.13138043683084985, 0.11171930400672497, 0.3616124943007487]","[0.1521807004916651, 0.0019984102324220737, 0.09510628906289038, 0.05349153216161974, 0.09251083291307921, 0.0, 0.13138043683084985, 0.11171930400672497, 0.3616124943007487]","[0.1521807004916651, 0.0019984102324220737, 0.09510628906289038, 0.05349153216161974, 0.09251083291307921, 0.0, 0.13138043683084985, 0.11171930400672497, 0.3616124943007487]","[0.0, 0.0, 0.0, 0.0, 0.0, 0.0, 0.0, 0.0, 0.0]",1.7788885831248296,5.923269537163808,1.7788885831248296,5.923269537163808
RACE_STATIC,mixed_interleaved,mixed,12,6,0,PERSISTENCE,0.3616124943007487,"[0.1521807004916651, 0.0019984102324220737, 0.09510628906289038, 0.05349153216161974, 0.09251083291307921, 0.0, 0.13138043683084985, 0.11171930400672497, 0.3616124943007487]","[0.1521807004916651, 0.0019984102324220737, 0.09510628906289038, 0.05349153216161974, 0.09251083291307921, 0.0, 0.13138043683084985, 0.11171930400672497, 0.3616124943007487]","[0.1521807004916651, 0.0019984102324220737, 0.09510628906289038, 0.05349153216161974, 0.09251083291307921, 0.0, 0.13138043683084985, 0.11171930400672497, 0.3616124943007487]","[0.0, 0.0, 0.0, 0.0, 0.0, 0.0, 0.0, 0.0, 0.0]",1.7788885831248296,5.923269537163808,1.7788885831248296,5.923269537163808
RACE_STATIC,mixed_interleaved,mixed,12,7,0,PERSISTENCE,0.3616124943007487,"[0.1521807004916651, 0.0019984102324220737, 0.09510628906289038, 0.05349153216161974, 0.09251083291307921, 0.0, 0.13138043683084985, 0.11171930400672497, 0.3616124943007487]","[0.1521807004916651, 0.0019984102324220737, 0.09510628906289038, 0.05349153216161974, 0.09251083291307921, 0.0, 0.13138043683084985, 0.11171930400672497, 0.3616124943007487]","[0.1521807004916651, 0.0019984102324220737, 0.09510628906289038, 0.05349153216161974, 0.09251083291307921, 0.0, 0.13138043683084985, 0.11171930400672497, 0.3616124943007487]","[0.0, 0.0, 0.0, 0.0, 0.0, 0.0, 0.0, 0.0, 0.0]",1.7788885831248296,5.923269537163808,1.7788885831248296,5.923269537163808
RACE_STATIC,mixed_interleaved,mixed,12,8,0,PERSISTENCE,0.3616124943007487,"[0.1521807004916651, 0.0019984102324220737, 0.09510628906289038, 0.05349153216161974, 0.09251083291307921, 0.0, 0.13138043683084985, 0.11171930400672497, 0.3616124943007487]","[0.1521807004916651, 0.0019984102324220737, 0.09510628906289038, 0.05349153216161974, 0.09251083291307921, 0.0, 0.13138043683084985, 0.11171930400672497, 0.3616124943007487]","[0.1521807004916651, 0.0019984102324220737, 0.09510628906289038, 0.05349153216161974, 0.09251083291307921, 0.0, 0.13138043683084985, 0.11171930400672497, 0.3616124943007487]","[0.0, 0.0, 0.0, 0.0, 0.0, 0.0, 0.0, 0.0, 0.0]",1.7788885831248296,5.923269537163808,1.7788885831248296,5.923269537163808
RACE_STATIC,mixed_interleaved,mixed,12,9,0,PERSISTENCE,0.3616124943007487,"[0.1521807004916651, 0.0019984102324220737, 0.09510628906289038, 0.05349153216161974, 0.09251083291307921, 0.0, 0.13138043683084985, 0.11171930400672497, 0.3616124943007487]","[0.1521807004916651, 0.0019984102324220737, 0.09510628906289038, 0.05349153216161974, 0.09251083291307921, 0.0, 0.13138043683084985, 0.11171930400672497, 0.3616124943007487]","[0.1521807004916651, 0.0019984102324220737, 0.09510628906289038, 0.05349153216161974, 0.09251083291307921, 0.0, 0.13138043683084985, 0.11171930400672497, 0.3616124943007487]","[0.0, 0.0, 0.0, 0.0, 0.0, 0.0, 0.0, 0.0, 0.0]",1.7788885831248296,5.923269537163808,1.7788885831248296,5.923269537163808
RACE_STATIC,mixed_interleaved,mixed,12,10,0,PERSISTENCE,0.3616124943007487,"[0.1521807004916651, 0.0019984102324220737, 0.09510628906289038, 0.05349153216161974, 0.09251083291307921, 0.0, 0.13138043683084985, 0.11171930400672497, 0.3616124943007487]","[0.1521807004916651, 0.0019984102324220737, 0.09510628906289038, 0.05349153216161974, 0.09251083291307921, 0.0, 0.13138043683084985, 0.11171930400672497, 0.3616124943007487]","[0.1521807004916651, 0.0019984102324220737, 0.09510628906289038, 0.05349153216161974, 0.09251083291307921, 0.0, 0.13138043683084985, 0.11171930400672497, 0.3616124943007487]","[0.0, 0.0, 0.0, 0.0, 0.0, 0.0, 0.0, 0.0, 0.0]",1.7788885831248296,5.923269537163808,1.7788885831248296,5.923269537163808
RACE_STATIC,mixed_interleaved,mixed,12,11,0,PERSISTENCE,0.3616124943007487,"[0.1521807004916651, 0.0019984102324220737, 0.09510628906289038, 0.05349153216161974, 0.09251083291307921, 0.0, 0.13138043683084985, 0.11171930400672497, 0.3616124943007487]","[0.1521807004916651, 0.0019984102324220737, 0.09510628906289038, 0.05349153216161974, 0.09251083291307921, 0.0, 0.13138043683084985, 0.11171930400672497, 0.3616124943007487]","[0.1521807004916651, 0.0019984102324220737, 0.09510628906289038, 0.05349153216161974, 0.09251083291307921, 0.0, 0.13138043683084985, 0.11171930400672497, 0.3616124943007487]","[0.0, 0.0, 0.0, 0.0, 0.0, 0.0, 0.0, 0.0, 0.0]",1.7788885831248296,5.923269537163808,1.7788885831248296,5.923269537163808
RACE_STATIC,mixed_interleaved,mixed,12,12,0,PERSISTENCE,0.3616124943007487,"[0.1521807004916651, 0.0019984102324220737, 0.09510628906289038, 0.05349153216161974, 0.09251083291307921, 0.0, 0.13138043683084985, 0.11171930400672497, 0.3616124943007487]","[0.1521807004916651, 0.0019984102324220737, 0.09510628906289038, 0.05349153216161974, 0.09251083291307921, 0.0, 0.13138043683084985, 0.11171930400672497, 0.3616124943007487]","[0.1521807004916651, 0.0019984102324220737, 0.09510628906289038, 0.05349153216161974, 0.09251083291307921, 0.0, 0.13138043683084985, 0.11171930400672497, 0.3616124943007487]","[0.0, 0.0, 0.0, 0.0, 0.0, 0.0, 0.0, 0.0, 0.0]",1.7788885831248296,5.923269537163808,1.7788885831248296,5.923269537163808
RACE_STATIC,mixed_interleaved,mixed,12,13,0,PERSISTENCE,0.3616124943007487,"[0.1521807004916651, 0.0019984102324220737, 0.09510628906289038, 0.05349153216161974, 0.09251083291307921, 0.0, 0.13138043683084985, 0.11171930400672497, 0.3616124943007487]","[0.1521807004916651, 0.0019984102324220737, 0.09510628906289038, 0.05349153216161974, 0.09251083291307921, 0.0, 0.13138043683084985, 0.11171930400672497, 0.3616124943007487]","[0.1521807004916651, 0.0019984102324220737, 0.09510628906289038, 0.05349153216161974, 0.09251083291307921, 0.0, 0.13138043683084985, 0.11171930400672497, 0.3616124943007487]","[0.0, 0.0, 0.0, 0.0, 0.0, 0.0, 0.0, 0.0, 0.0]",1.7788885831248296,5.923269537163808,1.7788885831248296,5.923269537163808
RACE_STATIC,mixed_interleaved,mixed,12,14,0,PERSISTENCE,0.3616124943007487,"[0.1521807004916651, 0.0019984102324220737, 0.09510628906289038, 0.05349153216161974, 0.09251083291307921, 0.0, 0.13138043683084985, 0.11171930400672497, 0.3616124943007487]","[0.1521807004916651, 0.0019984102324220737, 0.09510628906289038, 0.05349153216161974, 0.09251083291307921, 0.0, 0.13138043683084985, 0.11171930400672497, 0.3616124943007487]","[0.1521807004916651, 0.0019984102324220737, 0.09510628906289038, 0.05349153216161974, 0.09251083291307921, 0.0, 0.13138043683084985, 0.11171930400672497, 0.3616124943007487]","[0.0, 0.0, 0.0, 0.0, 0.0, 0.0, 0.0, 0.0, 0.0]",1.7788885831248296,5.923269537163808,1.7788885831248296,5.923269537163808
RACE_STATIC,mixed_interleaved,mixed,12,15,0,PERSISTENCE,0.3616124943007487,"[0.1521807004916651, 0.0019984102324220737, 0.09510628906289038, 0.05349153216161974, 0.09251083291307921, 0.0, 0.13138043683084985, 0.11171930400672497, 0.3616124943007487]","[0.1521807004916651, 0.0019984102324220737, 0.09510628906289038, 0.05349153216161974, 0.09251083291307921, 0.0, 0.13138043683084985, 0.11171930400672497, 0.3616124943007487]","[0.1521807004916651, 0.0019984102324220737, 0.09510628906289038, 0.05349153216161974, 0.09251083291307921, 0.0, 0.13138043683084985, 0.11171930400672497, 0.3616124943007487]","[0.0, 0.0, 0.0, 0.0, 0.0, 0.0, 0.0, 0.0, 0.0]",1.7788885831248296,5.923269537163808,1.7788885831248296,5.923269537163808
RACE_STATIC,mixed_interleaved,mixed,16,0,0,PERSISTENCE,0.3616124943007487,"[0.1521807004916651, 0.0019984102324220737, 0.09510628906289038, 0.05349153216161974, 0.09251083291307921, 0.0, 0.13138043683084985, 0.11171930400672497, 0.3616124943007487]","[0.1521807004916651, 0.0019984102324220737, 0.09510628906289038, 0.05349153216161974, 0.09251083291307921, 0.0, 0.13138043683084985, 0.11171930400672497, 0.3616124943007487]","[0.1521807004916651, 0.0019984102324220737, 0.09510628906289038, 0.05349153216161974, 0.09251083291307921, 0.0, 0.13138043683084985, 0.11171930400672497, 0.3616124943007487]","[0.0, 0.0, 0.0, 0.0, 0.0, 0.0, 0.0, 0.0, 0.0]",1.7788885831248296,5.923269537163808,1.7788885831248296,5.923269537163808
RACE_STATIC,mixed_interleaved,mixed,16,1,0,PERSISTENCE,0.3616124943007487,"[0.1521807004916651, 0.0019984102324220737, 0.09510628906289038, 0.05349153216161974, 0.09251083291307921, 0.0, 0.13138043683084985, 0.11171930400672497, 0.3616124943007487]","[0.1521807004916651, 0.0019984102324220737, 0.09510628906289038, 0.05349153216161974, 0.09251083291307921, 0.0, 0.13138043683084985, 0.11171930400672497, 0.3616124943007487]","[0.1521807004916651, 0.0019984102324220737, 0.09510628906289038, 0.05349153216161974, 0.09251083291307921, 0.0, 0.13138043683084985, 0.11171930400672497, 0.3616124943007487]","[0.0, 0.0, 0.0, 0.0, 0.0, 0.0, 0.0, 0.0, 0.0]",1.7788885831248296,5.923269537163808,1.7788885831248296,5.923269537163808
RACE_STATIC,mixed_interleaved,mixed,16,2,0,PERSISTENCE,0.3616124943007487,"[0.1521807004916651, 0.0019984102324220737, 0.09510628906289038, 0.05349153216161974, 0.09251083291307921, 0.0, 0.13138043683084985, 0.11171930400672497, 0.3616124943007487]","[0.1521807004916651, 0.0019984102324220737, 0.09510628906289038, 0.05349153216161974, 0.09251083291307921, 0.0, 0.13138043683084985, 0.11171930400672497, 0.3616124943007487]","[0.1521807004916651, 0.0019984102324220737, 0.09510628906289038, 0.05349153216161974, 0.09251083291307921, 0.0, 0.13138043683084985, 0.11171930400672497, 0.3616124943007487]","[0.0, 0.0, 0.0, 0.0, 0.0, 0.0, 0.0, 0.0, 0.0]",1.7788885831248296,5.923269537163808,1.7788885831248296,5.923269537163808
RACE_STATIC,mixed_interleaved,mixed,16,3,0,PERSISTENCE,0.3616124943007487,"[0.1521807004916651, 0.0019984102324220737, 0.09510628906289038, 0.05349153216161974, 0.09251083291307921, 0.0, 0.13138043683084985, 0.11171930400672497, 0.3616124943007487]","[0.1521807004916651, 0.0019984102324220737, 0.09510628906289038, 0.05349153216161974, 0.09251083291307921, 0.0, 0.13138043683084985, 0.11171930400672497, 0.3616124943007487]","[0.1521807004916651, 0.0019984102324220737, 0.09510628906289038, 0.05349153216161974, 0.09251083291307921, 0.0, 0.13138043683084985, 0.11171930400672497, 0.3616124943007487]","[0.0, 0.0, 0.0, 0.0, 0.0, 0.0, 0.0, 0.0, 0.0]",1.7788885831248296,5.923269537163808,1.7788885831248296,5.923269537163808
RACE_STATIC,mixed_interleaved,mixed,16,4,0,PERSISTENCE,0.3616124943007487,"[0.1521807004916651, 0.0019984102324220737, 0.09510628906289038, 0.05349153216161974, 0.09251083291307921, 0.0, 0.13138043683084985, 0.11171930400672497, 0.3616124943007487]","[0.1521807004916651, 0.0019984102324220737, 0.09510628906289038, 0.05349153216161974, 0.09251083291307921, 0.0, 0.13138043683084985, 0.11171930400672497, 0.3616124943007487]","[0.1521807004916651, 0.0019984102324220737, 0.09510628906289038, 0.05349153216161974, 0.09251083291307921, 0.0, 0.13138043683084985, 0.11171930400672497, 0.3616124943007487]","[0.0, 0.0, 0.0, 0.0, 0.0, 0.0, 0.0, 0.0, 0.0]",1.7788885831248296,5.923269537163808,1.7788885831248296,5.923269537163808
RACE_STATIC,mixed_interleaved,mixed,16,5,0,PERSISTENCE,0.3616124943007487,"[0.1521807004916651, 0.0019984102324220737, 0.09510628906289038, 0.05349153216161974, 0.09251083291307921, 0.0, 0.13138043683084985, 0.11171930400672497, 0.3616124943007487]","[0.1521807004916651, 0.0019984102324220737, 0.09510628906289038, 0.05349153216161974, 0.09251083291307921, 0.0, 0.13138043683084985, 0.11171930400672497, 0.3616124943007487]","[0.1521807004916651, 0.0019984102324220737, 0.09510628906289038, 0.05349153216161974, 0.09251083291307921, 0.0, 0.13138043683084985, 0.11171930400672497, 0.3616124943007487]","[0.0, 0.0, 0.0, 0.0, 0.0, 0.0, 0.0, 0.0, 0.0]",1.7788885831248296,5.923269537163808,1.7788885831248296,5.923269537163808
RACE_STATIC,mixed_interleaved,mixed,16,6,0,PERSISTENCE,0.3616124943007487,"[0.1521807004916651, 0.0019984102324220737, 0.09510628906289038, 0.05349153216161974, 0.09251083291307921, 0.0, 0.13138043683084985, 0.11171930400672497, 0.3616124943007487]","[0.1521807004916651, 0.0019984102324220737, 0.09510628906289038, 0.05349153216161974, 0.09251083291307921, 0.0, 0.13138043683084985, 0.11171930400672497, 0.3616124943007487]","[0.1521807004916651, 0.0019984102324220737, 0.09510628906289038, 0.05349153216161974, 0.09251083291307921, 0.0, 0.13138043683084985, 0.11171930400672497, 0.3616124943007487]","[0.0, 0.0, 0.0, 0.0, 0.0, 0.0, 0.0, 0.0, 0.0]",1.7788885831248296,5.923269537163808,1.7788885831248296,5.923269537163808
RACE_STATIC,mixed_interleaved,mixed,16,7,0,PERSISTENCE,0.3616124943007487,"[0.1521807004916651, 0.0019984102324220737, 0.09510628906289038, 0.05349153216161974, 0.09251083291307921, 0.0, 0.13138043683084985, 0.11171930400672497, 0.3616124943007487]","[0.1521807004916651, 0.0019984102324220737, 0.09510628906289038, 0.05349153216161974, 0.09251083291307921, 0.0, 0.13138043683084985, 0.11171930400672497, 0.3616124943007487]","[0.1521807004916651, 0.0019984102324220737, 0.09510628906289038, 0.05349153216161974, 0.09251083291307921, 0.0, 0.13138043683084985, 0.11171930400672497, 0.3616124943007487]","[0.0, 0.0, 0.0, 0.0, 0.0, 0.0, 0.0, 0.0, 0.0]",1.7788885831248296,5.923269537163808,1.7788885831248296,5.923269537163808
RACE_STATIC,mixed_interleaved,mixed,16,8,0,PERSISTENCE,0.3616124943007487,"[0.1521807004916651, 0.0019984102324220737, 0.09510628906289038, 0.05349153216161974, 0.09251083291307921, 0.0, 0.13138043683084985, 0.11171930400672497, 0.3616124943007487]","[0.1521807004916651, 0.0019984102324220737, 0.09510628906289038, 0.05349153216161974, 0.09251083291307921, 0.0, 0.13138043683084985, 0.11171930400672497, 0.3616124943007487]","[0.1521807004916651, 0.0019984102324220737, 0.09510628906289038, 0.05349153216161974, 0.09251083291307921, 0.0, 0.13138043683084985, 0.11171930400672497, 0.3616124943007487]","[0.0, 0.0, 0.0, 0.0, 0.0, 0.0, 0.0, 0.0, 0.0]",1.7788885831248296,5.923269537163808,1.7788885831248296,5.923269537163808
RACE_STATIC,mixed_interleaved,mixed,16,9,0,PERSISTENCE,0.3616124943007487,"[0.1521807004916651, 0.0019984102324220737, 0.09510628906289038, 0.05349153216161974, 0.09251083291307921, 0.0, 0.13138043683084985, 0.11171930400672497, 0.3616124943007487]","[0.1521807004916651, 0.0019984102324220737, 0.09510628906289038, 0.05349153216161974, 0.09251083291307921, 0.0, 0.13138043683084985, 0.11171930400672497, 0.3616124943007487]","[0.1521807004916651, 0.0019984102324220737, 0.09510628906289038, 0.05349153216161974, 0.09251083291307921, 0.0, 0.13138043683084985, 0.11171930400672497, 0.3616124943007487]","[0.0, 0.0, 0.0, 0.0, 0.0, 0.0, 0.0, 0.0, 0.0]",1.7788885831248296,5.923269537163808,1.7788885831248296,5.923269537163808
RACE_STATIC,mixed_interleaved,mixed,16,10,0,PERSISTENCE,0.3616124943007487,"[0.1521807004916651, 0.0019984102324220737, 0.09510628906289038, 0.05349153216161974, 0.09251083291307921, 0.0, 0.13138043683084985, 0.11171930400672497, 0.3616124943007487]","[0.1521807004916651, 0.0019984102324220737, 0.09510628906289038, 0.05349153216161974, 0.09251083291307921, 0.0, 0.13138043683084985, 0.11171930400672497, 0.3616124943007487]","[0.1521807004916651, 0.0019984102324220737, 0.09510628906289038, 0.05349153216161974, 0.09251083291307921, 0.0, 0.13138043683084985, 0.11171930400672497, 0.3616124943007487]","[0.0, 0.0, 0.0, 0.0, 0.0, 0.0, 0.0, 0.0, 0.0]",1.7788885831248296,5.923269537163808,1.7788885831248296,5.923269537163808
RACE_STATIC,mixed_interleaved,mixed,16,11,0,PERSISTENCE,0.3616124943007487,"[0.1521807004916651, 0.0019984102324220737, 0.09510628906289038, 0.05349153216161974, 0.09251083291307921, 0.0, 0.13138043683084985, 0.11171930400672497, 0.3616124943007487]","[0.1521807004916651, 0.0019984102324220737, 0.09510628906289038, 0.05349153216161974, 0.09251083291307921, 0.0, 0.13138043683084985, 0.11171930400672497, 0.3616124943007487]","[0.1521807004916651, 0.0019984102324220737, 0.09510628906289038, 0.05349153216161974, 0.09251083291307921, 0.0, 0.13138043683084985, 0.11171930400672497, 0.3616124943007487]","[0.0, 0.0, 0.0, 0.0, 0.0, 0.0, 0.0, 0.0, 0.0]",1.7788885831248296,5.923269537163808,1.7788885831248296,5.923269537163808
RACE_STATIC,mixed_interleaved,mixed,16,12,0,PERSISTENCE,0.3616124943007487,"[0.1521807004916651, 0.0019984102324220737, 0.09510628906289038, 0.05349153216161974, 0.09251083291307921, 0.0, 0.13138043683084985, 0.11171930400672497, 0.3616124943007487]","[0.1521807004916651, 0.0019984102324220737, 0.09510628906289038, 0.05349153216161974, 0.09251083291307921, 0.0, 0.13138043683084985, 0.11171930400672497, 0.3616124943007487]","[0.1521807004916651, 0.0019984102324220737, 0.09510628906289038, 0.05349153216161974, 0.09251083291307921, 0.0, 0.13138043683084985, 0.11171930400672497, 0.3616124943007487]","[0.0, 0.0, 0.0, 0.0, 0.0, 0.0, 0.0, 0.0, 0.0]",1.7788885831248296,5.923269537163808,1.7788885831248296,5.923269537163808
RACE_STATIC,mixed_interleaved,mixed,16,13,0,PERSISTENCE,0.3616124943007487,"[0.1521807004916651, 0.0019984102324220737, 0.09510628906289038, 0.05349153216161974, 0.09251083291307921, 0.0, 0.13138043683084985, 0.11171930400672497, 0.3616124943007487]","[0.1521807004916651, 0.0019984102324220737, 0.09510628906289038, 0.05349153216161974, 0.09251083291307921, 0.0, 0.13138043683084985, 0.11171930400672497, 0.3616124943007487]","[0.1521807004916651, 0.0019984102324220737, 0.09510628906289038, 0.05349153216161974, 0.09251083291307921, 0.0, 0.13138043683084985, 0.11171930400672497, 0.3616124943007487]","[0.0, 0.0, 0.0, 0.0, 0.0, 0.0, 0.0, 0.0, 0.0]",1.7788885831248296,5.923269537163808,1.7788885831248296,5.923269537163808
RACE_STATIC,mixed_interleaved,mixed,16,14,0,PERSISTENCE,0.3616124943007487,"[0.1521807004916651, 0.0019984102324220737, 0.09510628906289038, 0.05349153216161974, 0.09251083291307921, 0.0, 0.13138043683084985, 0.11171930400672497, 0.3616124943007487]","[0.1521807004916651, 0.0019984102324220737, 0.09510628906289038, 0.05349153216161974, 0.09251083291307921, 0.0, 0.13138043683084985, 0.11171930400672497, 0.3616124943007487]","[0.1521807004916651, 0.0019984102324220737, 0.09510628906289038, 0.05349153216161974, 0.09251083291307921, 0.0, 0.13138043683084985, 0.11171930400672497, 0.3616124943007487]","[0.0, 0.0, 0.0, 0.0, 0.0, 0.0, 0.0, 0.0, 0.0]",1.7788885831248296,5.923269537163808,1.7788885831248296,5.923269537163808
RACE_STATIC,mixed_interleaved,mixed,16,15,0,PERSISTENCE,0.3616124943007487,"[0.1521807004916651, 0.0019984102324220737, 0.09510628906289038, 0.05349153216161974, 0.09251083291307921, 0.0, 0.13138043683084985, 0.11171930400672497, 0.3616124943007487]","[0.1521807004916651, 0.0019984102324220737, 0.09510628906289038, 0.05349153216161974, 0.09251083291307921, 0.0, 0.13138043683084985, 0.11171930400672497, 0.3616124943007487]","[0.1521807004916651, 0.0019984102324220737, 0.09510628906289038, 0.05349153216161974, 0.09251083291307921, 0.0, 0.13138043683084985, 0.11171930400672497, 0.3616124943007487]","[0.0, 0.0, 0.0, 0.0, 0.0, 0.0, 0.0, 0.0, 0.0]",1.7788885831248296,5.923269537163808,1.7788885831248296,5.923269537163808
RACE_STATIC,mixed_interleaved,mixed,24,0,0,PERSISTENCE,0.3616124943007487,"[0.1521807004916651, 0.0019984102324220737, 0.09510628906289038, 0.05349153216161974, 0.09251083291307921, 0.0, 0.13138043683084985, 0.11171930400672497, 0.3616124943007487]","[0.1521807004916651, 0.0019984102324220737, 0.09510628906289038, 0.05349153216161974, 0.09251083291307921, 0.0, 0.13138043683084985, 0.11171930400672497, 0.3616124943007487]","[0.1521807004916651, 0.0019984102324220737, 0.09510628906289038, 0.05349153216161974, 0.09251083291307921, 0.0, 0.13138043683084985, 0.11171930400672497, 0.3616124943007487]","[0.0, 0.0, 0.0, 0.0, 0.0, 0.0, 0.0, 0.0, 0.0]",1.7788885831248296,5.923269537163808,1.7788885831248296,5.923269537163808
RACE_STATIC,mixed_interleaved,mixed,24,1,0,PERSISTENCE,0.3616124943007487,"[0.1521807004916651, 0.0019984102324220737, 0.09510628906289038, 0.05349153216161974, 0.09251083291307921, 0.0, 0.13138043683084985, 0.11171930400672497, 0.3616124943007487]","[0.1521807004916651, 0.0019984102324220737, 0.09510628906289038, 0.05349153216161974, 0.09251083291307921, 0.0, 0.13138043683084985, 0.11171930400672497, 0.3616124943007487]","[0.1521807004916651, 0.0019984102324220737, 0.09510628906289038, 0.05349153216161974, 0.09251083291307921, 0.0, 0.13138043683084985, 0.11171930400672497, 0.3616124943007487]","[0.0, 0.0, 0.0, 0.0, 0.0, 0.0, 0.0, 0.0, 0.0]",1.7788885831248296,5.923269537163808,1.7788885831248296,5.923269537163808
RACE_STATIC,mixed_interleaved,mixed,24,2,0,PERSISTENCE,0.3616124943007487,"[0.1521807004916651, 0.0019984102324220737, 0.09510628906289038, 0.05349153216161974, 0.09251083291307921, 0.0, 0.13138043683084985, 0.11171930400672497, 0.3616124943007487]","[0.1521807004916651, 0.0019984102324220737, 0.09510628906289038, 0.05349153216161974, 0.09251083291307921, 0.0, 0.13138043683084985, 0.11171930400672497, 0.3616124943007487]","[0.1521807004916651, 0.0019984102324220737, 0.09510628906289038, 0.05349153216161974, 0.09251083291307921, 0.0, 0.13138043683084985, 0.11171930400672497, 0.3616124943007487]","[0.0, 0.0, 0.0, 0.0, 0.0, 0.0, 0.0, 0.0, 0.0]",1.7788885831248296,5.923269537163808,1.7788885831248296,5.923269537163808
RACE_STATIC,mixed_interleaved,mixed,24,3,0,PERSISTENCE,0.3616124943007487,"[0.1521807004916651, 0.0019984102324220737, 0.09510628906289038, 0.05349153216161974, 0.09251083291307921, 0.0, 0.13138043683084985, 0.11171930400672497, 0.3616124943007487]","[0.1521807004916651, 0.0019984102324220737, 0.09510628906289038, 0.05349153216161974, 0.09251083291307921, 0.0, 0.13138043683084985, 0.11171930400672497, 0.3616124943007487]","[0.1521807004916651, 0.0019984102324220737, 0.09510628906289038, 0.05349153216161974, 0.09251083291307921, 0.0, 0.13138043683084985, 0.11171930400672497, 0.3616124943007487]","[0.0, 0.0, 0.0, 0.0, 0.0, 0.0, 0.0, 0.0, 0.0]",1.7788885831248296,5.923269537163808,1.7788885831248296,5.923269537163808
RACE_STATIC,mixed_interleaved,mixed,24,4,0,PERSISTENCE,0.3616124943007487,"[0.1521807004916651, 0.0019984102324220737, 0.09510628906289038, 0.05349153216161974, 0.09251083291307921, 0.0, 0.13138043683084985, 0.11171930400672497, 0.3616124943007487]","[0.1521807004916651, 0.0019984102324220737, 0.09510628906289038, 0.05349153216161974, 0.09251083291307921, 0.0, 0.13138043683084985, 0.11171930400672497, 0.3616124943007487]","[0.1521807004916651, 0.0019984102324220737, 0.09510628906289038, 0.05349153216161974, 0.09251083291307921, 0.0, 0.13138043683084985, 0.11171930400672497, 0.3616124943007487]","[0.0, 0.0, 0.0, 0.0, 0.0, 0.0, 0.0, 0.0, 0.0]",1.7788885831248296,5.923269537163808,1.7788885831248296,5.923269537163808
RACE_STATIC,mixed_interleaved,mixed,24,5,0,PERSISTENCE,0.3616124943007487,"[0.1521807004916651, 0.0019984102324220737, 0.09510628906289038, 0.05349153216161974, 0.09251083291307921, 0.0, 0.13138043683084985, 0.11171930400672497, 0.3616124943007487]","[0.1521807004916651, 0.0019984102324220737, 0.09510628906289038, 0.05349153216161974, 0.09251083291307921, 0.0, 0.13138043683084985, 0.11171930400672497, 0.3616124943007487]","[0.1521807004916651, 0.0019984102324220737, 0.09510628906289038, 0.05349153216161974, 0.09251083291307921, 0.0, 0.13138043683084985, 0.11171930400672497, 0.3616124943007487]","[0.0, 0.0, 0.0, 0.0, 0.0, 0.0, 0.0, 0.0, 0.0]",1.7788885831248296,5.923269537163808,1.7788885831248296,5.923269537163808
RACE_STATIC,mixed_interleaved,mixed,24,6,0,PERSISTENCE,0.3616124943007487,"[0.1521807004916651, 0.0019984102324220737, 0.09510628906289038, 0.05349153216161974, 0.09251083291307921, 0.0, 0.13138043683084985, 0.11171930400672497, 0.3616124943007487]","[0.1521807004916651, 0.0019984102324220737, 0.09510628906289038, 0.05349153216161974, 0.09251083291307921, 0.0, 0.13138043683084985, 0.11171930400672497, 0.3616124943007487]","[0.1521807004916651, 0.0019984102324220737, 0.09510628906289038, 0.05349153216161974, 0.09251083291307921, 0.0, 0.13138043683084985, 0.11171930400672497, 0.3616124943007487]","[0.0, 0.0, 0.0, 0.0, 0.0, 0.0, 0.0, 0.0, 0.0]",1.7788885831248296,5.923269537163808,1.7788885831248296,5.923269537163808
RACE_STATIC,mixed_interleaved,mixed,24,7,0,PERSISTENCE,0.3616124943007487,"[0.1521807004916651, 0.0019984102324220737, 0.09510628906289038, 0.05349153216161974, 0.09251083291307921, 0.0, 0.13138043683084985, 0.11171930400672497, 0.3616124943007487]","[0.1521807004916651, 0.0019984102324220737, 0.09510628906289038, 0.05349153216161974, 0.09251083291307921, 0.0, 0.13138043683084985, 0.11171930400672497, 0.3616124943007487]","[0.1521807004916651, 0.0019984102324220737, 0.09510628906289038, 0.05349153216161974, 0.09251083291307921, 0.0, 0.13138043683084985, 0.11171930400672497, 0.3616124943007487]","[0.0, 0.0, 0.0, 0.0, 0.0, 0.0, 0.0, 0.0, 0.0]",1.7788885831248296,5.923269537163808,1.7788885831248296,5.923269537163808
RACE_STATIC,mixed_interleaved,mixed,24,8,0,PERSISTENCE,0.3616124943007487,"[0.1521807004916651, 0.0019984102324220737, 0.09510628906289038, 0.05349153216161974, 0.09251083291307921, 0.0, 0.13138043683084985, 0.11171930400672497, 0.3616124943007487]","[0.1521807004916651, 0.0019984102324220737, 0.09510628906289038, 0.05349153216161974, 0.09251083291307921, 0.0, 0.13138043683084985, 0.11171930400672497, 0.3616124943007487]","[0.1521807004916651, 0.0019984102324220737, 0.09510628906289038, 0.05349153216161974, 0.09251083291307921, 0.0, 0.13138043683084985, 0.11171930400672497, 0.3616124943007487]","[0.0, 0.0, 0.0, 0.0, 0.0, 0.0, 0.0, 0.0, 0.0]",1.7788885831248296,5.923269537163808,1.7788885831248296,5.923269537163808
RACE_STATIC,mixed_interleaved,mixed,24,9,0,PERSISTENCE,0.3616124943007487,"[0.1521807004916651, 0.0019984102324220737, 0.09510628906289038, 0.05349153216161974, 0.09251083291307921, 0.0, 0.13138043683084985, 0.11171930400672497, 0.3616124943007487]","[0.1521807004916651, 0.0019984102324220737, 0.09510628906289038, 0.05349153216161974, 0.09251083291307921, 0.0, 0.13138043683084985, 0.11171930400672497, 0.3616124943007487]","[0.1521807004916651, 0.0019984102324220737, 0.09510628906289038, 0.05349153216161974, 0.09251083291307921, 0.0, 0.13138043683084985, 0.11171930400672497, 0.3616124943007487]","[0.0, 0.0, 0.0, 0.0, 0.0, 0.0, 0.0, 0.0, 0.0]",1.7788885831248296,5.923269537163808,1.7788885831248296,5.923269537163808
RACE_STATIC,mixed_interleaved,mixed,24,10,0,PERSISTENCE,0.3616124943007487,"[0.1521807004916651, 0.0019984102324220737, 0.09510628906289038, 0.05349153216161974, 0.09251083291307921, 0.0, 0.13138043683084985, 0.11171930400672497, 0.3616124943007487]","[0.1521807004916651, 0.0019984102324220737, 0.09510628906289038, 0.05349153216161974, 0.09251083291307921, 0.0, 0.13138043683084985, 0.11171930400672497, 0.3616124943007487]","[0.1521807004916651, 0.0019984102324220737, 0.09510628906289038, 0.05349153216161974, 0.09251083291307921, 0.0, 0.13138043683084985, 0.11171930400672497, 0.3616124943007487]","[0.0, 0.0, 0.0, 0.0, 0.0, 0.0, 0.0, 0.0, 0.0]",1.7788885831248296,5.923269537163808,1.7788885831248296,5.923269537163808
RACE_STATIC,mixed_interleaved,mixed,24,11,0,PERSISTENCE,0.3616124943007487,"[0.1521807004916651, 0.0019984102324220737, 0.09510628906289038, 0.05349153216161974, 0.09251083291307921, 0.0, 0.13138043683084985, 0.11171930400672497, 0.3616124943007487]","[0.1521807004916651, 0.0019984102324220737, 0.09510628906289038, 0.05349153216161974, 0.09251083291307921, 0.0, 0.13138043683084985, 0.11171930400672497, 0.3616124943007487]","[0.1521807004916651, 0.0019984102324220737, 0.09510628906289038, 0.05349153216161974, 0.09251083291307921, 0.0, 0.13138043683084985, 0.11171930400672497, 0.3616124943007487]","[0.0, 0.0, 0.0, 0.0, 0.0, 0.0, 0.0, 0.0, 0.0]",1.7788885831248296,5.923269537163808,1.7788885831248296,5.923269537163808
RACE_STATIC,mixed_interleaved,mixed,24,12,0,PERSISTENCE,0.3616124943007487,"[0.1521807004916651, 0.0019984102324220737, 0.09510628906289038, 0.05349153216161974, 0.09251083291307921, 0.0, 0.13138043683084985, 0.11171930400672497, 0.3616124943007487]","[0.1521807004916651, 0.0019984102324220737, 0.09510628906289038, 0.05349153216161974, 0.09251083291307921, 0.0, 0.13138043683084985, 0.11171930400672497, 0.3616124943007487]","[0.1521807004916651, 0.0019984102324220737, 0.09510628906289038, 0.05349153216161974, 0.09251083291307921, 0.0, 0.13138043683084985, 0.11171930400672497, 0.3616124943007487]","[0.0, 0.0, 0.0, 0.0, 0.0, 0.0, 0.0, 0.0, 0.0]",1.7788885831248296,5.923269537163808,1.7788885831248296,5.923269537163808
RACE_STATIC,mixed_interleaved,mixed,24,13,0,PERSISTENCE,0.3616124943007487,"[0.1521807004916651, 0.0019984102324220737, 0.09510628906289038, 0.05349153216161974, 0.09251083291307921, 0.0, 0.13138043683084985, 0.11171930400672497, 0.3616124943007487]","[0.1521807004916651, 0.0019984102324220737, 0.09510628906289038, 0.05349153216161974, 0.09251083291307921, 0.0, 0.13138043683084985, 0.11171930400672497, 0.3616124943007487]","[0.1521807004916651, 0.0019984102324220737, 0.09510628906289038, 0.05349153216161974, 0.09251083291307921, 0.0, 0.13138043683084985, 0.11171930400672497, 0.3616124943007487]","[0.0, 0.0, 0.0, 0.0, 0.0, 0.0, 0.0, 0.0, 0.0]",1.7788885831248296,5.923269537163808,1.7788885831248296,5.923269537163808
RACE_STATIC,mixed_interleaved,mixed,24,14,0,PERSISTENCE,0.3616124943007487,"[0.1521807004916651, 0.0019984102324220737, 0.09510628906289038, 0.05349153216161974, 0.09251083291307921, 0.0, 0.13138043683084985, 0.11171930400672497, 0.3616124943007487]","[0.1521807004916651, 0.0019984102324220737, 0.09510628906289038, 0.05349153216161974, 0.09251083291307921, 0.0, 0.13138043683084985, 0.11171930400672497, 0.3616124943007487]","[0.1521807004916651, 0.0019984102324220737, 0.09510628906289038, 0.05349153216161974, 0.09251083291307921, 0.0, 0.13138043683084985, 0.11171930400672497, 0.3616124943007487]","[0.0, 0.0, 0.0, 0.0, 0.0, 0.0, 0.0, 0.0, 0.0]",1.7788885831248296,5.923269537163808,1.7788885831248296,5.923269537163808
RACE_STATIC,mixed_interleaved,mixed,24,15,0,PERSISTENCE,0.3616124943007487,"[0.1521807004916651, 0.0019984102324220737, 0.09510628906289038, 0.05349153216161974, 0.09251083291307921, 0.0, 0.13138043683084985, 0.11171930400672497, 0.3616124943007487]","[0.1521807004916651, 0.0019984102324220737, 0.09510628906289038, 0.05349153216161974, 0.09251083291307921, 0.0, 0.13138043683084985, 0.11171930400672497, 0.3616124943007487]","[0.1521807004916651, 0.0019984102324220737, 0.09510628906289038, 0.05349153216161974, 0.09251083291307921, 0.0, 0.13138043683084985, 0.11171930400672497, 0.3616124943007487]","[0.0, 0.0, 0.0, 0.0, 0.0, 0.0, 0.0, 0.0, 0.0]",1.7788885831248296,5.923269537163808,1.7788885831248296,5.923269537163808
RACE_STATIC,mixed_interleaved,mixed,32,0,0,PERSISTENCE,0.3616124943007487,"[0.1521807004916651, 0.0019984102324220737, 0.09510628906289038, 0.05349153216161974, 0.09251083291307921, 0.0, 0.13138043683084985, 0.11171930400672497, 0.3616124943007487]","[0.1521807004916651, 0.0019984102324220737, 0.09510628906289038, 0.05349153216161974, 0.09251083291307921, 0.0, 0.13138043683084985, 0.11171930400672497, 0.3616124943007487]","[0.1521807004916651, 0.0019984102324220737, 0.09510628906289038, 0.05349153216161974, 0.09251083291307921, 0.0, 0.13138043683084985, 0.11171930400672497, 0.3616124943007487]","[0.0, 0.0, 0.0, 0.0, 0.0, 0.0, 0.0, 0.0, 0.0]",1.7788885831248296,5.923269537163808,1.7788885831248296,5.923269537163808
RACE_STATIC,mixed_interleaved,mixed,32,1,0,PERSISTENCE,0.3616124943007487,"[0.1521807004916651, 0.0019984102324220737, 0.09510628906289038, 0.05349153216161974, 0.09251083291307921, 0.0, 0.13138043683084985, 0.11171930400672497, 0.3616124943007487]","[0.1521807004916651, 0.0019984102324220737, 0.09510628906289038, 0.05349153216161974, 0.09251083291307921, 0.0, 0.13138043683084985, 0.11171930400672497, 0.3616124943007487]","[0.1521807004916651, 0.0019984102324220737, 0.09510628906289038, 0.05349153216161974, 0.09251083291307921, 0.0, 0.13138043683084985, 0.11171930400672497, 0.3616124943007487]","[0.0, 0.0, 0.0, 0.0, 0.0, 0.0, 0.0, 0.0, 0.0]",1.7788885831248296,5.923269537163808,1.7788885831248296,5.923269537163808
RACE_STATIC,mixed_interleaved,mixed,32,2,0,PERSISTENCE,0.3616124943007487,"[0.1521807004916651, 0.0019984102324220737, 0.09510628906289038, 0.05349153216161974, 0.09251083291307921, 0.0, 0.13138043683084985, 0.11171930400672497, 0.3616124943007487]","[0.1521807004916651, 0.0019984102324220737, 0.09510628906289038, 0.05349153216161974, 0.09251083291307921, 0.0, 0.13138043683084985, 0.11171930400672497, 0.3616124943007487]","[0.1521807004916651, 0.0019984102324220737, 0.09510628906289038, 0.05349153216161974, 0.09251083291307921, 0.0, 0.13138043683084985, 0.11171930400672497, 0.3616124943007487]","[0.0, 0.0, 0.0, 0.0, 0.0, 0.0, 0.0, 0.0, 0.0]",1.7788885831248296,5.923269537163808,1.7788885831248296,5.923269537163808
RACE_STATIC,mixed_interleaved,mixed,32,3,0,PERSISTENCE,0.3616124943007487,"[0.1521807004916651, 0.0019984102324220737, 0.09510628906289038, 0.05349153216161974, 0.09251083291307921, 0.0, 0.13138043683084985, 0.11171930400672497, 0.3616124943007487]","[0.1521807004916651, 0.0019984102324220737, 0.09510628906289038, 0.05349153216161974, 0.09251083291307921, 0.0, 0.13138043683084985, 0.11171930400672497, 0.3616124943007487]","[0.1521807004916651, 0.0019984102324220737, 0.09510628906289038, 0.05349153216161974, 0.09251083291307921, 0.0, 0.13138043683084985, 0.11171930400672497, 0.3616124943007487]","[0.0, 0.0, 0.0, 0.0, 0.0, 0.0, 0.0, 0.0, 0.0]",1.7788885831248296,5.923269537163808,1.7788885831248296,5.923269537163808
RACE_STATIC,mixed_interleaved,mixed,32,4,0,PERSISTENCE,0.3616124943007487,"[0.1521807004916651, 0.0019984102324220737, 0.09510628906289038, 0.05349153216161974, 0.09251083291307921, 0.0, 0.13138043683084985, 0.11171930400672497, 0.3616124943007487]","[0.1521807004916651, 0.0019984102324220737, 0.09510628906289038, 0.05349153216161974, 0.09251083291307921, 0.0, 0.13138043683084985, 0.11171930400672497, 0.3616124943007487]","[0.1521807004916651, 0.0019984102324220737, 0.09510628906289038, 0.05349153216161974, 0.09251083291307921, 0.0, 0.13138043683084985, 0.11171930400672497, 0.3616124943007487]","[0.0, 0.0, 0.0, 0.0, 0.0, 0.0, 0.0, 0.0, 0.0]",1.7788885831248296,5.923269537163808,1.7788885831248296,5.923269537163808
RACE_STATIC,mixed_interleaved,mixed,32,5,0,PERSISTENCE,0.3616124943007487,"[0.1521807004916651, 0.0019984102324220737, 0.09510628906289038, 0.05349153216161974, 0.09251083291307921, 0.0, 0.13138043683084985, 0.11171930400672497, 0.3616124943007487]","[0.1521807004916651, 0.0019984102324220737, 0.09510628906289038, 0.05349153216161974, 0.09251083291307921, 0.0, 0.13138043683084985, 0.11171930400672497, 0.3616124943007487]","[0.1521807004916651, 0.0019984102324220737, 0.09510628906289038, 0.05349153216161974, 0.09251083291307921, 0.0, 0.13138043683084985, 0.11171930400672497, 0.3616124943007487]","[0.0, 0.0, 0.0, 0.0, 0.0, 0.0, 0.0, 0.0, 0.0]",1.7788885831248296,5.923269537163808,1.7788885831248296,5.923269537163808
RACE_STATIC,mixed_interleaved,mixed,32,6,0,PERSISTENCE,0.3616124943007487,"[0.1521807004916651, 0.0019984102324220737, 0.09510628906289038, 0.05349153216161974, 0.09251083291307921, 0.0, 0.13138043683084985, 0.11171930400672497, 0.3616124943007487]","[0.1521807004916651, 0.0019984102324220737, 0.09510628906289038, 0.05349153216161974, 0.09251083291307921, 0.0, 0.13138043683084985, 0.11171930400672497, 0.3616124943007487]","[0.1521807004916651, 0.0019984102324220737, 0.09510628906289038, 0.05349153216161974, 0.09251083291307921, 0.0, 0.13138043683084985, 0.11171930400672497, 0.3616124943007487]","[0.0, 0.0, 0.0, 0.0, 0.0, 0.0, 0.0, 0.0, 0.0]",1.7788885831248296,5.923269537163808,1.7788885831248296,5.923269537163808
RACE_STATIC,mixed_interleaved,mixed,32,7,0,PERSISTENCE,0.3616124943007487,"[0.1521807004916651, 0.0019984102324220737, 0.09510628906289038, 0.05349153216161974, 0.09251083291307921, 0.0, 0.13138043683084985, 0.11171930400672497, 0.3616124943007487]","[0.1521807004916651, 0.0019984102324220737, 0.09510628906289038, 0.05349153216161974, 0.09251083291307921, 0.0, 0.13138043683084985, 0.11171930400672497, 0.3616124943007487]","[0.1521807004916651, 0.0019984102324220737, 0.09510628906289038, 0.05349153216161974, 0.09251083291307921, 0.0, 0.13138043683084985, 0.11171930400672497, 0.3616124943007487]","[0.0, 0.0, 0.0, 0.0, 0.0, 0.0, 0.0, 0.0, 0.0]",1.7788885831248296,5.923269537163808,1.7788885831248296,5.923269537163808
RACE_STATIC,mixed_interleaved,mixed,32,8,0,PERSISTENCE,0.3616124943007487,"[0.1521807004916651, 0.0019984102324220737, 0.09510628906289038, 0.05349153216161974, 0.09251083291307921, 0.0, 0.13138043683084985, 0.11171930400672497, 0.3616124943007487]","[0.1521807004916651, 0.0019984102324220737, 0.09510628906289038, 0.05349153216161974, 0.09251083291307921, 0.0, 0.13138043683084985, 0.11171930400672497, 0.3616124943007487]","[0.1521807004916651, 0.0019984102324220737, 0.09510628906289038, 0.05349153216161974, 0.09251083291307921, 0.0, 0.13138043683084985, 0.11171930400672497, 0.3616124943007487]","[0.0, 0.0, 0.0, 0.0, 0.0, 0.0, 0.0, 0.0, 0.0]",1.7788885831248296,5.923269537163808,1.7788885831248296,5.923269537163808
RACE_STATIC,mixed_interleaved,mixed,32,9,0,PERSISTENCE,0.3616124943007487,"[0.1521807004916651, 0.0019984102324220737, 0.09510628906289038, 0.05349153216161974, 0.09251083291307921, 0.0, 0.13138043683084985, 0.11171930400672497, 0.3616124943007487]","[0.1521807004916651, 0.0019984102324220737, 0.09510628906289038, 0.05349153216161974, 0.09251083291307921, 0.0, 0.13138043683084985, 0.11171930400672497, 0.3616124943007487]","[0.1521807004916651, 0.0019984102324220737, 0.09510628906289038, 0.05349153216161974, 0.09251083291307921, 0.0, 0.13138043683084985, 0.11171930400672497, 0.3616124943007487]","[0.0, 0.0, 0.0, 0.0, 0.0, 0.0, 0.0, 0.0, 0.0]",1.7788885831248296,5.923269537163808,1.7788885831248296,5.923269537163808
RACE_STATIC,mixed_interleaved,mixed,32,10,0,PERSISTENCE,0.3616124943007487,"[0.1521807004916651, 0.0019984102324220737, 0.09510628906289038, 0.05349153216161974, 0.09251083291307921, 0.0, 0.13138043683084985, 0.11171930400672497, 0.3616124943007487]","[0.1521807004916651, 0.0019984102324220737, 0.09510628906289038, 0.05349153216161974, 0.09251083291307921, 0.0, 0.13138043683084985, 0.11171930400672497, 0.3616124943007487]","[0.1521807004916651, 0.0019984102324220737, 0.09510628906289038, 0.05349153216161974, 0.09251083291307921, 0.0, 0.13138043683084985, 0.11171930400672497, 0.3616124943007487]","[0.0, 0.0, 0.0, 0.0, 0.0, 0.0, 0.0, 0.0, 0.0]",1.7788885831248296,5.923269537163808,1.7788885831248296,5.923269537163808
RACE_STATIC,mixed_interleaved,mixed,32,11,0,PERSISTENCE,0.3616124943007487,"[0.1521807004916651, 0.0019984102324220737, 0.09510628906289038, 0.05349153216161974, 0.09251083291307921, 0.0, 0.13138043683084985, 0.11171930400672497, 0.3616124943007487]","[0.1521807004916651, 0.0019984102324220737, 0.09510628906289038, 0.05349153216161974, 0.09251083291307921, 0.0, 0.13138043683084985, 0.11171930400672497, 0.3616124943007487]","[0.1521807004916651, 0.0019984102324220737, 0.09510628906289038, 0.05349153216161974, 0.09251083291307921, 0.0, 0.13138043683084985, 0.11171930400672497, 0.3616124943007487]","[0.0, 0.0, 0.0, 0.0, 0.0, 0.0, 0.0, 0.0, 0.0]",1.7788885831248296,5.923269537163808,1.7788885831248296,5.923269537163808
RACE_STATIC,mixed_interleaved,mixed,32,12,0,PERSISTENCE,0.3616124943007487,"[0.1521807004916651, 0.0019984102324220737, 0.09510628906289038, 0.05349153216161974, 0.09251083291307921, 0.0, 0.13138043683084985, 0.11171930400672497, 0.3616124943007487]","[0.1521807004916651, 0.0019984102324220737, 0.09510628906289038, 0.05349153216161974, 0.09251083291307921, 0.0, 0.13138043683084985, 0.11171930400672497, 0.3616124943007487]","[0.1521807004916651, 0.0019984102324220737, 0.09510628906289038, 0.05349153216161974, 0.09251083291307921, 0.0, 0.13138043683084985, 0.11171930400672497, 0.3616124943007487]","[0.0, 0.0, 0.0, 0.0, 0.0, 0.0, 0.0, 0.0, 0.0]",1.7788885831248296,5.923269537163808,1.7788885831248296,5.923269537163808
RACE_STATIC,mixed_interleaved,mixed,32,13,0,PERSISTENCE,0.3616124943007487,"[0.1521807004916651, 0.0019984102324220737, 0.09510628906289038, 0.05349153216161974, 0.09251083291307921, 0.0, 0.13138043683084985, 0.11171930400672497, 0.3616124943007487]","[0.1521807004916651, 0.0019984102324220737, 0.09510628906289038, 0.05349153216161974, 0.09251083291307921, 0.0, 0.13138043683084985, 0.11171930400672497, 0.3616124943007487]","[0.1521807004916651, 0.0019984102324220737, 0.09510628906289038, 0.05349153216161974, 0.09251083291307921, 0.0, 0.13138043683084985, 0.11171930400672497, 0.3616124943007487]","[0.0, 0.0, 0.0, 0.0, 0.0, 0.0, 0.0, 0.0, 0.0]",1.7788885831248296,5.923269537163808,1.7788885831248296,5.923269537163808
RACE_STATIC,mixed_interleaved,mixed,32,14,0,PERSISTENCE,0.3616124943007487,"[0.1521807004916651, 0.0019984102324220737, 0.09510628906289038, 0.05349153216161974, 0.09251083291307921, 0.0, 0.13138043683084985, 0.11171930400672497, 0.3616124943007487]","[0.1521807004916651, 0.0019984102324220737, 0.09510628906289038, 0.05349153216161974, 0.09251083291307921, 0.0, 0.13138043683084985, 0.11171930400672497, 0.3616124943007487]","[0.1521807004916651, 0.0019984102324220737, 0.09510628906289038, 0.05349153216161974, 0.09251083291307921, 0.0, 0.13138043683084985, 0.11171930400672497, 0.3616124943007487]","[0.0, 0.0, 0.0, 0.0, 0.0, 0.0, 0.0, 0.0, 0.0]",1.7788885831248296,5.923269537163808,1.7788885831248296,5.923269537163808
RACE_STATIC,mixed_interleaved,mixed,32,15,0,PERSISTENCE,0.3616124943007487,"[0.1521807004916651, 0.0019984102324220737, 0.09510628906289038, 0.05349153216161974, 0.09251083291307921, 0.0, 0.13138043683084985, 0.11171930400672497, 0.3616124943007487]","[0.1521807004916651, 0.0019984102324220737, 0.09510628906289038, 0.05349153216161974, 0.09251083291307921, 0.0, 0.13138043683084985, 0.11171930400672497, 0.3616124943007487]","[0.1521807004916651, 0.0019984102324220737, 0.09510628906289038, 0.05349153216161974, 0.09251083291307921, 0.0, 0.13138043683084985, 0.11171930400672497, 0.3616124943007487]","[0.0, 0.0, 0.0, 0.0, 0.0, 0.0, 0.0, 0.0, 0.0]",1.7788885831248296,5.923269537163808,1.7788885831248296,5.923269537163808
RACE_ONLINE,mixed_interleaved,mixed,8,0,0,MARKOV_H1,0.1111111111111111,"[0.1111111111111111, 0.1111111111111111, 0.1111111111111111, 0.1111111111111111, 0.1111111111111111, 0.1111111111111111, 0.1111111111111111, 0.1111111111111111, 0.1111111111111111]","[0.1111111111111111, 0.1111111111111111, 0.1111111111111111, 0.1111111111111111, 0.1111111111111111, 0.1111111111111111, 0.1111111111111111, 0.1111111111111111, 0.1111111111111111]","[0.1111111111111111, 0.1111111111111111, 0.1111111111111111, 0.1111111111111111, 0.1111111111111111, 0.1111111111111111, 0.1111111111111111, 0.1111111111111111, 0.1111111111111111]","[0.0, 0.0, 0.0, 0.0, 0.0, 0.0, 0.0, 0.0, 0.0]",2.1972245773362196,9.000000000000002,2.1972245773362196,9.000000000000002
RACE_ONLINE,mixed_interleaved,mixed,8,1,0,MARKOV_H1,0.1111111111111111,"[0.1111111111111111, 0.1111111111111111, 0.1111111111111111, 0.1111111111111111, 0.1111111111111111, 0.1111111111111111, 0.1111111111111111, 0.1111111111111111, 0.1111111111111111]","[0.1111111111111111, 0.1111111111111111, 0.1111111111111111, 0.1111111111111111, 0.1111111111111111, 0.1111111111111111, 0.1111111111111111, 0.1111111111111111, 0.1111111111111111]","[0.1111111111111111, 0.1111111111111111, 0.1111111111111111, 0.1111111111111111, 0.1111111111111111, 0.1111111111111111, 0.1111111111111111, 0.1111111111111111, 0.1111111111111111]","[0.0, 0.0, 0.0, 0.0, 0.0, 0.0, 0.0, 0.0, 0.0]",2.1972245773362196,9.000000000000002,2.1972245773362196,9.000000000000002
RACE_ONLINE,mixed_interleaved,mixed,8,2,0,MARKOV_H1,0.1111111111111111,"[0.1111111111111111, 0.1111111111111111, 0.1111111111111111, 0.1111111111111111, 0.1111111111111111, 0.1111111111111111, 0.1111111111111111, 0.1111111111111111, 0.1111111111111111]","[0.1111111111111111, 0.1111111111111111, 0.1111111111111111, 0.1111111111111111, 0.1111111111111111, 0.1111111111111111, 0.1111111111111111, 0.1111111111111111, 0.1111111111111111]","[0.1111111111111111, 0.1111111111111111, 0.1111111111111111, 0.1111111111111111, 0.1111111111111111, 0.1111111111111111, 0.1111111111111111, 0.1111111111111111, 0.1111111111111111]","[0.0, 0.0, 0.0, 0.0, 0.0, 0.0, 0.0, 0.0, 0.0]",2.1972245773362196,9.000000000000002,2.1972245773362196,9.000000000000002
RACE_ONLINE,mixed_interleaved,mixed,8,3,0,MARKOV_H1,0.1111111111111111,"[0.1111111111111111, 0.1111111111111111, 0.1111111111111111, 0.1111111111111111, 0.1111111111111111, 0.1111111111111111, 0.1111111111111111, 0.1111111111111111, 0.1111111111111111]","[0.1111111111111111, 0.1111111111111111, 0.1111111111111111, 0.1111111111111111, 0.1111111111111111, 0.1111111111111111, 0.1111111111111111, 0.1111111111111111, 0.1111111111111111]","[0.1111111111111111, 0.1111111111111111, 0.1111111111111111, 0.1111111111111111, 0.1111111111111111, 0.1111111111111111, 0.1111111111111111, 0.1111111111111111, 0.1111111111111111]","[0.0, 0.0, 0.0, 0.0, 0.0, 0.0, 0.0, 0.0, 0.0]",2.1972245773362196,9.000000000000002,2.1972245773362196,9.000000000000002
RACE_ONLINE,mixed_interleaved,mixed,8,4,0,MARKOV_H1,0.1111111111111111,"[0.1111111111111111, 0.1111111111111111, 0.1111111111111111, 0.1111111111111111, 0.1111111111111111, 0.1111111111111111, 0.1111111111111111, 0.1111111111111111, 0.1111111111111111]","[0.1111111111111111, 0.1111111111111111, 0.1111111111111111, 0.1111111111111111, 0.1111111111111111, 0.1111111111111111, 0.1111111111111111, 0.1111111111111111, 0.1111111111111111]","[0.1111111111111111, 0.1111111111111111, 0.1111111111111111, 0.1111111111111111, 0.1111111111111111, 0.1111111111111111, 0.1111111111111111, 0.1111111111111111, 0.1111111111111111]","[0.0, 0.0, 0.0, 0.0, 0.0, 0.0, 0.0, 0.0, 0.0]",2.1972245773362196,9.000000000000002,2.1972245773362196,9.000000000000002
RACE_ONLINE,mixed_interleaved,mixed,8,5,0,MARKOV_H1,0.1111111111111111,"[0.1111111111111111, 0.1111111111111111, 0.1111111111111111, 0.1111111111111111, 0.1111111111111111, 0.1111111111111111, 0.1111111111111111, 0.1111111111111111, 0.1111111111111111]","[0.1111111111111111, 0.1111111111111111, 0.1111111111111111, 0.1111111111111111, 0.1111111111111111, 0.1111111111111111, 0.1111111111111111, 0.1111111111111111, 0.1111111111111111]","[0.1111111111111111, 0.1111111111111111, 0.1111111111111111, 0.1111111111111111, 0.1111111111111111, 0.1111111111111111, 0.1111111111111111, 0.1111111111111111, 0.1111111111111111]","[0.0, 0.0, 0.0, 0.0, 0.0, 0.0, 0.0, 0.0, 0.0]",2.1972245773362196,9.000000000000002,2.1972245773362196,9.000000000000002
RACE_ONLINE,mixed_interleaved,mixed,8,6,0,MARKOV_H1,0.1111111111111111,"[0.1111111111111111, 0.1111111111111111, 0.1111111111111111, 0.1111111111111111, 0.1111111111111111, 0.1111111111111111, 0.1111111111111111, 0.1111111111111111, 0.1111111111111111]","[0.1111111111111111, 0.1111111111111111, 0.1111111111111111, 0.1111111111111111, 0.1111111111111111, 0.1111111111111111, 0.1111111111111111, 0.1111111111111111, 0.1111111111111111]","[0.1111111111111111, 0.1111111111111111, 0.1111111111111111, 0.1111111111111111, 0.1111111111111111, 0.1111111111111111, 0.1111111111111111, 0.1111111111111111, 0.1111111111111111]","[0.0, 0.0, 0.0, 0.0, 0.0, 0.0, 0.0, 0.0, 0.0]",2.1972245773362196,9.000000000000002,2.1972245773362196,9.000000000000002
RACE_ONLINE,mixed_interleaved,mixed,8,7,0,MARKOV_H1,0.1111111111111111,"[0.1111111111111111, 0.1111111111111111, 0.1111111111111111, 0.1111111111111111, 0.1111111111111111, 0.1111111111111111, 0.1111111111111111, 0.1111111111111111, 0.1111111111111111]","[0.1111111111111111, 0.1111111111111111, 0.1111111111111111, 0.1111111111111111, 0.1111111111111111, 0.1111111111111111, 0.1111111111111111, 0.1111111111111111, 0.1111111111111111]","[0.1111111111111111, 0.1111111111111111, 0.1111111111111111, 0.1111111111111111, 0.1111111111111111, 0.1111111111111111, 0.1111111111111111, 0.1111111111111111, 0.1111111111111111]","[0.0, 0.0, 0.0, 0.0, 0.0, 0.0, 0.0, 0.0, 0.0]",2.1972245773362196,9.000000000000002,2.1972245773362196,9.000000000000002
RACE_ONLINE,mixed_interleaved,mixed,8,8,0,MARKOV_H1,0.1111111111111111,"[0.1111111111111111, 0.1111111111111111, 0.1111111111111111, 0.1111111111111111, 0.1111111111111111, 0.1111111111111111, 0.1111111111111111, 0.1111111111111111, 0.1111111111111111]","[0.1111111111111111, 0.1111111111111111, 0.1111111111111111, 0.1111111111111111, 0.1111111111111111, 0.1111111111111111, 0.1111111111111111, 0.1111111111111111, 0.1111111111111111]","[0.1111111111111111, 0.1111111111111111, 0.1111111111111111, 0.1111111111111111, 0.1111111111111111, 0.1111111111111111, 0.1111111111111111, 0.1111111111111111, 0.1111111111111111]","[0.0, 0.0, 0.0, 0.0, 0.0, 0.0, 0.0, 0.0, 0.0]",2.1972245773362196,9.000000000000002,2.1972245773362196,9.000000000000002
RACE_ONLINE,mixed_interleaved,mixed,8,9,0,MARKOV_H1,0.1111111111111111,"[0.1111111111111111, 0.1111111111111111, 0.1111111111111111, 0.1111111111111111, 0.1111111111111111, 0.1111111111111111, 0.1111111111111111, 0.1111111111111111, 0.1111111111111111]","[0.1111111111111111, 0.1111111111111111, 0.1111111111111111, 0.1111111111111111, 0.1111111111111111, 0.1111111111111111, 0.1111111111111111, 0.1111111111111111, 0.1111111111111111]","[0.1111111111111111, 0.1111111111111111, 0.1111111111111111, 0.1111111111111111, 0.1111111111111111, 0.1111111111111111, 0.1111111111111111, 0.1111111111111111, 0.1111111111111111]","[0.0, 0.0, 0.0, 0.0, 0.0, 0.0, 0.0, 0.0, 0.0]",2.1972245773362196,9.000000000000002,2.1972245773362196,9.000000000000002
RACE_ONLINE,mixed_interleaved,mixed,8,10,0,MARKOV_H1,0.1111111111111111,"[0.1111111111111111, 0.1111111111111111, 0.1111111111111111, 0.1111111111111111, 0.1111111111111111, 0.1111111111111111, 0.1111111111111111, 0.1111111111111111, 0.1111111111111111]","[0.1111111111111111, 0.1111111111111111, 0.1111111111111111, 0.1111111111111111, 0.1111111111111111, 0.1111111111111111, 0.1111111111111111, 0.1111111111111111, 0.1111111111111111]","[0.1111111111111111, 0.1111111111111111, 0.1111111111111111, 0.1111111111111111, 0.1111111111111111, 0.1111111111111111, 0.1111111111111111, 0.1111111111111111, 0.1111111111111111]","[0.0, 0.0, 0.0, 0.0, 0.0, 0.0, 0.0, 0.0, 0.0]",2.1972245773362196,9.000000000000002,2.1972245773362196,9.000000000000002
RACE_ONLINE,mixed_interleaved,mixed,8,11,0,MARKOV_H1,0.1111111111111111,"[0.1111111111111111, 0.1111111111111111, 0.1111111111111111, 0.1111111111111111, 0.1111111111111111, 0.1111111111111111, 0.1111111111111111, 0.1111111111111111, 0.1111111111111111]","[0.1111111111111111, 0.1111111111111111, 0.1111111111111111, 0.1111111111111111, 0.1111111111111111, 0.1111111111111111, 0.1111111111111111, 0.1111111111111111, 0.1111111111111111]","[0.1111111111111111, 0.1111111111111111, 0.1111111111111111, 0.1111111111111111, 0.1111111111111111, 0.1111111111111111, 0.1111111111111111, 0.1111111111111111, 0.1111111111111111]","[0.0, 0.0, 0.0, 0.0, 0.0, 0.0, 0.0, 0.0, 0.0]",2.1972245773362196,9.000000000000002,2.1972245773362196,9.000000000000002
RACE_ONLINE,mixed_interleaved,mixed,8,12,0,MARKOV_H1,0.1111111111111111,"[0.1111111111111111, 0.1111111111111111, 0.1111111111111111, 0.1111111111111111, 0.1111111111111111, 0.1111111111111111, 0.1111111111111111, 0.1111111111111111, 0.1111111111111111]","[0.1111111111111111, 0.1111111111111111, 0.1111111111111111, 0.1111111111111111, 0.1111111111111111, 0.1111111111111111, 0.1111111111111111, 0.1111111111111111, 0.1111111111111111]","[0.1111111111111111, 0.1111111111111111, 0.1111111111111111, 0.1111111111111111, 0.1111111111111111, 0.1111111111111111, 0.1111111111111111, 0.1111111111111111, 0.1111111111111111]","[0.0, 0.0, 0.0, 0.0, 0.0, 0.0, 0.0, 0.0, 0.0]",2.1972245773362196,9.000000000000002,2.1972245773362196,9.000000000000002
RACE_ONLINE,mixed_interleaved,mixed,8,13,0,MARKOV_H1,0.1111111111111111,"[0.1111111111111111, 0.1111111111111111, 0.1111111111111111, 0.1111111111111111, 0.1111111111111111, 0.1111111111111111, 0.1111111111111111, 0.1111111111111111, 0.1111111111111111]","[0.1111111111111111, 0.1111111111111111, 0.1111111111111111, 0.1111111111111111, 0.1111111111111111, 0.1111111111111111, 0.1111111111111111, 0.1111111111111111, 0.1111111111111111]","[0.1111111111111111, 0.1111111111111111, 0.1111111111111111, 0.1111111111111111, 0.1111111111111111, 0.1111111111111111, 0.1111111111111111, 0.1111111111111111, 0.1111111111111111]","[0.0, 0.0, 0.0, 0.0, 0.0, 0.0, 0.0, 0.0, 0.0]",2.1972245773362196,9.000000000000002,2.1972245773362196,9.000000000000002
RACE_ONLINE,mixed_interleaved,mixed,8,14,0,MARKOV_H1,0.1111111111111111,"[0.1111111111111111, 0.1111111111111111, 0.1111111111111111, 0.1111111111111111, 0.1111111111111111, 0.1111111111111111, 0.1111111111111111, 0.1111111111111111, 0.1111111111111111]","[0.1111111111111111, 0.1111111111111111, 0.1111111111111111, 0.1111111111111111, 0.1111111111111111, 0.1111111111111111, 0.1111111111111111, 0.1111111111111111, 0.1111111111111111]","[0.1111111111111111, 0.1111111111111111, 0.1111111111111111, 0.1111111111111111, 0.1111111111111111, 0.1111111111111111, 0.1111111111111111, 0.1111111111111111, 0.1111111111111111]","[0.0, 0.0, 0.0, 0.0, 0.0, 0.0, 0.0, 0.0, 0.0]",2.1972245773362196,9.000000000000002,2.1972245773362196,9.000000000000002
RACE_ONLINE,mixed_interleaved,mixed,8,15,0,MARKOV_H1,0.1111111111111111,"[0.1111111111111111, 0.1111111111111111, 0.1111111111111111, 0.1111111111111111, 0.1111111111111111, 0.1111111111111111, 0.1111111111111111, 0.1111111111111111, 0.1111111111111111]","[0.1111111111111111, 0.1111111111111111, 0.1111111111111111, 0.1111111111111111, 0.1111111111111111, 0.1111111111111111, 0.1111111111111111, 0.1111111111111111, 0.1111111111111111]","[0.1111111111111111, 0.1111111111111111, 0.1111111111111111, 0.1111111111111111, 0.1111111111111111, 0.1111111111111111, 0.1111111111111111, 0.1111111111111111, 0.1111111111111111]","[0.0, 0.0, 0.0, 0.0, 0.0, 0.0, 0.0, 0.0, 0.0]",2.1972245773362196,9.000000000000002,2.1972245773362196,9.000000000000002
RACE_ONLINE,mixed_interleaved,mixed,12,0,40233,LFU_DECAY,0.964924972714526,"[0.1111111111111111, 0.1111111111111111, 0.1111111111111111, 0.1111111111111111, 0.1111111111111111, 0.1111111111111111, 0.1111111111111111, 0.1111111111111111, 0.1111111111111111]","[1.037261440362962e-36, 2.1595332034852145e-33, 7.083780207580539e-57, 5.6849794438570525e-114, 2.5566585814756808e-169, 3.370962163868089e-201, 4.9336134068708725e-60, 1.0, 0.0]","[0.010856679366228602, 0.013149570341672903, 0.005296299131877311, 0.0017361282704257185, 0.0009071870527684946, 0.0006680722843405524, 0.0022183288099890557, 0.964924972714526, 0.00024276202818162104]","[0.002152978698468091, 0.003177245369946053, 0.0006906552238309763, 0.00013814429210901052, 6.577420985041384e-05, 4.6707671683808466e-05, 0.00014655531342970443, 0.023997068831049462, 1.859139473332904e-05]",1.6251613205377774e-31,1.0,0.20612040123290926,1.2289011563026555
RACE_ONLINE,mixed_interleaved,mixed,12,1,40196,LFU_DECAY,0.9451635615186779,"[0.1111111111111111, 0.1111111111111111, 0.1111111111111111, 0.1111111111111111, 0.1111111111111111, 0.1111111111111111, 0.1111111111111111, 0.1111111111111111, 0.1111111111111111]","[6.582931172885677e-31, 1.403011308360807e-24, 8.762148900061319e-35, 5.979543130292888e-75, 2.5291679494464235e-119, 5.985820647626299e-149, 1.2357632462343988e-20, 1.0, 0.0]","[0.01304639377303526, 0.014215819266852628, 0.0050636835318119905, 0.0011041282198737483, 0.000774633940523208, 0.0006461572289131767, 0.019553591749239468, 0.9451635615186779, 0.000432030771094942]","[0.0022588211082603168, 0.002503048770446226, 0.00043602682354830453, 8.177593093809812e-05, 6.0833457776367986e-05, 4.863826483350001e-05, 0.004142212414132776, 0.03504251558730731, 3.408008971569948e-05]",5.66551091784826e-19,1.0,0.2952412096850859,1.343450372848392
RACE_ONLINE,mixed_interleaved,mixed,12,2,40053,LFU_DECAY,0.9482089986999664,"[0.1111111111111111, 0.1111111111111111, 0.1111111111111111, 0.1111111111111111, 0.1111111111111111, 0.1111111111111111, 0.1111111111111111, 0.1111111111111111, 0.1111111111111111]","[6.142002685314238e-49, 9.439665740231959e-50, 4.97032982796141e-73, 1.0615051164468516e-115, 1.9081616940759967e-154, 1.0275876421151302e-171, 9.994208071779572e-16, 0.9999999999999989, 0.0]","[0.011296703229673263, 0.011070227902450103, 0.002955308624984975, 0.0010135016465903546, 0.0006550019036090274, 0.0005642156225723047, 0.023834312023328526, 0.9482089986999664, 0.00040173034683799413]","[0.0026891550450317595, 0.0023452473522474725, 0.00026237703982660826, 7.898734107542415e-05, 4.8694318437329685e-05, 4.194440625931563e-05, 0.005233543391684333, 0.03134527948747268, 3.0163266688509972e-05]",3.562957383322326e-14,1.0000000000000355,0.27634979428792183,1.318308920315217
RACE_ONLINE,mixed_interleaved,mixed,12,3,39963,MARKOV_H2,0.4817498466337644,"[0.1111111111111111, 0.1111111111111111, 0.1111111111111111, 0.1111111111111111, 0.1111111111111111, 0.1111111111111111, 0.1111111111111111, 0.1111111111111111, 0.1111111111111111]","[0.0005083953897113989, 0.046206007964718444, 1.1373570833135633e-16, 2.3420705434368418e-42, 6.938494052283065e-69, 1.4298399703398195e-84, 0.9532646166673844, 2.097997818559415e-05, 0.0]","[0.07404175504423532, 0.4817498466337644, 0.010055152545721193, 0.0019410151068619142, 0.0011155842499147482, 0.0007375263877046012, 0.3857783125883683, 0.044363326840613594, 0.0002174806028174758]","[0.008644464430179181, 0.09163693103173048, 0.0010111800683237392, 0.0001416444705170314, 9.343219502260155e-05, 5.793000977178321e-05, 0.08962085002223938, 0.0043200334253414106, 1.6996171763775696e-05]",0.19177474843122086,1.2113976170168355,1.1233429753933712,3.0751170801936363
RACE_ONLINE,mixed_interleaved,mixed,12,4,39202,LFU_DECAY,0.9549929289488513,"[0.1111111111111111, 0.1111111111111111, 0.1111111111111111, 0.1111111111111111, 0.1111111111111111, 0.1111111111111111, 0.1111111111111111, 0.1111111111111111, 0.1111111111111111]","[3.0241821143613866e-20, 4.1167189778594575e-17, 4.9097431264213075e-27, 1.2781026700917245e-56, 2.266059675396625e-87, 5.534328707671377e-117, 3.811325775993265e-18, 1.0, 1.005257542622128e-274]","[0.004745791152636722, 0.011577756236683896, 0.006647275393483827, 0.0023576201744435286, 0.0013600481384898643, 0.0008925963382059119, 0.01682640115715761, 0.9549929289488513, 0.0005995824600748492]","[0.00026447234932016185, 0.0011910053966494533, 0.0005850249004378943, 0.00026071737599180615, 0.00012830399638698057, 8.370018954216387e-05, 0.0032694800797733125, 0.020053274681454125, 4.70052486531319e-05]",1.7074183675370328e-15,1.0000000000000018,0.2570076650125824,1.2930550380045047
RACE_ONLINE,mixed_interleaved,mixed,12,5,38846,LFU_DECAY,0.957172489581618,"[0.1111111111111111, 0.1111111111111111, 0.1111111111111111, 0.1111111111111111, 0.1111111111111111, 0.1111111111111111, 0.1111111111111111, 0.1111111111111111, 0.1111111111111111]","[3.75782109460719e-35, 6.401152978682281e-39, 1.7621626544026046e-51, 8.973499367546755e-74, 1.3078895653021225e-107, 9.755900950325652e-127, 7.056129831484616e-15, 0.9999999999999929, 2.2377669881413564e-264]","[0.0039108008219410845, 0.0029203562270506186, 0.002087006500647911, 0.0012987395357476439, 0.0010191504701070457, 0.0009780245815177418, 0.030037901785937616, 0.957172489581618, 0.0005755304954350472]","[0.0005139006471045288, 0.00037160871120723487, 0.00021781089773000316, 0.00010223123958577324, 8.475688118094052e-05, 8.719716591862018e-05, 0.009048954525822203, 0.02051597773703795, 4.943140960423403e-05]",2.370285688963261e-13,1.000000000000237,0.22551854991202974,1.2529722764263245
RACE_ONLINE,mixed_interleaved,mixed,12,6,38647,LFU_DECAY,0.7913008662898857,"[0.1111111111111111, 0.1111111111111111, 0.1111111111111111, 0.1111111111111111, 0.1111111111111111, 0.1111111111111111, 0.1111111111111111, 0.1111111111111111, 0.1111111111111111]","[1.4147314802902177e-09, 7.454519090336055e-11, 3.0338206683380555e-21, 2.3665648829020368e-35, 1.1477116248724908e-64, 1.5165886786791827e-91, 0.2441508966265147, 0.7558491018842087, 4.708604831420544e-293]","[0.019753137734155275, 0.01917888188449264, 0.004270225978807422, 0.0026176502169784235, 0.0016295832065277623, 0.0011150622150751853, 0.1597844168312142, 0.7913008662898857, 0.0003501756428650634]","[0.002927629773412856, 0.00263606678516881, 0.00032871120773678343, 0.0002485803552324933, 0.0001492240806354985, 9.050618052396605e-05, 0.007568876954155035, 0.03238834590190298, 2.304126895638283e-05]",0.5558175664899745,1.7433657196791381,0.6913014835120022,1.9963120104068242
RACE_ONLINE,mixed_interleaved,mixed,12,7,38426,LFU_DECAY,0.6064035591191307,"[0.1111111111111111, 0.1111111111111111, 0.1111111111111111, 0.1111111111111111, 0.1111111111111111, 0.1111111111111111, 0.1111111111111111, 0.1111111111111111, 0.1111111111111111]","[9.948523388152926e-14, 0.0384512395908006, 5.779553479303573e-07, 6.159830656078749e-28, 3.4723291273315087e-59, 7.186900029454977e-70, 4.0505515622992865e-06, 0.9615441319021896, 4.769971331799307e-240]","[0.00800197210464804, 0.35129075072783245, 0.013699727487581009, 0.0021160758356462825, 0.001058055533070044, 0.0009709955819887856, 0.015999696782467012, 0.6064035591191307, 0.0004591668276311079]","[0.0008778240164271987, 0.08125361218168464, 0.001208291069538737, 0.00014586198842748052, 9.356069218779717e-05, 8.045781685845339e-05, 0.001638087362264134, 0.0818865611006162, 3.5418640510502186e-05]",0.1630535202179228,1.1770996866343924,0.8649468037626309,2.374879747949993
RACE_ONLINE,mixed_interleaved,mixed,12,8,38120,LFU_DECAY,0.8330176700762862,"[0.1111111111111111, 0.1111111111111111, 0.1111111111111111, 0.1111111111111111, 0.1111111111111111, 0.1111111111111111, 0.1111111111111111, 0.1111111111111111, 0.1111111111111111]","[1.9458764566564856e-17, 3.0387290367505364e-11, 1.578800612328167e-16, 6.311473484824155e-38, 8.415766896463897e-80, 9.245870724682985e-110, 0.0031459083013371148, 0.9968540916682754, 7.234789069866344e-276]","[0.005168363081614178, 0.018601309330292738, 0.012985041377660744, 0.00468855414373257, 0.0021128784269896198, 0.0011466604717020347, 0.12192979240955286, 0.8330176700762862, 0.0003497306821675134]","[0.00029116793260429517, 0.002994172284455429, 0.0016264027524132833, 0.0005700327653216665, 0.00020963989163924325, 8.541741039513873e-05, 0.019048708403607992, 0.05679458229811385, 2.246659703126752e-05]",0.021266586315238038,1.0214943317527783,0.6152119194782996,1.8500486193567873
RACE_ONLINE,mixed_interleaved,mixed,12,9,38117,LFU_DECAY,0.7105509284285286,"[0.1111111111111111, 0.1111111111111111, 0.1111111111111111, 0.1111111111111111, 0.1111111111111111, 0.1111111111111111, 0.1111111111111111, 0.1111111111111111, 0.1111111111111111]","[0.0014454015575071026, 0.04631670110355115, 6.143849741411356e-13, 2.5441861595838294e-31, 5.5825704203263585e-59, 1.1015553025511893e-83, 0.00010496723432672393, 0.9521329301040007, 1.93310264078189e-272]","[0.05456782447786723, 0.18460749080622554, 0.011045701611098151, 0.004766994816528996, 0.0014341736305514196, 0.0009171417520074022, 0.03176528301084783, 0.7105509284285286, 0.00034446146635096897]","[0.0025823804953620756, 0.03844871211614853, 0.001398937882003704, 0.00047175195142512663, 0.00011300394499542839, 7.400305752351758e-05, 0.002498868937896934, 0.06153340092457704, 2.0412033096139358e-05]",0.19941302869017846,1.2206860401504254,0.916779483778626,2.50122217840786
RACE_ONLINE,mixed_interleaved,mixed,12,10,38479,MARKOV_H2,0.8129814647131868,"[0.1111111111111111, 0.1111111111111111, 0.1111111111111111, 0.1111111111111111, 0.1111111111111111, 0.1111111111111111, 0.1111111111111111, 0.1111111111111111, 0.1111111111111111]","[2.055461268703101e-18, 0.999975950946739, 1.1976417740887162e-05, 3.3894133214443715e-28, 5.658792325296756e-73, 2.3966784913623936e-116, 8.028447658909299e-23, 1.2072635520123339e-05, 3.093060106920582e-309]","[0.013511757011906586, 0.8129814647131868, 0.03154664003577298, 0.003475224028749689, 0.000925963206676563, 0.0006224567031163712, 0.003122703787503619, 0.1335289604717464, 0.00028483004133785764]","[0.0019183052416910872, 0.08721455245084053, 0.004853835307578996, 0.0002557647422451665, 7.213155933073214e-05, 4.743751219512665e-05, 0.00017360775787092825, 0.07370636731475358, 2.156295775370519e-05]",0.0002964897651117218,1.0002965337225462,0.6554487770115112,1.926006670973675
RACE_ONLINE,mixed_interleaved,mixed,12,11,37970,MARKOV_H2,0.537117679422807,"[0.1111111111111111, 0.1111111111111111, 0.1111111111111111, 0.1111111111111111, 0.1111111111111111, 0.1111111111111111, 0.1111111111111111, 0.1111111111111111, 0.1111111111111111]","[2.6509878890760194e-08, 0.3575368731710584, 4.235471055994686e-09, 5.110454733305848e-36, 9.569356253514236e-65, 1.8765903485565163e-80, 1.1931430310671487e-14, 0.6424630960835797, 2.6689130418550586e-265]","[0.02521731808126041, 0.537117679422807, 0.014338602835019563, 0.0024384939611947257, 0.0012009240680310705, 0.00089168159065128, 0.005453964907199156, 0.4130762610725963, 0.0002650740612423158]","[0.004673329799450322, 0.05401586866037711, 0.0014508832132191824, 0.00017301391035304007, 7.533614234934235e-05, 5.2522703133749924e-05, 0.00029603995945734707, 0.05273958155679634, 1.82763183767418e-05]",0.6519883817841541,1.919353444716768,0.9123335429392889,2.490126576049114
RACE_ONLINE,mixed_interleaved,mixed,12,12,38698,LFU_DECAY,0.7940858020610926,"[0.1111111111111111, 0.1111111111111111, 0.1111111111111111, 0.1111111111111111, 0.1111111111111111, 0.1111111111111111, 0.1111111111111111, 0.1111111111111111, 0.1111111111111111]","[1.2107218276832968e-07, 0.35517446071481384, 1.4271664050874034e-17, 5.578944989017687e-62, 6.227603534000857e-113, 1.255782595531557e-143, 6.316188276165885e-23, 0.6448254182130034, 8.082629832012395e-262]","[0.01604136854637702, 0.17326303001017662, 0.008137473057708313, 0.0014653411895477757, 0.0006355498484207335, 0.0004711493909516356, 0.005547024705640915, 0.7940858020610926, 0.0003532611900849454]","[0.0021761481036860833, 0.049767725356808054, 0.0008748027752783639, 0.00011217281555415486, 4.2951951827783755e-05, 3.1690400420528505e-05, 0.00044242224768752044, 0.0678399042810689, 2.1555256866296784e-05]",0.6505931153456157,1.9166773026714043,0.6417234045923835,1.8997521011714458
RACE_ONLINE,mixed_interleaved,mixed,12,13,39243,LFU_DECAY,0.9509420067686811,"[0.1111111111111111, 0.1111111111111111, 0.1111111111111111, 0.1111111111111111, 0.1111111111111111, 0.1111111111111111, 0.1111111111111111, 0.1111111111111111, 0.1111111111111111]","[1.0633108974695237e-15, 9.703234610513287e-19, 5.480979770433792e-39, 9.207913179804547e-72, 2.400451800937326e-99, 3.2111084587653716e-122, 6.08146611294253e-12, 0.9999999999939175, 7.339865596160046e-307]","[0.019908630002145464, 0.010293374953996046, 0.0025002002045766396, 0.001290741448217035, 0.0009908263774002825, 0.0007405105343706786, 0.013035374261358326, 0.9509420067686811, 0.000298335449273797]","[0.0037723690280776286, 0.0011226493069912665, 0.00021595340211725885, 0.00012021667497740493, 8.676556100548033e-05, 5.821527016890295e-05, 0.001603695561616954, 0.022582414326817624, 2.1216115515856817e-05]",1.631777456922956e-10,1.0000000001631777,0.26766772655941173,1.3069128154439358
RACE_ONLINE,mixed_interleaved,mixed,12,14,39260,LFU_DECAY,0.9460166371756193,"[0.1111111111111111, 0.1111111111111111, 0.1111111111111111, 0.1111111111111111, 0.1111111111111111, 0.1111111111111111, 0.1111111111111111, 0.1111111111111111, 0.1111111111111111]","[6.916042345446182e-08, 3.129010051741469e-12, 4.721914444747117e-44, 3.2644084641453724e-93, 4.5626549309473115e-138, 3.782787274681948e-164, 1.333269322141166e-16, 0.9999999308364472, 2.16693939400623e-272]","[0.01743054710706368, 0.02025687424855444, 0.003932300968298643, 0.0011162628818198843, 0.0005745235687431554, 0.0004710851240033908, 0.009878343683955116, 0.9460166371756193, 0.0003234252419419332]","[0.0028627684245665836, 0.004262533383483825, 0.0004604710859552666, 8.176626208286975e-05, 3.691781341404422e-05, 3.121785586458102e-05, 0.0010304749529566855, 0.03031913931560326, 2.3414378210815473e-05]",1.2094830757173142e-06,1.000001209483807,0.287546357982651,1.3331523929862161
RACE_ONLINE,mixed_interleaved,mixed,12,15,38917,LFU_DECAY,0.9549790723601473,"[0.1111111111111111, 0.1111111111111111, 0.1111111111111111, 0.1111111111111111, 0.1111111111111111, 0.1111111111111111, 0.1111111111111111, 0.1111111111111111, 0.1111111111111111]","[1.5196709683296665e-11, 8.636880331420729e-19, 1.4828988166478766e-41, 7.430117710500056e-76, 1.6632308819838234e-111, 2.6589543753961488e-133, 1.3301206985290542e-23, 0.9999999999848033, 3.2293051110697435e-276]","[0.023039493886555837, 0.007653762643752646, 0.0031529363312229873, 0.0011362989361594286, 0.0007155969711821163, 0.0005352236615422583, 0.008397192726307063, 0.9549790723601473, 0.00039042248315432256]","[0.004620113241179186, 0.0006602058870345473, 0.0003096306615280537, 7.57374353810804e-05, 4.406737790414433e-05, 3.301108930891928e-05, 0.0010856038058964551, 0.019512105977763206, 2.7610681106957128e-05]",3.93745928217902e-10,1.000000000393746,0.2464358696550093,1.279457128559479
RACE_ONLINE,mixed_interleaved,mixed,16,0,39766,LFU_DECAY,0.95905801998755,"[0.1111111111111111, 0.1111111111111111, 0.1111111111111111, 0.1111111111111111, 0.1111111111111111, 0.1111111111111111, 0.1111111111111111, 0.1111111111111111, 0.1111111111111111]","[1.4469669317909128e-11, 2.8963947221672307e-09, 1.3309217670675551e-27, 1.3212536970729405e-72, 8.311368339875046e-117, 3.6791807955640296e-144, 1.6657465934169389e-56, 0.9999999970891356, 2.3472392593696e-311]","[0.01383969047980068, 0.014958479728311578, 0.005833584037803822, 0.0018726789172584734, 0.000872616592213778, 0.0006211414293796744, 0.0026404567251567482, 0.95905801998755, 0.00030333210251880764]","[0.0022676790943321353, 0.002583875220076939, 0.0007147943168736125, 0.00012438541191424267, 5.106152741615594e-05, 3.66032987088896e-05, 0.00014920658994217604, 0.023289530258317148, 2.251374490938746e-05]",6.021455069768188e-08,1.0000000602145525,0.23282778609664884,1.2621640984037341
RACE_ONLINE,mixed_interleaved,mixed,16,1,39815,LFU_DECAY,0.9348834241290506,"[0.1111111111111111, 0.1111111111111111, 0.1111111111111111, 0.1111111111111111, 0.1111111111111111, 0.1111111111111111, 0.1111111111111111, 0.1111111111111111, 0.1111111111111111]","[1.8524833781220107e-10, 0.0036980045536777234, 2.693046036834029e-10, 7.73106981229306e-42, 6.252482971793455e-78, 1.0285799066294948e-103, 6.559548935621562e-18, 0.9963019949917693, 8.935185535765367e-265]","[0.011205265047817138, 0.03198682473913612, 0.006214787444509234, 0.0016166809342052068, 0.00092393407785757, 0.0006526349354687236, 0.01197009413003114, 0.9348834241290506, 0.0005463545619229438]","[0.0017050095103319156, 0.0035361713967342777, 0.0005716011829661503, 0.0001137743589695802, 6.510111928969299e-05, 4.4048976759350935e-05, 0.001903764733571304, 0.02891463368299807, 4.140794598863225e-05]",0.024399853689756577,1.0246999660478175,0.3336739126268497,1.3960878227305498
RACE_ONLINE,mixed_interleaved,mixed,16,2,39162,LFU_DECAY,0.9359870650193071,"[0.1111111111111111, 0.1111111111111111, 0.1111111111111111, 0.1111111111111111, 0.1111111111111111, 0.1111111111111111, 0.1111111111111111, 0.1111111111111111, 0.1111111111111111]","[1.635448708368553e-16, 2.2239066853729666e-14, 6.927784589123023e-33, 6.397156627984746e-68, 2.7364923201552605e-100, 2.2200564153549746e-114, 1.330338948591488e-12, 0.9999999999986473, 2.6033841221958826e-255]","[0.012273792187029665, 0.019140916951960917, 0.0039048947138582684, 0.0010759195891706936, 0.0006773484915538482, 0.0006093228570395593, 0.0258250006997987, 0.9359870650193071, 0.0005057394901962886]","[0.001953795600088002, 0.004607245668566615, 0.000301061542501526, 7.250338752925716e-05, 4.696726380421961e-05, 4.2980870158064756e-05, 0.004392486714251943, 0.03639378010342764, 3.7719263534486906e-05]",3.8436668328715825e-11,1.0000000000384366,0.32837428507627203,1.3887086479521416
RACE_ONLINE,mixed_interleaved,mixed,16,3,39330,MARKOV_H2,0.6574763753674079,"[0.1111111111111111, 0.1111111111111111, 0.1111111111111111, 0.1111111111111111, 0.1111111111111111, 0.1111111111111111, 0.1111111111111111, 0.1111111111111111, 0.1111111111111111]","[1.703992140818516e-10, 0.06371809809681075, 1.6358645528400657e-10, 8.847367503912681e-34, 2.4976943224821962e-58, 3.297762227790096e-71, 0.9362811198818766, 7.816873269963849e-07, 3.294328805026499e-270]","[0.027220249008566233, 0.6574763753674079, 0.01964409402163084, 0.0022229731499342556, 0.0009783569154595353, 0.0006290243505940652, 0.2786538494349366, 0.012899382309010679, 0.0002756954424642464]","[0.003964122954885657, 0.07887406355854742, 0.002859872194316002, 0.00013464092445385605, 6.667874292924552e-05, 4.3501633076199905e-05, 0.07244414124853851, 0.0006067919524011617, 2.0226520793412233e-05]",0.23708947407929223,1.2675545259758252,0.8904428709330868,2.436208338272653
RACE_ONLINE,mixed_interleaved,mixed,16,4,36958,LFU_DECAY,0.6850336097103135,"[0.1111111111111111, 0.1111111111111111, 0.1111111111111111, 0.1111111111111111, 0.1111111111111111, 0.1111111111111111, 0.1111111111111111, 0.1111111111111111, 0.1111111111111111]","[3.51036766388379e-06, 0.17766234665281014, 5.514989289140354e-07, 2.4181144322231385e-26, 3.282832447721339e-48, 4.0667313682900105e-71, 3.6841226234858414e-11, 0.8223335914437558, 9.0527396666466e-196]","[0.012972050371908258, 0.2535647553443253, 0.020696870852895274, 0.0034740701008931676, 0.0017452357742563328, 0.0009467793456360868, 0.020894804615763016, 0.6850336097103135, 0.0006718238840098365]","[0.0006923596388671058, 0.040209892461262775, 0.002199918488274613, 0.00028675973825933077, 0.0001462902743999665, 8.679880813857714e-05, 0.0031968320641439824, 0.05354130252549327, 5.162581665103771e-05]",0.46788552262766525,1.5966146159789127,0.8667674616731991,2.3792075300596367
RACE_ONLINE,mixed_interleaved,mixed,16,5,36467,LFU_DECAY,0.9334211815477478,"[0.1111111111111111, 0.1111111111111111, 0.1111111111111111, 0.1111111111111111, 0.1111111111111111, 0.1111111111111111, 0.1111111111111111, 0.1111111111111111, 0.1111111111111111]","[7.741524248213891e-09, 1.3928012995713136e-09, 5.972369343775113e-17, 5.046062765987755e-35, 2.861764782180321e-62, 1.8434664445147657e-79, 1.6921169817735064e-09, 0.9999999891735575, 3.939231124373748e-188]","[0.01305227044726571, 0.006955341529398655, 0.0025582322157577204, 0.00153958112257363, 0.0011440818338637896, 0.0009562266855526853, 0.03963852183918336, 0.9334211815477478, 0.0007345627786591284]","[0.0015176811870285544, 0.0005534793728979136, 0.00019233662787340475, 0.00011861827373382513, 9.087531176634465e-05, 7.796185680790477e-05, 0.010354599270141897, 0.029246842608760426, 6.43656650184941e-05]",2.1799041944758004e-07,1.0000002179904433,0.32838717659693833,1.3887265506337723
RACE_ONLINE,mixed_interleaved,mixed,16,6,35556,GATE_EWMA,0.5661643934623221,"[0.1111111111111111, 0.1111111111111111, 0.1111111111111111, 0.1111111111111111, 0.1111111111111111, 0.1111111111111111, 0.1111111111111111, 0.1111111111111111, 0.1111111111111111]","[0.002378826218687672, 0.11621546804571216, 3.1065632398695697e-07, 1.9592228974105248e-16, 1.4997568644144092e-38, 1.543747690201928e-66, 0.8734990872800991, 0.00790630779917703, 3.740855087703992e-201]","[0.06570989575451412, 0.2743973735359812, 0.006692698401267055, 0.0029105719444279692, 0.001884258027391323, 0.0011568868345308713, 0.5661643934623221, 0.0804918696757433, 0.0005920523638248752]","[0.004974460596187304, 0.03738135724599162, 0.0002993818570966817, 0.0002251444014771047, 0.00016405526640584555, 9.359923752725945e-05, 0.03778549226917827, 0.006384715033251182, 3.8584571672036236e-05]",0.42091358269046003,1.5233526286847767,1.1331716621890422,3.1054904635577345
RACE_ONLINE,mixed_interleaved,mixed,16,7,36085,MARKOV_H4,0.30894173798294877,"[0.1111111111111111, 0.1111111111111111, 0.1111111111111111, 0.1111111111111111, 0.1111111111111111, 0.1111111111111111, 0.1111111111111111, 0.1111111111111111, 0.1111111111111111]","[2.008851001182122e-14, 0.17170375499585874, 0.2809955063914218, 1.9485130861084654e-17, 3.2185043003063456e-47, 5.471159705060299e-57, 0.2189804385625633, 0.32832030005013596, 4.7639820386380505e-176]","[0.007595259818699919, 0.2884655782853625, 0.30894173798294877, 0.004363368906163593, 0.0011179314700562046, 0.0009479656629106126, 0.12442035917926876, 0.26350359945947566, 0.0006441992351110374]","[0.00060233936172288, 0.01620285559991716, 0.020381346404466788, 0.0003344368901915391, 8.19292211821276e-05, 6.416527900275487e-05, 0.008368677726920588, 0.02526785727954632, 4.7924280910445225e-05]",1.3574931535147203,3.886438375470581,1.4119424637066083,4.103919381151574
RACE_ONLINE,mixed_interleaved,mixed,16,8,35852,GATE_EWMA,0.6032956550224154,"[0.1111111111111111, 0.1111111111111111, 0.1111111111111111, 0.1111111111111111, 0.1111111111111111, 0.1111111111111111, 0.1111111111111111, 0.1111111111111111, 0.1111111111111111]","[3.406036370043188e-09, 0.1160429048776772, 0.0036967749847881745, 1.2269622447313267e-12, 2.3327732117446783e-44, 1.253345286704584e-73, 0.8800167740216015, 0.00024354270866996388, 2.414771943180086e-200]","[0.0050239145977433565, 0.22415656289289212, 0.12385458634885778, 0.009723433643759402, 0.001649641538120959, 0.0009348600811361148, 0.6032956550224154, 0.030828578332957362, 0.000532767542121055]","[0.00022637498258895443, 0.0198334521819602, 0.016136009739989153, 0.0007758525371383921, 0.00011483942551358874, 5.8414663741761064e-05, 0.0376104109238673, 0.0031043812507267326, 3.572894784760856e-05]",0.38514082201453426,1.4698212900630052,1.098782198637122,3.000509773213586
RACE_ONLINE,mixed_interleaved,mixed,16,9,35505,LFU_DECAY,0.3303829977434858,"[0.1111111111111111, 0.1111111111111111, 0.1111111111111111, 0.1111111111111111, 0.1111111111111111, 0.1111111111111111, 0.1111111111111111, 0.1111111111111111, 0.1111111111111111]","[0.007900739917035141, 0.19746394235326314, 2.9052360559322686e-09, 5.215905559922703e-24, 4.227924915438885e-46, 2.631579292222307e-65, 0.49986358842685535, 0.29477172639761023, 3.13252418376065e-200]","[0.09806565487177724, 0.30986913714591535, 0.008290783255161522, 0.0026855357275679644, 0.0011796314065148676, 0.0009048752812418095, 0.24800763732717718, 0.3303829977434858, 0.0006137472411548901]","[0.007163222243336894, 0.04359656735724937, 0.0005230667243289707, 0.00016410560942817565, 7.811917773572795e-05, 6.555254207222779e-05, 0.023718517815750517, 0.03388119567075577, 3.7188954966002784e-05]",1.0652668359147413,2.901613135364555,1.3769269759813005,3.9627054085562476
RACE_ONLINE,mixed_interleaved,mixed,16,10,36456,MARKOV_H2,0.7098437481778612,"[0.1111111111111111, 0.1111111111111111, 0.1111111111111111, 0.1111111111111111, 0.1111111111111111, 0.1111111111111111, 0.1111111111111111, 0.1111111111111111, 0.1111111111111111]","[1.68074984379318e-15, 0.7973441900559004, 0.021113716688200165, 8.932490515561313e-25, 1.6105235386204192e-65, 2.2856856532698515e-103, 7.38355322494142e-13, 0.18154209325515958, 6.283013227107382e-225]","[0.0114848341904023, 0.7098437481778612, 0.10179718735776003, 0.002978898010983355, 0.0008428019453200718, 0.0005312024440777557, 0.010763511154525148, 0.16138229219412403, 0.0003755245249411131]","[0.001291757434368237, 0.059379416318831924, 0.004985234349423643, 0.0001934031399945328, 5.874312169546256e-05, 3.8838502553768806e-05, 0.0010151901349260686, 0.05354600493918449, 2.6549341119101163e-05]",0.5717862065987771,1.771428364247788,0.9005468955561114,2.460948625062491
RACE_ONLINE,mixed_interleaved,mixed,16,11,35729,MARKOV_H4,0.35108196530057584,"[0.1111111111111111, 0.1111111111111111, 0.1111111111111111, 0.1111111111111111, 0.1111111111111111, 0.1111111111111111, 0.1111111111111111, 0.1111111111111111, 0.1111111111111111]","[1.6857671322900677e-11, 0.37984120373047026, 0.06584342458023736, 1.1395564633206592e-22, 7.982607577084333e-48, 8.312153610781316e-65, 7.35985588064283e-05, 0.5542417731136283, 6.477011848556326e-199]","[0.012222975610875212, 0.3327735111771081, 0.35108196530057584, 0.004668539482595167, 0.0016988906170130138, 0.0009706067500395498, 0.015479916077198501, 0.2807731025033397, 0.0003304924812530637]","[0.001350580424972414, 0.012820177835222504, 0.03767669554600994, 0.00040089582948994187, 0.0001121186051804759, 5.695733422111249e-05, 0.0014329730262283317, 0.03937711094261448, 2.1363819234542426e-05]",0.8746010621931477,2.3979184827851774,1.2539109791449166,3.5040203445310443
RACE_ONLINE,mixed_interleaved,mixed,16,12,36366,LFU_DECAY,0.5483011861019057,"[0.1111111111111111, 0.1111111111111111, 0.1111111111111111, 0.1111111111111111, 0.1111111111111111, 0.1111111111111111, 0.1111111111111111, 0.1111111111111111, 0.1111111111111111]","[1.1759472971943102e-10, 0.4872776392316316, 1.6412764928122943e-10, 8.42233090194751e-39, 2.0337124485282182e-78, 4.766648316860924e-105, 4.0484392612044114e-18, 0.5127223604866461, 4.873382855955842e-201]","[0.013659790063844721, 0.41122464545112425, 0.012609530900907141, 0.002009193737467719, 0.0007041075860889239, 0.0005195758184402935, 0.010494699290238649, 0.5483011861019057, 0.0004772710499864653]","[0.0015811254669083098, 0.046042268524055546, 0.0013774247416497602, 0.00014945352923004986, 4.573903797963034e-05, 3.310086600847764e-05, 0.0012682137908708426, 0.05155427706945653, 2.862613197664784e-05]",0.6928234351730156,1.9993526140259064,0.8816927043779349,2.414984102767582
RACE_ONLINE,mixed_interleaved,mixed,16,13,37105,LFU_DECAY,0.6829266406975744,"[0.1111111111111111, 0.1111111111111111, 0.1111111111111111, 0.1111111111111111, 0.1111111111111111, 0.1111111111111111, 0.1111111111111111, 0.1111111111111111, 0.1111111111111111]","[0.02740512416941575, 0.48122491434669173, 1.608823024350778e-14, 1.5789160259645928e-41, 5.269454104727957e-66, 3.9895493791469334e-86, 6.213076460017707e-09, 0.49136995527079996, 4.039334007615437e-238]","[0.07158345727252075, 0.2203517460184896, 0.005224072833075052, 0.0013531815299785968, 0.0008767850299701219, 0.0006894603712058409, 0.016540185652889783, 0.6829266406975744, 0.0004544705942990823]","[0.0036884565430413503, 0.024669846572723746, 0.0003400881849527576, 9.919523952797902e-05, 6.457868390492464e-05, 4.911294452202099e-05, 0.0022562056972622157, 0.04181560441384213, 2.8411382543044113e-05]",0.7997016529511831,2.22487704396335,0.901416551138223,2.4630897336501403
RACE_ONLINE,mixed_interleaved,mixed,16,14,37468,LFU_DECAY,0.6917846747914796,"[0.1111111111111111, 0.1111111111111111, 0.1111111111111111, 0.1111111111111111, 0.1111111111111111, 0.1111111111111111, 0.1111111111111111, 0.1111111111111111, 0.1111111111111111]","[0.3176259698287474, 0.08241660506471866, 8.549147543918736e-26, 3.3335150996291244e-69, 1.272380665808695e-108, 2.1990469881744915e-132, 1.7830095833176508e-13, 0.5999574251063556, 1.9981686866670506e-212]","[0.19458269416359772, 0.09703466659488764, 0.004785918194642992, 0.001028188362026995, 0.0005277171883568658, 0.000422189798790068, 0.009341126842608384, 0.6917846747914796, 0.0004928240636087476]","[0.020125650054798272, 0.007206801487631684, 0.0005221481934001092, 6.961825983054076e-05, 3.243966946952356e-05, 2.6996611296748437e-05, 0.0008897445386653051, 0.0492347618249423, 3.284182280654436e-05]",0.876504557898055,2.40248725725967,0.8870836372567595,2.428038275438172
RACE_ONLINE,mixed_interleaved,mixed,16,15,36507,LFU_DECAY,0.8580779195629903,"[0.1111111111111111, 0.1111111111111111, 0.1111111111111111, 0.1111111111111111, 0.1111111111111111, 0.1111111111111111, 0.1111111111111111, 0.1111111111111111, 0.1111111111111111]","[0.23988144398899572, 0.00020211113426232607, 1.1554900008637883e-20, 5.079342566847056e-49, 7.045416549660802e-80, 2.946692464775762e-100, 4.1334123993028737e-20, 0.759916444876742, 4.003231304459706e-217]","[0.10208488689391243, 0.02049596544413999, 0.0046438835179652, 0.001362265079664743, 0.0007457749262398875, 0.0005398925573903375, 0.011546087077459088, 0.8580779195629903, 0.0005033249402406893]","[0.013566881691791769, 0.0025433155164655196, 0.0003947217432765132, 8.041969011444102e-05, 4.332050455150466e-05, 3.258322079275165e-05, 0.0017438950433746327, 0.0335614246977618, 3.561652565730598e-05]",0.5528091788531622,1.7381288809716462,0.5426727739366853,1.7205994954024213
RACE_ONLINE,mixed_interleaved,mixed,24,0,36999,LFU_DECAY,0.6764150240861856,"[0.1111111111111111, 0.1111111111111111, 0.1111111111111111, 0.1111111111111111, 0.1111111111111111, 0.1111111111111111, 0.1111111111111111, 0.1111111111111111, 0.1111111111111111]","[0.011779969986463324, 0.2529281758598566, 2.1698846295991705e-11, 2.2027521218787993e-38, 3.5500453211143065e-67, 2.0954051484461112e-87, 1.0241187564916156e-36, 0.7352918541319812, 4.327324492832626e-196]","[0.08728864830029946, 0.2209130498352521, 0.007296609442609671, 0.0023698828127553216, 0.001161957534828712, 0.0007725444547271512, 0.0033160239263164736, 0.6764150240861856, 0.0004662596070255114]","[0.006040313000633971, 0.017233117318767317, 0.0007642728316869146, 0.00016887581281945557, 6.462649526427992e-05, 4.028298405942685e-05, 0.00022215778493016894, 0.03581647157713258, 2.999081024945526e-05]",0.6260999297364229,1.87030202727464,0.896998758699108,2.4522323150175116
RACE_ONLINE,mixed_interleaved,mixed,24,1,37883,LFU_DECAY,0.614108798754355,"[0.1111111111111111, 0.1111111111111111, 0.1111111111111111, 0.1111111111111111, 0.1111111111111111, 0.1111111111111111, 0.1111111111111111, 0.1111111111111111, 0.1111111111111111]","[1.7399767612801824e-10, 0.10808771802056194, 0.0022811409101672433, 4.591135758215701e-21, 6.519828554917917e-44, 1.0319321390825101e-62, 1.0662976035552228e-08, 0.889631130232297, 1.1780307807904833e-168]","[0.011521621757847008, 0.3029989352787582, 0.04877224473556734, 0.0028259463051490932, 0.001259784382510355, 0.0008400420860671708, 0.016922938364341233, 0.614108798754355, 0.000749688335404453]","[0.0010770946277691203, 0.028387792974005024, 0.0025750470889406496, 0.00016921977042661063, 7.646542263594564e-05, 4.965019613836299e-05, 0.0023930400803529486, 0.04233850702010411, 5.567195303417422e-05]",0.3583923365793616,1.4310269545770808,0.9653365245370695,2.625671110569229
RACE_ONLINE,mixed_interleaved,mixed,24,2,36103,LFU_DECAY,0.5332284571248458,"[0.1111111111111111, 0.1111111111111111, 0.1111111111111111, 0.1111111111111111, 0.1111111111111111, 0.1111111111111111, 0.1111111111111111, 0.1111111111111111, 0.1111111111111111]","[9.119221925794263e-09, 0.39163726912627206, 5.200435952089996e-07, 1.001490472274346e-25, 1.2135205672445466e-46, 7.011481789592574e-58, 5.8058040844806296e-05, 0.608304143670066, 1.782445613920549e-157]","[0.018882940516718634, 0.38170937464784194, 0.011907075370780722, 0.002003942488517378, 0.0010847166891299002, 0.0008971841193916601, 0.04956972939341792, 0.5332284571248458, 0.0007165796493574392]","[0.001695537492093613, 0.0393092203311301, 0.001020836440542235, 0.0001081989145053802, 6.225525909632802e-05, 5.348392102771774e-05, 0.005182375631527177, 0.03979715837876513, 5.619132656503516e-05]",0.6700782892203958,1.9543903223413543,1.0108952999096033,2.7480602520705544
RACE_ONLINE,mixed_interleaved,mixed,24,3,35933,MARKOV_H4,0.6352147674739727,"[0.1111111111111111, 0.1111111111111111, 0.1111111111111111, 0.1111111111111111, 0.1111111111111111, 0.1111111111111111, 0.1111111111111111, 0.1111111111111111, 0.1111111111111111]","[6.106278346854071e-15, 0.03234026495192655, 0.4563565431069795, 7.560620338832078e-19, 3.208704298326144e-42, 3.622041111475875e-51, 0.5112744574432295, 2.873449785837668e-05, 2.0357578781194877e-179]","[0.01151803288567302, 0.16229423030196993, 0.6352147674739727, 0.0029886552181318136, 0.0011198143934896814, 0.0007899063530532604, 0.15703531551723773, 0.028612497802309483, 0.00042678005416024343]","[0.001555277443421554, 0.02078410623852183, 0.0783925783305171, 0.00016213894300043825, 7.215919953229468e-05, 5.065856591361752e-05, 0.029600550471200957, 0.002048912000847347, 2.88019154109697e-05]",0.8122650456104483,2.2530053715196514,1.0611160633933474,2.889594160565884
RACE_ONLINE,mixed_interleaved,mixed,24,4,30215,LFU_DECAY,0.5045638973455044,"[0.1111111111111111, 0.1111111111111111, 0.1111111111111111, 0.1111111111111111, 0.1111111111111111, 0.1111111111111111, 0.1111111111111111, 0.1111111111111111, 0.1111111111111111]","[2.1655521504438993e-07, 0.18452976531164006, 0.2810563076630884, 1.8636762743283017e-10, 1.2254977251115878e-19, 2.0627828915474113e-32, 5.8740300403281755e-05, 0.5343549699832856, 6.186273066571858e-113]","[0.011966911599823842, 0.14181040668568518, 0.30321178063698473, 0.005498729651995245, 0.0028496793527112443, 0.0015223079506031646, 0.027618606257819082, 0.5045638973455044, 0.0009576805188680871]","[0.0008301300874367124, 0.007248328844304104, 0.02854730100211389, 0.00027164612980809305, 0.0001531715768074164, 9.839395259557042e-05, 0.0027734482038781483, 0.04287284455377727, 7.24626359206534e-05]",1.0040149414653998,2.729217509255873,1.197911534964546,3.3131902102458954
RACE_ONLINE,mixed_interleaved,mixed,24,5,28753,LFU_DECAY,0.39936131388131163,"[0.1111111111111111, 0.1111111111111111, 0.1111111111111111, 0.1111111111111111, 0.1111111111111111, 0.1111111111111111, 0.1111111111111111, 0.1111111111111111, 0.1111111111111111]","[9.432777866402632e-06, 0.07211527707847859, 0.3404297915048856, 1.6138623975736698e-06, 1.809494084994601e-20, 6.7121401855566e-31, 0.05678480170638942, 0.5306590830699823, 1.940465806588845e-102]","[0.024422785373151283, 0.09871722269329229, 0.24230162800044716, 0.00454286207937051, 0.0017377256131610147, 0.0013359534082330849, 0.22668592291651693, 0.39936131388131163, 0.0008945860345149748]","[0.002172099571379127, 0.007074654906119264, 0.04301223549897507, 0.00017231743171699766, 0.00011012957842175543, 9.053360134068933e-05, 0.0243070603536504, 0.034219459372078403, 6.552530671699178e-05]",1.0557167830927252,2.874034475089525,1.4164060759366761,4.122278629693449
RACE_ONLINE,mixed_interleaved,mixed,24,6,27850,MARKOV_H4,0.43407321497790663,"[0.1111111111111111, 0.1111111111111111, 0.1111111111111111, 0.1111111111111111, 0.1111111111111111, 0.1111111111111111, 0.1111111111111111, 0.1111111111111111, 0.1111111111111111]","[1.967942220921503e-09, 0.00046646869819598415, 0.3209638286162981, 0.0008790797728909063, 2.8451450192263328e-15, 3.1194584496970987e-38, 0.6774658933494145, 0.00022472759525551987, 2.3844922099664422e-116]","[0.00994520231314297, 0.039517270496910555, 0.43407321497790663, 0.04716335521479219, 0.005324766079593434, 0.0014742492968706062, 0.4263394272790052, 0.03534266863204274, 0.0008198457097364595]","[0.0005832043044405187, 0.002380059501087198, 0.07591274226019981, 0.0019726660891055737, 0.0003017783148250945, 9.021152924888851e-05, 0.06078597029525165, 0.0029162825090113488, 5.473584438417434e-05]",0.6402060857232745,1.8968717572144342,1.2047469625078056,3.3359148597321933
RACE_ONLINE,mixed_interleaved,mixed,24,7,29128,MARKOV_H4,0.656115896491163,"[0.1111111111111111, 0.1111111111111111, 0.1111111111111111, 0.1111111111111111, 0.1111111111111111, 0.1111111111111111, 0.1111111111111111, 0.1111111111111111, 0.1111111111111111]","[1.1091138342782595e-21, 1.0810940518984457e-07, 0.640309551133125, 3.7542666791200006e-06, 8.848840042984012e-23, 3.617482226165145e-37, 0.3554325256799636, 0.0042540608108271715, 1.1649590067169178e-112]","[0.003558934518134065, 0.01829358820003958, 0.656115896491163, 0.01781048500022609, 0.002544592614230391, 0.0013789431788884573, 0.23558914394407143, 0.06386662000403316, 0.000841796049218849]","[0.00024634240668922877, 0.0016247071931929718, 0.059346941114102936, 0.0011637910459944903, 0.0001314601808654433, 7.518784089851958e-05, 0.031272752617016834, 0.008468718539283547, 5.961549802335334e-05]",0.6763940295361136,1.9667728052059932,0.9880223878439846,2.6859175135161304
RACE_ONLINE,mixed_interleaved,mixed,24,8,29125,GATE_EWMA,0.47148170221584557,"[0.1111111111111111, 0.1111111111111111, 0.1111111111111111, 0.1111111111111111, 0.1111111111111111, 0.1111111111111111, 0.1111111111111111, 0.1111111111111111, 0.1111111111111111]","[4.9573586854527866e-14, 0.00043433079256637513, 0.531392204439031, 1.1173016605314786e-06, 7.534977061857092e-26, 1.196890828494622e-43, 0.46817229580470093, 5.166199163663664e-08, 2.4934085012105216e-116]","[0.004907642632475662, 0.03807963776228139, 0.443286049901672, 0.01395281835277472, 0.002454985640843629, 0.001295256623618633, 0.47148170221584557, 0.023726051012071595, 0.0008158558584130915]","[0.0002470302562736484, 0.0032652655451655185, 0.04979045595134285, 0.0007709775933542599, 0.00014410142579232847, 7.289957898481084e-05, 0.03742247368477958, 0.002513342765732178, 5.556632621195641e-05]",0.6946587753638054,2.003025475678297,1.043205612031554,2.8383009384419946
RACE_ONLINE,mixed_interleaved,mixed,24,9,29236,GATE_EWMA,0.48728785716822026,"[0.1111111111111111, 0.1111111111111111, 0.1111111111111111, 0.1111111111111111, 0.1111111111111111, 0.1111111111111111, 0.1111111111111111, 0.1111111111111111, 0.1111111111111111]","[5.429771456770113e-06, 0.2636338181550624, 9.512641997998377e-05, 3.678016639395349e-16, 7.4516893651989306e-31, 4.881376927723761e-43, 0.7361087187873149, 0.00015690686618567538, 6.06604143392129e-125]","[0.026075497964507467, 0.40622304100618495, 0.03146490764263463, 0.004041177811451499, 0.0015595620770574585, 0.0010768923566228644, 0.48728785716822026, 0.04138282717194544, 0.0008882368013750894]","[0.001977420907962479, 0.041940006924960416, 0.0014169074718384856, 0.00018750447685862178, 7.440246092222222e-05, 5.717717847058062e-05, 0.03928717410790972, 0.003573544343968553, 6.012620363918339e-05]",0.579323401011285,1.7848304076737023,1.0979347079201602,2.997967946274139
RACE_ONLINE,mixed_interleaved,mixed,24,10,31402,MARKOV_H4,0.468791868358822,"[0.1111111111111111, 0.1111111111111111, 0.1111111111111111, 0.1111111111111111, 0.1111111111111111, 0.1111111111111111, 0.1111111111111111, 0.1111111111111111, 0.1111111111111111]","[1.0001236862508372e-14, 0.3785532062512348, 0.4798698648762673, 6.780342870545389e-20, 5.614439588485751e-53, 2.830752413819615e-81, 2.3063882551885562e-05, 0.14155386498993597, 1.7060129105090625e-143]","[0.008618006205663538, 0.2806276471200947, 0.468791868358822, 0.004027145109138458, 0.0010807072534349319, 0.0006792807501893904, 0.03244876927901043, 0.20313424851318168, 0.0005923274104682066]","[0.0008942461530679882, 0.010300551566669106, 0.04657407102876898, 0.00024691041609415493, 6.912999384980796e-05, 4.5164028011398393e-05, 0.0032531715442371736, 0.038124828058711174, 3.989150632806416e-05]",0.997060553862915,2.710303317385406,1.2266825807223531,3.409898688450843
RACE_ONLINE,mixed_interleaved,mixed,24,11,29488,MARKOV_H4,0.6441126019323566,"[0.1111111111111111, 0.1111111111111111, 0.1111111111111111, 0.1111111111111111, 0.1111111111111111, 0.1111111111111111, 0.1111111111111111, 0.1111111111111111, 0.1111111111111111]","[3.7370431302373e-20, 1.065332857359464e-07, 0.5837872466268729, 6.126047805275872e-11, 6.715375827168925e-32, 1.4908481274811542e-47, 0.25152827227216096, 0.16468437450642, 3.7298319642336396e-126]","[0.00482649228242146, 0.022808962078137648, 0.6441126019323566, 0.010990921211347702, 0.0024784620387954667, 0.001375632241116537, 0.17131568273817394, 0.14149002461425003, 0.0006012208633922794]","[0.0003163418629922465, 0.002507485126386902, 0.035696649124180135, 0.0011106625479404115, 0.0001752656550582086, 8.11740532335732e-05, 0.014621144186775972, 0.012809016486274832, 3.529882761175536e-05]",0.9584114407166314,2.60755093233559,1.0522088370931932,2.8639701801723327
RACE_ONLINE,mixed_interleaved,mixed,24,12,30448,LFU_DECAY,0.46623202280230525,"[0.1111111111111111, 0.1111111111111111, 0.1111111111111111, 0.1111111111111111, 0.1111111111111111, 0.1111111111111111, 0.1111111111111111, 0.1111111111111111, 0.1111111111111111]","[4.450484976711887e-13, 0.7925932606839912, 0.003183870379915921, 1.437840864490964e-17, 1.5665626305506377e-44, 3.4978034349269143e-66, 2.0848319588284163e-09, 0.20422286685081587, 4.6015198981490504e-128]","[0.008967764307459516, 0.4293310190991384, 0.07380755207125295, 0.004014625272363848, 0.0010182708900742686, 0.0006788730894258669, 0.015234023898333438, 0.46623202280230525, 0.0007158485696441987]","[0.0008987924267139887, 0.032132182773753765, 0.0053053047230416425, 0.0002406256262270511, 5.5791595859720175e-05, 3.8456629307055034e-05, 0.0021655967270695978, 0.03876596884507605, 4.292346314151617e-05]",0.5269575138098292,1.693771185835197,1.0564655112676755,2.876187151460964
RACE_ONLINE,mixed_interleaved,mixed,24,13,31125,LFU_DECAY,0.5971795851633169,"[0.1111111111111111, 0.1111111111111111, 0.1111111111111111, 0.1111111111111111, 0.1111111111111111, 0.1111111111111111, 0.1111111111111111, 0.1111111111111111, 0.1111111111111111]","[7.236908333993965e-07, 0.47683769365613, 8.089159595327789e-07, 2.528681818631751e-23, 1.412138854826059e-40, 9.286666762531606e-57, 1.7905224138881458e-05, 0.5231428685129382, 5.605599559657258e-146]","[0.01811378837269167, 0.34324104047854903, 0.012367638143912955, 0.0019517665779899157, 0.0010111729927629457, 0.0007698548223908238, 0.024648231779961508, 0.5971795851633169, 0.0007169216684245692]","[0.0017568757829871159, 0.018984663183070738, 0.0007905629054401303, 9.906583960641072e-05, 6.740462985200023e-05, 5.100500162477711e-05, 0.0038395657262605817, 0.025756689101883556, 4.857888000272651e-05]",0.6922979469066706,1.9983022536871367,0.9230212660231355,2.516883087737997
RACE_ONLINE,mixed_interleaved,mixed,24,14,32147,LFU_DECAY,0.5069039904995132,"[0.1111111111111111, 0.1111111111111111, 0.1111111111111111, 0.1111111111111111, 0.1111111111111111, 0.1111111111111111, 0.1111111111111111, 0.1111111111111111, 0.1111111111111111]","[1.0982664684154025e-05, 0.48035062762306197, 8.489058283840801e-14, 7.761379693151087e-44, 7.804234939784095e-74, 2.914796425288179e-94, 4.993644157241935e-07, 0.5196378903477533, 8.524702698210554e-134]","[0.027387576791187414, 0.43333367248432814, 0.008814945387395022, 0.001288816406689066, 0.0007024599612409805, 0.0005518920525492601, 0.020325002236508554, 0.5069039904995132, 0.0006916441805920874]","[0.0022059296699434875, 0.02732755214834659, 0.0007894177945302404, 8.490478063702288e-05, 4.347493144325986e-05, 3.419322459346283e-05, 0.002153581328002039, 0.028911863731089116, 4.4606872451180846e-05]",0.6925114106671293,1.998728864332078,0.9490529468697486,2.583262014097046
RACE_ONLINE,mixed_interleaved,mixed,24,15,29522,LFU_DECAY,0.6873273395220427,"[0.1111111111111111, 0.1111111111111111, 0.1111111111111111, 0.1111111111111111, 0.1111111111111111, 0.1111111111111111, 0.1111111111111111, 0.1111111111111111, 0.1111111111111111]","[0.00510817244193208, 0.36635240176903516, 1.3759654122842593e-07, 8.316850435993092e-24, 8.463347629325627e-46, 1.0183645520357399e-62, 5.668025588141199e-12, 0.6285392881868236, 7.03730935056771e-131]","[0.05116611412124761, 0.23274016498460043, 0.009942183766456959, 0.0024420644100779138, 0.001026023533979298, 0.0007138686951373212, 0.01376409341348382, 0.6873273395220427, 0.0008781475529728146]","[0.0034559915333123637, 0.022862646023622882, 0.0007805583327154748, 0.00011692396578006354, 5.3017796340925735e-05, 4.02901073658472e-05, 0.0017811942192000384, 0.03893856177777988, 6.0217429545123764e-05]",0.6867002820293473,1.9871476762668276,0.887039969771417,2.427932251427286
RACE_ONLINE,mixed_interleaved,mixed,32,0,32044,LFU_DECAY,0.7042684773876594,"[0.1111111111111111, 0.1111111111111111, 0.1111111111111111, 0.1111111111111111, 0.1111111111111111, 0.1111111111111111, 0.1111111111111111, 0.1111111111111111, 0.1111111111111111]","[0.00011999893070256768, 0.2281876910147078, 4.1950792017669076e-07, 5.185681251093224e-24, 2.8461321027242184e-44, 1.736809018340963e-60, 1.787697757883588e-26, 0.7716918905466694, 2.1337399237070564e-136]","[0.03241768506639219, 0.23858897671648485, 0.009679598164545654, 0.003879122685204621, 0.0021250809291755044, 0.0013401250261701526, 0.007053677713182852, 0.7042684773876594, 0.0006472563111852092]","[0.0019445382286514192, 0.0169698094532282, 0.0007583184622691748, 0.0003264214793006464, 0.00013808653759142734, 7.259912320569458e-05, 0.0005747078774192973, 0.024497019488660454, 3.9662364755412886e-05]",0.5382559509789933,1.7130166703753138,0.8280458954772519,2.2888417314379583
RACE_ONLINE,mixed_interleaved,mixed,32,1,34026,LFU_DECAY,0.6271673240703611,"[0.1111111111111111, 0.1111111111111111, 0.1111111111111111, 0.1111111111111111, 0.1111111111111111, 0.1111111111111111, 0.1111111111111111, 0.1111111111111111, 0.1111111111111111]","[1.4352801230204868e-09, 0.07187518826061008, 0.03210348241871372, 8.409270523998389e-12, 6.120715339724614e-26, 4.080054379864632e-39, 1.496772820603732e-05, 0.8960063601487808, 1.6981293287760627e-118]","[0.010972599112113363, 0.20756509491433425, 0.12199569274336051, 0.004501983174638445, 0.0019977292419865963, 0.0012772011570166256, 0.023591047937302174, 0.6271673240703611, 0.0009313276488867997]","[0.0008163520521963644, 0.011591457830223861, 0.006875420175244347, 0.00022644444860254434, 0.00010724282216595618, 6.94759367252839e-05, 0.003742691148543061, 0.03706196775506204, 6.849943961238673e-05]",0.3981866645011576,1.4891219701754055,1.0652650595319997,2.901607980993637
RACE_ONLINE,mixed_interleaved,mixed,32,2,30255,LFU_DECAY,0.5453299021460214,"[0.1111111111111111, 0.1111111111111111, 0.1111111111111111, 0.1111111111111111, 0.1111111111111111, 0.1111111111111111, 0.1111111111111111, 0.1111111111111111, 0.1111111111111111]","[2.8600266734782004e-08, 0.39903112519422, 0.03442380845535053, 4.445298028907316e-12, 3.427527469401586e-25, 4.1026741523701656e-34, 0.0007104016913759367, 0.5658346360543416, 6.038603309459471e-108]","[0.01630901761928117, 0.3113426390288089, 0.06719804746183561, 0.0036934652609645264, 0.0018005234701522481, 0.0014333453096579075, 0.052035995912811786, 0.5453299021460214, 0.0008570637904634529]","[0.0011479612643584508, 0.02586530867821764, 0.001311751886555702, 0.00020782540848018555, 0.00010032265162120274, 8.109296235426177e-05, 0.006675865834154613, 0.03360517019127435, 6.460555655157509e-05]",0.8099374111231668,2.2477672970432097,1.1438462859564056,3.1388179686934152
RACE_ONLINE,mixed_interleaved,mixed,32,3,29578,MARKOV_H4,0.5911583637001825,"[0.1111111111111111, 0.1111111111111111, 0.1111111111111111, 0.1111111111111111, 0.1111111111111111, 0.1111111111111111, 0.1111111111111111, 0.1111111111111111, 0.1111111111111111]","[3.4964262464778354e-13, 0.001731349627262359, 0.3931453097585472, 1.7455621532658147e-09, 1.5905693609295267e-24, 1.8150291033873507e-31, 0.5954486810844576, 0.009674657783820937, 7.99979573805404e-126]","[0.010563714977036764, 0.06018682844485835, 0.5911583637001825, 0.011792452197659056, 0.002270591394332857, 0.0015018637247733468, 0.26501994959053937, 0.05689648843605136, 0.0006097475345656078]","[0.0012299760205239344, 0.0065161789802967735, 0.05214167620428806, 0.0004789524462390181, 0.00011097368081742443, 7.57214869914273e-05, 0.02212784515478604, 0.003703389650656512, 3.918370434331777e-05]",0.7316183507928674,2.0784415348668706,1.123456864638991,3.0754673229021527
RACE_ONLINE,mixed_interleaved,mixed,32,4,21899,MARKOV_H4,0.43977458298507294,"[0.1111111111111111, 0.1111111111111111, 0.1111111111111111, 0.1111111111111111, 0.1111111111111111, 0.1111111111111111, 0.1111111111111111, 0.1111111111111111, 0.1111111111111111]","[3.515818564788084e-10, 0.0005838204650821637, 0.4282387327144143, 3.173793505148214e-05, 3.6336728181293406e-09, 1.5945284938132867e-15, 0.01285267097401533, 0.5582930339261805, 8.730933977206772e-76]","[0.007211286324680942, 0.03383602576980519, 0.43977458298507294, 0.01922822925075503, 0.008215119392957979, 0.0034693533660780655, 0.06057797390462575, 0.4265283347448225, 0.001159094261198268]","[0.0005009699770531394, 0.001739482079001571, 0.051206909115793425, 0.0007352190604272861, 0.0003335860023017359, 0.00017426959233982742, 0.0038058012542661035, 0.03346469245714784, 8.562457337586535e-05]",0.7492303624846499,2.1153713208129825,1.187610292054026,3.2792354216048274
RACE_ONLINE,mixed_interleaved,mixed,32,5,19744,GATE_EWMA,0.4752929658630639,"[0.1111111111111111, 0.1111111111111111, 0.1111111111111111, 0.1111111111111111, 0.1111111111111111, 0.1111111111111111, 0.1111111111111111, 0.1111111111111111, 0.1111111111111111]","[2.8428618199596154e-07, 0.007165868779939164, 0.3222582417965432, 0.04567707055889915, 2.4566914717177164e-07, 1.0910056325354935e-12, 0.5863711371964344, 0.038527151711764, 7.366055808681423e-66]","[0.011877885601761336, 0.03996335887485316, 0.2466776707444899, 0.10382642863566582, 0.007364504692078757, 0.003715265273222103, 0.4752929658630639, 0.11022107291084732, 0.00106084740401301]","[0.0007882589329577366, 0.001661232875868973, 0.022705718697714684, 0.004106000751587596, 0.00029530298493566905, 0.00021669335707548534, 0.027820797505760664, 0.009010887683306948, 6.539955156168953e-05]",0.9797545307105427,2.6638022800159877,1.4225901126598774,4.147849937584164
RACE_ONLINE,mixed_interleaved,mixed,32,6,18170,GATE_EWMA,0.4754264691197475,"[0.1111111111111111, 0.1111111111111111, 0.1111111111111111, 0.1111111111111111, 0.1111111111111111, 0.1111111111111111, 0.1111111111111111, 0.1111111111111111, 0.1111111111111111]","[9.102649403575681e-12, 1.0783054131766579e-05, 0.21230943942364927, 0.24386815382718377, 3.0195399263656123e-06, 1.2364860846240949e-17, 0.5437866512523633, 2.1952893642803517e-05, 1.2917722302976142e-69]","[0.004154947394977543, 0.012648661510618863, 0.21067313993389547, 0.2361159739198996, 0.0225375041493717, 0.0049420157268969655, 0.4754264691197475, 0.03253783181521306, 0.0009634564293810092]","[0.0002049031398861525, 0.0005104370227436063, 0.01105881052538521, 0.009695324651573807, 0.0018174011065175345, 0.00033548016394800554, 0.03438737631487432, 0.0029669289874579004, 5.915220638754499e-05]",1.0048183196587062,2.7314109840645378,1.330352371589147,3.7823759546014855
RACE_ONLINE,mixed_interleaved,mixed,32,7,19743,MARKOV_H4,0.37308827271548345,"[0.1111111111111111, 0.1111111111111111, 0.1111111111111111, 0.1111111111111111, 0.1111111111111111, 0.1111111111111111, 0.1111111111111111, 0.1111111111111111, 0.1111111111111111]","[5.046927126885764e-19, 1.6277578124732252e-08, 0.39374730476978675, 0.2086478323418737, 3.5179818265948874e-09, 4.351084771996602e-19, 0.39656717011953696, 0.00103767297324263, 1.0734059733142904e-71]","[0.0031257436282104466, 0.011534064287128786, 0.37308827271548345, 0.248875208829047, 0.009170611969255166, 0.0033011307003879354, 0.30285890932393383, 0.04698404522356748, 0.0010620133229875485]","[0.0001701279560828897, 0.0007258502118295696, 0.019204515735579658, 0.006917169813642855, 0.0004974977882221242, 0.00019597458551726438, 0.021008951939602644, 0.004471677345259837, 6.838025065264195e-05]",1.0678830063731488,2.909214188420899,1.3580746036173972,3.888698802562143
RACE_ONLINE,mixed_interleaved,mixed,32,8,21232,GATE_EWMA,0.46312198678132693,"[0.1111111111111111, 0.1111111111111111, 0.1111111111111111, 0.1111111111111111, 0.1111111111111111, 0.1111111111111111, 0.1111111111111111, 0.1111111111111111, 0.1111111111111111]","[7.470650728250416e-17, 5.326860662453373e-06, 0.5901511763089498, 3.291191361158997e-05, 2.902832071828272e-16, 9.265834672905819e-27, 0.4098103824493132, 2.024674626927926e-07, 5.547291823216199e-79]","[0.004807941376247208, 0.02520106546450088, 0.4508187623267639, 0.023700888573610645, 0.004189211872112804, 0.0023167117104693196, 0.46312198678132693, 0.02475750259401909, 0.0010859293009441275]","[0.0002767926757324685, 0.002160016733648132, 0.04241073417546792, 0.0008039946413076911, 0.00022705212964078045, 0.00013175372411794478, 0.032405993775718095, 0.0024957179214199496, 7.063150841392741e-05]",0.6772151370757871,1.9683884003830912,1.0587507838749786,2.8827675392978858
RACE_ONLINE,mixed_interleaved,mixed,32,9,22214,GATE_EWMA,0.4928133512856257,"[0.1111111111111111, 0.1111111111111111, 0.1111111111111111, 0.1111111111111111, 0.1111111111111111, 0.1111111111111111, 0.1111111111111111, 0.1111111111111111, 0.1111111111111111]","[9.763036382381204e-08, 0.40415581344552465, 0.03237446016148436, 1.0817121875971586e-10, 2.9374065075618644e-20, 1.769144934950446e-28, 0.5633779752207151, 9.165343374072878e-05, 1.6963688947671518e-82]","[0.016888238814310997, 0.3132873828781571, 0.12871600775428935, 0.005692784590771968, 0.002285073683982375, 0.0015524496767936307, 0.4928133512856257, 0.03767145973158045, 0.0010932515844821037]","[0.0014611154560677023, 0.01729979546721977, 0.006376330542489508, 0.00024412167817942896, 0.00010616852627966484, 7.817853333119568e-05, 0.03637707146094943, 0.0028804982380844497, 7.431531759407506e-05]",0.8013263279028398,2.22849468391595,1.2294835261178727,3.419463016809272
RACE_ONLINE,mixed_interleaved,mixed,32,10,24858,MARKOV_H4,0.6386460650141617,"[0.1111111111111111, 0.1111111111111111, 0.1111111111111111, 0.1111111111111111, 0.1111111111111111, 0.1111111111111111, 0.1111111111111111, 0.1111111111111111, 0.1111111111111111]","[2.1256474940929312e-15, 0.005693994745713964, 0.782062561278383, 1.1592828920319589e-11, 8.465296681596031e-35, 6.621966786853314e-56, 0.060092066832315744, 0.1521513771319921, 2.5854779181937584e-99]","[0.0064283007008707396, 0.08305093619034858, 0.6386460650141617, 0.010361855049920588, 0.0018298733539183942, 0.0009734310823470416, 0.10146541162050059, 0.1564925095521904, 0.0007516174357433038]","[0.0005497053221849051, 0.007034183870537394, 0.04475284476699343, 0.0007516514814163095, 0.00010039710640447401, 5.631780718278214e-05, 0.006473713681428633, 0.00931274643035657, 4.843535521368992e-05]",0.677129774214536,1.9682203802886211,1.1189237869232662,3.06155754139465
RACE_ONLINE,mixed_interleaved,mixed,32,11,22594,MARKOV_H4,0.6733783134010733,"[0.1111111111111111, 0.1111111111111111, 0.1111111111111111, 0.1111111111111111, 0.1111111111111111, 0.1111111111111111, 0.1111111111111111, 0.1111111111111111, 0.1111111111111111]","[6.73224083260727e-21, 1.3011634387336078e-08, 0.7262426174954758, 0.002125407825887522, 5.562649691481751e-19, 2.3121016694646773e-33, 0.26824322331838524, 0.0033887383486169843, 2.4638177223071274e-88]","[0.005073984781728083, 0.023857273067633984, 0.6733783134010733, 0.04291749093348961, 0.003349720276576852, 0.0017431329447852206, 0.18514148329531752, 0.06364519926312133, 0.0008934020362763346]","[0.0003456010448318679, 0.0026426982988101274, 0.03340055243017659, 0.0025274561574537124, 0.00023481646360657378, 0.00011431905674762444, 0.015228323208501232, 0.005887347637864786, 5.6732875668367005e-05]",0.6176272067346782,1.854522418791314,1.041349327899772,2.8330371325199435
RACE_ONLINE,mixed_interleaved,mixed,32,12,23449,MARKOV_H4,0.4370774339838168,"[0.1111111111111111, 0.1111111111111111, 0.1111111111111111, 0.1111111111111111, 0.1111111111111111, 0.1111111111111111, 0.1111111111111111, 0.1111111111111111, 0.1111111111111111]","[1.5244957577730964e-13, 0.06694399761947804, 0.6359455571598944, 6.001390922627634e-08, 4.854538947013432e-26, 3.71051414862293e-42, 8.757926491741472e-05, 0.29702280594164837, 5.2381867471067845e-87]","[0.006323772878244469, 0.13891391631130756, 0.4370774339838168, 0.011403341759219827, 0.00185359711305811, 0.0010949778683171962, 0.02922374400713722, 0.3732808461497319, 0.0008283699291674706]","[0.0005582624427897554, 0.006486238759456194, 0.03273821721978323, 0.0007888086224225068, 0.0001022317382232053, 6.395469101291775e-05, 0.0037206671976457873, 0.036560140262184515, 5.1425752653533956e-05]",0.8302546732371716,2.293902861548504,1.2150678622280096,3.370522787746612
RACE_ONLINE,mixed_interleaved,mixed,32,13,24158,LFU_DECAY,0.5168926727535383,"[0.1111111111111111, 0.1111111111111111, 0.1111111111111111, 0.1111111111111111, 0.1111111111111111, 0.1111111111111111, 0.1111111111111111, 0.1111111111111111, 0.1111111111111111]","[2.888194693398618e-09, 0.32548978144673124, 0.02355123422939567, 7.083512760344427e-12, 9.34482538262556e-23, 4.3491428224150066e-35, 0.052853865808644755, 0.5981051156199503, 1.0154826633988859e-96]","[0.010653419908169854, 0.30679407712213513, 0.06758151241696872, 0.004738853347926982, 0.0019240120333604727, 0.0012268739351792605, 0.08927024557930101, 0.5168926727535383, 0.0009183329034225762]","[0.0007169125595207968, 0.01690481793821362, 0.0018584751852057414, 0.0002058972605170673, 9.849162420492713e-05, 7.103162010408403e-05, 0.005184658363856705, 0.021378456653917466, 6.224823625752532e-05]",0.9164428192402942,2.5003802473300225,1.2018129299374845,3.326141521539396
RACE_ONLINE,mixed_interleaved,mixed,32,14,24976,MARKOV_H2,0.46210270647159424,"[0.1111111111111111, 0.1111111111111111, 0.1111111111111111, 0.1111111111111111, 0.1111111111111111, 0.1111111111111111, 0.1111111111111111, 0.1111111111111111, 0.1111111111111111]","[1.1976976850341919e-08, 0.5850822177647175, 3.3875858619619086e-06, 7.121326287366381e-25, 3.736009306744878e-46, 1.3594618143390267e-61, 0.0022035648899776696, 0.41271081778246593, 8.836338260189411e-91]","[0.01573708224017496, 0.46210270647159424, 0.019044383235318155, 0.0023546643532352607, 0.001114240928572623, 0.0008594885050799035, 0.05762354719764042, 0.44025134734586097, 0.0009125397225217308]","[0.0014152018575839384, 0.025602137656693447, 0.0017872732173961382, 0.00013283600156030947, 7.045534370354258e-05, 5.4786068562658365e-05, 0.004482893673690666, 0.021526921322577497, 6.032095166867044e-05]",0.6923817824736702,1.9984697895122434,1.057412753440017,2.87891288798886
RACE_ONLINE,mixed_interleaved,mixed,32,15,22062,LFU_DECAY,0.6251505635196749,"[0.1111111111111111, 0.1111111111111111, 0.1111111111111111, 0.1111111111111111, 0.1111111111111111, 0.1111111111111111, 0.1111111111111111, 0.1111111111111111, 0.1111111111111111]","[1.7397346239305184e-05, 0.5277238726202834, 0.029410264642590955, 1.726545299553775e-10, 8.399312622837895e-24, 2.4588627574080613e-36, 3.2484092589255262e-06, 0.44284521680897293, 9.996631438560294e-86]","[0.021141646491685963, 0.27048814063246274, 0.04706366048874189, 0.0064241023042313225, 0.002142006051987291, 0.001333083952071336, 0.025291062346873627, 0.6251505635196749, 0.0009657342122662161]","[0.001396584028525762, 0.019951652864707126, 0.0012406495801575478, 0.00034636680973293914, 0.00010552299790237743, 7.29555734801941e-05, 0.003047610921811095, 0.03187951710092235, 6.5061414341846e-05]",0.801968980112669,2.229927291233985,1.0268392385743257,2.792226311029912
RACE_COST,mixed_interleaved,mixed,8,0,0,MARKOV_H1,0.1111111111111111,"[0.1111111111111111, 0.1111111111111111, 0.1111111111111111, 0.1111111111111111, 0.1111111111111111, 0.1111111111111111, 0.1111111111111111, 0.1111111111111111, 0.1111111111111111]","[0.1111111111111111, 0.1111111111111111, 0.1111111111111111, 0.1111111111111111, 0.1111111111111111, 0.1111111111111111, 0.1111111111111111, 0.1111111111111111, 0.1111111111111111]","[0.1111111111111111, 0.1111111111111111, 0.1111111111111111, 0.1111111111111111, 0.1111111111111111, 0.1111111111111111, 0.1111111111111111, 0.1111111111111111, 0.1111111111111111]","[0.0, 0.0, 0.0, 0.0, 0.0, 0.0, 0.0, 0.0, 0.0]",2.1972245773362196,9.000000000000002,2.1972245773362196,9.000000000000002
RACE_COST,mixed_interleaved,mixed,8,1,0,MARKOV_H1,0.1111111111111111,"[0.1111111111111111, 0.1111111111111111, 0.1111111111111111, 0.1111111111111111, 0.1111111111111111, 0.1111111111111111, 0.1111111111111111, 0.1111111111111111, 0.1111111111111111]","[0.1111111111111111, 0.1111111111111111, 0.1111111111111111, 0.1111111111111111, 0.1111111111111111, 0.1111111111111111, 0.1111111111111111, 0.1111111111111111, 0.1111111111111111]","[0.1111111111111111, 0.1111111111111111, 0.1111111111111111, 0.1111111111111111, 0.1111111111111111, 0.1111111111111111, 0.1111111111111111, 0.1111111111111111, 0.1111111111111111]","[0.0, 0.0, 0.0, 0.0, 0.0, 0.0, 0.0, 0.0, 0.0]",2.1972245773362196,9.000000000000002,2.1972245773362196,9.000000000000002
RACE_COST,mixed_interleaved,mixed,8,2,0,MARKOV_H1,0.1111111111111111,"[0.1111111111111111, 0.1111111111111111, 0.1111111111111111, 0.1111111111111111, 0.1111111111111111, 0.1111111111111111, 0.1111111111111111, 0.1111111111111111, 0.1111111111111111]","[0.1111111111111111, 0.1111111111111111, 0.1111111111111111, 0.1111111111111111, 0.1111111111111111, 0.1111111111111111, 0.1111111111111111, 0.1111111111111111, 0.1111111111111111]","[0.1111111111111111, 0.1111111111111111, 0.1111111111111111, 0.1111111111111111, 0.1111111111111111, 0.1111111111111111, 0.1111111111111111, 0.1111111111111111, 0.1111111111111111]","[0.0, 0.0, 0.0, 0.0, 0.0, 0.0, 0.0, 0.0, 0.0]",2.1972245773362196,9.000000000000002,2.1972245773362196,9.000000000000002
RACE_COST,mixed_interleaved,mixed,8,3,0,MARKOV_H1,0.1111111111111111,"[0.1111111111111111, 0.1111111111111111, 0.1111111111111111, 0.1111111111111111, 0.1111111111111111, 0.1111111111111111, 0.1111111111111111, 0.1111111111111111, 0.1111111111111111]","[0.1111111111111111, 0.1111111111111111, 0.1111111111111111, 0.1111111111111111, 0.1111111111111111, 0.1111111111111111, 0.1111111111111111, 0.1111111111111111, 0.1111111111111111]","[0.1111111111111111, 0.1111111111111111, 0.1111111111111111, 0.1111111111111111, 0.1111111111111111, 0.1111111111111111, 0.1111111111111111, 0.1111111111111111, 0.1111111111111111]","[0.0, 0.0, 0.0, 0.0, 0.0, 0.0, 0.0, 0.0, 0.0]",2.1972245773362196,9.000000000000002,2.1972245773362196,9.000000000000002
RACE_COST,mixed_interleaved,mixed,8,4,0,MARKOV_H1,0.1111111111111111,"[0.1111111111111111, 0.1111111111111111, 0.1111111111111111, 0.1111111111111111, 0.1111111111111111, 0.1111111111111111, 0.1111111111111111, 0.1111111111111111, 0.1111111111111111]","[0.1111111111111111, 0.1111111111111111, 0.1111111111111111, 0.1111111111111111, 0.1111111111111111, 0.1111111111111111, 0.1111111111111111, 0.1111111111111111, 0.1111111111111111]","[0.1111111111111111, 0.1111111111111111, 0.1111111111111111, 0.1111111111111111, 0.1111111111111111, 0.1111111111111111, 0.1111111111111111, 0.1111111111111111, 0.1111111111111111]","[0.0, 0.0, 0.0, 0.0, 0.0, 0.0, 0.0, 0.0, 0.0]",2.1972245773362196,9.000000000000002,2.1972245773362196,9.000000000000002
RACE_COST,mixed_interleaved,mixed,8,5,0,MARKOV_H1,0.1111111111111111,"[0.1111111111111111, 0.1111111111111111, 0.1111111111111111, 0.1111111111111111, 0.1111111111111111, 0.1111111111111111, 0.1111111111111111, 0.1111111111111111, 0.1111111111111111]","[0.1111111111111111, 0.1111111111111111, 0.1111111111111111, 0.1111111111111111, 0.1111111111111111, 0.1111111111111111, 0.1111111111111111, 0.1111111111111111, 0.1111111111111111]","[0.1111111111111111, 0.1111111111111111, 0.1111111111111111, 0.1111111111111111, 0.1111111111111111, 0.1111111111111111, 0.1111111111111111, 0.1111111111111111, 0.1111111111111111]","[0.0, 0.0, 0.0, 0.0, 0.0, 0.0, 0.0, 0.0, 0.0]",2.1972245773362196,9.000000000000002,2.1972245773362196,9.000000000000002
RACE_COST,mixed_interleaved,mixed,8,6,0,MARKOV_H1,0.1111111111111111,"[0.1111111111111111, 0.1111111111111111, 0.1111111111111111, 0.1111111111111111, 0.1111111111111111, 0.1111111111111111, 0.1111111111111111, 0.1111111111111111, 0.1111111111111111]","[0.1111111111111111, 0.1111111111111111, 0.1111111111111111, 0.1111111111111111, 0.1111111111111111, 0.1111111111111111, 0.1111111111111111, 0.1111111111111111, 0.1111111111111111]","[0.1111111111111111, 0.1111111111111111, 0.1111111111111111, 0.1111111111111111, 0.1111111111111111, 0.1111111111111111, 0.1111111111111111, 0.1111111111111111, 0.1111111111111111]","[0.0, 0.0, 0.0, 0.0, 0.0, 0.0, 0.0, 0.0, 0.0]",2.1972245773362196,9.000000000000002,2.1972245773362196,9.000000000000002
RACE_COST,mixed_interleaved,mixed,8,7,0,MARKOV_H1,0.1111111111111111,"[0.1111111111111111, 0.1111111111111111, 0.1111111111111111, 0.1111111111111111, 0.1111111111111111, 0.1111111111111111, 0.1111111111111111, 0.1111111111111111, 0.1111111111111111]","[0.1111111111111111, 0.1111111111111111, 0.1111111111111111, 0.1111111111111111, 0.1111111111111111, 0.1111111111111111, 0.1111111111111111, 0.1111111111111111, 0.1111111111111111]","[0.1111111111111111, 0.1111111111111111, 0.1111111111111111, 0.1111111111111111, 0.1111111111111111, 0.1111111111111111, 0.1111111111111111, 0.1111111111111111, 0.1111111111111111]","[0.0, 0.0, 0.0, 0.0, 0.0, 0.0, 0.0, 0.0, 0.0]",2.1972245773362196,9.000000000000002,2.1972245773362196,9.000000000000002
RACE_COST,mixed_interleaved,mixed,8,8,0,MARKOV_H1,0.1111111111111111,"[0.1111111111111111, 0.1111111111111111, 0.1111111111111111, 0.1111111111111111, 0.1111111111111111, 0.1111111111111111, 0.1111111111111111, 0.1111111111111111, 0.1111111111111111]","[0.1111111111111111, 0.1111111111111111, 0.1111111111111111, 0.1111111111111111, 0.1111111111111111, 0.1111111111111111, 0.1111111111111111, 0.1111111111111111, 0.1111111111111111]","[0.1111111111111111, 0.1111111111111111, 0.1111111111111111, 0.1111111111111111, 0.1111111111111111, 0.1111111111111111, 0.1111111111111111, 0.1111111111111111, 0.1111111111111111]","[0.0, 0.0, 0.0, 0.0, 0.0, 0.0, 0.0, 0.0, 0.0]",2.1972245773362196,9.000000000000002,2.1972245773362196,9.000000000000002
RACE_COST,mixed_interleaved,mixed,8,9,0,MARKOV_H1,0.1111111111111111,"[0.1111111111111111, 0.1111111111111111, 0.1111111111111111, 0.1111111111111111, 0.1111111111111111, 0.1111111111111111, 0.1111111111111111, 0.1111111111111111, 0.1111111111111111]","[0.1111111111111111, 0.1111111111111111, 0.1111111111111111, 0.1111111111111111, 0.1111111111111111, 0.1111111111111111, 0.1111111111111111, 0.1111111111111111, 0.1111111111111111]","[0.1111111111111111, 0.1111111111111111, 0.1111111111111111, 0.1111111111111111, 0.1111111111111111, 0.1111111111111111, 0.1111111111111111, 0.1111111111111111, 0.1111111111111111]","[0.0, 0.0, 0.0, 0.0, 0.0, 0.0, 0.0, 0.0, 0.0]",2.1972245773362196,9.000000000000002,2.1972245773362196,9.000000000000002
RACE_COST,mixed_interleaved,mixed,8,10,0,MARKOV_H1,0.1111111111111111,"[0.1111111111111111, 0.1111111111111111, 0.1111111111111111, 0.1111111111111111, 0.1111111111111111, 0.1111111111111111, 0.1111111111111111, 0.1111111111111111, 0.1111111111111111]","[0.1111111111111111, 0.1111111111111111, 0.1111111111111111, 0.1111111111111111, 0.1111111111111111, 0.1111111111111111, 0.1111111111111111, 0.1111111111111111, 0.1111111111111111]","[0.1111111111111111, 0.1111111111111111, 0.1111111111111111, 0.1111111111111111, 0.1111111111111111, 0.1111111111111111, 0.1111111111111111, 0.1111111111111111, 0.1111111111111111]","[0.0, 0.0, 0.0, 0.0, 0.0, 0.0, 0.0, 0.0, 0.0]",2.1972245773362196,9.000000000000002,2.1972245773362196,9.000000000000002
RACE_COST,mixed_interleaved,mixed,8,11,0,MARKOV_H1,0.1111111111111111,"[0.1111111111111111, 0.1111111111111111, 0.1111111111111111, 0.1111111111111111, 0.1111111111111111, 0.1111111111111111, 0.1111111111111111, 0.1111111111111111, 0.1111111111111111]","[0.1111111111111111, 0.1111111111111111, 0.1111111111111111, 0.1111111111111111, 0.1111111111111111, 0.1111111111111111, 0.1111111111111111, 0.1111111111111111, 0.1111111111111111]","[0.1111111111111111, 0.1111111111111111, 0.1111111111111111, 0.1111111111111111, 0.1111111111111111, 0.1111111111111111, 0.1111111111111111, 0.1111111111111111, 0.1111111111111111]","[0.0, 0.0, 0.0, 0.0, 0.0, 0.0, 0.0, 0.0, 0.0]",2.1972245773362196,9.000000000000002,2.1972245773362196,9.000000000000002
RACE_COST,mixed_interleaved,mixed,8,12,0,MARKOV_H1,0.1111111111111111,"[0.1111111111111111, 0.1111111111111111, 0.1111111111111111, 0.1111111111111111, 0.1111111111111111, 0.1111111111111111, 0.1111111111111111, 0.1111111111111111, 0.1111111111111111]","[0.1111111111111111, 0.1111111111111111, 0.1111111111111111, 0.1111111111111111, 0.1111111111111111, 0.1111111111111111, 0.1111111111111111, 0.1111111111111111, 0.1111111111111111]","[0.1111111111111111, 0.1111111111111111, 0.1111111111111111, 0.1111111111111111, 0.1111111111111111, 0.1111111111111111, 0.1111111111111111, 0.1111111111111111, 0.1111111111111111]","[0.0, 0.0, 0.0, 0.0, 0.0, 0.0, 0.0, 0.0, 0.0]",2.1972245773362196,9.000000000000002,2.1972245773362196,9.000000000000002
RACE_COST,mixed_interleaved,mixed,8,13,0,MARKOV_H1,0.1111111111111111,"[0.1111111111111111, 0.1111111111111111, 0.1111111111111111, 0.1111111111111111, 0.1111111111111111, 0.1111111111111111, 0.1111111111111111, 0.1111111111111111, 0.1111111111111111]","[0.1111111111111111, 0.1111111111111111, 0.1111111111111111, 0.1111111111111111, 0.1111111111111111, 0.1111111111111111, 0.1111111111111111, 0.1111111111111111, 0.1111111111111111]","[0.1111111111111111, 0.1111111111111111, 0.1111111111111111, 0.1111111111111111, 0.1111111111111111, 0.1111111111111111, 0.1111111111111111, 0.1111111111111111, 0.1111111111111111]","[0.0, 0.0, 0.0, 0.0, 0.0, 0.0, 0.0, 0.0, 0.0]",2.1972245773362196,9.000000000000002,2.1972245773362196,9.000000000000002
RACE_COST,mixed_interleaved,mixed,8,14,0,MARKOV_H1,0.1111111111111111,"[0.1111111111111111, 0.1111111111111111, 0.1111111111111111, 0.1111111111111111, 0.1111111111111111, 0.1111111111111111, 0.1111111111111111, 0.1111111111111111, 0.1111111111111111]","[0.1111111111111111, 0.1111111111111111, 0.1111111111111111, 0.1111111111111111, 0.1111111111111111, 0.1111111111111111, 0.1111111111111111, 0.1111111111111111, 0.1111111111111111]","[0.1111111111111111, 0.1111111111111111, 0.1111111111111111, 0.1111111111111111, 0.1111111111111111, 0.1111111111111111, 0.1111111111111111, 0.1111111111111111, 0.1111111111111111]","[0.0, 0.0, 0.0, 0.0, 0.0, 0.0, 0.0, 0.0, 0.0]",2.1972245773362196,9.000000000000002,2.1972245773362196,9.000000000000002
RACE_COST,mixed_interleaved,mixed,8,15,0,MARKOV_H1,0.1111111111111111,"[0.1111111111111111, 0.1111111111111111, 0.1111111111111111, 0.1111111111111111, 0.1111111111111111, 0.1111111111111111, 0.1111111111111111, 0.1111111111111111, 0.1111111111111111]","[0.1111111111111111, 0.1111111111111111, 0.1111111111111111, 0.1111111111111111, 0.1111111111111111, 0.1111111111111111, 0.1111111111111111, 0.1111111111111111, 0.1111111111111111]","[0.1111111111111111, 0.1111111111111111, 0.1111111111111111, 0.1111111111111111, 0.1111111111111111, 0.1111111111111111, 0.1111111111111111, 0.1111111111111111, 0.1111111111111111]","[0.0, 0.0, 0.0, 0.0, 0.0, 0.0, 0.0, 0.0, 0.0]",2.1972245773362196,9.000000000000002,2.1972245773362196,9.000000000000002
RACE_COST,mixed_interleaved,mixed,12,0,40238,LFU_DECAY,0.7881177296091638,"[0.1111111111111111, 0.1111111111111111, 0.1111111111111111, 0.1111111111111111, 0.1111111111111111, 0.1111111111111111, 0.1111111111111111, 0.1111111111111111, 0.1111111111111111]","[0.03464201867471683, 7.564660462300242e-10, 7.347599888372015e-52, 1.035663593658472e-133, 4.597033981838372e-205, 3.778232701310774e-244, 1.3735992556626427e-65, 0.9653579805688172, 0.0]","[0.17926965126806269, 0.025002551522571033, 0.0038478556639950654, 0.0012138476790439754, 0.0006711736596130986, 0.0005142348034848717, 0.0011653330959734735, 0.7881177296091638, 0.00019762269808950864]","[0.04799524499233896, 0.005744722334062559, 0.0004247395700585338, 0.00010067355662208949, 5.308013470248045e-05, 3.904299571666189e-05, 5.8582595184484376e-05, 0.07200647111189451, 1.5828363577120333e-05]",0.15052524695287728,1.1624446529180372,0.6359259450217982,1.8887702294084148
RACE_COST,mixed_interleaved,mixed,12,1,40203,LFU_DECAY,0.6248278523910348,"[0.1111111111111111, 0.1111111111111111, 0.1111111111111111, 0.1111111111111111, 0.1111111111111111, 0.1111111111111111, 0.1111111111111111, 0.1111111111111111, 0.1111111111111111]","[0.03676532852562819, 1.0404983981066903e-05, 2.415279064264407e-28, 5.600892167417574e-88, 3.6186899612427536e-152, 3.1389997650869783e-190, 2.4074029215763404e-21, 0.9632242664903906, 0.0]","[0.32824185884118645, 0.026719259596292032, 0.0031337390141319486, 0.0007827417349137293, 0.0005614632248690448, 0.0004587286014889571, 0.014929699811376448, 0.6248278523910348, 0.0003446567847036513]","[0.08364824895599632, 0.003880273216811231, 0.0002673213689560936, 6.473886763163947e-05, 4.535655837990049e-05, 3.5656879867105856e-05, 0.0022552501846269273, 0.10228840728161603, 2.7068324164522952e-05]",0.15765367405662933,1.1707606596981444,0.8532070672464477,2.3471623015476784
RACE_COST,mixed_interleaved,mixed,12,2,40051,LFU_DECAY,0.9441503842597248,"[0.1111111111111111, 0.1111111111111111, 0.1111111111111111, 0.1111111111111111, 0.1111111111111111, 0.1111111111111111, 0.1111111111111111, 0.1111111111111111, 0.1111111111111111]","[1.6261828083919434e-24, 7.888151960074156e-37, 6.881818976769615e-80, 3.0786333768583534e-143, 6.845994139219601e-196, 5.931547932310711e-218, 4.3454950855158165e-20, 1.0, 0.0]","[0.019523562188612415, 0.010497117561797872, 0.0018071091619938616, 0.0007051235647911008, 0.0005009476291086677, 0.0004536357798725458, 0.021966682905633486, 0.9441503842597248, 0.0003954369484640087]","[0.006446931816507294, 0.001963905715872356, 0.00013614501821657666, 5.529091801189296e-05, 3.7835336120838064e-05, 3.435717178571442e-05, 0.00482469075964497, 0.036408792869953244, 2.9419193789364144e-05]",1.937422123305622e-18,1.0,0.2897413198248915,1.3360818254388065
RACE_COST,mixed_interleaved,mixed,12,3,39968,MARKOV_H1,0.8143539364481569,"[0.1111111111111111, 0.1111111111111111, 0.1111111111111111, 0.1111111111111111, 0.1111111111111111, 0.1111111111111111, 0.1111111111111111, 0.1111111111111111, 0.1111111111111111]","[0.9979369300578745, 0.00014256029914250966, 1.484477914644996e-28, 2.946186524127985e-63, 1.389203476542437e-91, 4.2767280955904555e-108, 0.0019202062518934575, 3.033910894479126e-07, 0.0]","[0.8143539364481569, 0.08857774452843006, 0.004210084163524797, 0.0013010438514622523, 0.0008927368070453474, 0.0006042325504165539, 0.0758669632306917, 0.014004174036070708, 0.00018908438420219288]","[0.0657010247890325, 0.02070055126782392, 0.00034554389741343075, 0.00011418926066306733, 7.817841809791388e-05, 4.747901272802118e-05, 0.025733620838531257, 0.0010539718055229067, 1.5541609492386485e-05]",0.015339481152367083,1.015457734869895,0.6813990867723434,1.9766412912344653
RACE_COST,mixed_interleaved,mixed,12,4,39179,LFU_DECAY,0.7958827528311798,"[0.1111111111111111, 0.1111111111111111, 0.1111111111111111, 0.1111111111111111, 0.1111111111111111, 0.1111111111111111, 0.1111111111111111, 0.1111111111111111, 0.1111111111111111]","[0.0733014035064004, 1.4974381083123568e-05, 4.4985170620148274e-27, 7.722718694471579e-71, 3.7214199653127884e-113, 2.0318746370361772e-150, 2.6765356053973106e-20, 0.9266836221125165, 6.782802436425636e-299]","[0.14619770079606093, 0.02916759992531739, 0.00875917738078497, 0.0017621984125444955, 0.0009723376313097733, 0.0006690718811366024, 0.015918762452656835, 0.7958827528311798, 0.0006703986890133433]","[0.030029083659151187, 0.004039157404284082, 0.0010818684147892211, 0.00016385123911047061, 8.810033900386906e-05, 5.937996230765592e-05, 0.0029454380712335537, 0.054812241684298546, 5.821112117286493e-05]",0.2622763166180664,1.2998856728232362,0.7010234237207252,2.015814684717214
RACE_COST,mixed_interleaved,mixed,12,5,38845,LFU_DECAY,0.9592317746966981,"[0.1111111111111111, 0.1111111111111111, 0.1111111111111111, 0.1111111111111111, 0.1111111111111111, 0.1111111111111111, 0.1111111111111111, 0.1111111111111111, 0.1111111111111111]","[4.322071718947709e-12, 1.207330124445238e-25, 2.5022501660919072e-51, 1.396882869657585e-87, 1.7117316034424853e-132, 9.59177937237879e-158, 2.4873772113318635e-19, 0.9999999999956779, 1.0844704260018285e-282]","[0.012103774728555257, 0.0037657565092851664, 0.0022145345431862393, 0.0012495310462794609, 0.0008778364257778828, 0.0008381074009220772, 0.019194132879102113, 0.9592317746966981, 0.0005245517701946372]","[0.0015389433836401302, 0.000579457682321063, 0.0002731860470296694, 0.00010678497009790283, 7.431149163498564e-05, 7.699767713280815e-05, 0.005126717043192018, 0.01969703143136725, 4.32635576702143e-05]",1.1741899681374568e-10,1.000000000117419,0.22821918588088394,1.2563606717757776
RACE_COST,mixed_interleaved,mixed,12,6,38713,LFU_DECAY,0.6538749482287207,"[0.1111111111111111, 0.1111111111111111, 0.1111111111111111, 0.1111111111111111, 0.1111111111111111, 0.1111111111111111, 0.1111111111111111, 0.1111111111111111, 0.1111111111111111]","[0.29769631750300113, 1.3186051250882731e-06, 9.334321965681327e-26, 1.0819340831698348e-48, 2.561130711171176e-88, 1.1883485879431783e-114, 0.0002526612061325868, 0.7020497026857413, 0.0]","[0.2831999529757955, 0.02676218047636824, 0.0035730073448013303, 0.001971260510989129, 0.001178339434805405, 0.0008359997274095933, 0.028311442652350884, 0.6538749482287207, 0.0002928686487641977]","[0.056701409669533936, 0.003808340836202982, 0.0003198188497053859, 0.00018797831357302252, 0.00010288629828802352, 6.555530358722416e-05, 0.0033718748128429704, 0.06882418727236772, 1.978028296498489e-05]",0.6111746845173757,1.8425945953390837,0.8815571108842308,2.414656668835305
RACE_COST,mixed_interleaved,mixed,12,7,38439,MARKOV_H2,0.5033399093685609,"[0.1111111111111111, 0.1111111111111111, 0.1111111111111111, 0.1111111111111111, 0.1111111111111111, 0.1111111111111111, 0.1111111111111111, 0.1111111111111111, 0.1111111111111111]","[1.4630256127918656e-07, 0.14611015326115534, 4.592959023255267e-21, 1.1024232105353156e-57, 9.340220506145543e-101, 1.662671604766127e-107, 1.7884882531139712e-08, 0.8538896825514009, 1.2135145424369065e-278]","[0.06492366751414343, 0.5033399093685609, 0.003743777652091039, 0.0011736418238660357, 0.0007367109912726883, 0.000734415589938247, 0.00884812500623676, 0.4161007989195448, 0.000398953134344939]","[0.01267215649402495, 0.10599048055160165, 0.00031051923695895396, 8.796629483223843e-05, 6.427482547481466e-05, 6.18314511724622e-05, 0.000890531164259607, 0.0901299891408664, 3.2668363444461314e-05]",0.415904750238387,1.5157414879791584,0.9723275761988056,2.64409162731719
RACE_COST,mixed_interleaved,mixed,12,8,38069,LFU_DECAY,0.610772746007219,"[0.1111111111111111, 0.1111111111111111, 0.1111111111111111, 0.1111111111111111, 0.1111111111111111, 0.1111111111111111, 0.1111111111111111, 0.1111111111111111, 0.1111111111111111]","[0.23639867521448155, 0.02405509034543549, 3.586344006369257e-19, 5.519323177087039e-54, 2.083101795857795e-118, 1.152434325832529e-154, 3.36043852243021e-10, 0.7395462341040392, 3.150777996605e-312]","[0.26259867665061687, 0.08641477629751664, 0.010317505486759313, 0.003966172426763452, 0.001108030571474137, 0.0006838026855894275, 0.023878159277047718, 0.610772746007219, 0.00026013059701950617]","[0.039056975197933066, 0.007274991347022167, 0.0013534746741615392, 0.0005396096307623114, 8.072286820214839e-05, 4.7839168901395e-05, 0.0030571656345832255, 0.07444594249169828, 1.7607368789304507e-05]",0.653740507883082,1.9227193418573432,1.0368275980435466,2.8202558225267897
RACE_COST,mixed_interleaved,mixed,12,9,38054,MARKOV_H1,0.5068925760079709,"[0.1111111111111111, 0.1111111111111111, 0.1111111111111111, 0.1111111111111111, 0.1111111111111111, 0.1111111111111111, 0.1111111111111111, 0.1111111111111111, 0.1111111111111111]","[0.5117093266341213, 8.00736309264222e-07, 6.089168869916007e-25, 8.95194673694903e-50, 7.316377667159182e-88, 1.860486562298983e-115, 9.754789822528797e-11, 0.4882898725320216, 9.440575738225e-311]","[0.5068925760079709, 0.01859582486065265, 0.006483691543144073, 0.002867664798543233, 0.0009648234201361551, 0.0006451196122932855, 0.010587277715212411, 0.45269734707349085, 0.00026567496855980655]","[0.0700545921171089, 0.0028408935345755723, 0.0008264363088269562, 0.00031166700188877793, 7.452444245911159e-05, 4.7787463494729144e-05, 0.0013829146173426027, 0.06970397999255945, 1.6627374806068826e-05]",0.692884408360974,1.9994745246452381,0.88852287457724,2.4315353146707768
RACE_COST,mixed_interleaved,mixed,12,10,38479,MARKOV_H2,0.9219602460153264,"[0.1111111111111111, 0.1111111111111111, 0.1111111111111111, 0.1111111111111111, 0.1111111111111111, 0.1111111111111111, 0.1111111111111111, 0.1111111111111111, 0.1111111111111111]","[1.4419408933393732e-07, 0.9999998558056443, 2.662757708770889e-13, 3.9091189164087954e-45, 2.548094728163948e-101, 1.464414618413691e-156, 7.463254250362237e-52, 8.715398882972677e-30, 0.0]","[0.04695821861333389, 0.9219602460153264, 0.016561349994570852, 0.0020281015840092247, 0.0007085792941201554, 0.0004729647286523519, 0.0005054678676515121, 0.010546519711413809, 0.0002585521909200902]","[0.008135735203521165, 0.024095065442065522, 0.002126248891653721, 0.00016157420080831097, 5.5265177618215905e-05, 3.47247733627268e-05, 2.5360170329361487e-05, 0.002670377596379723, 2.0246604406149718e-05]",2.4155625775109077e-06,1.000002415565495,0.3617618173680459,1.4358569050515886
RACE_COST,mixed_interleaved,mixed,12,11,38021,MARKOV_H2,0.4883752742855527,"[0.1111111111111111, 0.1111111111111111, 0.1111111111111111, 0.1111111111111111, 0.1111111111111111, 0.1111111111111111, 0.1111111111111111, 0.1111111111111111, 0.1111111111111111]","[0.37010496562738987, 0.3438471598947459, 8.144233336603346e-17, 2.836436108374169e-54, 4.5853723767513937e-91, 9.221710748054984e-111, 3.2471079543232564e-25, 0.2860478744778641, 4.017862304504042e-308]","[0.29318954343036585, 0.4883752742855527, 0.006566232877863027, 0.0016371470516086226, 0.0008529307854006418, 0.0006576603230034543, 0.0013659209115050868, 0.20713594044402173, 0.00021934989067986442]","[0.01722181194821136, 0.04540806483467999, 0.0005817654554670554, 0.00012026334063584424, 5.9025198998272265e-05, 4.261373204659012e-05, 5.981272443140076e-05, 0.053063066433559, 1.658545420698462e-05]",1.092965918090054,2.9831086206364166,1.1010461764284958,3.007310556208936
RACE_COST,mixed_interleaved,mixed,12,12,38630,LFU_DECAY,0.5495947072245639,"[0.1111111111111111, 0.1111111111111111, 0.1111111111111111, 0.1111111111111111, 0.1111111111111111, 0.1111111111111111, 0.1111111111111111, 0.1111111111111111, 0.1111111111111111]","[0.5685332846860454, 0.03348821287095146, 7.589654872266711e-29, 1.2220766093724854e-86, 3.868602530538628e-148, 5.1166302882569686e-182, 4.8385323033569945e-34, 0.39797850244300326, 1.3826270647534963e-300]","[0.3582615613695891, 0.08237838469654007, 0.004846162618258928, 0.0012206501113138685, 0.0005152011919951764, 0.000378519141024473, 0.0024695391803129024, 0.5495947072245639, 0.00033527446639909127]","[0.044407190747690506, 0.009533640322545868, 0.0004953122302055538, 0.00010296609018437841, 3.509289213297549e-05, 2.6324011891289945e-05, 0.00015440778202065522, 0.0629376927384036, 2.1030029286902442e-05]",0.8014733188255088,2.228822276481679,0.9607862041108971,2.613750607305382
RACE_COST,mixed_interleaved,mixed,12,13,39168,LFU_DECAY,0.6440341878192166,"[0.1111111111111111, 0.1111111111111111, 0.1111111111111111, 0.1111111111111111, 0.1111111111111111, 0.1111111111111111, 0.1111111111111111, 0.1111111111111111, 0.1111111111111111]","[0.13200046614220404, 7.546649915866309e-12, 5.08486370958628e-40, 4.5976088176034567e-82, 3.298816972116772e-117, 1.4807620779396035e-143, 3.4023584880835795e-16, 0.8679995338502489, 0.0]","[0.33110113277053965, 0.012074394881698985, 0.0025455869336841732, 0.001095435341078189, 0.0007514849537974785, 0.000551321699032734, 0.007611015737901767, 0.6440341878192166, 0.00023543986304702986]","[0.05375831011203959, 0.001832972599890505, 0.00024812523194870425, 9.737756137738333e-05, 5.9284516395540346e-05, 3.981682695685074e-05, 0.0006891444030468823, 0.06285680078380601, 1.7728106531568913e-05]",0.3901718950018325,1.4772347013209983,0.7739923656845891,2.168406065631613
RACE_COST,mixed_interleaved,mixed,12,14,39218,LFU_DECAY,0.5246712259084096,"[0.1111111111111111, 0.1111111111111111, 0.1111111111111111, 0.1111111111111111, 0.1111111111111111, 0.1111111111111111, 0.1111111111111111, 0.1111111111111111, 0.1111111111111111]","[0.7027747157618023, 5.970691301246059e-14, 1.7041268422066428e-60, 8.145009508428737e-128, 1.1874677479361004e-186, 2.4134707575033372e-219, 1.2518294078046712e-24, 0.297225284238138, 4.4e-323]","[0.44165442429304314, 0.026011428257412917, 0.0033213916627502704, 0.0008807392971322115, 0.0004540286759671086, 0.00036721166307931877, 0.0023605605837384736, 0.5246712259084096, 0.00027898965846559997]","[0.051440418721004966, 0.006271355802906928, 0.00043416281826781644, 6.810629342507116e-05, 3.0753960675558304e-05, 2.549283131352745e-05, 8.83201980849178e-05, 0.06316961368556756, 2.1810329497822628e-05]",0.608494927770304,1.8376635000589185,0.8423713618258009,2.321866439034682
RACE_COST,mixed_interleaved,mixed,12,15,38852,LFU_DECAY,0.7042120152877578,"[0.1111111111111111, 0.1111111111111111, 0.1111111111111111, 0.1111111111111111, 0.1111111111111111, 0.1111111111111111, 0.1111111111111111, 0.1111111111111111, 0.1111111111111111]","[0.29819437994894327, 2.335310829155864e-15, 3.3356571527672387e-47, 3.626976941124696e-93, 1.419773134333938e-138, 2.87667404469433e-164, 3.2180421670292153e-24, 0.7018056200510543, 6.09e-319]","[0.2732625247979344, 0.009278437064222145, 0.0034503487453746845, 0.0010394415940907613, 0.0006246771648887724, 0.00043774137227854394, 0.007357796826980809, 0.7042120152877578, 0.0003370171464616373]","[0.04528591617975837, 0.0011122664869441376, 0.00038317696598303075, 6.798980654459134e-05, 3.784019880896783e-05, 2.7510635231885653e-05, 0.0008300770076693455, 0.05299245591068641, 2.5014828787281833e-05]",0.6093266325815894,1.8391925293958291,0.7184148635498183,2.051179233357579
RACE_COST,mixed_interleaved,mixed,16,0,39765,LFU_DECAY,0.503375083729761,"[0.1111111111111111, 0.1111111111111111, 0.1111111111111111, 0.1111111111111111, 0.1111111111111111, 0.1111111111111111, 0.1111111111111111, 0.1111111111111111, 0.1111111111111111]","[0.38150116797488937, 2.571801736397723e-11, 4.637213050103217e-46, 4.24863828807537e-109, 1.2034646396447407e-162, 2.7020210591946563e-194, 7.079421080902876e-57, 0.6184988319993926, 0.0]","[0.4750144791786665, 0.014498477869297241, 0.0032973864871622557, 0.000931432652504559, 0.0005173424368069935, 0.0003983126539984646, 0.0017309651653163402, 0.503375083729761, 0.0002365198264886991]","[0.04829070779713543, 0.0024902142933492925, 0.0003278877079311477, 6.34137254382366e-05, 3.635118713320958e-05, 2.7441770085822036e-05, 8.200380788602477e-05, 0.05083265872571879, 1.860061739436689e-05]",0.6647942412693961,1.9440904665942789,0.8058729536026906,2.238649883569837
RACE_COST,mixed_interleaved,mixed,16,1,39781,LFU_DECAY,0.5394265866064119,"[0.1111111111111111, 0.1111111111111111, 0.1111111111111111, 0.1111111111111111, 0.1111111111111111, 0.1111111111111111, 0.1111111111111111, 0.1111111111111111, 0.1111111111111111]","[0.33023625166639603, 0.0001421300277628122, 2.5380296518711983e-22, 2.155879478912343e-70, 5.650617399092591e-125, 3.0413769083517598e-158, 1.3224976078391003e-18, 0.6696216183058412, 3.2033455442540705e-302]","[0.4167236936414551, 0.027975249692479963, 0.003053484100916132, 0.000908191806538263, 0.0005627696315417854, 0.00042770790072925886, 0.010514537163412477, 0.5394265866064119, 0.0004077794565213861]","[0.04659862766460743, 0.0029214651165460946, 0.00027119683366345486, 7.915978016602237e-05, 4.303631229676768e-05, 3.1287178596581514e-05, 0.001484022729026038, 0.05390047166862433, 2.927975197767898e-05]",0.6356900613137573,1.8883247518255821,0.8804337609896161,2.4119456874962246
RACE_COST,mixed_interleaved,mixed,16,2,39229,LFU_DECAY,0.6646444852271743,"[0.1111111111111111, 0.1111111111111111, 0.1111111111111111, 0.1111111111111111, 0.1111111111111111, 0.1111111111111111, 0.1111111111111111, 0.1111111111111111, 0.1111111111111111]","[0.31709490903808757, 8.63497008241927e-09, 2.0517671244750894e-45, 6.836456897922198e-100, 1.3610816905001235e-143, 5.847054408498192e-161, 1.134878413961582e-13, 0.6829050823268289, 3.1281153830090656e-269]","[0.29067788010306417, 0.02412704256376866, 0.0017767993800771105, 0.0005902658862892642, 0.00043944446171851573, 0.00041572891951255955, 0.016809771304623144, 0.6646444852271743, 0.0005185821537774409]","[0.04529112833341817, 0.0055290129252504525, 0.00011264911495767401, 4.103183074807041e-05, 3.0390211914284435e-05, 2.8934953403241606e-05, 0.002536061849865526, 0.06484529017470592, 3.9512230200444946e-05]",0.6246604239710911,1.8676116535922573,0.8153911263973919,2.260059468418222
RACE_COST,mixed_interleaved,mixed,16,3,39339,MARKOV_H2,0.7476078955463207,"[0.1111111111111111, 0.1111111111111111, 0.1111111111111111, 0.1111111111111111, 0.1111111111111111, 0.1111111111111111, 0.1111111111111111, 0.1111111111111111, 0.1111111111111111]","[0.009087917388878422, 0.9909116068618165, 2.0636808350595148e-23, 1.8189881954576993e-59, 4.043323093878376e-89, 3.3819530693850188e-105, 4.757491302748843e-07, 1.748653572121278e-13, 8.884976571065257e-300]","[0.16402769643417062, 0.7476078955463207, 0.005245417042731909, 0.0010362285893941708, 0.0006400825897545865, 0.000479343204398614, 0.07465624003587511, 0.006059576304523411, 0.0002475202528315323]","[0.01917542281524387, 0.0502847319532832, 0.00040007128588138145, 7.602269424872447e-05, 4.7005217461243926e-05, 3.454469798244838e-05, 0.03568859376837238, 0.00020549440336194695, 1.8957364094713067e-05]",0.05177446260793631,1.0531381936846138,0.7837291598271727,2.1896225115747088
RACE_COST,mixed_interleaved,mixed,16,4,36993,LFU_DECAY,0.5296083773565927,"[0.1111111111111111, 0.1111111111111111, 0.1111111111111111, 0.1111111111111111, 0.1111111111111111, 0.1111111111111111, 0.1111111111111111, 0.1111111111111111, 0.1111111111111111]","[0.29716330973862454, 0.000428644846694975, 9.43187417696838e-22, 2.626615033189449e-56, 9.216973578274308e-91, 6.543309687664331e-119, 7.340434962464232e-13, 0.7024080454139465, 1.371696075862941e-206]","[0.3865066663840066, 0.05761415912461314, 0.005688618023150691, 0.0014329911020155924, 0.0008563466694594666, 0.0006300435426832157, 0.016827022800999743, 0.5296083773565927, 0.0008357749964776021]","[0.064979227266935, 0.006663211415353291, 0.0004767786283776349, 0.0001275839976446782, 7.039736522993057e-05, 5.2971188972353436e-05, 0.002492177806028803, 0.07590570120838275, 7.250861524481548e-05]",0.6120430375969237,1.8441953129237436,0.9926125722206144,2.698274709330216
RACE_COST,mixed_interleaved,mixed,16,5,36291,LFU_DECAY,0.6308593780080073,"[0.1111111111111111, 0.1111111111111111, 0.1111111111111111, 0.1111111111111111, 0.1111111111111111, 0.1111111111111111, 0.1111111111111111, 0.1111111111111111, 0.1111111111111111]","[0.19901957735113146, 1.0988933976331248e-09, 1.326258639074446e-27, 1.1173340096958116e-57, 3.3146486091245917e-95, 1.0498183478405122e-116, 2.1022856445386287e-14, 0.8009804215499541, 2.513744553160205e-190]","[0.3345465708579195, 0.007512420151404798, 0.0025488626446795778, 0.001278415062910172, 0.0007831473183256394, 0.000653756709948388, 0.02092256773461231, 0.6308593780080073, 0.0008948815121952747]","[0.06919961682391064, 0.0009822973757608684, 0.00022566220445096281, 9.055455000462606e-05, 5.524589860648014e-05, 4.7602651789011404e-05, 0.004299495207608282, 0.07473283373033718, 8.547507680467407e-05]",0.49904028514290844,1.6471397274381077,0.8150068781255266,2.259191211297002
RACE_COST,mixed_interleaved,mixed,16,6,35555,MARKOV_H1,0.46660824700906145,"[0.1111111111111111, 0.1111111111111111, 0.1111111111111111, 0.1111111111111111, 0.1111111111111111, 0.1111111111111111, 0.1111111111111111, 0.1111111111111111, 0.1111111111111111]","[0.6447161376043599, 0.0034468214820781817, 1.7670503828869082e-18, 1.1895089850903974e-37, 1.907540758017093e-70, 1.2547470766196572e-96, 0.0012998364074774261, 0.3505372045060846, 4.884478137398554e-220]","[0.46660824700906145, 0.026654948217757667, 0.0028139672982970825, 0.0017037365301068447, 0.001129526780794158, 0.000831864027648525, 0.048289090364846084, 0.4513935251652939, 0.0005750946061950252]","[0.06149895846411993, 0.0015092931128670105, 0.00022238417223621122, 0.00014149499756664004, 9.616408112015742e-05, 6.707139823225468e-05, 0.008496937679936579, 0.058132796218993865, 3.4872214437654185e-05]",0.6786417278539107,1.9711984890695642,1.0029288111485049,2.72625483259539
RACE_COST,mixed_interleaved,mixed,16,7,36004,MARKOV_H2,0.6293767596271743,"[0.1111111111111111, 0.1111111111111111, 0.1111111111111111, 0.1111111111111111, 0.1111111111111111, 0.1111111111111111, 0.1111111111111111, 0.1111111111111111, 0.1111111111111111]","[1.842765664565515e-08, 0.5105527522132978, 6.620745401232646e-14, 1.579029656570025e-45, 1.1798451355256685e-85, 5.125709392553371e-93, 0.0004992715011290828, 0.4889479578578504, 4.690870894005226e-194]","[0.05172139204144242, 0.6293767596271743, 0.00820736435510243, 0.001613183978746599, 0.0007213487473802845, 0.0006500992435203235, 0.018726624599047628, 0.2884422176091333, 0.0005410097984535068]","[0.0074778555772709735, 0.07083875973966886, 0.0008592377475255233, 0.00012518769116500852, 6.163855336953014e-05, 5.124621729660326e-05, 0.002003212093267214, 0.05138155001196071, 4.2501763290568404e-05]",0.696862716212509,2.0074448936241174,0.9415582687401232,2.563973667039102
RACE_COST,mixed_interleaved,mixed,16,8,35769,MARKOV_H2,0.42569301448962715,"[0.1111111111111111, 0.1111111111111111, 0.1111111111111111, 0.1111111111111111, 0.1111111111111111, 0.1111111111111111, 0.1111111111111111, 0.1111111111111111, 0.1111111111111111]","[0.218812721169162, 0.37500860692878135, 3.8802297246642555e-14, 1.8426462124271595e-41, 1.6771317779578606e-94, 6.103561491974059e-128, 0.00857081341363688, 0.3976078584883808, 7.507863367329482e-220]","[0.1404447443291226, 0.42569301448962715, 0.009797929354148346, 0.002643943036593569, 0.0007832341192833893, 0.0005371162389486266, 0.1048232287098922, 0.3148460191545733, 0.0004307705678106204]","[0.010478928652371104, 0.04874851062993327, 0.0010103999782426012, 0.00026542938584037573, 4.795069776875815e-05, 3.3270685573024117e-05, 0.01233049290590545, 0.03878568530339835, 2.6703722342431717e-05]",1.1078065196892177,3.02770988339635,1.313526088425199,3.7192650755268626
RACE_COST,mixed_interleaved,mixed,16,9,35386,MARKOV_H1,0.6227898232598393,"[0.1111111111111111, 0.1111111111111111, 0.1111111111111111, 0.1111111111111111, 0.1111111111111111, 0.1111111111111111, 0.1111111111111111, 0.1111111111111111, 0.1111111111111111]","[0.5660481342647841, 0.0024406309548322554, 1.526379773557283e-19, 1.2485524505174811e-43, 1.0128690834033466e-76, 8.122034137711742e-101, 1.6775520206932982e-05, 0.4314944592601767, 1.984118095681288e-223]","[0.6227898232598393, 0.03311404027447158, 0.00391793816549222, 0.0015337696447321825, 0.0007238559094094727, 0.0006082247350551188, 0.03242264639533559, 0.3043924592246044, 0.0004972423910607023]","[0.059734564766942, 0.0031291130101311956, 0.0003456171095045647, 0.00011602332930451199, 5.0774755806017685e-05, 4.342610839725269e-05, 0.0036339219260416488, 0.05205529335338653, 2.941434265227824e-05]",0.6996619243949478,2.013072021873554,0.9261685259880439,2.524816851375902
RACE_COST,mixed_interleaved,mixed,16,10,36427,MARKOV_H2,0.8541622619190751,"[0.1111111111111111, 0.1111111111111111, 0.1111111111111111, 0.1111111111111111, 0.1111111111111111, 0.1111111111111111, 0.1111111111111111, 0.1111111111111111, 0.1111111111111111]","[0.0025316323513188523, 0.9974683676419095, 6.7716003958571e-12, 2.380518162237393e-47, 3.4964891218446787e-103, 2.7366819626477552e-151, 1.1436853381151256e-43, 3.878934358752021e-25, 2.2179322517496988e-292]","[0.07996449249954565, 0.8541622619190751, 0.019354018850715474, 0.0018483450292155212, 0.000630462019791038, 0.0004078829334106841, 0.001260388751910824, 0.04204159490439708, 0.00033055309193567335]","[0.01074466525413284, 0.046310813533727235, 0.002635412038614682, 0.00013129045048855743, 4.588482115708005e-05, 2.9333126692520304e-05, 6.90692392069945e-05, 0.018610923898576416, 2.4690977654610977e-05]",0.017664779088874375,1.0178217240698264,0.5767576680040349,1.7802568791199311
RACE_COST,mixed_interleaved,mixed,16,11,35806,MARKOV_H2,0.6952435965373122,"[0.1111111111111111, 0.1111111111111111, 0.1111111111111111, 0.1111111111111111, 0.1111111111111111, 0.1111111111111111, 0.1111111111111111, 0.1111111111111111, 0.1111111111111111]","[1.4603559440784262e-06, 0.6654195787376836, 1.465476272447702e-06, 1.659494075376616e-40, 5.987227628021977e-75, 2.1873216850247887e-96, 1.8344517014056063e-12, 0.3345774954282655, 1.3398952793752067e-230]","[0.05746497374930403, 0.6952435965373122, 0.025510374808433302, 0.0021345401375075746, 0.0009158381642318525, 0.00058958810737433, 0.0019806227009383994, 0.21587242997343067, 0.00028803582146436264]","[0.0076612485996920485, 0.03786041914649779, 0.0031336901210405475, 0.00016860484175531786, 5.745366743497342e-05, 3.5639308880231866e-05, 6.967574174791743e-05, 0.028820878427422182, 1.9177218624607848e-05]",0.6374141179101769,1.8915831385846478,0.8799994015941208,2.410898263721083
RACE_COST,mixed_interleaved,mixed,16,12,36260,MARKOV_H2,0.5558773440444934,"[0.1111111111111111, 0.1111111111111111, 0.1111111111111111, 0.1111111111111111, 0.1111111111111111, 0.1111111111111111, 0.1111111111111111, 0.1111111111111111, 0.1111111111111111]","[0.004702307185345578, 0.8787608846958797, 1.703499530967334e-18, 1.0786613575865405e-60, 7.868130702204672e-113, 3.499769928580383e-145, 9.830611926531083e-28, 0.1165368081187747, 1.2922099249811375e-226]","[0.10637847375463137, 0.5558773440444934, 0.006953034689116216, 0.0014587588948326235, 0.0005359916252179218, 0.00038316855604128206, 0.004728013241878827, 0.3232189425419651, 0.0004662726518237116]","[0.019731902017666603, 0.08073356729828973, 0.0008738081965822371, 0.00011874817743962317, 3.6259721014995375e-05, 2.5576355576455243e-05, 0.00034915643517390927, 0.06660509895513148, 2.880751118337084e-05]",0.38927764958579036,1.4759142814386292,1.0098502728902536,2.745189954886612
RACE_COST,mixed_interleaved,mixed,16,13,37086,LFU_DECAY,0.49304257973613447,"[0.1111111111111111, 0.1111111111111111, 0.1111111111111111, 0.1111111111111111, 0.1111111111111111, 0.1111111111111111, 0.1111111111111111, 0.1111111111111111, 0.1111111111111111]","[0.6623945971139569, 2.2629671898449834e-07, 8.921863468462542e-30, 2.3701084940132887e-67, 7.148081295031695e-99, 1.0620860866900813e-121, 1.8138416696079113e-12, 0.33760517658751016, 9.905632279014148e-264]","[0.47719587785604517, 0.014486451125508223, 0.002495231256382172, 0.0009001505526163808, 0.0005794892188345068, 0.0004713386962850088, 0.010485282850207, 0.49304257973613447, 0.00034359870798638715]","[0.02924569749668446, 0.001615802929718788, 0.00021216973568769686, 7.396696774194728e-05, 4.178789272209495e-05, 3.24921458574592e-05, 0.0013072905040119875, 0.0299611238863578, 2.1831240275288542e-05]",0.6394378076111529,1.8954149918339975,0.8427736468729534,2.3228006790873934
RACE_COST,mixed_interleaved,mixed,16,14,37414,MARKOV_H1,0.5478098898931988,"[0.1111111111111111, 0.1111111111111111, 0.1111111111111111, 0.1111111111111111, 0.1111111111111111, 0.1111111111111111, 0.1111111111111111, 0.1111111111111111, 0.1111111111111111]","[0.7037790900797585, 2.339401015269711e-10, 2.4710144666941013e-49, 1.827140149905528e-111, 1.283979219702621e-164, 7.915254919670018e-195, 3.0571310179079416e-19, 0.2962209096863014, 8.710433740577973e-237]","[0.5478098898931988, 0.027332232883862703, 0.00390679678692736, 0.0008590920202617842, 0.00042802241824499974, 0.0003384384910761865, 0.0041750051878802754, 0.41474438766427696, 0.0004061346542753119]","[0.03144520350147639, 0.005937771253316317, 0.0005442576340335095, 6.156072687933687e-05, 2.778837113830185e-05, 2.2594603354246164e-05, 0.00019477787774605193, 0.03350876176659778, 2.883703183025281e-05]",0.6076282063571039,1.8360714477857225,0.8528852736100422,2.346407121168066
RACE_COST,mixed_interleaved,mixed,16,15,36298,LFU_DECAY,0.549152368859446,"[0.1111111111111111, 0.1111111111111111, 0.1111111111111111, 0.1111111111111111, 0.1111111111111111, 0.1111111111111111, 0.1111111111111111, 0.1111111111111111, 0.1111111111111111]","[0.39100210611344133, 3.406847969155655e-11, 1.0808023226320698e-34, 2.3830919508939316e-74, 1.4365411809088904e-113, 2.002653105357846e-137, 7.139705014145231e-21, 0.60899789385249, 2.2319707167486184e-234]","[0.42320506828168386, 0.012990318884943428, 0.003354439779383775, 0.0009750524570235899, 0.00052918693377362, 0.0004028727657004366, 0.008934130960664319, 0.549152368859446, 0.0004565610773824846]","[0.040534873190870124, 0.0016902194605906897, 0.00029963211778217673, 6.005401595043171e-05, 3.225318191831656e-05, 2.5641561712342835e-05, 0.001234419538517163, 0.04291629260735752, 3.2070078815897e-05]",0.6691942320629485,1.9526632930972059,0.8281633280501729,2.28911053179414
RACE_COST,mixed_interleaved,mixed,24,0,37138,MARKOV_H1,0.5225157079383705,"[0.1111111111111111, 0.1111111111111111, 0.1111111111111111, 0.1111111111111111, 0.1111111111111111, 0.1111111111111111, 0.1111111111111111, 0.1111111111111111, 0.1111111111111111]","[0.6169546492051089, 4.729700573117987e-16, 9.593047027035309e-44, 1.438632240298982e-84, 3.612857206477388e-120, 1.96977198357903e-143, 2.561331369771425e-41, 0.38304535079489066, 4.5639565772538034e-240]","[0.5225157079383705, 0.009934219696309548, 0.0034247740441077836, 0.0010927776194158097, 0.0005817390865514744, 0.00043143033486520583, 0.0021199886589708997, 0.45955022126396594, 0.0003491413574497612]","[0.042874888060404015, 0.001749674304936394, 0.00037649737535637277, 6.933974750671872e-05, 3.663240951857199e-05, 2.7094072277637104e-05, 0.00011994800371389778, 0.04303445577355927, 2.370858828510808e-05]",0.6655353108272439,1.9455317068204439,0.7926832208702249,2.2093165644995687
RACE_COST,mixed_interleaved,mixed,24,1,37998,LFU_DECAY,0.5158504613363872,"[0.1111111111111111, 0.1111111111111111, 0.1111111111111111, 0.1111111111111111, 0.1111111111111111, 0.1111111111111111, 0.1111111111111111, 0.1111111111111111, 0.1111111111111111]","[0.42320149290556874, 0.001757913520436276, 2.9247465351120345e-14, 5.959978811891873e-46, 6.710153680300418e-85, 1.6410437338173432e-110, 1.4324931321759292e-12, 0.5750405935725332, 1.0648426490980087e-203]","[0.4236146077351978, 0.040544961252995025, 0.006750280024244709, 0.0011075581119084832, 0.000551836926831562, 0.00042212642195566056, 0.010640594823963716, 0.5158504613363872, 0.000517573366517528]","[0.03457047471970251, 0.0034129529939040384, 0.0005941456896409173, 7.40481052448876e-05, 3.7985978593422946e-05, 2.884577373425531e-05, 0.0012267209312847938, 0.03973046613381004, 3.69571170764689e-05]",0.6932438012053186,2.0001932506265963,0.9362314326225839,2.550352111611309
RACE_COST,mixed_interleaved,mixed,24,2,36240,LFU_DECAY,0.46249650635907763,"[0.1111111111111111, 0.1111111111111111, 0.1111111111111111, 0.1111111111111111, 0.1111111111111111, 0.1111111111111111, 0.1111111111111111, 0.1111111111111111, 0.1111111111111111]","[0.2710552711153396, 0.013170391261101628, 7.844101916874963e-25, 1.1126867612978846e-63, 1.644251005372043e-96, 2.0426872789410464e-110, 1.8161889445396978e-06, 0.7157725214346141, 5.247834130771342e-176]","[0.44634376879214727, 0.049742639062817215, 0.0033312235425392443, 0.0007250509837963686, 0.0004985770773977954, 0.0004699592026066977, 0.03563110993350042, 0.46249650635907763, 0.0007611650461187163]","[0.04085262812966997, 0.004712212086215643, 0.0002314141313511024, 4.372674690436236e-05, 3.3170048025926385e-05, 3.180604551908994e-05, 0.003690190178110111, 0.042707038557542376, 6.577714948975917e-05]",0.6502425529504978,1.916005505445814,1.0218766362623102,2.778403928145214
RACE_COST,mixed_interleaved,mixed,24,3,35959,MARKOV_H2,0.8581739693923904,"[0.1111111111111111, 0.1111111111111111, 0.1111111111111111, 0.1111111111111111, 0.1111111111111111, 0.1111111111111111, 0.1111111111111111, 0.1111111111111111, 0.1111111111111111]","[2.4743971391230564e-06, 0.9999974018301557, 3.247266076077231e-16, 1.441339664336171e-54, 1.346403505564058e-85, 2.0925832421663875e-99, 1.2376460657836712e-07, 8.098378300030812e-12, 2.1548720002087797e-210]","[0.054272274347943336, 0.8581739693923904, 0.005342396391892324, 0.0008693680691623912, 0.0005819274216103442, 0.0004631292546780195, 0.06331626092048989, 0.016592283079008903, 0.00038839112281590873]","[0.011374111153529664, 0.04982786858683241, 0.00035995371909175434, 5.756890261023481e-05, 4.081945131055565e-05, 3.219962619662054e-05, 0.01873913442922552, 0.0010571277388244224, 2.6705468640565928e-05]",3.651009901392703e-05,1.0000365107655158,0.5771485992251073,1.7809529731690912
RACE_COST,mixed_interleaved,mixed,24,4,30451,MARKOV_H1,0.4680484059305066,"[0.1111111111111111, 0.1111111111111111, 0.1111111111111111, 0.1111111111111111, 0.1111111111111111, 0.1111111111111111, 0.1111111111111111, 0.1111111111111111, 0.1111111111111111]","[0.44391721485412294, 0.0007382382217161658, 1.269167361980192e-18, 2.5004076036839724e-45, 2.7230676473433613e-69, 1.232658754887504e-85, 5.087807519955612e-06, 0.5553394591166408, 3.852795565058424e-127]","[0.4680484059305066, 0.07357713967438373, 0.0037251720640629885, 0.0011230577876316856, 0.0007394861836094905, 0.0006313673701157886, 0.027100965574832204, 0.42385905345508723, 0.0011953519597707192]","[0.04872143632482642, 0.005802516721869011, 0.000232046334033907, 7.797782378822977e-05, 5.3765072162265805e-05, 4.8242118401762194e-05, 0.0028468573175285247, 0.0499335834603534, 0.00011150452172345245]",0.6925356122562526,1.9987772373321708,1.055422912159789,2.873190003985872
RACE_COST,mixed_interleaved,mixed,24,5,28759,LFU_DECAY,0.517443764576862,"[0.1111111111111111, 0.1111111111111111, 0.1111111111111111, 0.1111111111111111, 0.1111111111111111, 0.1111111111111111, 0.1111111111111111, 0.1111111111111111, 0.1111111111111111]","[0.5074467378026011, 7.033576822940432e-05, 1.0753243226983562e-16, 1.0964046747380578e-37, 3.359993215618719e-61, 6.31758354531979e-75, 9.65907691923935e-05, 0.4923863356599769, 4.555016919241392e-109]","[0.407183839550326, 0.014249059322634535, 0.0020860598113711997, 0.0009530360568266954, 0.000677005473490902, 0.0005711973599233758, 0.05569861725810292, 0.517443764576862, 0.001137420590463962]","[0.037841914554956835, 0.0010827636222029244, 0.00013398443884405286, 5.2708570761559215e-05, 4.0373711041735197e-05, 3.528641164668075e-05, 0.008144619751784866, 0.03882301817977307, 9.651410673032554e-05]",0.6946505085309975,2.0030089170700234,0.9646132133446144,2.6237726199497757
RACE_COST,mixed_interleaved,mixed,24,6,27822,MARKOV_H1,0.2744929200570819,"[0.1111111111111111, 0.1111111111111111, 0.1111111111111111, 0.1111111111111111, 0.1111111111111111, 0.1111111111111111, 0.1111111111111111, 0.1111111111111111, 0.1111111111111111]","[0.26633845196065864, 0.29734748238705444, 1.9506142327906837e-08, 2.0533005250316636e-22, 1.7933798436312493e-44, 2.014546382447063e-68, 0.3342224548336239, 0.1020915913125206, 5.307201353799513e-126]","[0.2744929200570819, 0.23282021711777282, 0.004754007805543878, 0.0020643263672514398, 0.0011124955603978976, 0.0007585777110401094, 0.27005476309306, 0.212999887274653, 0.0009428050131996949]","[0.024101554668110536, 0.023796333847803004, 0.00033151134574473226, 0.00014630497571271853, 7.716744112732502e-05, 5.3089297152152805e-05, 0.020680390751119382, 0.013437009917482048, 6.388029179949562e-05]",1.3122536538215916,3.7145355635802293,1.4349148081345242,4.199287248434642
RACE_COST,mixed_interleaved,mixed,24,7,29176,MARKOV_H2,0.7499477255029361,"[0.1111111111111111, 0.1111111111111111, 0.1111111111111111, 0.1111111111111111, 0.1111111111111111, 0.1111111111111111, 0.1111111111111111, 0.1111111111111111, 0.1111111111111111]","[1.4482050153504554e-10, 0.779704995645966, 2.1455428118688335e-06, 4.315646133892469e-30, 3.4853037381387227e-59, 1.654980359105665e-73, 0.174489665282057, 0.045803193384344486, 1.721772567910345e-125]","[0.030192212940986382, 0.7499477255029361, 0.02130153859840909, 0.002048437384730735, 0.0008438779921752446, 0.0006837675134066485, 0.11377294811596907, 0.08042630731162045, 0.0007831846397732056]","[0.0027037857693533373, 0.07077646495435419, 0.002427733958282309, 0.00011940548917387389, 5.012376752641209e-05, 4.19669273941912e-05, 0.020191227766282717, 0.012431714045147164, 5.828379627148153e-05]",0.6399188729175355,1.8963270295850374,0.8827030864374917,2.4174253924891147
RACE_COST,mixed_interleaved,mixed,24,8,29257,MARKOV_H2,0.5600578540794202,"[0.1111111111111111, 0.1111111111111111, 0.1111111111111111, 0.1111111111111111, 0.1111111111111111, 0.1111111111111111, 0.1111111111111111, 0.1111111111111111, 0.1111111111111111]","[0.0005279231915298231, 0.8001908420040642, 4.3706415112515015e-09, 1.0138958979947515e-33, 2.5687874218001695e-72, 5.6059757021489235e-93, 0.1990541822644894, 0.00022704816927511542, 2.628102008476955e-135]","[0.09170580798706529, 0.5600578540794202, 0.007695616266296263, 0.0020093344246416025, 0.0007898957876763469, 0.0005638187422520639, 0.3063419265628084, 0.03016331054181111, 0.0006724356080308225]","[0.016429689353489617, 0.07733628340969717, 0.0006273404718719889, 0.00014410004276606676, 4.4740762228917274e-05, 3.234634755478812e-05, 0.04454239997830574, 0.0024176095752385775, 4.44910439347492e-05]",0.5055645880618574,1.657921298844168,1.0765048905007637,2.9344055384526904
RACE_COST,mixed_interleaved,mixed,24,9,29282,MARKOV_H1,0.5824580928265918,"[0.1111111111111111, 0.1111111111111111, 0.1111111111111111, 0.1111111111111111, 0.1111111111111111, 0.1111111111111111, 0.1111111111111111, 0.1111111111111111, 0.1111111111111111]","[0.6510156985101337, 0.020982130279933175, 1.0221680903705868e-16, 6.947374217490846e-42, 9.388386816725333e-68, 5.630108589977695e-85, 0.3036079624789067, 0.024394208731026223, 2.266231752202244e-148]","[0.5824580928265918, 0.13219495765176034, 0.0034508339554591037, 0.0011278293545389899, 0.0006012390509565806, 0.0005161943663336829, 0.19483183952850136, 0.08401343487511369, 0.0008055783907496085]","[0.03235519563556366, 0.007820400335619062, 0.0002469037148146077, 6.786297960884071e-05, 3.5974501336836945e-05, 3.213417172924015e-05, 0.02548385177349477, 0.00624089804778585, 5.742070252416696e-05]",0.8129985115535241,2.2546584804046508,1.1503876502269286,3.159417421213644
RACE_COST,mixed_interleaved,mixed,24,10,31716,MARKOV_H2,0.8664765926732482,"[0.1111111111111111, 0.1111111111111111, 0.1111111111111111, 0.1111111111111111, 0.1111111111111111, 0.1111111111111111, 0.1111111111111111, 0.1111111111111111, 0.1111111111111111]","[0.00024601197483531216, 0.9997539879868299, 3.7708712424096765e-11, 1.4588685762226888e-43, 3.767502266871197e-88, 1.0280068355081678e-126, 9.863458165852885e-24, 6.259599668124819e-13, 1.092415708017749e-192]","[0.07610804302737613, 0.8664765926732482, 0.014253847284444985, 0.0015126432963204258, 0.0006424334220471755, 0.00044974216849428584, 0.002746549468297801, 0.03733362085953637, 0.00047652780023618767]","[0.010154908300518236, 0.03748523131441961, 0.0013718792282385683, 0.00010515115532906397, 4.627905233589079e-05, 3.232602297993435e-05, 0.00014056866906255136, 0.010700235249179442, 3.338412230072792e-05]",0.0022903742496921094,1.0022929991604208,0.5413981156977052,1.7184077162610503
RACE_COST,mixed_interleaved,mixed,24,11,29537,MARKOV_H2,0.5948701807872573,"[0.1111111111111111, 0.1111111111111111, 0.1111111111111111, 0.1111111111111111, 0.1111111111111111, 0.1111111111111111, 0.1111111111111111, 0.1111111111111111, 0.1111111111111111]","[1.532934691649666e-07, 0.7309894883047078, 0.11891526443645802, 6.262170931613265e-29, 5.983882589162538e-60, 3.320325701208958e-81, 0.0003879523134434093, 0.14970714165192173, 5.8991585007394884e-151]","[0.04285473994385875, 0.5948701807872573, 0.2280097754189879, 0.0030831508308068233, 0.0010673087165122017, 0.0006547165173200649, 0.009671603444573459, 0.11926038456827559, 0.0005281397724135462]","[0.004660074877794753, 0.023073197858030192, 0.018107859501226807, 0.000290295749731229, 6.576710480313887e-05, 3.8108910497082584e-05, 0.00043072482969432085, 0.024597868304148573, 3.0784315792924676e-05]",0.7696262138687743,2.1589591139707927,1.1134324573570697,3.044791595746484
RACE_COST,mixed_interleaved,mixed,24,12,30610,MARKOV_H2,0.7064299828206796,"[0.1111111111111111, 0.1111111111111111, 0.1111111111111111, 0.1111111111111111, 0.1111111111111111, 0.1111111111111111, 0.1111111111111111, 0.1111111111111111, 0.1111111111111111]","[0.00016753906582971453, 0.8716444970944031, 6.828118580536349e-14, 2.482356341096378e-43, 1.3073783865253606e-80, 4.021344000166478e-110, 1.9387915108210191e-16, 0.12818796383969863, 6.481076920014816e-154]","[0.06684919166654547, 0.7064299828206796, 0.007964777384396856, 0.0013860323192399946, 0.0005608934450660834, 0.0004248644440769488, 0.0054409620456231135, 0.21024911659423165, 0.000694179280135658]","[0.010795880933310149, 0.06796210340399494, 0.0007037436776127727, 8.87126146425423e-05, 3.482049453607068e-05, 2.686833888738318e-05, 0.00044722851203654173, 0.04572406089499365, 4.331060513450833e-05]",0.3845287003045128,1.468921855851194,0.8427577577664356,2.3227637721531935
RACE_COST,mixed_interleaved,mixed,24,13,31205,MARKOV_H1,0.48051755280458447,"[0.1111111111111111, 0.1111111111111111, 0.1111111111111111, 0.1111111111111111, 0.1111111111111111, 0.1111111111111111, 0.1111111111111111, 0.1111111111111111, 0.1111111111111111]","[0.5391364086326835, 0.00015553881525495785, 9.042249641102058e-21, 1.852931757827774e-48, 2.993898873907679e-72, 2.4743306291944817e-92, 6.685000503207332e-09, 0.46070804586706104, 1.449999463243206e-169]","[0.48051755280458447, 0.030527386227852976, 0.003101609062536261, 0.0010247334378590343, 0.0006515265938636214, 0.0005077744249579006, 0.014359221507405576, 0.46878087005553987, 0.0005293258853982003]","[0.03048226085828709, 0.003126000530012348, 0.00020944569921858592, 7.541558659274989e-05, 4.563139297723412e-05, 3.383625809183634e-05, 0.0018981329815898318, 0.03205699901070394, 3.428126057049126e-05]",0.6914797392304506,1.9966678961568791,0.9123629415598061,2.4901997834114553
RACE_COST,mixed_interleaved,mixed,24,14,32340,MARKOV_H1,0.5848132201341293,"[0.1111111111111111, 0.1111111111111111, 0.1111111111111111, 0.1111111111111111, 0.1111111111111111, 0.1111111111111111, 0.1111111111111111, 0.1111111111111111, 0.1111111111111111]","[0.6852470426247425, 0.003028732822254984, 5.9904972590928495e-31, 1.3776513761668994e-79, 2.053902228903947e-121, 3.162212007047493e-147, 5.352502951329435e-11, 0.3117242244994776, 8.380655552508015e-159]","[0.5848132201341293, 0.050428051380241305, 0.003931821121393969, 0.0008831160197233606, 0.0004828812909918088, 0.0003896914742524164, 0.009532916390184148, 0.3489693162757742, 0.0005689859133128215]","[0.030325527856688572, 0.0088902004857579, 0.0004283541853041525, 6.380573364483986e-05, 3.1782217358913144e-05, 2.57425244270889e-05, 0.0005300729216136784, 0.027061637942776218, 3.6168516363332114e-05]",0.6399294092236818,1.8963470099724342,0.9150958281712411,2.497014524775636
RACE_COST,mixed_interleaved,mixed,24,15,29642,MARKOV_H1,0.491014556543682,"[0.1111111111111111, 0.1111111111111111, 0.1111111111111111, 0.1111111111111111, 0.1111111111111111, 0.1111111111111111, 0.1111111111111111, 0.1111111111111111, 0.1111111111111111]","[0.6851357687332057, 1.7659709361573302e-06, 1.1616465734711252e-20, 3.4597764273019324e-48, 6.753111962622743e-80, 5.839364010930561e-103, 1.4154450057269001e-13, 0.31486246529571654, 3.2406142799950775e-147]","[0.491014556543682, 0.023199033458759528, 0.004808798137559989, 0.001220804316533108, 0.0005893851578966023, 0.0004466150720434362, 0.010234616003376877, 0.46769418407492697, 0.0007920072352196358]","[0.03949742191848271, 0.0032808787040144215, 0.00038232104714312976, 6.860223519973109e-05, 3.531043680933185e-05, 2.8864816857382354e-05, 0.001143632069677357, 0.0396374665144342, 4.948165724317958e-05]",0.622960598072076,1.864439735552143,0.8862163101940916,2.4259332851221824
RACE_COST,mixed_interleaved,mixed,32,0,32538,MARKOV_H1,0.5277452281756934,"[0.1111111111111111, 0.1111111111111111, 0.1111111111111111, 0.1111111111111111, 0.1111111111111111, 0.1111111111111111, 0.1111111111111111, 0.1111111111111111, 0.1111111111111111]","[0.5809814728612791, 1.3925482904868347e-13, 2.437344419206268e-34, 1.486474557459071e-62, 1.0151958710245203e-89, 2.849700687568794e-109, 1.0752009770086124e-29, 0.4190185271385818, 2.400111691719079e-182]","[0.5277452281756934, 0.008802880795480066, 0.004006343126208895, 0.0017308754296656052, 0.000904213917040757, 0.0006173202566445537, 0.004382324831653363, 0.4513316903408089, 0.00047912312680638736]","[0.04258047993720543, 0.0012618821320127547, 0.0004627564093427492, 0.00011618351830733227, 5.232012739960176e-05, 3.500630230204324e-05, 0.0002855291572952692, 0.04216820020000811, 3.007671775199657e-05]",0.679973229251016,1.9738248907524591,0.8095028822808888,2.246790789497627
RACE_COST,mixed_interleaved,mixed,32,1,34290,LFU_DECAY,0.5295752764367185,"[0.1111111111111111, 0.1111111111111111, 0.1111111111111111, 0.1111111111111111, 0.1111111111111111, 0.1111111111111111, 0.1111111111111111, 0.1111111111111111, 0.1111111111111111]","[0.3830429347709283, 0.0004833166185764369, 4.584544356002165e-13, 3.989745324174634e-33, 5.826648057597861e-61, 5.791118992669127e-81, 5.199956647925521e-08, 0.6164736966104702, 1.816637197376808e-152]","[0.4150405463528174, 0.027799177521761084, 0.004334397605813747, 0.0012872704827364108, 0.0007725257010651102, 0.0005715700989068689, 0.019960033834665505, 0.5295752764367185, 0.0006592019655137876]","[0.0318724462087395, 0.0018558831447719807, 0.00028232874784013854, 9.102590376067085e-05, 5.223949150017703e-05, 3.657145461862457e-05, 0.002848456488102088, 0.03798671437530704, 4.6912627626823615e-05]",0.6694748092772249,1.9532112427919077,0.9261232494623932,2.5247025390288202
RACE_COST,mixed_interleaved,mixed,32,2,30702,LFU_DECAY,0.4221424223813566,"[0.1111111111111111, 0.1111111111111111, 0.1111111111111111, 0.1111111111111111, 0.1111111111111111, 0.1111111111111111, 0.1111111111111111, 0.1111111111111111, 0.1111111111111111]","[0.38066741099029544, 0.08554852760940188, 3.789860940683727e-16, 3.503165396530313e-43, 3.920013162178007e-66, 4.989320190096291e-78, 0.0007135891063756294, 0.5330704722939267, 1.6966448691151617e-130]","[0.39798777811747377, 0.12589136507288012, 0.004642476871745595, 0.0011942079261317092, 0.0007275849753083157, 0.0006510897686126168, 0.045896512015500594, 0.4221424223813566, 0.000866562870988543]","[0.026252774947882473, 0.004598442473299654, 0.00041200390180669717, 6.636311138994984e-05, 4.340816491705565e-05, 4.005429867869679e-05, 0.005265883859129543, 0.04032204653959501, 7.542528781086018e-05]",0.9185210445847746,2.505582004270208,1.182177259779903,3.261467540167216
RACE_COST,mixed_interleaved,mixed,32,3,30262,MARKOV_H2,0.7351315956181331,"[0.1111111111111111, 0.1111111111111111, 0.1111111111111111, 0.1111111111111111, 0.1111111111111111, 0.1111111111111111, 0.1111111111111111, 0.1111111111111111, 0.1111111111111111]","[0.0038448000605615235, 0.5980744433539075, 1.7255320534851113e-11, 1.4535122853077094e-36, 3.3836623722471573e-59, 5.650095651121595e-70, 0.39372775915346936, 0.0043529974148062926, 5.730750961376905e-160]","[0.10111989215589254, 0.7351315956181331, 0.007591338382709251, 0.001175736312370457, 0.0007366217133135969, 0.0005823903925503138, 0.11564349815528101, 0.037491137975211364, 0.000527789294540032]","[0.014764252699781075, 0.06373744870455511, 0.0004645379774054736, 6.78509114295976e-05, 4.7334207342573386e-05, 3.8082679311913963e-05, 0.01689901890241194, 0.003506584734034001, 3.5368696067766534e-05]",0.7194739500427667,2.053352760351621,0.8891114977508292,2.4329669940228773
RACE_COST,mixed_interleaved,mixed,32,4,22497,LFU_DECAY,0.3998317131260503,"[0.1111111111111111, 0.1111111111111111, 0.1111111111111111, 0.1111111111111111, 0.1111111111111111, 0.1111111111111111, 0.1111111111111111, 0.1111111111111111, 0.1111111111111111]","[0.42352975895062966, 0.07878086364125, 2.6065052979980167e-10, 8.31681552799291e-27, 3.2313014828148184e-41, 1.0169489397133441e-50, 0.003337511252728571, 0.4943518658947413, 2.3114959027197858e-88]","[0.31913407009923006, 0.21616344172538057, 0.00730481576835915, 0.0019534593156704636, 0.0011792392232761722, 0.0009638943118063733, 0.052248106562540995, 0.3998317131260503, 0.0012212598676887853]","[0.01656044157652936, 0.012492603886023884, 0.0004597278798432837, 0.00010810906772148782, 7.034344270455109e-05, 6.221860629652166e-05, 0.0041484727893521395, 0.03649034528369283, 0.00010179971585587733]",0.9313636171122672,2.5379676351737026,1.2873101149621318,3.62302790825471
RACE_COST,mixed_interleaved,mixed,32,5,19953,MARKOV_H1,0.37334123677314773,"[0.1111111111111111, 0.1111111111111111, 0.1111111111111111, 0.1111111111111111, 0.1111111111111111, 0.1111111111111111, 0.1111111111111111, 0.1111111111111111, 0.1111111111111111]","[0.3696265161847824, 0.004019105983570982, 8.344611451612639e-11, 9.542711262512913e-24, 3.17521918712289e-36, 2.7029636902538604e-44, 0.4067337330655044, 0.21962064468269601, 2.636855349539686e-74]","[0.37334123677314773, 0.0388627893462669, 0.003387792866781597, 0.0014279986604006606, 0.0010749580399704044, 0.000918029816915783, 0.3325451801400192, 0.24708910295873251, 0.0013529113977660628]","[0.028419628534448155, 0.0013152577236577852, 0.0001993807265978864, 7.833638546283966e-05, 6.124228652352269e-05, 5.324061109082813e-05, 0.011888054885704477, 0.008933864534261253, 0.00010026306075800212]",1.0888564764292734,2.97087486396328,1.2569404118746896,3.514651633705563
RACE_COST,mixed_interleaved,mixed,32,6,18416,GATE_EWMA,0.4299070422255283,"[0.1111111111111111, 0.1111111111111111, 0.1111111111111111, 0.1111111111111111, 0.1111111111111111, 0.1111111111111111, 0.1111111111111111, 0.1111111111111111, 0.1111111111111111]","[0.03333300753273794, 0.47930316125654215, 0.00019410341756758196, 4.0777703166474994e-12, 2.998683646176864e-23, 3.5753725670398703e-37, 0.48542365497652884, 0.0017460728125457258, 2.978794144798076e-77]","[0.13517906205333433, 0.34130488848284757, 0.016791524572794085, 0.004693867290726504, 0.0028231924612714928, 0.0017192241909644206, 0.4299070422255283, 0.06652290154173157, 0.0010582971808040477]","[0.009091445098341817, 0.037677970789571136, 0.0007036090448013892, 0.00032781830936042477, 0.00019750403185580647, 0.00011376488201079412, 0.04070241148188547, 0.006394234076287489, 6.61140933436725e-05]",0.8294416217542422,2.29203855841514,1.3091802860895791,3.703136954870022
RACE_COST,mixed_interleaved,mixed,32,7,20537,MARKOV_H2,0.617830107944424,"[0.1111111111111111, 0.1111111111111111, 0.1111111111111111, 0.1111111111111111, 0.1111111111111111, 0.1111111111111111, 0.1111111111111111, 0.1111111111111111, 0.1111111111111111]","[0.00010283702298701682, 0.6740535559635502, 0.00011573729244857834, 1.9637436910510465e-18, 3.416353309802918e-34, 2.0767859716774358e-45, 0.3100393754961041, 0.015688494224909918, 2.8369220456829407e-87]","[0.07790264741887958, 0.617830107944424, 0.02881626570853374, 0.0032153614671251267, 0.0015014792410380955, 0.001162918024280188, 0.19875944723976563, 0.06971134038503018, 0.0011004325709268153]","[0.00672394855121577, 0.07509951761077899, 0.002093845307668533, 0.00018810591749738434, 8.880625014978667e-05, 7.121041835711676e-05, 0.028627208715213556, 0.007736297636364426, 7.736715987125051e-05]",0.6961273383506033,2.005969205750949,1.1489148590374878,3.1547676839584304
RACE_COST,mixed_interleaved,mixed,32,8,21910,MARKOV_H2,0.6118752719589553,"[0.1111111111111111, 0.1111111111111111, 0.1111111111111111, 0.1111111111111111, 0.1111111111111111, 0.1111111111111111, 0.1111111111111111, 0.1111111111111111, 0.1111111111111111]","[0.00033613564170336915, 0.5731078342252702, 5.296063102848935e-07, 9.851400284538551e-27, 1.2802522023395569e-51, 4.77961486649054e-66, 0.4265045855447754, 5.091498194087239e-05, 1.8382482272086816e-100]","[0.08115479691910273, 0.6118752719589553, 0.010042143643557556, 0.0020729174979238953, 0.0011315103730238556, 0.0008633438450606966, 0.2641117294947989, 0.027848555749517948, 0.000899730518062523]","[0.011271921234618811, 0.07956187654025165, 0.0005476763990357299, 0.00013169619785733964, 6.363202608998826e-05, 4.686062349583633e-05, 0.04685477070026964, 0.002747001235444597, 6.078878359107581e-05]",0.6856761158076252,1.9851135485594684,1.034829181860288,2.8146254054822273
RACE_COST,mixed_interleaved,mixed,32,9,23161,MARKOV_H1,0.5704439550623042,"[0.1111111111111111, 0.1111111111111111, 0.1111111111111111, 0.1111111111111111, 0.1111111111111111, 0.1111111111111111, 0.1111111111111111, 0.1111111111111111, 0.1111111111111111]","[0.6561680121794082, 0.09500311767001357, 8.38370271607884e-14, 5.880840133854416e-37, 2.0040062475497749e-56, 1.0903995564572807e-69, 0.24709062527256861, 0.0017382448779258103, 5.543001875683587e-114]","[0.5704439550623042, 0.22995547516021658, 0.004524500083957594, 0.0012517528364238422, 0.0007630267178401112, 0.000640971985016513, 0.15737008598168456, 0.03418993794866401, 0.0008602942238944961]","[0.017247022825916725, 0.01662279680530753, 0.00030623633828718753, 7.292888017067216e-05, 4.419100468027184e-05, 3.795626935706295e-05, 0.02184869022268285, 0.002516315034769981, 6.444530177628111e-05]",0.856570509237919,2.3550701371116602,1.113690856019267,3.045578467480418
RACE_COST,mixed_interleaved,mixed,32,10,25582,MARKOV_H2,0.878898860250757,"[0.1111111111111111, 0.1111111111111111, 0.1111111111111111, 0.1111111111111111, 0.1111111111111111, 0.1111111111111111, 0.1111111111111111, 0.1111111111111111, 0.1111111111111111]","[0.0006221106961908584, 0.9993778882933065, 1.0105017332219833e-09, 5.796888681047731e-36, 2.321886999351587e-71, 2.6104325820266632e-102, 1.094165786776987e-20, 8.172338189609409e-16, 6.909923183381225e-147]","[0.08236186336708928, 0.878898860250757, 0.017701323663872094, 0.0020622636641030767, 0.0008430563575513242, 0.0005548526505310732, 0.0035576991486620307, 0.013428080568299547, 0.0005920003291281318]","[0.011425835071974564, 0.03182314435184441, 0.0017486031219337403, 0.00013876778611310526, 5.440698492497305e-05, 3.7263227980041785e-05, 0.00016186155975161609, 0.0012347126795213747, 4.0305954763508496e-05]",0.005214604431191119,1.0052282241443926,0.49571052174557095,1.6416642629230664
RACE_COST,mixed_interleaved,mixed,32,11,23091,MARKOV_H2,0.7973921312128699,"[0.1111111111111111, 0.1111111111111111, 0.1111111111111111, 0.1111111111111111, 0.1111111111111111, 0.1111111111111111, 0.1111111111111111, 0.1111111111111111, 0.1111111111111111]","[8.792572921556278e-05, 0.9886721316347458, 0.011235864517439286, 3.355513376646057e-21, 3.9754370601291626e-47, 1.3606570494674088e-67, 1.0130192183497074e-06, 3.0650993813699085e-06, 2.0537192533145458e-117]","[0.06396160574606567, 0.7973921312128699, 0.09009461210561812, 0.0039940163570286935, 0.0013674728342142261, 0.0008493927456371214, 0.012088048125297127, 0.029449129612483162, 0.0008035912607785611]","[0.009288274474694765, 0.043972320728127734, 0.004937566429221454, 0.0003539035988781634, 9.32206467898288e-05, 5.401249391598371e-05, 0.0006356653910951165, 0.004013845217486064, 5.277937638542972e-05]",0.06257130007892558,1.0645703601626464,0.773241304967238,2.1667780724538415
RACE_COST,mixed_interleaved,mixed,32,12,24237,MARKOV_H2,0.8425273607643567,"[0.1111111111111111, 0.1111111111111111, 0.1111111111111111, 0.1111111111111111, 0.1111111111111111, 0.1111111111111111, 0.1111111111111111, 0.1111111111111111, 0.1111111111111111]","[0.00021166437655209224, 0.9997874793735813, 1.1573503668697186e-12, 3.94504569769619e-36, 9.542022311194348e-64, 1.2907271107743422e-88, 8.62003127015096e-15, 8.562487006592415e-07, 2.292074901721068e-123]","[0.06709447251817943, 0.8425273607643567, 0.009377311855944113, 0.0016389780904188364, 0.0007331784391831188, 0.000545371679745863, 0.007016533495885512, 0.07035186502847336, 0.0007149281278126333]","[0.011003406333101467, 0.057322359482771534, 0.0008201743043863747, 9.67838767204562e-05, 4.4578722912762454e-05, 3.451695102401693e-05, 0.0004072980757837671, 0.01914795403986405, 4.906201569198451e-05]",0.0020152487647370717,1.0020172807432803,0.6160293832389658,1.8515615853717735
RACE_COST,mixed_interleaved,mixed,32,13,24410,MARKOV_H1,0.39013063437532264,"[0.1111111111111111, 0.1111111111111111, 0.1111111111111111, 0.1111111111111111, 0.1111111111111111, 0.1111111111111111, 0.1111111111111111, 0.1111111111111111, 0.1111111111111111]","[0.36636369715840966, 0.11124319661890406, 2.0471439389823896e-12, 4.6564235837104693e-32, 1.5080228010996749e-49, 1.3816589337789848e-66, 0.0006805304713032373, 0.5217125757493359, 8.29312794436592e-121]","[0.39013063437532264, 0.1994616576414824, 0.006904878937785901, 0.0015565975122980328, 0.0008651378591614811, 0.000652161773286993, 0.032769669793535815, 0.3669475414549888, 0.0007117206521386976]","[0.0188821748883449, 0.007411092960438875, 0.0004367726960955954, 9.046511670239407e-05, 5.528757300811633e-05, 4.225345551527306e-05, 0.002993281582613566, 0.036343819983893105, 4.6193487014982714e-05]",0.9565795672552988,2.6027786014712673,1.2291345713445536,3.4182699870361914
RACE_COST,mixed_interleaved,mixed,32,14,26064,MARKOV_H2,0.41207070675073737,"[0.1111111111111111, 0.1111111111111111, 0.1111111111111111, 0.1111111111111111, 0.1111111111111111, 0.1111111111111111, 0.1111111111111111, 0.1111111111111111, 0.1111111111111111]","[0.21786744560509655, 0.6023750695379043, 2.4293089911645235e-21, 8.885846748736562e-59, 5.3874024278203866e-92, 2.2019736893449997e-113, 4.784905514162844e-06, 0.1797526999514849, 1.1762259805607285e-119]","[0.3319507040530991, 0.41207070675073737, 0.004831274966007135, 0.0010668663720546352, 0.0006207152767953964, 0.0005025807033466536, 0.016810405543126735, 0.2314557989900372, 0.0006909473447952676]","[0.02242214453711605, 0.03402770935113364, 0.00044417483739822203, 7.542478922727894e-05, 4.1813257149262524e-05, 3.303760903959153e-05, 0.0010761655165357612, 0.021801408516684842, 4.464021353239457e-05]",0.9458755755907851,2.575067057671482,1.1852719272293704,3.27157633120693
RACE_COST,mixed_interleaved,mixed,32,15,22888,MARKOV_H1,0.5306544167792628,"[0.1111111111111111, 0.1111111111111111, 0.1111111111111111, 0.1111111111111111, 0.1111111111111111, 0.1111111111111111, 0.1111111111111111, 0.1111111111111111, 0.1111111111111111]","[0.7397192021989762, 0.017149677937248756, 1.3397936937402667e-10, 1.0278326093481037e-29, 1.917253024591939e-52, 6.24313850917912e-71, 4.381413370243182e-09, 0.2431311153483822, 6.773406080689168e-108]","[0.5306544167792628, 0.06382949691122315, 0.00860495430219126, 0.0020906618270051585, 0.0009422377159105791, 0.0006830661373143539, 0.01261419098794456, 0.37970938912978, 0.0008715862093678252]","[0.03783561821173459, 0.003676062167479897, 0.0008322509775829812, 0.0001201540821490291, 5.3497997621704253e-05, 4.182714497310487e-05, 0.0010457996346287972, 0.039757708736303965, 5.600388941785458e-05]",0.6365657373101933,1.8899790366872942,1.0062320155675015,2.735275099296348
RACE_STATIC_PERLAYER,mixed_interleaved,mixed,8,0,0,PERSISTENCE,0.3220000172812529,"[0.13913151186256406, 0.05433276264730647, 0.09751135897919844, 0.00916306447249639, 0.08912067872248704, 0.04064418110501657, 0.13117751412412954, 0.11691891080554873, 0.3220000172812529]","[0.13913151186256406, 0.05433276264730647, 0.09751135897919844, 0.00916306447249639, 0.08912067872248704, 0.04064418110501657, 0.13117751412412954, 0.11691891080554873, 0.3220000172812529]","[0.13913151186256406, 0.05433276264730647, 0.09751135897919844, 0.00916306447249639, 0.08912067872248704, 0.04064418110501657, 0.13117751412412954, 0.11691891080554873, 0.3220000172812529]","[0.0, 0.0, 0.0, 0.0, 0.0, 0.0, 0.0, 0.0, 0.0]",1.9305810961071095,6.893514872587623,1.9305810961071095,6.893514872587623
RACE_STATIC_PERLAYER,mixed_interleaved,mixed,8,1,0,PERSISTENCE,0.3505490315202675,"[0.11229952035731833, 0.008009933964246915, 0.15188881725105624, 0.0, 0.009947078429854095, 0.10996146726336019, 0.1383127595648444, 0.11903139164905233, 0.3505490315202675]","[0.11229952035731833, 0.008009933964246915, 0.15188881725105624, 0.0, 0.009947078429854095, 0.10996146726336019, 0.1383127595648444, 0.11903139164905233, 0.3505490315202675]","[0.11229952035731833, 0.008009933964246915, 0.15188881725105624, 0.0, 0.009947078429854095, 0.10996146726336019, 0.1383127595648444, 0.11903139164905233, 0.3505490315202675]","[0.0, 0.0, 0.0, 0.0, 0.0, 0.0, 0.0, 0.0, 0.0]",1.7535049955659376,5.774807921832273,1.7535049955659376,5.774807921832273
RACE_STATIC_PERLAYER,mixed_interleaved,mixed,8,2,0,PERSISTENCE,0.35164392135390876,"[0.12207754027826861, 0.040534110567582715, 0.10004210762610745, 0.0, 0.06903525447027072, 0.06811589665556558, 0.16860167220962477, 0.07994949683867139, 0.35164392135390876]","[0.12207754027826861, 0.040534110567582715, 0.10004210762610745, 0.0, 0.06903525447027072, 0.06811589665556558, 0.16860167220962477, 0.07994949683867139, 0.35164392135390876]","[0.12207754027826861, 0.040534110567582715, 0.10004210762610745, 0.0, 0.06903525447027072, 0.06811589665556558, 0.16860167220962477, 0.07994949683867139, 0.35164392135390876]","[0.0, 0.0, 0.0, 0.0, 0.0, 0.0, 0.0, 0.0, 0.0]",1.8541727131554664,6.386412669391297,1.8541727131554664,6.386412669391297
RACE_STATIC_PERLAYER,mixed_interleaved,mixed,8,3,0,PERSISTENCE,0.35146454998910864,"[0.10292007488622296, 0.05285251326873165, 0.09213796027284807, 0.16540333273847807, 0.00694573922805769, 0.0, 0.13919359157873845, 0.0890822380378144, 0.35146454998910864]","[0.10292007488622296, 0.05285251326873165, 0.09213796027284807, 0.16540333273847807, 0.00694573922805769, 0.0, 0.13919359157873845, 0.0890822380378144, 0.35146454998910864]","[0.10292007488622296, 0.05285251326873165, 0.09213796027284807, 0.16540333273847807, 0.00694573922805769, 0.0, 0.13919359157873845, 0.0890822380378144, 0.35146454998910864]","[0.0, 0.0, 0.0, 0.0, 0.0, 0.0, 0.0, 0.0, 0.0]",1.7986591207988587,6.0415410540268,1.7986591207988587,6.0415410540268
RACE_STATIC_PERLAYER,mixed_interleaved,mixed,8,4,0,PERSISTENCE,0.3679584703109561,"[0.1210608082774848, 0.002233698259414288, 0.07212555710525576, 0.01025939253604874, 0.1806803132271117, 0.0, 0.1430871503943515, 0.10259460988937713, 0.3679584703109561]","[0.1210608082774848, 0.002233698259414288, 0.07212555710525576, 0.01025939253604874, 0.1806803132271117, 0.0, 0.1430871503943515, 0.10259460988937713, 0.3679584703109561]","[0.1210608082774848, 0.002233698259414288, 0.07212555710525576, 0.01025939253604874, 0.1806803132271117, 0.0, 0.1430871503943515, 0.10259460988937713, 0.3679584703109561]","[0.0, 0.0, 0.0, 0.0, 0.0, 0.0, 0.0, 0.0, 0.0]",1.6947142046871562,5.445089561742223,1.6947142046871562,5.445089561742223
RACE_STATIC_PERLAYER,mixed_interleaved,mixed,8,5,0,PERSISTENCE,0.3606317135257713,"[0.13328709777295691, 0.0, 0.0, 0.07203259833751477, 0.1670589752021311, 0.0, 0.1099651143108728, 0.15702450085075315, 0.3606317135257713]","[0.13328709777295691, 0.0, 0.0, 0.07203259833751477, 0.1670589752021311, 0.0, 0.1099651143108728, 0.15702450085075315, 0.3606317135257713]","[0.13328709777295691, 0.0, 0.0, 0.07203259833751477, 0.1670589752021311, 0.0, 0.1099651143108728, 0.15702450085075315, 0.3606317135257713]","[0.0, 0.0, 0.0, 0.0, 0.0, 0.0, 0.0, 0.0, 0.0]",1.6583086562505642,5.250423060191709,1.6583086562505642,5.250423060191709
RACE_STATIC_PERLAYER,mixed_interleaved,mixed,8,6,0,PERSISTENCE,0.3779395005003712,"[0.11684897230290464, 0.11666030752644035, 0.0, 0.0, 0.14174143129730796, 0.014277397710199063, 0.13089656512191303, 0.10163582554086371, 0.3779395005003712]","[0.11684897230290464, 0.11666030752644035, 0.0, 0.0, 0.14174143129730796, 0.014277397710199063, 0.13089656512191303, 0.10163582554086371, 0.3779395005003712]","[0.11684897230290464, 0.11666030752644035, 0.0, 0.0, 0.14174143129730796, 0.014277397710199063, 0.13089656512191303, 0.10163582554086371, 0.3779395005003712]","[0.0, 0.0, 0.0, 0.0, 0.0, 0.0, 0.0, 0.0, 0.0]",1.705373866392708,5.503442834954773,1.705373866392708,5.503442834954773
RACE_STATIC_PERLAYER,mixed_interleaved,mixed,8,7,0,PERSISTENCE,0.3734690884195639,"[0.11638182225357618, 0.0, 0.09870903640451564, 0.1020621532979685, 0.0822366418017917, 0.0, 0.1249546793092806, 0.1021865785133034, 0.3734690884195639]","[0.11638182225357618, 0.0, 0.09870903640451564, 0.1020621532979685, 0.0822366418017917, 0.0, 0.1249546793092806, 0.1021865785133034, 0.3734690884195639]","[0.11638182225357618, 0.0, 0.09870903640451564, 0.1020621532979685, 0.0822366418017917, 0.0, 0.1249546793092806, 0.1021865785133034, 0.3734690884195639]","[0.0, 0.0, 0.0, 0.0, 0.0, 0.0, 0.0, 0.0, 0.0]",1.7780565352858626,5.918343143327678,1.7780565352858626,5.918343143327678
RACE_STATIC_PERLAYER,mixed_interleaved,mixed,8,8,0,PERSISTENCE,0.3560759865344236,"[0.16888946329073032, 0.0, 0.0, 0.14810177144679154, 0.10365216633519872, 0.0, 0.16019167505831333, 0.06308893733454238, 0.3560759865344236]","[0.16888946329073032, 0.0, 0.0, 0.14810177144679154, 0.10365216633519872, 0.0, 0.16019167505831333, 0.06308893733454238, 0.3560759865344236]","[0.16888946329073032, 0.0, 0.0, 0.14810177144679154, 0.10365216633519872, 0.0, 0.16019167505831333, 0.06308893733454238, 0.3560759865344236]","[0.0, 0.0, 0.0, 0.0, 0.0, 0.0, 0.0, 0.0, 0.0]",1.6535631135489341,5.225565980174076,1.6535631135489341,5.225565980174076
RACE_STATIC_PERLAYER,mixed_interleaved,mixed,8,9,0,PERSISTENCE,0.3810576036103174,"[0.142080968501092, 0.0, 0.11203401777568726, 0.04757220557657296, 0.07855597105185325, 0.0, 0.1430151922950126, 0.0956840411894647, 0.3810576036103174]","[0.142080968501092, 0.0, 0.11203401777568726, 0.04757220557657296, 0.07855597105185325, 0.0, 0.1430151922950126, 0.0956840411894647, 0.3810576036103174]","[0.142080968501092, 0.0, 0.11203401777568726, 0.04757220557657296, 0.07855597105185325, 0.0, 0.1430151922950126, 0.0956840411894647, 0.3810576036103174]","[0.0, 0.0, 0.0, 0.0, 0.0, 0.0, 0.0, 0.0, 0.0]",1.737536330905878,5.6833243300564895,1.737536330905878,5.6833243300564895
RACE_STATIC_PERLAYER,mixed_interleaved,mixed,8,10,0,PERSISTENCE,0.370903651812474,"[0.19081837859970652, 0.0, 0.09281973061533917, 0.026264167997552476, 0.09132358557917186, 0.0, 0.1352068441499848, 0.09266364124577121, 0.370903651812474]","[0.19081837859970652, 0.0, 0.09281973061533917, 0.026264167997552476, 0.09132358557917186, 0.0, 0.1352068441499848, 0.09266364124577121, 0.370903651812474]","[0.19081837859970652, 0.0, 0.09281973061533917, 0.026264167997552476, 0.09132358557917186, 0.0, 0.1352068441499848, 0.09266364124577121, 0.370903651812474]","[0.0, 0.0, 0.0, 0.0, 0.0, 0.0, 0.0, 0.0, 0.0]",1.7097134575988073,5.527377422686395,1.7097134575988073,5.527377422686395
RACE_STATIC_PERLAYER,mixed_interleaved,mixed,8,11,0,PERSISTENCE,0.36718417964328015,"[0.15218600394737053, 0.0, 0.11769989179518865, 0.11724992127424612, 0.0, 0.03794000658667293, 0.08019309195804154, 0.12754690479519998, 0.36718417964328015]","[0.15218600394737053, 0.0, 0.11769989179518865, 0.11724992127424612, 0.0, 0.03794000658667293, 0.08019309195804154, 0.12754690479519998, 0.36718417964328015]","[0.15218600394737053, 0.0, 0.11769989179518865, 0.11724992127424612, 0.0, 0.03794000658667293, 0.08019309195804154, 0.12754690479519998, 0.36718417964328015]","[0.0, 0.0, 0.0, 0.0, 0.0, 0.0, 0.0, 0.0, 0.0]",1.7466803078546194,5.735530840528488,1.7466803078546194,5.735530840528488
RACE_STATIC_PERLAYER,mixed_interleaved,mixed,8,12,0,PERSISTENCE,0.37572386551079134,"[0.1537367037260411, 0.0, 0.12842627730298614, 0.07507278097501505, 0.03159615665048454, 0.00621622882329452, 0.1202037983658034, 0.10902418864558383, 0.37572386551079134]","[0.1537367037260411, 0.0, 0.12842627730298614, 0.07507278097501505, 0.03159615665048454, 0.00621622882329452, 0.1202037983658034, 0.10902418864558383, 0.37572386551079134]","[0.1537367037260411, 0.0, 0.12842627730298614, 0.07507278097501505, 0.03159615665048454, 0.00621622882329452, 0.1202037983658034, 0.10902418864558383, 0.37572386551079134]","[0.0, 0.0, 0.0, 0.0, 0.0, 0.0, 0.0, 0.0, 0.0]",1.7506539456311805,5.758367104016356,1.7506539456311805,5.758367104016356
RACE_STATIC_PERLAYER,mixed_interleaved,mixed,8,13,0,PERSISTENCE,0.35762227643120587,"[0.18517529091122087, 0.016591452645804097, 0.08437065351775498, 0.0317434395925298, 0.012932570067914526, 0.051269921428985434, 0.16373204432591765, 0.09656235107866687, 0.35762227643120587]","[0.18517529091122087, 0.016591452645804097, 0.08437065351775498, 0.0317434395925298, 0.012932570067914526, 0.051269921428985434, 0.16373204432591765, 0.09656235107866687, 0.35762227643120587]","[0.18517529091122087, 0.016591452645804097, 0.08437065351775498, 0.0317434395925298, 0.012932570067914526, 0.051269921428985434, 0.16373204432591765, 0.09656235107866687, 0.35762227643120587]","[0.0, 0.0, 0.0, 0.0, 0.0, 0.0, 0.0, 0.0, 0.0]",1.7966910076469937,6.029662310810543,1.7966910076469937,6.029662310810543
RACE_STATIC_PERLAYER,mixed_interleaved,mixed,8,14,0,PERSISTENCE,0.3587505414864991,"[0.15547993258331347, 0.06872722563566593, 0.0879009779786501, 0.05991950270913393, 0.0, 0.0, 0.10333243409152135, 0.16588938551521612, 0.3587505414864991]","[0.15547993258331347, 0.06872722563566593, 0.0879009779786501, 0.05991950270913393, 0.0, 0.0, 0.10333243409152135, 0.16588938551521612, 0.3587505414864991]","[0.15547993258331347, 0.06872722563566593, 0.0879009779786501, 0.05991950270913393, 0.0, 0.0, 0.10333243409152135, 0.16588938551521612, 0.3587505414864991]","[0.0, 0.0, 0.0, 0.0, 0.0, 0.0, 0.0, 0.0, 0.0]",1.7561226292602998,5.78994405541082,1.7561226292602998,5.78994405541082
RACE_STATIC_PERLAYER,mixed_interleaved,mixed,8,15,0,PERSISTENCE,0.34883578044888075,"[0.1886303857227056, 0.0, 0.03971297616054649, 0.06651456053313035, 0.0668494264725237, 0.007999133268605019, 0.15733395105377865, 0.12412378633982937, 0.34883578044888075]","[0.1886303857227056, 0.0, 0.03971297616054649, 0.06651456053313035, 0.0668494264725237, 0.007999133268605019, 0.15733395105377865, 0.12412378633982937, 0.34883578044888075]","[0.1886303857227056, 0.0, 0.03971297616054649, 0.06651456053313035, 0.0668494264725237, 0.007999133268605019, 0.15733395105377865, 0.12412378633982937, 0.34883578044888075]","[0.0, 0.0, 0.0, 0.0, 0.0, 0.0, 0.0, 0.0, 0.0]",1.7598247397525855,5.811418794449412,1.7598247397525855,5.811418794449412
RACE_STATIC_PERLAYER,mixed_interleaved,mixed,12,0,0,PERSISTENCE,0.3220000172812529,"[0.13913151186256406, 0.05433276264730647, 0.09751135897919844, 0.00916306447249639, 0.08912067872248704, 0.04064418110501657, 0.13117751412412954, 0.11691891080554873, 0.3220000172812529]","[0.13913151186256406, 0.05433276264730647, 0.09751135897919844, 0.00916306447249639, 0.08912067872248704, 0.04064418110501657, 0.13117751412412954, 0.11691891080554873, 0.3220000172812529]","[0.13913151186256406, 0.05433276264730647, 0.09751135897919844, 0.00916306447249639, 0.08912067872248704, 0.04064418110501657, 0.13117751412412954, 0.11691891080554873, 0.3220000172812529]","[0.0, 0.0, 0.0, 0.0, 0.0, 0.0, 0.0, 0.0, 0.0]",1.9305810961071095,6.893514872587623,1.9305810961071095,6.893514872587623
RACE_STATIC_PERLAYER,mixed_interleaved,mixed,12,1,0,PERSISTENCE,0.3505490315202675,"[0.11229952035731833, 0.008009933964246915, 0.15188881725105624, 0.0, 0.009947078429854095, 0.10996146726336019, 0.1383127595648444, 0.11903139164905233, 0.3505490315202675]","[0.11229952035731833, 0.008009933964246915, 0.15188881725105624, 0.0, 0.009947078429854095, 0.10996146726336019, 0.1383127595648444, 0.11903139164905233, 0.3505490315202675]","[0.11229952035731833, 0.008009933964246915, 0.15188881725105624, 0.0, 0.009947078429854095, 0.10996146726336019, 0.1383127595648444, 0.11903139164905233, 0.3505490315202675]","[0.0, 0.0, 0.0, 0.0, 0.0, 0.0, 0.0, 0.0, 0.0]",1.7535049955659376,5.774807921832273,1.7535049955659376,5.774807921832273
RACE_STATIC_PERLAYER,mixed_interleaved,mixed,12,2,0,PERSISTENCE,0.35164392135390876,"[0.12207754027826861, 0.040534110567582715, 0.10004210762610745, 0.0, 0.06903525447027072, 0.06811589665556558, 0.16860167220962477, 0.07994949683867139, 0.35164392135390876]","[0.12207754027826861, 0.040534110567582715, 0.10004210762610745, 0.0, 0.06903525447027072, 0.06811589665556558, 0.16860167220962477, 0.07994949683867139, 0.35164392135390876]","[0.12207754027826861, 0.040534110567582715, 0.10004210762610745, 0.0, 0.06903525447027072, 0.06811589665556558, 0.16860167220962477, 0.07994949683867139, 0.35164392135390876]","[0.0, 0.0, 0.0, 0.0, 0.0, 0.0, 0.0, 0.0, 0.0]",1.8541727131554664,6.386412669391297,1.8541727131554664,6.386412669391297
RACE_STATIC_PERLAYER,mixed_interleaved,mixed,12,3,0,PERSISTENCE,0.35146454998910864,"[0.10292007488622296, 0.05285251326873165, 0.09213796027284807, 0.16540333273847807, 0.00694573922805769, 0.0, 0.13919359157873845, 0.0890822380378144, 0.35146454998910864]","[0.10292007488622296, 0.05285251326873165, 0.09213796027284807, 0.16540333273847807, 0.00694573922805769, 0.0, 0.13919359157873845, 0.0890822380378144, 0.35146454998910864]","[0.10292007488622296, 0.05285251326873165, 0.09213796027284807, 0.16540333273847807, 0.00694573922805769, 0.0, 0.13919359157873845, 0.0890822380378144, 0.35146454998910864]","[0.0, 0.0, 0.0, 0.0, 0.0, 0.0, 0.0, 0.0, 0.0]",1.7986591207988587,6.0415410540268,1.7986591207988587,6.0415410540268
RACE_STATIC_PERLAYER,mixed_interleaved,mixed,12,4,0,PERSISTENCE,0.3679584703109561,"[0.1210608082774848, 0.002233698259414288, 0.07212555710525576, 0.01025939253604874, 0.1806803132271117, 0.0, 0.1430871503943515, 0.10259460988937713, 0.3679584703109561]","[0.1210608082774848, 0.002233698259414288, 0.07212555710525576, 0.01025939253604874, 0.1806803132271117, 0.0, 0.1430871503943515, 0.10259460988937713, 0.3679584703109561]","[0.1210608082774848, 0.002233698259414288, 0.07212555710525576, 0.01025939253604874, 0.1806803132271117, 0.0, 0.1430871503943515, 0.10259460988937713, 0.3679584703109561]","[0.0, 0.0, 0.0, 0.0, 0.0, 0.0, 0.0, 0.0, 0.0]",1.6947142046871562,5.445089561742223,1.6947142046871562,5.445089561742223
RACE_STATIC_PERLAYER,mixed_interleaved,mixed,12,5,0,PERSISTENCE,0.3606317135257713,"[0.13328709777295691, 0.0, 0.0, 0.07203259833751477, 0.1670589752021311, 0.0, 0.1099651143108728, 0.15702450085075315, 0.3606317135257713]","[0.13328709777295691, 0.0, 0.0, 0.07203259833751477, 0.1670589752021311, 0.0, 0.1099651143108728, 0.15702450085075315, 0.3606317135257713]","[0.13328709777295691, 0.0, 0.0, 0.07203259833751477, 0.1670589752021311, 0.0, 0.1099651143108728, 0.15702450085075315, 0.3606317135257713]","[0.0, 0.0, 0.0, 0.0, 0.0, 0.0, 0.0, 0.0, 0.0]",1.6583086562505642,5.250423060191709,1.6583086562505642,5.250423060191709
RACE_STATIC_PERLAYER,mixed_interleaved,mixed,12,6,0,PERSISTENCE,0.3779395005003712,"[0.11684897230290464, 0.11666030752644035, 0.0, 0.0, 0.14174143129730796, 0.014277397710199063, 0.13089656512191303, 0.10163582554086371, 0.3779395005003712]","[0.11684897230290464, 0.11666030752644035, 0.0, 0.0, 0.14174143129730796, 0.014277397710199063, 0.13089656512191303, 0.10163582554086371, 0.3779395005003712]","[0.11684897230290464, 0.11666030752644035, 0.0, 0.0, 0.14174143129730796, 0.014277397710199063, 0.13089656512191303, 0.10163582554086371, 0.3779395005003712]","[0.0, 0.0, 0.0, 0.0, 0.0, 0.0, 0.0, 0.0, 0.0]",1.705373866392708,5.503442834954773,1.705373866392708,5.503442834954773
RACE_STATIC_PERLAYER,mixed_interleaved,mixed,12,7,0,PERSISTENCE,0.3734690884195639,"[0.11638182225357618, 0.0, 0.09870903640451564, 0.1020621532979685, 0.0822366418017917, 0.0, 0.1249546793092806, 0.1021865785133034, 0.3734690884195639]","[0.11638182225357618, 0.0, 0.09870903640451564, 0.1020621532979685, 0.0822366418017917, 0.0, 0.1249546793092806, 0.1021865785133034, 0.3734690884195639]","[0.11638182225357618, 0.0, 0.09870903640451564, 0.1020621532979685, 0.0822366418017917, 0.0, 0.1249546793092806, 0.1021865785133034, 0.3734690884195639]","[0.0, 0.0, 0.0, 0.0, 0.0, 0.0, 0.0, 0.0, 0.0]",1.7780565352858626,5.918343143327678,1.7780565352858626,5.918343143327678
RACE_STATIC_PERLAYER,mixed_interleaved,mixed,12,8,0,PERSISTENCE,0.3560759865344236,"[0.16888946329073032, 0.0, 0.0, 0.14810177144679154, 0.10365216633519872, 0.0, 0.16019167505831333, 0.06308893733454238, 0.3560759865344236]","[0.16888946329073032, 0.0, 0.0, 0.14810177144679154, 0.10365216633519872, 0.0, 0.16019167505831333, 0.06308893733454238, 0.3560759865344236]","[0.16888946329073032, 0.0, 0.0, 0.14810177144679154, 0.10365216633519872, 0.0, 0.16019167505831333, 0.06308893733454238, 0.3560759865344236]","[0.0, 0.0, 0.0, 0.0, 0.0, 0.0, 0.0, 0.0, 0.0]",1.6535631135489341,5.225565980174076,1.6535631135489341,5.225565980174076
RACE_STATIC_PERLAYER,mixed_interleaved,mixed,12,9,0,PERSISTENCE,0.3810576036103174,"[0.142080968501092, 0.0, 0.11203401777568726, 0.04757220557657296, 0.07855597105185325, 0.0, 0.1430151922950126, 0.0956840411894647, 0.3810576036103174]","[0.142080968501092, 0.0, 0.11203401777568726, 0.04757220557657296, 0.07855597105185325, 0.0, 0.1430151922950126, 0.0956840411894647, 0.3810576036103174]","[0.142080968501092, 0.0, 0.11203401777568726, 0.04757220557657296, 0.07855597105185325, 0.0, 0.1430151922950126, 0.0956840411894647, 0.3810576036103174]","[0.0, 0.0, 0.0, 0.0, 0.0, 0.0, 0.0, 0.0, 0.0]",1.737536330905878,5.6833243300564895,1.737536330905878,5.6833243300564895
RACE_STATIC_PERLAYER,mixed_interleaved,mixed,12,10,0,PERSISTENCE,0.370903651812474,"[0.19081837859970652, 0.0, 0.09281973061533917, 0.026264167997552476, 0.09132358557917186, 0.0, 0.1352068441499848, 0.09266364124577121, 0.370903651812474]","[0.19081837859970652, 0.0, 0.09281973061533917, 0.026264167997552476, 0.09132358557917186, 0.0, 0.1352068441499848, 0.09266364124577121, 0.370903651812474]","[0.19081837859970652, 0.0, 0.09281973061533917, 0.026264167997552476, 0.09132358557917186, 0.0, 0.1352068441499848, 0.09266364124577121, 0.370903651812474]","[0.0, 0.0, 0.0, 0.0, 0.0, 0.0, 0.0, 0.0, 0.0]",1.7097134575988073,5.527377422686395,1.7097134575988073,5.527377422686395
RACE_STATIC_PERLAYER,mixed_interleaved,mixed,12,11,0,PERSISTENCE,0.36718417964328015,"[0.15218600394737053, 0.0, 0.11769989179518865, 0.11724992127424612, 0.0, 0.03794000658667293, 0.08019309195804154, 0.12754690479519998, 0.36718417964328015]","[0.15218600394737053, 0.0, 0.11769989179518865, 0.11724992127424612, 0.0, 0.03794000658667293, 0.08019309195804154, 0.12754690479519998, 0.36718417964328015]","[0.15218600394737053, 0.0, 0.11769989179518865, 0.11724992127424612, 0.0, 0.03794000658667293, 0.08019309195804154, 0.12754690479519998, 0.36718417964328015]","[0.0, 0.0, 0.0, 0.0, 0.0, 0.0, 0.0, 0.0, 0.0]",1.7466803078546194,5.735530840528488,1.7466803078546194,5.735530840528488
RACE_STATIC_PERLAYER,mixed_interleaved,mixed,12,12,0,PERSISTENCE,0.37572386551079134,"[0.1537367037260411, 0.0, 0.12842627730298614, 0.07507278097501505, 0.03159615665048454, 0.00621622882329452, 0.1202037983658034, 0.10902418864558383, 0.37572386551079134]","[0.1537367037260411, 0.0, 0.12842627730298614, 0.07507278097501505, 0.03159615665048454, 0.00621622882329452, 0.1202037983658034, 0.10902418864558383, 0.37572386551079134]","[0.1537367037260411, 0.0, 0.12842627730298614, 0.07507278097501505, 0.03159615665048454, 0.00621622882329452, 0.1202037983658034, 0.10902418864558383, 0.37572386551079134]","[0.0, 0.0, 0.0, 0.0, 0.0, 0.0, 0.0, 0.0, 0.0]",1.7506539456311805,5.758367104016356,1.7506539456311805,5.758367104016356
RACE_STATIC_PERLAYER,mixed_interleaved,mixed,12,13,0,PERSISTENCE,0.35762227643120587,"[0.18517529091122087, 0.016591452645804097, 0.08437065351775498, 0.0317434395925298, 0.012932570067914526, 0.051269921428985434, 0.16373204432591765, 0.09656235107866687, 0.35762227643120587]","[0.18517529091122087, 0.016591452645804097, 0.08437065351775498, 0.0317434395925298, 0.012932570067914526, 0.051269921428985434, 0.16373204432591765, 0.09656235107866687, 0.35762227643120587]","[0.18517529091122087, 0.016591452645804097, 0.08437065351775498, 0.0317434395925298, 0.012932570067914526, 0.051269921428985434, 0.16373204432591765, 0.09656235107866687, 0.35762227643120587]","[0.0, 0.0, 0.0, 0.0, 0.0, 0.0, 0.0, 0.0, 0.0]",1.7966910076469937,6.029662310810543,1.7966910076469937,6.029662310810543
RACE_STATIC_PERLAYER,mixed_interleaved,mixed,12,14,0,PERSISTENCE,0.3587505414864991,"[0.15547993258331347, 0.06872722563566593, 0.0879009779786501, 0.05991950270913393, 0.0, 0.0, 0.10333243409152135, 0.16588938551521612, 0.3587505414864991]","[0.15547993258331347, 0.06872722563566593, 0.0879009779786501, 0.05991950270913393, 0.0, 0.0, 0.10333243409152135, 0.16588938551521612, 0.3587505414864991]","[0.15547993258331347, 0.06872722563566593, 0.0879009779786501, 0.05991950270913393, 0.0, 0.0, 0.10333243409152135, 0.16588938551521612, 0.3587505414864991]","[0.0, 0.0, 0.0, 0.0, 0.0, 0.0, 0.0, 0.0, 0.0]",1.7561226292602998,5.78994405541082,1.7561226292602998,5.78994405541082
RACE_STATIC_PERLAYER,mixed_interleaved,mixed,12,15,0,PERSISTENCE,0.34883578044888075,"[0.1886303857227056, 0.0, 0.03971297616054649, 0.06651456053313035, 0.0668494264725237, 0.007999133268605019, 0.15733395105377865, 0.12412378633982937, 0.34883578044888075]","[0.1886303857227056, 0.0, 0.03971297616054649, 0.06651456053313035, 0.0668494264725237, 0.007999133268605019, 0.15733395105377865, 0.12412378633982937, 0.34883578044888075]","[0.1886303857227056, 0.0, 0.03971297616054649, 0.06651456053313035, 0.0668494264725237, 0.007999133268605019, 0.15733395105377865, 0.12412378633982937, 0.34883578044888075]","[0.0, 0.0, 0.0, 0.0, 0.0, 0.0, 0.0, 0.0, 0.0]",1.7598247397525855,5.811418794449412,1.7598247397525855,5.811418794449412
RACE_STATIC_PERLAYER,mixed_interleaved,mixed,16,0,0,PERSISTENCE,0.3220000172812529,"[0.13913151186256406, 0.05433276264730647, 0.09751135897919844, 0.00916306447249639, 0.08912067872248704, 0.04064418110501657, 0.13117751412412954, 0.11691891080554873, 0.3220000172812529]","[0.13913151186256406, 0.05433276264730647, 0.09751135897919844, 0.00916306447249639, 0.08912067872248704, 0.04064418110501657, 0.13117751412412954, 0.11691891080554873, 0.3220000172812529]","[0.13913151186256406, 0.05433276264730647, 0.09751135897919844, 0.00916306447249639, 0.08912067872248704, 0.04064418110501657, 0.13117751412412954, 0.11691891080554873, 0.3220000172812529]","[0.0, 0.0, 0.0, 0.0, 0.0, 0.0, 0.0, 0.0, 0.0]",1.9305810961071095,6.893514872587623,1.9305810961071095,6.893514872587623
RACE_STATIC_PERLAYER,mixed_interleaved,mixed,16,1,0,PERSISTENCE,0.3505490315202675,"[0.11229952035731833, 0.008009933964246915, 0.15188881725105624, 0.0, 0.009947078429854095, 0.10996146726336019, 0.1383127595648444, 0.11903139164905233, 0.3505490315202675]","[0.11229952035731833, 0.008009933964246915, 0.15188881725105624, 0.0, 0.009947078429854095, 0.10996146726336019, 0.1383127595648444, 0.11903139164905233, 0.3505490315202675]","[0.11229952035731833, 0.008009933964246915, 0.15188881725105624, 0.0, 0.009947078429854095, 0.10996146726336019, 0.1383127595648444, 0.11903139164905233, 0.3505490315202675]","[0.0, 0.0, 0.0, 0.0, 0.0, 0.0, 0.0, 0.0, 0.0]",1.7535049955659376,5.774807921832273,1.7535049955659376,5.774807921832273
RACE_STATIC_PERLAYER,mixed_interleaved,mixed,16,2,0,PERSISTENCE,0.35164392135390876,"[0.12207754027826861, 0.040534110567582715, 0.10004210762610745, 0.0, 0.06903525447027072, 0.06811589665556558, 0.16860167220962477, 0.07994949683867139, 0.35164392135390876]","[0.12207754027826861, 0.040534110567582715, 0.10004210762610745, 0.0, 0.06903525447027072, 0.06811589665556558, 0.16860167220962477, 0.07994949683867139, 0.35164392135390876]","[0.12207754027826861, 0.040534110567582715, 0.10004210762610745, 0.0, 0.06903525447027072, 0.06811589665556558, 0.16860167220962477, 0.07994949683867139, 0.35164392135390876]","[0.0, 0.0, 0.0, 0.0, 0.0, 0.0, 0.0, 0.0, 0.0]",1.8541727131554664,6.386412669391297,1.8541727131554664,6.386412669391297
RACE_STATIC_PERLAYER,mixed_interleaved,mixed,16,3,0,PERSISTENCE,0.35146454998910864,"[0.10292007488622296, 0.05285251326873165, 0.09213796027284807, 0.16540333273847807, 0.00694573922805769, 0.0, 0.13919359157873845, 0.0890822380378144, 0.35146454998910864]","[0.10292007488622296, 0.05285251326873165, 0.09213796027284807, 0.16540333273847807, 0.00694573922805769, 0.0, 0.13919359157873845, 0.0890822380378144, 0.35146454998910864]","[0.10292007488622296, 0.05285251326873165, 0.09213796027284807, 0.16540333273847807, 0.00694573922805769, 0.0, 0.13919359157873845, 0.0890822380378144, 0.35146454998910864]","[0.0, 0.0, 0.0, 0.0, 0.0, 0.0, 0.0, 0.0, 0.0]",1.7986591207988587,6.0415410540268,1.7986591207988587,6.0415410540268
RACE_STATIC_PERLAYER,mixed_interleaved,mixed,16,4,0,PERSISTENCE,0.3679584703109561,"[0.1210608082774848, 0.002233698259414288, 0.07212555710525576, 0.01025939253604874, 0.1806803132271117, 0.0, 0.1430871503943515, 0.10259460988937713, 0.3679584703109561]","[0.1210608082774848, 0.002233698259414288, 0.07212555710525576, 0.01025939253604874, 0.1806803132271117, 0.0, 0.1430871503943515, 0.10259460988937713, 0.3679584703109561]","[0.1210608082774848, 0.002233698259414288, 0.07212555710525576, 0.01025939253604874, 0.1806803132271117, 0.0, 0.1430871503943515, 0.10259460988937713, 0.3679584703109561]","[0.0, 0.0, 0.0, 0.0, 0.0, 0.0, 0.0, 0.0, 0.0]",1.6947142046871562,5.445089561742223,1.6947142046871562,5.445089561742223
RACE_STATIC_PERLAYER,mixed_interleaved,mixed,16,5,0,PERSISTENCE,0.3606317135257713,"[0.13328709777295691, 0.0, 0.0, 0.07203259833751477, 0.1670589752021311, 0.0, 0.1099651143108728, 0.15702450085075315, 0.3606317135257713]","[0.13328709777295691, 0.0, 0.0, 0.07203259833751477, 0.1670589752021311, 0.0, 0.1099651143108728, 0.15702450085075315, 0.3606317135257713]","[0.13328709777295691, 0.0, 0.0, 0.07203259833751477, 0.1670589752021311, 0.0, 0.1099651143108728, 0.15702450085075315, 0.3606317135257713]","[0.0, 0.0, 0.0, 0.0, 0.0, 0.0, 0.0, 0.0, 0.0]",1.6583086562505642,5.250423060191709,1.6583086562505642,5.250423060191709
RACE_STATIC_PERLAYER,mixed_interleaved,mixed,16,6,0,PERSISTENCE,0.3779395005003712,"[0.11684897230290464, 0.11666030752644035, 0.0, 0.0, 0.14174143129730796, 0.014277397710199063, 0.13089656512191303, 0.10163582554086371, 0.3779395005003712]","[0.11684897230290464, 0.11666030752644035, 0.0, 0.0, 0.14174143129730796, 0.014277397710199063, 0.13089656512191303, 0.10163582554086371, 0.3779395005003712]","[0.11684897230290464, 0.11666030752644035, 0.0, 0.0, 0.14174143129730796, 0.014277397710199063, 0.13089656512191303, 0.10163582554086371, 0.3779395005003712]","[0.0, 0.0, 0.0, 0.0, 0.0, 0.0, 0.0, 0.0, 0.0]",1.705373866392708,5.503442834954773,1.705373866392708,5.503442834954773
RACE_STATIC_PERLAYER,mixed_interleaved,mixed,16,7,0,PERSISTENCE,0.3734690884195639,"[0.11638182225357618, 0.0, 0.09870903640451564, 0.1020621532979685, 0.0822366418017917, 0.0, 0.1249546793092806, 0.1021865785133034, 0.3734690884195639]","[0.11638182225357618, 0.0, 0.09870903640451564, 0.1020621532979685, 0.0822366418017917, 0.0, 0.1249546793092806, 0.1021865785133034, 0.3734690884195639]","[0.11638182225357618, 0.0, 0.09870903640451564, 0.1020621532979685, 0.0822366418017917, 0.0, 0.1249546793092806, 0.1021865785133034, 0.3734690884195639]","[0.0, 0.0, 0.0, 0.0, 0.0, 0.0, 0.0, 0.0, 0.0]",1.7780565352858626,5.918343143327678,1.7780565352858626,5.918343143327678
RACE_STATIC_PERLAYER,mixed_interleaved,mixed,16,8,0,PERSISTENCE,0.3560759865344236,"[0.16888946329073032, 0.0, 0.0, 0.14810177144679154, 0.10365216633519872, 0.0, 0.16019167505831333, 0.06308893733454238, 0.3560759865344236]","[0.16888946329073032, 0.0, 0.0, 0.14810177144679154, 0.10365216633519872, 0.0, 0.16019167505831333, 0.06308893733454238, 0.3560759865344236]","[0.16888946329073032, 0.0, 0.0, 0.14810177144679154, 0.10365216633519872, 0.0, 0.16019167505831333, 0.06308893733454238, 0.3560759865344236]","[0.0, 0.0, 0.0, 0.0, 0.0, 0.0, 0.0, 0.0, 0.0]",1.6535631135489341,5.225565980174076,1.6535631135489341,5.225565980174076
RACE_STATIC_PERLAYER,mixed_interleaved,mixed,16,9,0,PERSISTENCE,0.3810576036103174,"[0.142080968501092, 0.0, 0.11203401777568726, 0.04757220557657296, 0.07855597105185325, 0.0, 0.1430151922950126, 0.0956840411894647, 0.3810576036103174]","[0.142080968501092, 0.0, 0.11203401777568726, 0.04757220557657296, 0.07855597105185325, 0.0, 0.1430151922950126, 0.0956840411894647, 0.3810576036103174]","[0.142080968501092, 0.0, 0.11203401777568726, 0.04757220557657296, 0.07855597105185325, 0.0, 0.1430151922950126, 0.0956840411894647, 0.3810576036103174]","[0.0, 0.0, 0.0, 0.0, 0.0, 0.0, 0.0, 0.0, 0.0]",1.737536330905878,5.6833243300564895,1.737536330905878,5.6833243300564895
RACE_STATIC_PERLAYER,mixed_interleaved,mixed,16,10,0,PERSISTENCE,0.370903651812474,"[0.19081837859970652, 0.0, 0.09281973061533917, 0.026264167997552476, 0.09132358557917186, 0.0, 0.1352068441499848, 0.09266364124577121, 0.370903651812474]","[0.19081837859970652, 0.0, 0.09281973061533917, 0.026264167997552476, 0.09132358557917186, 0.0, 0.1352068441499848, 0.09266364124577121, 0.370903651812474]","[0.19081837859970652, 0.0, 0.09281973061533917, 0.026264167997552476, 0.09132358557917186, 0.0, 0.1352068441499848, 0.09266364124577121, 0.370903651812474]","[0.0, 0.0, 0.0, 0.0, 0.0, 0.0, 0.0, 0.0, 0.0]",1.7097134575988073,5.527377422686395,1.7097134575988073,5.527377422686395
RACE_STATIC_PERLAYER,mixed_interleaved,mixed,16,11,0,PERSISTENCE,0.36718417964328015,"[0.15218600394737053, 0.0, 0.11769989179518865, 0.11724992127424612, 0.0, 0.03794000658667293, 0.08019309195804154, 0.12754690479519998, 0.36718417964328015]","[0.15218600394737053, 0.0, 0.11769989179518865, 0.11724992127424612, 0.0, 0.03794000658667293, 0.08019309195804154, 0.12754690479519998, 0.36718417964328015]","[0.15218600394737053, 0.0, 0.11769989179518865, 0.11724992127424612, 0.0, 0.03794000658667293, 0.08019309195804154, 0.12754690479519998, 0.36718417964328015]","[0.0, 0.0, 0.0, 0.0, 0.0, 0.0, 0.0, 0.0, 0.0]",1.7466803078546194,5.735530840528488,1.7466803078546194,5.735530840528488
RACE_STATIC_PERLAYER,mixed_interleaved,mixed,16,12,0,PERSISTENCE,0.37572386551079134,"[0.1537367037260411, 0.0, 0.12842627730298614, 0.07507278097501505, 0.03159615665048454, 0.00621622882329452, 0.1202037983658034, 0.10902418864558383, 0.37572386551079134]","[0.1537367037260411, 0.0, 0.12842627730298614, 0.07507278097501505, 0.03159615665048454, 0.00621622882329452, 0.1202037983658034, 0.10902418864558383, 0.37572386551079134]","[0.1537367037260411, 0.0, 0.12842627730298614, 0.07507278097501505, 0.03159615665048454, 0.00621622882329452, 0.1202037983658034, 0.10902418864558383, 0.37572386551079134]","[0.0, 0.0, 0.0, 0.0, 0.0, 0.0, 0.0, 0.0, 0.0]",1.7506539456311805,5.758367104016356,1.7506539456311805,5.758367104016356
RACE_STATIC_PERLAYER,mixed_interleaved,mixed,16,13,0,PERSISTENCE,0.35762227643120587,"[0.18517529091122087, 0.016591452645804097, 0.08437065351775498, 0.0317434395925298, 0.012932570067914526, 0.051269921428985434, 0.16373204432591765, 0.09656235107866687, 0.35762227643120587]","[0.18517529091122087, 0.016591452645804097, 0.08437065351775498, 0.0317434395925298, 0.012932570067914526, 0.051269921428985434, 0.16373204432591765, 0.09656235107866687, 0.35762227643120587]","[0.18517529091122087, 0.016591452645804097, 0.08437065351775498, 0.0317434395925298, 0.012932570067914526, 0.051269921428985434, 0.16373204432591765, 0.09656235107866687, 0.35762227643120587]","[0.0, 0.0, 0.0, 0.0, 0.0, 0.0, 0.0, 0.0, 0.0]",1.7966910076469937,6.029662310810543,1.7966910076469937,6.029662310810543
RACE_STATIC_PERLAYER,mixed_interleaved,mixed,16,14,0,PERSISTENCE,0.3587505414864991,"[0.15547993258331347, 0.06872722563566593, 0.0879009779786501, 0.05991950270913393, 0.0, 0.0, 0.10333243409152135, 0.16588938551521612, 0.3587505414864991]","[0.15547993258331347, 0.06872722563566593, 0.0879009779786501, 0.05991950270913393, 0.0, 0.0, 0.10333243409152135, 0.16588938551521612, 0.3587505414864991]","[0.15547993258331347, 0.06872722563566593, 0.0879009779786501, 0.05991950270913393, 0.0, 0.0, 0.10333243409152135, 0.16588938551521612, 0.3587505414864991]","[0.0, 0.0, 0.0, 0.0, 0.0, 0.0, 0.0, 0.0, 0.0]",1.7561226292602998,5.78994405541082,1.7561226292602998,5.78994405541082
RACE_STATIC_PERLAYER,mixed_interleaved,mixed,16,15,0,PERSISTENCE,0.34883578044888075,"[0.1886303857227056, 0.0, 0.03971297616054649, 0.06651456053313035, 0.0668494264725237, 0.007999133268605019, 0.15733395105377865, 0.12412378633982937, 0.34883578044888075]","[0.1886303857227056, 0.0, 0.03971297616054649, 0.06651456053313035, 0.0668494264725237, 0.007999133268605019, 0.15733395105377865, 0.12412378633982937, 0.34883578044888075]","[0.1886303857227056, 0.0, 0.03971297616054649, 0.06651456053313035, 0.0668494264725237, 0.007999133268605019, 0.15733395105377865, 0.12412378633982937, 0.34883578044888075]","[0.0, 0.0, 0.0, 0.0, 0.0, 0.0, 0.0, 0.0, 0.0]",1.7598247397525855,5.811418794449412,1.7598247397525855,5.811418794449412
RACE_STATIC_PERLAYER,mixed_interleaved,mixed,24,0,0,PERSISTENCE,0.3220000172812529,"[0.13913151186256406, 0.05433276264730647, 0.09751135897919844, 0.00916306447249639, 0.08912067872248704, 0.04064418110501657, 0.13117751412412954, 0.11691891080554873, 0.3220000172812529]","[0.13913151186256406, 0.05433276264730647, 0.09751135897919844, 0.00916306447249639, 0.08912067872248704, 0.04064418110501657, 0.13117751412412954, 0.11691891080554873, 0.3220000172812529]","[0.13913151186256406, 0.05433276264730647, 0.09751135897919844, 0.00916306447249639, 0.08912067872248704, 0.04064418110501657, 0.13117751412412954, 0.11691891080554873, 0.3220000172812529]","[0.0, 0.0, 0.0, 0.0, 0.0, 0.0, 0.0, 0.0, 0.0]",1.9305810961071095,6.893514872587623,1.9305810961071095,6.893514872587623
RACE_STATIC_PERLAYER,mixed_interleaved,mixed,24,1,0,PERSISTENCE,0.3505490315202675,"[0.11229952035731833, 0.008009933964246915, 0.15188881725105624, 0.0, 0.009947078429854095, 0.10996146726336019, 0.1383127595648444, 0.11903139164905233, 0.3505490315202675]","[0.11229952035731833, 0.008009933964246915, 0.15188881725105624, 0.0, 0.009947078429854095, 0.10996146726336019, 0.1383127595648444, 0.11903139164905233, 0.3505490315202675]","[0.11229952035731833, 0.008009933964246915, 0.15188881725105624, 0.0, 0.009947078429854095, 0.10996146726336019, 0.1383127595648444, 0.11903139164905233, 0.3505490315202675]","[0.0, 0.0, 0.0, 0.0, 0.0, 0.0, 0.0, 0.0, 0.0]",1.7535049955659376,5.774807921832273,1.7535049955659376,5.774807921832273
RACE_STATIC_PERLAYER,mixed_interleaved,mixed,24,2,0,PERSISTENCE,0.35164392135390876,"[0.12207754027826861, 0.040534110567582715, 0.10004210762610745, 0.0, 0.06903525447027072, 0.06811589665556558, 0.16860167220962477, 0.07994949683867139, 0.35164392135390876]","[0.12207754027826861, 0.040534110567582715, 0.10004210762610745, 0.0, 0.06903525447027072, 0.06811589665556558, 0.16860167220962477, 0.07994949683867139, 0.35164392135390876]","[0.12207754027826861, 0.040534110567582715, 0.10004210762610745, 0.0, 0.06903525447027072, 0.06811589665556558, 0.16860167220962477, 0.07994949683867139, 0.35164392135390876]","[0.0, 0.0, 0.0, 0.0, 0.0, 0.0, 0.0, 0.0, 0.0]",1.8541727131554664,6.386412669391297,1.8541727131554664,6.386412669391297
RACE_STATIC_PERLAYER,mixed_interleaved,mixed,24,3,0,PERSISTENCE,0.35146454998910864,"[0.10292007488622296, 0.05285251326873165, 0.09213796027284807, 0.16540333273847807, 0.00694573922805769, 0.0, 0.13919359157873845, 0.0890822380378144, 0.35146454998910864]","[0.10292007488622296, 0.05285251326873165, 0.09213796027284807, 0.16540333273847807, 0.00694573922805769, 0.0, 0.13919359157873845, 0.0890822380378144, 0.35146454998910864]","[0.10292007488622296, 0.05285251326873165, 0.09213796027284807, 0.16540333273847807, 0.00694573922805769, 0.0, 0.13919359157873845, 0.0890822380378144, 0.35146454998910864]","[0.0, 0.0, 0.0, 0.0, 0.0, 0.0, 0.0, 0.0, 0.0]",1.7986591207988587,6.0415410540268,1.7986591207988587,6.0415410540268
RACE_STATIC_PERLAYER,mixed_interleaved,mixed,24,4,0,PERSISTENCE,0.3679584703109561,"[0.1210608082774848, 0.002233698259414288, 0.07212555710525576, 0.01025939253604874, 0.1806803132271117, 0.0, 0.1430871503943515, 0.10259460988937713, 0.3679584703109561]","[0.1210608082774848, 0.002233698259414288, 0.07212555710525576, 0.01025939253604874, 0.1806803132271117, 0.0, 0.1430871503943515, 0.10259460988937713, 0.3679584703109561]","[0.1210608082774848, 0.002233698259414288, 0.07212555710525576, 0.01025939253604874, 0.1806803132271117, 0.0, 0.1430871503943515, 0.10259460988937713, 0.3679584703109561]","[0.0, 0.0, 0.0, 0.0, 0.0, 0.0, 0.0, 0.0, 0.0]",1.6947142046871562,5.445089561742223,1.6947142046871562,5.445089561742223
RACE_STATIC_PERLAYER,mixed_interleaved,mixed,24,5,0,PERSISTENCE,0.3606317135257713,"[0.13328709777295691, 0.0, 0.0, 0.07203259833751477, 0.1670589752021311, 0.0, 0.1099651143108728, 0.15702450085075315, 0.3606317135257713]","[0.13328709777295691, 0.0, 0.0, 0.07203259833751477, 0.1670589752021311, 0.0, 0.1099651143108728, 0.15702450085075315, 0.3606317135257713]","[0.13328709777295691, 0.0, 0.0, 0.07203259833751477, 0.1670589752021311, 0.0, 0.1099651143108728, 0.15702450085075315, 0.3606317135257713]","[0.0, 0.0, 0.0, 0.0, 0.0, 0.0, 0.0, 0.0, 0.0]",1.6583086562505642,5.250423060191709,1.6583086562505642,5.250423060191709
RACE_STATIC_PERLAYER,mixed_interleaved,mixed,24,6,0,PERSISTENCE,0.3779395005003712,"[0.11684897230290464, 0.11666030752644035, 0.0, 0.0, 0.14174143129730796, 0.014277397710199063, 0.13089656512191303, 0.10163582554086371, 0.3779395005003712]","[0.11684897230290464, 0.11666030752644035, 0.0, 0.0, 0.14174143129730796, 0.014277397710199063, 0.13089656512191303, 0.10163582554086371, 0.3779395005003712]","[0.11684897230290464, 0.11666030752644035, 0.0, 0.0, 0.14174143129730796, 0.014277397710199063, 0.13089656512191303, 0.10163582554086371, 0.3779395005003712]","[0.0, 0.0, 0.0, 0.0, 0.0, 0.0, 0.0, 0.0, 0.0]",1.705373866392708,5.503442834954773,1.705373866392708,5.503442834954773
RACE_STATIC_PERLAYER,mixed_interleaved,mixed,24,7,0,PERSISTENCE,0.3734690884195639,"[0.11638182225357618, 0.0, 0.09870903640451564, 0.1020621532979685, 0.0822366418017917, 0.0, 0.1249546793092806, 0.1021865785133034, 0.3734690884195639]","[0.11638182225357618, 0.0, 0.09870903640451564, 0.1020621532979685, 0.0822366418017917, 0.0, 0.1249546793092806, 0.1021865785133034, 0.3734690884195639]","[0.11638182225357618, 0.0, 0.09870903640451564, 0.1020621532979685, 0.0822366418017917, 0.0, 0.1249546793092806, 0.1021865785133034, 0.3734690884195639]","[0.0, 0.0, 0.0, 0.0, 0.0, 0.0, 0.0, 0.0, 0.0]",1.7780565352858626,5.918343143327678,1.7780565352858626,5.918343143327678
RACE_STATIC_PERLAYER,mixed_interleaved,mixed,24,8,0,PERSISTENCE,0.3560759865344236,"[0.16888946329073032, 0.0, 0.0, 0.14810177144679154, 0.10365216633519872, 0.0, 0.16019167505831333, 0.06308893733454238, 0.3560759865344236]","[0.16888946329073032, 0.0, 0.0, 0.14810177144679154, 0.10365216633519872, 0.0, 0.16019167505831333, 0.06308893733454238, 0.3560759865344236]","[0.16888946329073032, 0.0, 0.0, 0.14810177144679154, 0.10365216633519872, 0.0, 0.16019167505831333, 0.06308893733454238, 0.3560759865344236]","[0.0, 0.0, 0.0, 0.0, 0.0, 0.0, 0.0, 0.0, 0.0]",1.6535631135489341,5.225565980174076,1.6535631135489341,5.225565980174076
RACE_STATIC_PERLAYER,mixed_interleaved,mixed,24,9,0,PERSISTENCE,0.3810576036103174,"[0.142080968501092, 0.0, 0.11203401777568726, 0.04757220557657296, 0.07855597105185325, 0.0, 0.1430151922950126, 0.0956840411894647, 0.3810576036103174]","[0.142080968501092, 0.0, 0.11203401777568726, 0.04757220557657296, 0.07855597105185325, 0.0, 0.1430151922950126, 0.0956840411894647, 0.3810576036103174]","[0.142080968501092, 0.0, 0.11203401777568726, 0.04757220557657296, 0.07855597105185325, 0.0, 0.1430151922950126, 0.0956840411894647, 0.3810576036103174]","[0.0, 0.0, 0.0, 0.0, 0.0, 0.0, 0.0, 0.0, 0.0]",1.737536330905878,5.6833243300564895,1.737536330905878,5.6833243300564895
RACE_STATIC_PERLAYER,mixed_interleaved,mixed,24,10,0,PERSISTENCE,0.370903651812474,"[0.19081837859970652, 0.0, 0.09281973061533917, 0.026264167997552476, 0.09132358557917186, 0.0, 0.1352068441499848, 0.09266364124577121, 0.370903651812474]","[0.19081837859970652, 0.0, 0.09281973061533917, 0.026264167997552476, 0.09132358557917186, 0.0, 0.1352068441499848, 0.09266364124577121, 0.370903651812474]","[0.19081837859970652, 0.0, 0.09281973061533917, 0.026264167997552476, 0.09132358557917186, 0.0, 0.1352068441499848, 0.09266364124577121, 0.370903651812474]","[0.0, 0.0, 0.0, 0.0, 0.0, 0.0, 0.0, 0.0, 0.0]",1.7097134575988073,5.527377422686395,1.7097134575988073,5.527377422686395
RACE_STATIC_PERLAYER,mixed_interleaved,mixed,24,11,0,PERSISTENCE,0.36718417964328015,"[0.15218600394737053, 0.0, 0.11769989179518865, 0.11724992127424612, 0.0, 0.03794000658667293, 0.08019309195804154, 0.12754690479519998, 0.36718417964328015]","[0.15218600394737053, 0.0, 0.11769989179518865, 0.11724992127424612, 0.0, 0.03794000658667293, 0.08019309195804154, 0.12754690479519998, 0.36718417964328015]","[0.15218600394737053, 0.0, 0.11769989179518865, 0.11724992127424612, 0.0, 0.03794000658667293, 0.08019309195804154, 0.12754690479519998, 0.36718417964328015]","[0.0, 0.0, 0.0, 0.0, 0.0, 0.0, 0.0, 0.0, 0.0]",1.7466803078546194,5.735530840528488,1.7466803078546194,5.735530840528488
RACE_STATIC_PERLAYER,mixed_interleaved,mixed,24,12,0,PERSISTENCE,0.37572386551079134,"[0.1537367037260411, 0.0, 0.12842627730298614, 0.07507278097501505, 0.03159615665048454, 0.00621622882329452, 0.1202037983658034, 0.10902418864558383, 0.37572386551079134]","[0.1537367037260411, 0.0, 0.12842627730298614, 0.07507278097501505, 0.03159615665048454, 0.00621622882329452, 0.1202037983658034, 0.10902418864558383, 0.37572386551079134]","[0.1537367037260411, 0.0, 0.12842627730298614, 0.07507278097501505, 0.03159615665048454, 0.00621622882329452, 0.1202037983658034, 0.10902418864558383, 0.37572386551079134]","[0.0, 0.0, 0.0, 0.0, 0.0, 0.0, 0.0, 0.0, 0.0]",1.7506539456311805,5.758367104016356,1.7506539456311805,5.758367104016356
RACE_STATIC_PERLAYER,mixed_interleaved,mixed,24,13,0,PERSISTENCE,0.35762227643120587,"[0.18517529091122087, 0.016591452645804097, 0.08437065351775498, 0.0317434395925298, 0.012932570067914526, 0.051269921428985434, 0.16373204432591765, 0.09656235107866687, 0.35762227643120587]","[0.18517529091122087, 0.016591452645804097, 0.08437065351775498, 0.0317434395925298, 0.012932570067914526, 0.051269921428985434, 0.16373204432591765, 0.09656235107866687, 0.35762227643120587]","[0.18517529091122087, 0.016591452645804097, 0.08437065351775498, 0.0317434395925298, 0.012932570067914526, 0.051269921428985434, 0.16373204432591765, 0.09656235107866687, 0.35762227643120587]","[0.0, 0.0, 0.0, 0.0, 0.0, 0.0, 0.0, 0.0, 0.0]",1.7966910076469937,6.029662310810543,1.7966910076469937,6.029662310810543
RACE_STATIC_PERLAYER,mixed_interleaved,mixed,24,14,0,PERSISTENCE,0.3587505414864991,"[0.15547993258331347, 0.06872722563566593, 0.0879009779786501, 0.05991950270913393, 0.0, 0.0, 0.10333243409152135, 0.16588938551521612, 0.3587505414864991]","[0.15547993258331347, 0.06872722563566593, 0.0879009779786501, 0.05991950270913393, 0.0, 0.0, 0.10333243409152135, 0.16588938551521612, 0.3587505414864991]","[0.15547993258331347, 0.06872722563566593, 0.0879009779786501, 0.05991950270913393, 0.0, 0.0, 0.10333243409152135, 0.16588938551521612, 0.3587505414864991]","[0.0, 0.0, 0.0, 0.0, 0.0, 0.0, 0.0, 0.0, 0.0]",1.7561226292602998,5.78994405541082,1.7561226292602998,5.78994405541082
RACE_STATIC_PERLAYER,mixed_interleaved,mixed,24,15,0,PERSISTENCE,0.34883578044888075,"[0.1886303857227056, 0.0, 0.03971297616054649, 0.06651456053313035, 0.0668494264725237, 0.007999133268605019, 0.15733395105377865, 0.12412378633982937, 0.34883578044888075]","[0.1886303857227056, 0.0, 0.03971297616054649, 0.06651456053313035, 0.0668494264725237, 0.007999133268605019, 0.15733395105377865, 0.12412378633982937, 0.34883578044888075]","[0.1886303857227056, 0.0, 0.03971297616054649, 0.06651456053313035, 0.0668494264725237, 0.007999133268605019, 0.15733395105377865, 0.12412378633982937, 0.34883578044888075]","[0.0, 0.0, 0.0, 0.0, 0.0, 0.0, 0.0, 0.0, 0.0]",1.7598247397525855,5.811418794449412,1.7598247397525855,5.811418794449412
RACE_STATIC_PERLAYER,mixed_interleaved,mixed,32,0,0,PERSISTENCE,0.3220000172812529,"[0.13913151186256406, 0.05433276264730647, 0.09751135897919844, 0.00916306447249639, 0.08912067872248704, 0.04064418110501657, 0.13117751412412954, 0.11691891080554873, 0.3220000172812529]","[0.13913151186256406, 0.05433276264730647, 0.09751135897919844, 0.00916306447249639, 0.08912067872248704, 0.04064418110501657, 0.13117751412412954, 0.11691891080554873, 0.3220000172812529]","[0.13913151186256406, 0.05433276264730647, 0.09751135897919844, 0.00916306447249639, 0.08912067872248704, 0.04064418110501657, 0.13117751412412954, 0.11691891080554873, 0.3220000172812529]","[0.0, 0.0, 0.0, 0.0, 0.0, 0.0, 0.0, 0.0, 0.0]",1.9305810961071095,6.893514872587623,1.9305810961071095,6.893514872587623
RACE_STATIC_PERLAYER,mixed_interleaved,mixed,32,1,0,PERSISTENCE,0.3505490315202675,"[0.11229952035731833, 0.008009933964246915, 0.15188881725105624, 0.0, 0.009947078429854095, 0.10996146726336019, 0.1383127595648444, 0.11903139164905233, 0.3505490315202675]","[0.11229952035731833, 0.008009933964246915, 0.15188881725105624, 0.0, 0.009947078429854095, 0.10996146726336019, 0.1383127595648444, 0.11903139164905233, 0.3505490315202675]","[0.11229952035731833, 0.008009933964246915, 0.15188881725105624, 0.0, 0.009947078429854095, 0.10996146726336019, 0.1383127595648444, 0.11903139164905233, 0.3505490315202675]","[0.0, 0.0, 0.0, 0.0, 0.0, 0.0, 0.0, 0.0, 0.0]",1.7535049955659376,5.774807921832273,1.7535049955659376,5.774807921832273
RACE_STATIC_PERLAYER,mixed_interleaved,mixed,32,2,0,PERSISTENCE,0.35164392135390876,"[0.12207754027826861, 0.040534110567582715, 0.10004210762610745, 0.0, 0.06903525447027072, 0.06811589665556558, 0.16860167220962477, 0.07994949683867139, 0.35164392135390876]","[0.12207754027826861, 0.040534110567582715, 0.10004210762610745, 0.0, 0.06903525447027072, 0.06811589665556558, 0.16860167220962477, 0.07994949683867139, 0.35164392135390876]","[0.12207754027826861, 0.040534110567582715, 0.10004210762610745, 0.0, 0.06903525447027072, 0.06811589665556558, 0.16860167220962477, 0.07994949683867139, 0.35164392135390876]","[0.0, 0.0, 0.0, 0.0, 0.0, 0.0, 0.0, 0.0, 0.0]",1.8541727131554664,6.386412669391297,1.8541727131554664,6.386412669391297
RACE_STATIC_PERLAYER,mixed_interleaved,mixed,32,3,0,PERSISTENCE,0.35146454998910864,"[0.10292007488622296, 0.05285251326873165, 0.09213796027284807, 0.16540333273847807, 0.00694573922805769, 0.0, 0.13919359157873845, 0.0890822380378144, 0.35146454998910864]","[0.10292007488622296, 0.05285251326873165, 0.09213796027284807, 0.16540333273847807, 0.00694573922805769, 0.0, 0.13919359157873845, 0.0890822380378144, 0.35146454998910864]","[0.10292007488622296, 0.05285251326873165, 0.09213796027284807, 0.16540333273847807, 0.00694573922805769, 0.0, 0.13919359157873845, 0.0890822380378144, 0.35146454998910864]","[0.0, 0.0, 0.0, 0.0, 0.0, 0.0, 0.0, 0.0, 0.0]",1.7986591207988587,6.0415410540268,1.7986591207988587,6.0415410540268
RACE_STATIC_PERLAYER,mixed_interleaved,mixed,32,4,0,PERSISTENCE,0.3679584703109561,"[0.1210608082774848, 0.002233698259414288, 0.07212555710525576, 0.01025939253604874, 0.1806803132271117, 0.0, 0.1430871503943515, 0.10259460988937713, 0.3679584703109561]","[0.1210608082774848, 0.002233698259414288, 0.07212555710525576, 0.01025939253604874, 0.1806803132271117, 0.0, 0.1430871503943515, 0.10259460988937713, 0.3679584703109561]","[0.1210608082774848, 0.002233698259414288, 0.07212555710525576, 0.01025939253604874, 0.1806803132271117, 0.0, 0.1430871503943515, 0.10259460988937713, 0.3679584703109561]","[0.0, 0.0, 0.0, 0.0, 0.0, 0.0, 0.0, 0.0, 0.0]",1.6947142046871562,5.445089561742223,1.6947142046871562,5.445089561742223
RACE_STATIC_PERLAYER,mixed_interleaved,mixed,32,5,0,PERSISTENCE,0.3606317135257713,"[0.13328709777295691, 0.0, 0.0, 0.07203259833751477, 0.1670589752021311, 0.0, 0.1099651143108728, 0.15702450085075315, 0.3606317135257713]","[0.13328709777295691, 0.0, 0.0, 0.07203259833751477, 0.1670589752021311, 0.0, 0.1099651143108728, 0.15702450085075315, 0.3606317135257713]","[0.13328709777295691, 0.0, 0.0, 0.07203259833751477, 0.1670589752021311, 0.0, 0.1099651143108728, 0.15702450085075315, 0.3606317135257713]","[0.0, 0.0, 0.0, 0.0, 0.0, 0.0, 0.0, 0.0, 0.0]",1.6583086562505642,5.250423060191709,1.6583086562505642,5.250423060191709
RACE_STATIC_PERLAYER,mixed_interleaved,mixed,32,6,0,PERSISTENCE,0.3779395005003712,"[0.11684897230290464, 0.11666030752644035, 0.0, 0.0, 0.14174143129730796, 0.014277397710199063, 0.13089656512191303, 0.10163582554086371, 0.3779395005003712]","[0.11684897230290464, 0.11666030752644035, 0.0, 0.0, 0.14174143129730796, 0.014277397710199063, 0.13089656512191303, 0.10163582554086371, 0.3779395005003712]","[0.11684897230290464, 0.11666030752644035, 0.0, 0.0, 0.14174143129730796, 0.014277397710199063, 0.13089656512191303, 0.10163582554086371, 0.3779395005003712]","[0.0, 0.0, 0.0, 0.0, 0.0, 0.0, 0.0, 0.0, 0.0]",1.705373866392708,5.503442834954773,1.705373866392708,5.503442834954773
RACE_STATIC_PERLAYER,mixed_interleaved,mixed,32,7,0,PERSISTENCE,0.3734690884195639,"[0.11638182225357618, 0.0, 0.09870903640451564, 0.1020621532979685, 0.0822366418017917, 0.0, 0.1249546793092806, 0.1021865785133034, 0.3734690884195639]","[0.11638182225357618, 0.0, 0.09870903640451564, 0.1020621532979685, 0.0822366418017917, 0.0, 0.1249546793092806, 0.1021865785133034, 0.3734690884195639]","[0.11638182225357618, 0.0, 0.09870903640451564, 0.1020621532979685, 0.0822366418017917, 0.0, 0.1249546793092806, 0.1021865785133034, 0.3734690884195639]","[0.0, 0.0, 0.0, 0.0, 0.0, 0.0, 0.0, 0.0, 0.0]",1.7780565352858626,5.918343143327678,1.7780565352858626,5.918343143327678
RACE_STATIC_PERLAYER,mixed_interleaved,mixed,32,8,0,PERSISTENCE,0.3560759865344236,"[0.16888946329073032, 0.0, 0.0, 0.14810177144679154, 0.10365216633519872, 0.0, 0.16019167505831333, 0.06308893733454238, 0.3560759865344236]","[0.16888946329073032, 0.0, 0.0, 0.14810177144679154, 0.10365216633519872, 0.0, 0.16019167505831333, 0.06308893733454238, 0.3560759865344236]","[0.16888946329073032, 0.0, 0.0, 0.14810177144679154, 0.10365216633519872, 0.0, 0.16019167505831333, 0.06308893733454238, 0.3560759865344236]","[0.0, 0.0, 0.0, 0.0, 0.0, 0.0, 0.0, 0.0, 0.0]",1.6535631135489341,5.225565980174076,1.6535631135489341,5.225565980174076
RACE_STATIC_PERLAYER,mixed_interleaved,mixed,32,9,0,PERSISTENCE,0.3810576036103174,"[0.142080968501092, 0.0, 0.11203401777568726, 0.04757220557657296, 0.07855597105185325, 0.0, 0.1430151922950126, 0.0956840411894647, 0.3810576036103174]","[0.142080968501092, 0.0, 0.11203401777568726, 0.04757220557657296, 0.07855597105185325, 0.0, 0.1430151922950126, 0.0956840411894647, 0.3810576036103174]","[0.142080968501092, 0.0, 0.11203401777568726, 0.04757220557657296, 0.07855597105185325, 0.0, 0.1430151922950126, 0.0956840411894647, 0.3810576036103174]","[0.0, 0.0, 0.0, 0.0, 0.0, 0.0, 0.0, 0.0, 0.0]",1.737536330905878,5.6833243300564895,1.737536330905878,5.6833243300564895
RACE_STATIC_PERLAYER,mixed_interleaved,mixed,32,10,0,PERSISTENCE,0.370903651812474,"[0.19081837859970652, 0.0, 0.09281973061533917, 0.026264167997552476, 0.09132358557917186, 0.0, 0.1352068441499848, 0.09266364124577121, 0.370903651812474]","[0.19081837859970652, 0.0, 0.09281973061533917, 0.026264167997552476, 0.09132358557917186, 0.0, 0.1352068441499848, 0.09266364124577121, 0.370903651812474]","[0.19081837859970652, 0.0, 0.09281973061533917, 0.026264167997552476, 0.09132358557917186, 0.0, 0.1352068441499848, 0.09266364124577121, 0.370903651812474]","[0.0, 0.0, 0.0, 0.0, 0.0, 0.0, 0.0, 0.0, 0.0]",1.7097134575988073,5.527377422686395,1.7097134575988073,5.527377422686395
RACE_STATIC_PERLAYER,mixed_interleaved,mixed,32,11,0,PERSISTENCE,0.36718417964328015,"[0.15218600394737053, 0.0, 0.11769989179518865, 0.11724992127424612, 0.0, 0.03794000658667293, 0.08019309195804154, 0.12754690479519998, 0.36718417964328015]","[0.15218600394737053, 0.0, 0.11769989179518865, 0.11724992127424612, 0.0, 0.03794000658667293, 0.08019309195804154, 0.12754690479519998, 0.36718417964328015]","[0.15218600394737053, 0.0, 0.11769989179518865, 0.11724992127424612, 0.0, 0.03794000658667293, 0.08019309195804154, 0.12754690479519998, 0.36718417964328015]","[0.0, 0.0, 0.0, 0.0, 0.0, 0.0, 0.0, 0.0, 0.0]",1.7466803078546194,5.735530840528488,1.7466803078546194,5.735530840528488
RACE_STATIC_PERLAYER,mixed_interleaved,mixed,32,12,0,PERSISTENCE,0.37572386551079134,"[0.1537367037260411, 0.0, 0.12842627730298614, 0.07507278097501505, 0.03159615665048454, 0.00621622882329452, 0.1202037983658034, 0.10902418864558383, 0.37572386551079134]","[0.1537367037260411, 0.0, 0.12842627730298614, 0.07507278097501505, 0.03159615665048454, 0.00621622882329452, 0.1202037983658034, 0.10902418864558383, 0.37572386551079134]","[0.1537367037260411, 0.0, 0.12842627730298614, 0.07507278097501505, 0.03159615665048454, 0.00621622882329452, 0.1202037983658034, 0.10902418864558383, 0.37572386551079134]","[0.0, 0.0, 0.0, 0.0, 0.0, 0.0, 0.0, 0.0, 0.0]",1.7506539456311805,5.758367104016356,1.7506539456311805,5.758367104016356
RACE_STATIC_PERLAYER,mixed_interleaved,mixed,32,13,0,PERSISTENCE,0.35762227643120587,"[0.18517529091122087, 0.016591452645804097, 0.08437065351775498, 0.0317434395925298, 0.012932570067914526, 0.051269921428985434, 0.16373204432591765, 0.09656235107866687, 0.35762227643120587]","[0.18517529091122087, 0.016591452645804097, 0.08437065351775498, 0.0317434395925298, 0.012932570067914526, 0.051269921428985434, 0.16373204432591765, 0.09656235107866687, 0.35762227643120587]","[0.18517529091122087, 0.016591452645804097, 0.08437065351775498, 0.0317434395925298, 0.012932570067914526, 0.051269921428985434, 0.16373204432591765, 0.09656235107866687, 0.35762227643120587]","[0.0, 0.0, 0.0, 0.0, 0.0, 0.0, 0.0, 0.0, 0.0]",1.7966910076469937,6.029662310810543,1.7966910076469937,6.029662310810543
RACE_STATIC_PERLAYER,mixed_interleaved,mixed,32,14,0,PERSISTENCE,0.3587505414864991,"[0.15547993258331347, 0.06872722563566593, 0.0879009779786501, 0.05991950270913393, 0.0, 0.0, 0.10333243409152135, 0.16588938551521612, 0.3587505414864991]","[0.15547993258331347, 0.06872722563566593, 0.0879009779786501, 0.05991950270913393, 0.0, 0.0, 0.10333243409152135, 0.16588938551521612, 0.3587505414864991]","[0.15547993258331347, 0.06872722563566593, 0.0879009779786501, 0.05991950270913393, 0.0, 0.0, 0.10333243409152135, 0.16588938551521612, 0.3587505414864991]","[0.0, 0.0, 0.0, 0.0, 0.0, 0.0, 0.0, 0.0, 0.0]",1.7561226292602998,5.78994405541082,1.7561226292602998,5.78994405541082
RACE_STATIC_PERLAYER,mixed_interleaved,mixed,32,15,0,PERSISTENCE,0.34883578044888075,"[0.1886303857227056, 0.0, 0.03971297616054649, 0.06651456053313035, 0.0668494264725237, 0.007999133268605019, 0.15733395105377865, 0.12412378633982937, 0.34883578044888075]","[0.1886303857227056, 0.0, 0.03971297616054649, 0.06651456053313035, 0.0668494264725237, 0.007999133268605019, 0.15733395105377865, 0.12412378633982937, 0.34883578044888075]","[0.1886303857227056, 0.0, 0.03971297616054649, 0.06651456053313035, 0.0668494264725237, 0.007999133268605019, 0.15733395105377865, 0.12412378633982937, 0.34883578044888075]","[0.0, 0.0, 0.0, 0.0, 0.0, 0.0, 0.0, 0.0, 0.0]",1.7598247397525855,5.811418794449412,1.7598247397525855,5.811418794449412
RACE_ONLINE_GLOBAL,mixed_interleaved,mixed,8,-1,0,MARKOV_H1,0.1111111111111111,"[0.1111111111111111, 0.1111111111111111, 0.1111111111111111, 0.1111111111111111, 0.1111111111111111, 0.1111111111111111, 0.1111111111111111, 0.1111111111111111, 0.1111111111111111]","[0.1111111111111111, 0.1111111111111111, 0.1111111111111111, 0.1111111111111111, 0.1111111111111111, 0.1111111111111111, 0.1111111111111111, 0.1111111111111111, 0.1111111111111111]","[0.1111111111111111, 0.1111111111111111, 0.1111111111111111, 0.1111111111111111, 0.1111111111111111, 0.1111111111111111, 0.1111111111111111, 0.1111111111111111, 0.1111111111111111]","[0.0, 0.0, 0.0, 0.0, 0.0, 0.0, 0.0, 0.0, 0.0]",2.1972245773362196,9.000000000000002,2.1972245773362196,9.000000000000002
RACE_ONLINE_GLOBAL,mixed_interleaved,mixed,12,-1,624804,LFU_DECAY,0.9792372123822916,"[0.1111111111111111, 0.1111111111111111, 0.1111111111111111, 0.1111111111111111, 0.1111111111111111, 0.1111111111111111, 0.1111111111111111, 0.1111111111111111, 0.1111111111111111]","[7.297842338544615e-191, 2.1366220425008865e-152, 0.0, 0.0, 0.0, 0.0, 1.7217746857621272e-239, 1.0, 0.0]","[0.0017356626529730656, 0.015712483916910165, 0.0014779615649998194, 0.0003369590743879793, 0.00019238680322883534, 0.0001480686330097347, 0.0010564690648966635, 0.9792372123822916, 0.00010279590730391567]","[0.0002935710016689295, 0.01153332982927504, 0.0002863834532442132, 3.248153602320506e-05, 1.8162309715380756e-05, 1.4958234961261573e-05, 0.0001485540349054434, 0.01788066710958436, 1.0608903828083835e-05]",7.461804385782961e-150,1.0,0.12029853214746708,1.1278334958828133
RACE_ONLINE_GLOBAL,mixed_interleaved,mixed,16,-1,595049,LFU_DECAY,0.7352883010610227,"[0.1111111111111111, 0.1111111111111111, 0.1111111111111111, 0.1111111111111111, 0.1111111111111111, 0.1111111111111111, 0.1111111111111111, 0.1111111111111111, 0.1111111111111111]","[2.7235175651703215e-97, 6.325217078307165e-08, 2.3614264536857295e-145, 0.0, 0.0, 0.0, 2.7012549599539885e-154, 0.9999999367478292, 0.0]","[0.0011554182479155172, 0.25971519831773526, 0.0013991030087116176, 0.00023149769727854656, 0.00014633998094872342, 0.0001293342193271614, 0.0018097179079749552, 0.7352883010610227, 0.0001250895591690303]","[0.00022030071456394424, 0.15117016917219406, 0.00025186008259427475, 1.978759769924411e-05, 1.5066460860558716e-05, 1.3518234149715987e-05, 0.00026021866587909334, 0.15402500842826805, 1.1983021580237104e-05]",1.1117287786500657e-06,1.0000011117293965,0.6101847434214867,1.8407714377842772
RACE_ONLINE_GLOBAL,mixed_interleaved,mixed,24,-1,507801,LFU_DECAY,0.5350631666501678,"[0.1111111111111111, 0.1111111111111111, 0.1111111111111111, 0.1111111111111111, 0.1111111111111111, 0.1111111111111111, 0.1111111111111111, 0.1111111111111111, 0.1111111111111111]","[1.0555390941711141e-153, 0.09176513102036243, 9.321280208641525e-05, 4.9655415394031816e-216, 0.0, 0.0, 3.565818302168597e-55, 0.908141656177551, 0.0]","[0.0011937680568019444, 0.30696646344155815, 0.15271953778583433, 0.00021237062334195168, 0.0001407761882116392, 0.0001280558641948407, 0.003396329435224333, 0.5350631666501678, 0.0001795319546563592]","[0.0002316959209439831, 0.13198989965321942, 0.0804724306558002, 1.6783527820870356e-05, 1.3978771186677555e-05, 1.3190473580166808e-05, 0.0003923090282050287, 0.18641168630006638, 1.8966872698455216e-05]",0.3075520907267622,1.3600916548194895,1.0172124208155464,2.7654750286514815
RACE_ONLINE_GLOBAL,mixed_interleaved,mixed,32,-1,401100,MARKOV_H4,0.5106505031441082,"[0.1111111111111111, 0.1111111111111111, 0.1111111111111111, 0.1111111111111111, 0.1111111111111111, 0.1111111111111111, 0.1111111111111111, 0.1111111111111111, 0.1111111111111111]","[3.208435980450277e-169, 2.348577910218015e-25, 0.23014807251128885, 7.027502235921446e-123, 0.0, 0.0, 1.6421339389786595e-14, 0.7698519274886948, 0.0]","[0.0013059557112670194, 0.0207512682436879, 0.5106505031441082, 0.000334908820328291, 0.00018489120854441732, 0.00015218382673265582, 0.011572619904345561, 0.454842520957921, 0.0002051481830515055]","[0.00018501185913319797, 0.007568594987414751, 0.17976073046678986, 2.3474540175263222e-05, 1.5671203242586118e-05, 1.4350968765217482e-05, 0.0035967867281543123, 0.17990182441819583, 2.2363741995380593e-05]",0.5394551972801965,1.7150722315968991,0.8495589955613398,2.3386152847589625
RACE_UNIFORM_EXTENDED,mixed_interleaved,mixed,8,0,0,MARKOV_H1,0.1,"[0.1, 0.1, 0.1, 0.1, 0.1, 0.1, 0.1, 0.1, 0.1, 0.1]","[0.1, 0.1, 0.1, 0.1, 0.1, 0.1, 0.1, 0.1, 0.1, 0.1]","[0.1, 0.1, 0.1, 0.1, 0.1, 0.1, 0.1, 0.1, 0.1, 0.1]","[0.0, 0.0, 0.0, 0.0, 0.0, 0.0, 0.0, 0.0, 0.0, 0.0]",2.3025850929940455,9.999999999999998,2.3025850929940455,9.999999999999998
RACE_UNIFORM_EXTENDED,mixed_interleaved,mixed,8,1,0,MARKOV_H1,0.1,"[0.1, 0.1, 0.1, 0.1, 0.1, 0.1, 0.1, 0.1, 0.1, 0.1]","[0.1, 0.1, 0.1, 0.1, 0.1, 0.1, 0.1, 0.1, 0.1, 0.1]","[0.1, 0.1, 0.1, 0.1, 0.1, 0.1, 0.1, 0.1, 0.1, 0.1]","[0.0, 0.0, 0.0, 0.0, 0.0, 0.0, 0.0, 0.0, 0.0, 0.0]",2.3025850929940455,9.999999999999998,2.3025850929940455,9.999999999999998
RACE_UNIFORM_EXTENDED,mixed_interleaved,mixed,8,2,0,MARKOV_H1,0.1,"[0.1, 0.1, 0.1, 0.1, 0.1, 0.1, 0.1, 0.1, 0.1, 0.1]","[0.1, 0.1, 0.1, 0.1, 0.1, 0.1, 0.1, 0.1, 0.1, 0.1]","[0.1, 0.1, 0.1, 0.1, 0.1, 0.1, 0.1, 0.1, 0.1, 0.1]","[0.0, 0.0, 0.0, 0.0, 0.0, 0.0, 0.0, 0.0, 0.0, 0.0]",2.3025850929940455,9.999999999999998,2.3025850929940455,9.999999999999998
RACE_UNIFORM_EXTENDED,mixed_interleaved,mixed,8,3,0,MARKOV_H1,0.1,"[0.1, 0.1, 0.1, 0.1, 0.1, 0.1, 0.1, 0.1, 0.1, 0.1]","[0.1, 0.1, 0.1, 0.1, 0.1, 0.1, 0.1, 0.1, 0.1, 0.1]","[0.1, 0.1, 0.1, 0.1, 0.1, 0.1, 0.1, 0.1, 0.1, 0.1]","[0.0, 0.0, 0.0, 0.0, 0.0, 0.0, 0.0, 0.0, 0.0, 0.0]",2.3025850929940455,9.999999999999998,2.3025850929940455,9.999999999999998
RACE_UNIFORM_EXTENDED,mixed_interleaved,mixed,8,4,0,MARKOV_H1,0.1,"[0.1, 0.1, 0.1, 0.1, 0.1, 0.1, 0.1, 0.1, 0.1, 0.1]","[0.1, 0.1, 0.1, 0.1, 0.1, 0.1, 0.1, 0.1, 0.1, 0.1]","[0.1, 0.1, 0.1, 0.1, 0.1, 0.1, 0.1, 0.1, 0.1, 0.1]","[0.0, 0.0, 0.0, 0.0, 0.0, 0.0, 0.0, 0.0, 0.0, 0.0]",2.3025850929940455,9.999999999999998,2.3025850929940455,9.999999999999998
RACE_UNIFORM_EXTENDED,mixed_interleaved,mixed,8,5,0,MARKOV_H1,0.1,"[0.1, 0.1, 0.1, 0.1, 0.1, 0.1, 0.1, 0.1, 0.1, 0.1]","[0.1, 0.1, 0.1, 0.1, 0.1, 0.1, 0.1, 0.1, 0.1, 0.1]","[0.1, 0.1, 0.1, 0.1, 0.1, 0.1, 0.1, 0.1, 0.1, 0.1]","[0.0, 0.0, 0.0, 0.0, 0.0, 0.0, 0.0, 0.0, 0.0, 0.0]",2.3025850929940455,9.999999999999998,2.3025850929940455,9.999999999999998
RACE_UNIFORM_EXTENDED,mixed_interleaved,mixed,8,6,0,MARKOV_H1,0.1,"[0.1, 0.1, 0.1, 0.1, 0.1, 0.1, 0.1, 0.1, 0.1, 0.1]","[0.1, 0.1, 0.1, 0.1, 0.1, 0.1, 0.1, 0.1, 0.1, 0.1]","[0.1, 0.1, 0.1, 0.1, 0.1, 0.1, 0.1, 0.1, 0.1, 0.1]","[0.0, 0.0, 0.0, 0.0, 0.0, 0.0, 0.0, 0.0, 0.0, 0.0]",2.3025850929940455,9.999999999999998,2.3025850929940455,9.999999999999998
RACE_UNIFORM_EXTENDED,mixed_interleaved,mixed,8,7,0,MARKOV_H1,0.1,"[0.1, 0.1, 0.1, 0.1, 0.1, 0.1, 0.1, 0.1, 0.1, 0.1]","[0.1, 0.1, 0.1, 0.1, 0.1, 0.1, 0.1, 0.1, 0.1, 0.1]","[0.1, 0.1, 0.1, 0.1, 0.1, 0.1, 0.1, 0.1, 0.1, 0.1]","[0.0, 0.0, 0.0, 0.0, 0.0, 0.0, 0.0, 0.0, 0.0, 0.0]",2.3025850929940455,9.999999999999998,2.3025850929940455,9.999999999999998
RACE_UNIFORM_EXTENDED,mixed_interleaved,mixed,8,8,0,MARKOV_H1,0.1,"[0.1, 0.1, 0.1, 0.1, 0.1, 0.1, 0.1, 0.1, 0.1, 0.1]","[0.1, 0.1, 0.1, 0.1, 0.1, 0.1, 0.1, 0.1, 0.1, 0.1]","[0.1, 0.1, 0.1, 0.1, 0.1, 0.1, 0.1, 0.1, 0.1, 0.1]","[0.0, 0.0, 0.0, 0.0, 0.0, 0.0, 0.0, 0.0, 0.0, 0.0]",2.3025850929940455,9.999999999999998,2.3025850929940455,9.999999999999998
RACE_UNIFORM_EXTENDED,mixed_interleaved,mixed,8,9,0,MARKOV_H1,0.1,"[0.1, 0.1, 0.1, 0.1, 0.1, 0.1, 0.1, 0.1, 0.1, 0.1]","[0.1, 0.1, 0.1, 0.1, 0.1, 0.1, 0.1, 0.1, 0.1, 0.1]","[0.1, 0.1, 0.1, 0.1, 0.1, 0.1, 0.1, 0.1, 0.1, 0.1]","[0.0, 0.0, 0.0, 0.0, 0.0, 0.0, 0.0, 0.0, 0.0, 0.0]",2.3025850929940455,9.999999999999998,2.3025850929940455,9.999999999999998
RACE_UNIFORM_EXTENDED,mixed_interleaved,mixed,8,10,0,MARKOV_H1,0.1,"[0.1, 0.1, 0.1, 0.1, 0.1, 0.1, 0.1, 0.1, 0.1, 0.1]","[0.1, 0.1, 0.1, 0.1, 0.1, 0.1, 0.1, 0.1, 0.1, 0.1]","[0.1, 0.1, 0.1, 0.1, 0.1, 0.1, 0.1, 0.1, 0.1, 0.1]","[0.0, 0.0, 0.0, 0.0, 0.0, 0.0, 0.0, 0.0, 0.0, 0.0]",2.3025850929940455,9.999999999999998,2.3025850929940455,9.999999999999998
RACE_UNIFORM_EXTENDED,mixed_interleaved,mixed,8,11,0,MARKOV_H1,0.1,"[0.1, 0.1, 0.1, 0.1, 0.1, 0.1, 0.1, 0.1, 0.1, 0.1]","[0.1, 0.1, 0.1, 0.1, 0.1, 0.1, 0.1, 0.1, 0.1, 0.1]","[0.1, 0.1, 0.1, 0.1, 0.1, 0.1, 0.1, 0.1, 0.1, 0.1]","[0.0, 0.0, 0.0, 0.0, 0.0, 0.0, 0.0, 0.0, 0.0, 0.0]",2.3025850929940455,9.999999999999998,2.3025850929940455,9.999999999999998
RACE_UNIFORM_EXTENDED,mixed_interleaved,mixed,8,12,0,MARKOV_H1,0.1,"[0.1, 0.1, 0.1, 0.1, 0.1, 0.1, 0.1, 0.1, 0.1, 0.1]","[0.1, 0.1, 0.1, 0.1, 0.1, 0.1, 0.1, 0.1, 0.1, 0.1]","[0.1, 0.1, 0.1, 0.1, 0.1, 0.1, 0.1, 0.1, 0.1, 0.1]","[0.0, 0.0, 0.0, 0.0, 0.0, 0.0, 0.0, 0.0, 0.0, 0.0]",2.3025850929940455,9.999999999999998,2.3025850929940455,9.999999999999998
RACE_UNIFORM_EXTENDED,mixed_interleaved,mixed,8,13,0,MARKOV_H1,0.1,"[0.1, 0.1, 0.1, 0.1, 0.1, 0.1, 0.1, 0.1, 0.1, 0.1]","[0.1, 0.1, 0.1, 0.1, 0.1, 0.1, 0.1, 0.1, 0.1, 0.1]","[0.1, 0.1, 0.1, 0.1, 0.1, 0.1, 0.1, 0.1, 0.1, 0.1]","[0.0, 0.0, 0.0, 0.0, 0.0, 0.0, 0.0, 0.0, 0.0, 0.0]",2.3025850929940455,9.999999999999998,2.3025850929940455,9.999999999999998
RACE_UNIFORM_EXTENDED,mixed_interleaved,mixed,8,14,0,MARKOV_H1,0.1,"[0.1, 0.1, 0.1, 0.1, 0.1, 0.1, 0.1, 0.1, 0.1, 0.1]","[0.1, 0.1, 0.1, 0.1, 0.1, 0.1, 0.1, 0.1, 0.1, 0.1]","[0.1, 0.1, 0.1, 0.1, 0.1, 0.1, 0.1, 0.1, 0.1, 0.1]","[0.0, 0.0, 0.0, 0.0, 0.0, 0.0, 0.0, 0.0, 0.0, 0.0]",2.3025850929940455,9.999999999999998,2.3025850929940455,9.999999999999998
RACE_UNIFORM_EXTENDED,mixed_interleaved,mixed,8,15,0,MARKOV_H1,0.1,"[0.1, 0.1, 0.1, 0.1, 0.1, 0.1, 0.1, 0.1, 0.1, 0.1]","[0.1, 0.1, 0.1, 0.1, 0.1, 0.1, 0.1, 0.1, 0.1, 0.1]","[0.1, 0.1, 0.1, 0.1, 0.1, 0.1, 0.1, 0.1, 0.1, 0.1]","[0.0, 0.0, 0.0, 0.0, 0.0, 0.0, 0.0, 0.0, 0.0, 0.0]",2.3025850929940455,9.999999999999998,2.3025850929940455,9.999999999999998
RACE_UNIFORM_EXTENDED,mixed_interleaved,mixed,12,0,0,MARKOV_H1,0.1,"[0.1, 0.1, 0.1, 0.1, 0.1, 0.1, 0.1, 0.1, 0.1, 0.1]","[0.1, 0.1, 0.1, 0.1, 0.1, 0.1, 0.1, 0.1, 0.1, 0.1]","[0.1, 0.1, 0.1, 0.1, 0.1, 0.1, 0.1, 0.1, 0.1, 0.1]","[0.0, 0.0, 0.0, 0.0, 0.0, 0.0, 0.0, 0.0, 0.0, 0.0]",2.3025850929940455,9.999999999999998,2.3025850929940455,9.999999999999998
RACE_UNIFORM_EXTENDED,mixed_interleaved,mixed,12,1,0,MARKOV_H1,0.1,"[0.1, 0.1, 0.1, 0.1, 0.1, 0.1, 0.1, 0.1, 0.1, 0.1]","[0.1, 0.1, 0.1, 0.1, 0.1, 0.1, 0.1, 0.1, 0.1, 0.1]","[0.1, 0.1, 0.1, 0.1, 0.1, 0.1, 0.1, 0.1, 0.1, 0.1]","[0.0, 0.0, 0.0, 0.0, 0.0, 0.0, 0.0, 0.0, 0.0, 0.0]",2.3025850929940455,9.999999999999998,2.3025850929940455,9.999999999999998
RACE_UNIFORM_EXTENDED,mixed_interleaved,mixed,12,2,0,MARKOV_H1,0.1,"[0.1, 0.1, 0.1, 0.1, 0.1, 0.1, 0.1, 0.1, 0.1, 0.1]","[0.1, 0.1, 0.1, 0.1, 0.1, 0.1, 0.1, 0.1, 0.1, 0.1]","[0.1, 0.1, 0.1, 0.1, 0.1, 0.1, 0.1, 0.1, 0.1, 0.1]","[0.0, 0.0, 0.0, 0.0, 0.0, 0.0, 0.0, 0.0, 0.0, 0.0]",2.3025850929940455,9.999999999999998,2.3025850929940455,9.999999999999998
RACE_UNIFORM_EXTENDED,mixed_interleaved,mixed,12,3,0,MARKOV_H1,0.1,"[0.1, 0.1, 0.1, 0.1, 0.1, 0.1, 0.1, 0.1, 0.1, 0.1]","[0.1, 0.1, 0.1, 0.1, 0.1, 0.1, 0.1, 0.1, 0.1, 0.1]","[0.1, 0.1, 0.1, 0.1, 0.1, 0.1, 0.1, 0.1, 0.1, 0.1]","[0.0, 0.0, 0.0, 0.0, 0.0, 0.0, 0.0, 0.0, 0.0, 0.0]",2.3025850929940455,9.999999999999998,2.3025850929940455,9.999999999999998
RACE_UNIFORM_EXTENDED,mixed_interleaved,mixed,12,4,0,MARKOV_H1,0.1,"[0.1, 0.1, 0.1, 0.1, 0.1, 0.1, 0.1, 0.1, 0.1, 0.1]","[0.1, 0.1, 0.1, 0.1, 0.1, 0.1, 0.1, 0.1, 0.1, 0.1]","[0.1, 0.1, 0.1, 0.1, 0.1, 0.1, 0.1, 0.1, 0.1, 0.1]","[0.0, 0.0, 0.0, 0.0, 0.0, 0.0, 0.0, 0.0, 0.0, 0.0]",2.3025850929940455,9.999999999999998,2.3025850929940455,9.999999999999998
RACE_UNIFORM_EXTENDED,mixed_interleaved,mixed,12,5,0,MARKOV_H1,0.1,"[0.1, 0.1, 0.1, 0.1, 0.1, 0.1, 0.1, 0.1, 0.1, 0.1]","[0.1, 0.1, 0.1, 0.1, 0.1, 0.1, 0.1, 0.1, 0.1, 0.1]","[0.1, 0.1, 0.1, 0.1, 0.1, 0.1, 0.1, 0.1, 0.1, 0.1]","[0.0, 0.0, 0.0, 0.0, 0.0, 0.0, 0.0, 0.0, 0.0, 0.0]",2.3025850929940455,9.999999999999998,2.3025850929940455,9.999999999999998
RACE_UNIFORM_EXTENDED,mixed_interleaved,mixed,12,6,0,MARKOV_H1,0.1,"[0.1, 0.1, 0.1, 0.1, 0.1, 0.1, 0.1, 0.1, 0.1, 0.1]","[0.1, 0.1, 0.1, 0.1, 0.1, 0.1, 0.1, 0.1, 0.1, 0.1]","[0.1, 0.1, 0.1, 0.1, 0.1, 0.1, 0.1, 0.1, 0.1, 0.1]","[0.0, 0.0, 0.0, 0.0, 0.0, 0.0, 0.0, 0.0, 0.0, 0.0]",2.3025850929940455,9.999999999999998,2.3025850929940455,9.999999999999998
RACE_UNIFORM_EXTENDED,mixed_interleaved,mixed,12,7,0,MARKOV_H1,0.1,"[0.1, 0.1, 0.1, 0.1, 0.1, 0.1, 0.1, 0.1, 0.1, 0.1]","[0.1, 0.1, 0.1, 0.1, 0.1, 0.1, 0.1, 0.1, 0.1, 0.1]","[0.1, 0.1, 0.1, 0.1, 0.1, 0.1, 0.1, 0.1, 0.1, 0.1]","[0.0, 0.0, 0.0, 0.0, 0.0, 0.0, 0.0, 0.0, 0.0, 0.0]",2.3025850929940455,9.999999999999998,2.3025850929940455,9.999999999999998
RACE_UNIFORM_EXTENDED,mixed_interleaved,mixed,12,8,0,MARKOV_H1,0.1,"[0.1, 0.1, 0.1, 0.1, 0.1, 0.1, 0.1, 0.1, 0.1, 0.1]","[0.1, 0.1, 0.1, 0.1, 0.1, 0.1, 0.1, 0.1, 0.1, 0.1]","[0.1, 0.1, 0.1, 0.1, 0.1, 0.1, 0.1, 0.1, 0.1, 0.1]","[0.0, 0.0, 0.0, 0.0, 0.0, 0.0, 0.0, 0.0, 0.0, 0.0]",2.3025850929940455,9.999999999999998,2.3025850929940455,9.999999999999998
RACE_UNIFORM_EXTENDED,mixed_interleaved,mixed,12,9,0,MARKOV_H1,0.1,"[0.1, 0.1, 0.1, 0.1, 0.1, 0.1, 0.1, 0.1, 0.1, 0.1]","[0.1, 0.1, 0.1, 0.1, 0.1, 0.1, 0.1, 0.1, 0.1, 0.1]","[0.1, 0.1, 0.1, 0.1, 0.1, 0.1, 0.1, 0.1, 0.1, 0.1]","[0.0, 0.0, 0.0, 0.0, 0.0, 0.0, 0.0, 0.0, 0.0, 0.0]",2.3025850929940455,9.999999999999998,2.3025850929940455,9.999999999999998
RACE_UNIFORM_EXTENDED,mixed_interleaved,mixed,12,10,0,MARKOV_H1,0.1,"[0.1, 0.1, 0.1, 0.1, 0.1, 0.1, 0.1, 0.1, 0.1, 0.1]","[0.1, 0.1, 0.1, 0.1, 0.1, 0.1, 0.1, 0.1, 0.1, 0.1]","[0.1, 0.1, 0.1, 0.1, 0.1, 0.1, 0.1, 0.1, 0.1, 0.1]","[0.0, 0.0, 0.0, 0.0, 0.0, 0.0, 0.0, 0.0, 0.0, 0.0]",2.3025850929940455,9.999999999999998,2.3025850929940455,9.999999999999998
RACE_UNIFORM_EXTENDED,mixed_interleaved,mixed,12,11,0,MARKOV_H1,0.1,"[0.1, 0.1, 0.1, 0.1, 0.1, 0.1, 0.1, 0.1, 0.1, 0.1]","[0.1, 0.1, 0.1, 0.1, 0.1, 0.1, 0.1, 0.1, 0.1, 0.1]","[0.1, 0.1, 0.1, 0.1, 0.1, 0.1, 0.1, 0.1, 0.1, 0.1]","[0.0, 0.0, 0.0, 0.0, 0.0, 0.0, 0.0, 0.0, 0.0, 0.0]",2.3025850929940455,9.999999999999998,2.3025850929940455,9.999999999999998
RACE_UNIFORM_EXTENDED,mixed_interleaved,mixed,12,12,0,MARKOV_H1,0.1,"[0.1, 0.1, 0.1, 0.1, 0.1, 0.1, 0.1, 0.1, 0.1, 0.1]","[0.1, 0.1, 0.1, 0.1, 0.1, 0.1, 0.1, 0.1, 0.1, 0.1]","[0.1, 0.1, 0.1, 0.1, 0.1, 0.1, 0.1, 0.1, 0.1, 0.1]","[0.0, 0.0, 0.0, 0.0, 0.0, 0.0, 0.0, 0.0, 0.0, 0.0]",2.3025850929940455,9.999999999999998,2.3025850929940455,9.999999999999998
RACE_UNIFORM_EXTENDED,mixed_interleaved,mixed,12,13,0,MARKOV_H1,0.1,"[0.1, 0.1, 0.1, 0.1, 0.1, 0.1, 0.1, 0.1, 0.1, 0.1]","[0.1, 0.1, 0.1, 0.1, 0.1, 0.1, 0.1, 0.1, 0.1, 0.1]","[0.1, 0.1, 0.1, 0.1, 0.1, 0.1, 0.1, 0.1, 0.1, 0.1]","[0.0, 0.0, 0.0, 0.0, 0.0, 0.0, 0.0, 0.0, 0.0, 0.0]",2.3025850929940455,9.999999999999998,2.3025850929940455,9.999999999999998
RACE_UNIFORM_EXTENDED,mixed_interleaved,mixed,12,14,0,MARKOV_H1,0.1,"[0.1, 0.1, 0.1, 0.1, 0.1, 0.1, 0.1, 0.1, 0.1, 0.1]","[0.1, 0.1, 0.1, 0.1, 0.1, 0.1, 0.1, 0.1, 0.1, 0.1]","[0.1, 0.1, 0.1, 0.1, 0.1, 0.1, 0.1, 0.1, 0.1, 0.1]","[0.0, 0.0, 0.0, 0.0, 0.0, 0.0, 0.0, 0.0, 0.0, 0.0]",2.3025850929940455,9.999999999999998,2.3025850929940455,9.999999999999998
RACE_UNIFORM_EXTENDED,mixed_interleaved,mixed,12,15,0,MARKOV_H1,0.1,"[0.1, 0.1, 0.1, 0.1, 0.1, 0.1, 0.1, 0.1, 0.1, 0.1]","[0.1, 0.1, 0.1, 0.1, 0.1, 0.1, 0.1, 0.1, 0.1, 0.1]","[0.1, 0.1, 0.1, 0.1, 0.1, 0.1, 0.1, 0.1, 0.1, 0.1]","[0.0, 0.0, 0.0, 0.0, 0.0, 0.0, 0.0, 0.0, 0.0, 0.0]",2.3025850929940455,9.999999999999998,2.3025850929940455,9.999999999999998
RACE_UNIFORM_EXTENDED,mixed_interleaved,mixed,16,0,0,MARKOV_H1,0.1,"[0.1, 0.1, 0.1, 0.1, 0.1, 0.1, 0.1, 0.1, 0.1, 0.1]","[0.1, 0.1, 0.1, 0.1, 0.1, 0.1, 0.1, 0.1, 0.1, 0.1]","[0.1, 0.1, 0.1, 0.1, 0.1, 0.1, 0.1, 0.1, 0.1, 0.1]","[0.0, 0.0, 0.0, 0.0, 0.0, 0.0, 0.0, 0.0, 0.0, 0.0]",2.3025850929940455,9.999999999999998,2.3025850929940455,9.999999999999998
RACE_UNIFORM_EXTENDED,mixed_interleaved,mixed,16,1,0,MARKOV_H1,0.1,"[0.1, 0.1, 0.1, 0.1, 0.1, 0.1, 0.1, 0.1, 0.1, 0.1]","[0.1, 0.1, 0.1, 0.1, 0.1, 0.1, 0.1, 0.1, 0.1, 0.1]","[0.1, 0.1, 0.1, 0.1, 0.1, 0.1, 0.1, 0.1, 0.1, 0.1]","[0.0, 0.0, 0.0, 0.0, 0.0, 0.0, 0.0, 0.0, 0.0, 0.0]",2.3025850929940455,9.999999999999998,2.3025850929940455,9.999999999999998
RACE_UNIFORM_EXTENDED,mixed_interleaved,mixed,16,2,0,MARKOV_H1,0.1,"[0.1, 0.1, 0.1, 0.1, 0.1, 0.1, 0.1, 0.1, 0.1, 0.1]","[0.1, 0.1, 0.1, 0.1, 0.1, 0.1, 0.1, 0.1, 0.1, 0.1]","[0.1, 0.1, 0.1, 0.1, 0.1, 0.1, 0.1, 0.1, 0.1, 0.1]","[0.0, 0.0, 0.0, 0.0, 0.0, 0.0, 0.0, 0.0, 0.0, 0.0]",2.3025850929940455,9.999999999999998,2.3025850929940455,9.999999999999998
RACE_UNIFORM_EXTENDED,mixed_interleaved,mixed,16,3,0,MARKOV_H1,0.1,"[0.1, 0.1, 0.1, 0.1, 0.1, 0.1, 0.1, 0.1, 0.1, 0.1]","[0.1, 0.1, 0.1, 0.1, 0.1, 0.1, 0.1, 0.1, 0.1, 0.1]","[0.1, 0.1, 0.1, 0.1, 0.1, 0.1, 0.1, 0.1, 0.1, 0.1]","[0.0, 0.0, 0.0, 0.0, 0.0, 0.0, 0.0, 0.0, 0.0, 0.0]",2.3025850929940455,9.999999999999998,2.3025850929940455,9.999999999999998
RACE_UNIFORM_EXTENDED,mixed_interleaved,mixed,16,4,0,MARKOV_H1,0.1,"[0.1, 0.1, 0.1, 0.1, 0.1, 0.1, 0.1, 0.1, 0.1, 0.1]","[0.1, 0.1, 0.1, 0.1, 0.1, 0.1, 0.1, 0.1, 0.1, 0.1]","[0.1, 0.1, 0.1, 0.1, 0.1, 0.1, 0.1, 0.1, 0.1, 0.1]","[0.0, 0.0, 0.0, 0.0, 0.0, 0.0, 0.0, 0.0, 0.0, 0.0]",2.3025850929940455,9.999999999999998,2.3025850929940455,9.999999999999998
RACE_UNIFORM_EXTENDED,mixed_interleaved,mixed,16,5,0,MARKOV_H1,0.1,"[0.1, 0.1, 0.1, 0.1, 0.1, 0.1, 0.1, 0.1, 0.1, 0.1]","[0.1, 0.1, 0.1, 0.1, 0.1, 0.1, 0.1, 0.1, 0.1, 0.1]","[0.1, 0.1, 0.1, 0.1, 0.1, 0.1, 0.1, 0.1, 0.1, 0.1]","[0.0, 0.0, 0.0, 0.0, 0.0, 0.0, 0.0, 0.0, 0.0, 0.0]",2.3025850929940455,9.999999999999998,2.3025850929940455,9.999999999999998
RACE_UNIFORM_EXTENDED,mixed_interleaved,mixed,16,6,0,MARKOV_H1,0.1,"[0.1, 0.1, 0.1, 0.1, 0.1, 0.1, 0.1, 0.1, 0.1, 0.1]","[0.1, 0.1, 0.1, 0.1, 0.1, 0.1, 0.1, 0.1, 0.1, 0.1]","[0.1, 0.1, 0.1, 0.1, 0.1, 0.1, 0.1, 0.1, 0.1, 0.1]","[0.0, 0.0, 0.0, 0.0, 0.0, 0.0, 0.0, 0.0, 0.0, 0.0]",2.3025850929940455,9.999999999999998,2.3025850929940455,9.999999999999998
RACE_UNIFORM_EXTENDED,mixed_interleaved,mixed,16,7,0,MARKOV_H1,0.1,"[0.1, 0.1, 0.1, 0.1, 0.1, 0.1, 0.1, 0.1, 0.1, 0.1]","[0.1, 0.1, 0.1, 0.1, 0.1, 0.1, 0.1, 0.1, 0.1, 0.1]","[0.1, 0.1, 0.1, 0.1, 0.1, 0.1, 0.1, 0.1, 0.1, 0.1]","[0.0, 0.0, 0.0, 0.0, 0.0, 0.0, 0.0, 0.0, 0.0, 0.0]",2.3025850929940455,9.999999999999998,2.3025850929940455,9.999999999999998
RACE_UNIFORM_EXTENDED,mixed_interleaved,mixed,16,8,0,MARKOV_H1,0.1,"[0.1, 0.1, 0.1, 0.1, 0.1, 0.1, 0.1, 0.1, 0.1, 0.1]","[0.1, 0.1, 0.1, 0.1, 0.1, 0.1, 0.1, 0.1, 0.1, 0.1]","[0.1, 0.1, 0.1, 0.1, 0.1, 0.1, 0.1, 0.1, 0.1, 0.1]","[0.0, 0.0, 0.0, 0.0, 0.0, 0.0, 0.0, 0.0, 0.0, 0.0]",2.3025850929940455,9.999999999999998,2.3025850929940455,9.999999999999998
RACE_UNIFORM_EXTENDED,mixed_interleaved,mixed,16,9,0,MARKOV_H1,0.1,"[0.1, 0.1, 0.1, 0.1, 0.1, 0.1, 0.1, 0.1, 0.1, 0.1]","[0.1, 0.1, 0.1, 0.1, 0.1, 0.1, 0.1, 0.1, 0.1, 0.1]","[0.1, 0.1, 0.1, 0.1, 0.1, 0.1, 0.1, 0.1, 0.1, 0.1]","[0.0, 0.0, 0.0, 0.0, 0.0, 0.0, 0.0, 0.0, 0.0, 0.0]",2.3025850929940455,9.999999999999998,2.3025850929940455,9.999999999999998
RACE_UNIFORM_EXTENDED,mixed_interleaved,mixed,16,10,0,MARKOV_H1,0.1,"[0.1, 0.1, 0.1, 0.1, 0.1, 0.1, 0.1, 0.1, 0.1, 0.1]","[0.1, 0.1, 0.1, 0.1, 0.1, 0.1, 0.1, 0.1, 0.1, 0.1]","[0.1, 0.1, 0.1, 0.1, 0.1, 0.1, 0.1, 0.1, 0.1, 0.1]","[0.0, 0.0, 0.0, 0.0, 0.0, 0.0, 0.0, 0.0, 0.0, 0.0]",2.3025850929940455,9.999999999999998,2.3025850929940455,9.999999999999998
RACE_UNIFORM_EXTENDED,mixed_interleaved,mixed,16,11,0,MARKOV_H1,0.1,"[0.1, 0.1, 0.1, 0.1, 0.1, 0.1, 0.1, 0.1, 0.1, 0.1]","[0.1, 0.1, 0.1, 0.1, 0.1, 0.1, 0.1, 0.1, 0.1, 0.1]","[0.1, 0.1, 0.1, 0.1, 0.1, 0.1, 0.1, 0.1, 0.1, 0.1]","[0.0, 0.0, 0.0, 0.0, 0.0, 0.0, 0.0, 0.0, 0.0, 0.0]",2.3025850929940455,9.999999999999998,2.3025850929940455,9.999999999999998
RACE_UNIFORM_EXTENDED,mixed_interleaved,mixed,16,12,0,MARKOV_H1,0.1,"[0.1, 0.1, 0.1, 0.1, 0.1, 0.1, 0.1, 0.1, 0.1, 0.1]","[0.1, 0.1, 0.1, 0.1, 0.1, 0.1, 0.1, 0.1, 0.1, 0.1]","[0.1, 0.1, 0.1, 0.1, 0.1, 0.1, 0.1, 0.1, 0.1, 0.1]","[0.0, 0.0, 0.0, 0.0, 0.0, 0.0, 0.0, 0.0, 0.0, 0.0]",2.3025850929940455,9.999999999999998,2.3025850929940455,9.999999999999998
RACE_UNIFORM_EXTENDED,mixed_interleaved,mixed,16,13,0,MARKOV_H1,0.1,"[0.1, 0.1, 0.1, 0.1, 0.1, 0.1, 0.1, 0.1, 0.1, 0.1]","[0.1, 0.1, 0.1, 0.1, 0.1, 0.1, 0.1, 0.1, 0.1, 0.1]","[0.1, 0.1, 0.1, 0.1, 0.1, 0.1, 0.1, 0.1, 0.1, 0.1]","[0.0, 0.0, 0.0, 0.0, 0.0, 0.0, 0.0, 0.0, 0.0, 0.0]",2.3025850929940455,9.999999999999998,2.3025850929940455,9.999999999999998
RACE_UNIFORM_EXTENDED,mixed_interleaved,mixed,16,14,0,MARKOV_H1,0.1,"[0.1, 0.1, 0.1, 0.1, 0.1, 0.1, 0.1, 0.1, 0.1, 0.1]","[0.1, 0.1, 0.1, 0.1, 0.1, 0.1, 0.1, 0.1, 0.1, 0.1]","[0.1, 0.1, 0.1, 0.1, 0.1, 0.1, 0.1, 0.1, 0.1, 0.1]","[0.0, 0.0, 0.0, 0.0, 0.0, 0.0, 0.0, 0.0, 0.0, 0.0]",2.3025850929940455,9.999999999999998,2.3025850929940455,9.999999999999998
RACE_UNIFORM_EXTENDED,mixed_interleaved,mixed,16,15,0,MARKOV_H1,0.1,"[0.1, 0.1, 0.1, 0.1, 0.1, 0.1, 0.1, 0.1, 0.1, 0.1]","[0.1, 0.1, 0.1, 0.1, 0.1, 0.1, 0.1, 0.1, 0.1, 0.1]","[0.1, 0.1, 0.1, 0.1, 0.1, 0.1, 0.1, 0.1, 0.1, 0.1]","[0.0, 0.0, 0.0, 0.0, 0.0, 0.0, 0.0, 0.0, 0.0, 0.0]",2.3025850929940455,9.999999999999998,2.3025850929940455,9.999999999999998
RACE_UNIFORM_EXTENDED,mixed_interleaved,mixed,24,0,0,MARKOV_H1,0.1,"[0.1, 0.1, 0.1, 0.1, 0.1, 0.1, 0.1, 0.1, 0.1, 0.1]","[0.1, 0.1, 0.1, 0.1, 0.1, 0.1, 0.1, 0.1, 0.1, 0.1]","[0.1, 0.1, 0.1, 0.1, 0.1, 0.1, 0.1, 0.1, 0.1, 0.1]","[0.0, 0.0, 0.0, 0.0, 0.0, 0.0, 0.0, 0.0, 0.0, 0.0]",2.3025850929940455,9.999999999999998,2.3025850929940455,9.999999999999998
RACE_UNIFORM_EXTENDED,mixed_interleaved,mixed,24,1,0,MARKOV_H1,0.1,"[0.1, 0.1, 0.1, 0.1, 0.1, 0.1, 0.1, 0.1, 0.1, 0.1]","[0.1, 0.1, 0.1, 0.1, 0.1, 0.1, 0.1, 0.1, 0.1, 0.1]","[0.1, 0.1, 0.1, 0.1, 0.1, 0.1, 0.1, 0.1, 0.1, 0.1]","[0.0, 0.0, 0.0, 0.0, 0.0, 0.0, 0.0, 0.0, 0.0, 0.0]",2.3025850929940455,9.999999999999998,2.3025850929940455,9.999999999999998
RACE_UNIFORM_EXTENDED,mixed_interleaved,mixed,24,2,0,MARKOV_H1,0.1,"[0.1, 0.1, 0.1, 0.1, 0.1, 0.1, 0.1, 0.1, 0.1, 0.1]","[0.1, 0.1, 0.1, 0.1, 0.1, 0.1, 0.1, 0.1, 0.1, 0.1]","[0.1, 0.1, 0.1, 0.1, 0.1, 0.1, 0.1, 0.1, 0.1, 0.1]","[0.0, 0.0, 0.0, 0.0, 0.0, 0.0, 0.0, 0.0, 0.0, 0.0]",2.3025850929940455,9.999999999999998,2.3025850929940455,9.999999999999998
RACE_UNIFORM_EXTENDED,mixed_interleaved,mixed,24,3,0,MARKOV_H1,0.1,"[0.1, 0.1, 0.1, 0.1, 0.1, 0.1, 0.1, 0.1, 0.1, 0.1]","[0.1, 0.1, 0.1, 0.1, 0.1, 0.1, 0.1, 0.1, 0.1, 0.1]","[0.1, 0.1, 0.1, 0.1, 0.1, 0.1, 0.1, 0.1, 0.1, 0.1]","[0.0, 0.0, 0.0, 0.0, 0.0, 0.0, 0.0, 0.0, 0.0, 0.0]",2.3025850929940455,9.999999999999998,2.3025850929940455,9.999999999999998
RACE_UNIFORM_EXTENDED,mixed_interleaved,mixed,24,4,0,MARKOV_H1,0.1,"[0.1, 0.1, 0.1, 0.1, 0.1, 0.1, 0.1, 0.1, 0.1, 0.1]","[0.1, 0.1, 0.1, 0.1, 0.1, 0.1, 0.1, 0.1, 0.1, 0.1]","[0.1, 0.1, 0.1, 0.1, 0.1, 0.1, 0.1, 0.1, 0.1, 0.1]","[0.0, 0.0, 0.0, 0.0, 0.0, 0.0, 0.0, 0.0, 0.0, 0.0]",2.3025850929940455,9.999999999999998,2.3025850929940455,9.999999999999998
RACE_UNIFORM_EXTENDED,mixed_interleaved,mixed,24,5,0,MARKOV_H1,0.1,"[0.1, 0.1, 0.1, 0.1, 0.1, 0.1, 0.1, 0.1, 0.1, 0.1]","[0.1, 0.1, 0.1, 0.1, 0.1, 0.1, 0.1, 0.1, 0.1, 0.1]","[0.1, 0.1, 0.1, 0.1, 0.1, 0.1, 0.1, 0.1, 0.1, 0.1]","[0.0, 0.0, 0.0, 0.0, 0.0, 0.0, 0.0, 0.0, 0.0, 0.0]",2.3025850929940455,9.999999999999998,2.3025850929940455,9.999999999999998
RACE_UNIFORM_EXTENDED,mixed_interleaved,mixed,24,6,0,MARKOV_H1,0.1,"[0.1, 0.1, 0.1, 0.1, 0.1, 0.1, 0.1, 0.1, 0.1, 0.1]","[0.1, 0.1, 0.1, 0.1, 0.1, 0.1, 0.1, 0.1, 0.1, 0.1]","[0.1, 0.1, 0.1, 0.1, 0.1, 0.1, 0.1, 0.1, 0.1, 0.1]","[0.0, 0.0, 0.0, 0.0, 0.0, 0.0, 0.0, 0.0, 0.0, 0.0]",2.3025850929940455,9.999999999999998,2.3025850929940455,9.999999999999998
RACE_UNIFORM_EXTENDED,mixed_interleaved,mixed,24,7,0,MARKOV_H1,0.1,"[0.1, 0.1, 0.1, 0.1, 0.1, 0.1, 0.1, 0.1, 0.1, 0.1]","[0.1, 0.1, 0.1, 0.1, 0.1, 0.1, 0.1, 0.1, 0.1, 0.1]","[0.1, 0.1, 0.1, 0.1, 0.1, 0.1, 0.1, 0.1, 0.1, 0.1]","[0.0, 0.0, 0.0, 0.0, 0.0, 0.0, 0.0, 0.0, 0.0, 0.0]",2.3025850929940455,9.999999999999998,2.3025850929940455,9.999999999999998
RACE_UNIFORM_EXTENDED,mixed_interleaved,mixed,24,8,0,MARKOV_H1,0.1,"[0.1, 0.1, 0.1, 0.1, 0.1, 0.1, 0.1, 0.1, 0.1, 0.1]","[0.1, 0.1, 0.1, 0.1, 0.1, 0.1, 0.1, 0.1, 0.1, 0.1]","[0.1, 0.1, 0.1, 0.1, 0.1, 0.1, 0.1, 0.1, 0.1, 0.1]","[0.0, 0.0, 0.0, 0.0, 0.0, 0.0, 0.0, 0.0, 0.0, 0.0]",2.3025850929940455,9.999999999999998,2.3025850929940455,9.999999999999998
RACE_UNIFORM_EXTENDED,mixed_interleaved,mixed,24,9,0,MARKOV_H1,0.1,"[0.1, 0.1, 0.1, 0.1, 0.1, 0.1, 0.1, 0.1, 0.1, 0.1]","[0.1, 0.1, 0.1, 0.1, 0.1, 0.1, 0.1, 0.1, 0.1, 0.1]","[0.1, 0.1, 0.1, 0.1, 0.1, 0.1, 0.1, 0.1, 0.1, 0.1]","[0.0, 0.0, 0.0, 0.0, 0.0, 0.0, 0.0, 0.0, 0.0, 0.0]",2.3025850929940455,9.999999999999998,2.3025850929940455,9.999999999999998
RACE_UNIFORM_EXTENDED,mixed_interleaved,mixed,24,10,0,MARKOV_H1,0.1,"[0.1, 0.1, 0.1, 0.1, 0.1, 0.1, 0.1, 0.1, 0.1, 0.1]","[0.1, 0.1, 0.1, 0.1, 0.1, 0.1, 0.1, 0.1, 0.1, 0.1]","[0.1, 0.1, 0.1, 0.1, 0.1, 0.1, 0.1, 0.1, 0.1, 0.1]","[0.0, 0.0, 0.0, 0.0, 0.0, 0.0, 0.0, 0.0, 0.0, 0.0]",2.3025850929940455,9.999999999999998,2.3025850929940455,9.999999999999998
RACE_UNIFORM_EXTENDED,mixed_interleaved,mixed,24,11,0,MARKOV_H1,0.1,"[0.1, 0.1, 0.1, 0.1, 0.1, 0.1, 0.1, 0.1, 0.1, 0.1]","[0.1, 0.1, 0.1, 0.1, 0.1, 0.1, 0.1, 0.1, 0.1, 0.1]","[0.1, 0.1, 0.1, 0.1, 0.1, 0.1, 0.1, 0.1, 0.1, 0.1]","[0.0, 0.0, 0.0, 0.0, 0.0, 0.0, 0.0, 0.0, 0.0, 0.0]",2.3025850929940455,9.999999999999998,2.3025850929940455,9.999999999999998
RACE_UNIFORM_EXTENDED,mixed_interleaved,mixed,24,12,0,MARKOV_H1,0.1,"[0.1, 0.1, 0.1, 0.1, 0.1, 0.1, 0.1, 0.1, 0.1, 0.1]","[0.1, 0.1, 0.1, 0.1, 0.1, 0.1, 0.1, 0.1, 0.1, 0.1]","[0.1, 0.1, 0.1, 0.1, 0.1, 0.1, 0.1, 0.1, 0.1, 0.1]","[0.0, 0.0, 0.0, 0.0, 0.0, 0.0, 0.0, 0.0, 0.0, 0.0]",2.3025850929940455,9.999999999999998,2.3025850929940455,9.999999999999998
RACE_UNIFORM_EXTENDED,mixed_interleaved,mixed,24,13,0,MARKOV_H1,0.1,"[0.1, 0.1, 0.1, 0.1, 0.1, 0.1, 0.1, 0.1, 0.1, 0.1]","[0.1, 0.1, 0.1, 0.1, 0.1, 0.1, 0.1, 0.1, 0.1, 0.1]","[0.1, 0.1, 0.1, 0.1, 0.1, 0.1, 0.1, 0.1, 0.1, 0.1]","[0.0, 0.0, 0.0, 0.0, 0.0, 0.0, 0.0, 0.0, 0.0, 0.0]",2.3025850929940455,9.999999999999998,2.3025850929940455,9.999999999999998
RACE_UNIFORM_EXTENDED,mixed_interleaved,mixed,24,14,0,MARKOV_H1,0.1,"[0.1, 0.1, 0.1, 0.1, 0.1, 0.1, 0.1, 0.1, 0.1, 0.1]","[0.1, 0.1, 0.1, 0.1, 0.1, 0.1, 0.1, 0.1, 0.1, 0.1]","[0.1, 0.1, 0.1, 0.1, 0.1, 0.1, 0.1, 0.1, 0.1, 0.1]","[0.0, 0.0, 0.0, 0.0, 0.0, 0.0, 0.0, 0.0, 0.0, 0.0]",2.3025850929940455,9.999999999999998,2.3025850929940455,9.999999999999998
RACE_UNIFORM_EXTENDED,mixed_interleaved,mixed,24,15,0,MARKOV_H1,0.1,"[0.1, 0.1, 0.1, 0.1, 0.1, 0.1, 0.1, 0.1, 0.1, 0.1]","[0.1, 0.1, 0.1, 0.1, 0.1, 0.1, 0.1, 0.1, 0.1, 0.1]","[0.1, 0.1, 0.1, 0.1, 0.1, 0.1, 0.1, 0.1, 0.1, 0.1]","[0.0, 0.0, 0.0, 0.0, 0.0, 0.0, 0.0, 0.0, 0.0, 0.0]",2.3025850929940455,9.999999999999998,2.3025850929940455,9.999999999999998
RACE_UNIFORM_EXTENDED,mixed_interleaved,mixed,32,0,0,MARKOV_H1,0.1,"[0.1, 0.1, 0.1, 0.1, 0.1, 0.1, 0.1, 0.1, 0.1, 0.1]","[0.1, 0.1, 0.1, 0.1, 0.1, 0.1, 0.1, 0.1, 0.1, 0.1]","[0.1, 0.1, 0.1, 0.1, 0.1, 0.1, 0.1, 0.1, 0.1, 0.1]","[0.0, 0.0, 0.0, 0.0, 0.0, 0.0, 0.0, 0.0, 0.0, 0.0]",2.3025850929940455,9.999999999999998,2.3025850929940455,9.999999999999998
RACE_UNIFORM_EXTENDED,mixed_interleaved,mixed,32,1,0,MARKOV_H1,0.1,"[0.1, 0.1, 0.1, 0.1, 0.1, 0.1, 0.1, 0.1, 0.1, 0.1]","[0.1, 0.1, 0.1, 0.1, 0.1, 0.1, 0.1, 0.1, 0.1, 0.1]","[0.1, 0.1, 0.1, 0.1, 0.1, 0.1, 0.1, 0.1, 0.1, 0.1]","[0.0, 0.0, 0.0, 0.0, 0.0, 0.0, 0.0, 0.0, 0.0, 0.0]",2.3025850929940455,9.999999999999998,2.3025850929940455,9.999999999999998
RACE_UNIFORM_EXTENDED,mixed_interleaved,mixed,32,2,0,MARKOV_H1,0.1,"[0.1, 0.1, 0.1, 0.1, 0.1, 0.1, 0.1, 0.1, 0.1, 0.1]","[0.1, 0.1, 0.1, 0.1, 0.1, 0.1, 0.1, 0.1, 0.1, 0.1]","[0.1, 0.1, 0.1, 0.1, 0.1, 0.1, 0.1, 0.1, 0.1, 0.1]","[0.0, 0.0, 0.0, 0.0, 0.0, 0.0, 0.0, 0.0, 0.0, 0.0]",2.3025850929940455,9.999999999999998,2.3025850929940455,9.999999999999998
RACE_UNIFORM_EXTENDED,mixed_interleaved,mixed,32,3,0,MARKOV_H1,0.1,"[0.1, 0.1, 0.1, 0.1, 0.1, 0.1, 0.1, 0.1, 0.1, 0.1]","[0.1, 0.1, 0.1, 0.1, 0.1, 0.1, 0.1, 0.1, 0.1, 0.1]","[0.1, 0.1, 0.1, 0.1, 0.1, 0.1, 0.1, 0.1, 0.1, 0.1]","[0.0, 0.0, 0.0, 0.0, 0.0, 0.0, 0.0, 0.0, 0.0, 0.0]",2.3025850929940455,9.999999999999998,2.3025850929940455,9.999999999999998
RACE_UNIFORM_EXTENDED,mixed_interleaved,mixed,32,4,0,MARKOV_H1,0.1,"[0.1, 0.1, 0.1, 0.1, 0.1, 0.1, 0.1, 0.1, 0.1, 0.1]","[0.1, 0.1, 0.1, 0.1, 0.1, 0.1, 0.1, 0.1, 0.1, 0.1]","[0.1, 0.1, 0.1, 0.1, 0.1, 0.1, 0.1, 0.1, 0.1, 0.1]","[0.0, 0.0, 0.0, 0.0, 0.0, 0.0, 0.0, 0.0, 0.0, 0.0]",2.3025850929940455,9.999999999999998,2.3025850929940455,9.999999999999998
RACE_UNIFORM_EXTENDED,mixed_interleaved,mixed,32,5,0,MARKOV_H1,0.1,"[0.1, 0.1, 0.1, 0.1, 0.1, 0.1, 0.1, 0.1, 0.1, 0.1]","[0.1, 0.1, 0.1, 0.1, 0.1, 0.1, 0.1, 0.1, 0.1, 0.1]","[0.1, 0.1, 0.1, 0.1, 0.1, 0.1, 0.1, 0.1, 0.1, 0.1]","[0.0, 0.0, 0.0, 0.0, 0.0, 0.0, 0.0, 0.0, 0.0, 0.0]",2.3025850929940455,9.999999999999998,2.3025850929940455,9.999999999999998
RACE_UNIFORM_EXTENDED,mixed_interleaved,mixed,32,6,0,MARKOV_H1,0.1,"[0.1, 0.1, 0.1, 0.1, 0.1, 0.1, 0.1, 0.1, 0.1, 0.1]","[0.1, 0.1, 0.1, 0.1, 0.1, 0.1, 0.1, 0.1, 0.1, 0.1]","[0.1, 0.1, 0.1, 0.1, 0.1, 0.1, 0.1, 0.1, 0.1, 0.1]","[0.0, 0.0, 0.0, 0.0, 0.0, 0.0, 0.0, 0.0, 0.0, 0.0]",2.3025850929940455,9.999999999999998,2.3025850929940455,9.999999999999998
RACE_UNIFORM_EXTENDED,mixed_interleaved,mixed,32,7,0,MARKOV_H1,0.1,"[0.1, 0.1, 0.1, 0.1, 0.1, 0.1, 0.1, 0.1, 0.1, 0.1]","[0.1, 0.1, 0.1, 0.1, 0.1, 0.1, 0.1, 0.1, 0.1, 0.1]","[0.1, 0.1, 0.1, 0.1, 0.1, 0.1, 0.1, 0.1, 0.1, 0.1]","[0.0, 0.0, 0.0, 0.0, 0.0, 0.0, 0.0, 0.0, 0.0, 0.0]",2.3025850929940455,9.999999999999998,2.3025850929940455,9.999999999999998
RACE_UNIFORM_EXTENDED,mixed_interleaved,mixed,32,8,0,MARKOV_H1,0.1,"[0.1, 0.1, 0.1, 0.1, 0.1, 0.1, 0.1, 0.1, 0.1, 0.1]","[0.1, 0.1, 0.1, 0.1, 0.1, 0.1, 0.1, 0.1, 0.1, 0.1]","[0.1, 0.1, 0.1, 0.1, 0.1, 0.1, 0.1, 0.1, 0.1, 0.1]","[0.0, 0.0, 0.0, 0.0, 0.0, 0.0, 0.0, 0.0, 0.0, 0.0]",2.3025850929940455,9.999999999999998,2.3025850929940455,9.999999999999998
RACE_UNIFORM_EXTENDED,mixed_interleaved,mixed,32,9,0,MARKOV_H1,0.1,"[0.1, 0.1, 0.1, 0.1, 0.1, 0.1, 0.1, 0.1, 0.1, 0.1]","[0.1, 0.1, 0.1, 0.1, 0.1, 0.1, 0.1, 0.1, 0.1, 0.1]","[0.1, 0.1, 0.1, 0.1, 0.1, 0.1, 0.1, 0.1, 0.1, 0.1]","[0.0, 0.0, 0.0, 0.0, 0.0, 0.0, 0.0, 0.0, 0.0, 0.0]",2.3025850929940455,9.999999999999998,2.3025850929940455,9.999999999999998
RACE_UNIFORM_EXTENDED,mixed_interleaved,mixed,32,10,0,MARKOV_H1,0.1,"[0.1, 0.1, 0.1, 0.1, 0.1, 0.1, 0.1, 0.1, 0.1, 0.1]","[0.1, 0.1, 0.1, 0.1, 0.1, 0.1, 0.1, 0.1, 0.1, 0.1]","[0.1, 0.1, 0.1, 0.1, 0.1, 0.1, 0.1, 0.1, 0.1, 0.1]","[0.0, 0.0, 0.0, 0.0, 0.0, 0.0, 0.0, 0.0, 0.0, 0.0]",2.3025850929940455,9.999999999999998,2.3025850929940455,9.999999999999998
RACE_UNIFORM_EXTENDED,mixed_interleaved,mixed,32,11,0,MARKOV_H1,0.1,"[0.1, 0.1, 0.1, 0.1, 0.1, 0.1, 0.1, 0.1, 0.1, 0.1]","[0.1, 0.1, 0.1, 0.1, 0.1, 0.1, 0.1, 0.1, 0.1, 0.1]","[0.1, 0.1, 0.1, 0.1, 0.1, 0.1, 0.1, 0.1, 0.1, 0.1]","[0.0, 0.0, 0.0, 0.0, 0.0, 0.0, 0.0, 0.0, 0.0, 0.0]",2.3025850929940455,9.999999999999998,2.3025850929940455,9.999999999999998
RACE_UNIFORM_EXTENDED,mixed_interleaved,mixed,32,12,0,MARKOV_H1,0.1,"[0.1, 0.1, 0.1, 0.1, 0.1, 0.1, 0.1, 0.1, 0.1, 0.1]","[0.1, 0.1, 0.1, 0.1, 0.1, 0.1, 0.1, 0.1, 0.1, 0.1]","[0.1, 0.1, 0.1, 0.1, 0.1, 0.1, 0.1, 0.1, 0.1, 0.1]","[0.0, 0.0, 0.0, 0.0, 0.0, 0.0, 0.0, 0.0, 0.0, 0.0]",2.3025850929940455,9.999999999999998,2.3025850929940455,9.999999999999998
RACE_UNIFORM_EXTENDED,mixed_interleaved,mixed,32,13,0,MARKOV_H1,0.1,"[0.1, 0.1, 0.1, 0.1, 0.1, 0.1, 0.1, 0.1, 0.1, 0.1]","[0.1, 0.1, 0.1, 0.1, 0.1, 0.1, 0.1, 0.1, 0.1, 0.1]","[0.1, 0.1, 0.1, 0.1, 0.1, 0.1, 0.1, 0.1, 0.1, 0.1]","[0.0, 0.0, 0.0, 0.0, 0.0, 0.0, 0.0, 0.0, 0.0, 0.0]",2.3025850929940455,9.999999999999998,2.3025850929940455,9.999999999999998
RACE_UNIFORM_EXTENDED,mixed_interleaved,mixed,32,14,0,MARKOV_H1,0.1,"[0.1, 0.1, 0.1, 0.1, 0.1, 0.1, 0.1, 0.1, 0.1, 0.1]","[0.1, 0.1, 0.1, 0.1, 0.1, 0.1, 0.1, 0.1, 0.1, 0.1]","[0.1, 0.1, 0.1, 0.1, 0.1, 0.1, 0.1, 0.1, 0.1, 0.1]","[0.0, 0.0, 0.0, 0.0, 0.0, 0.0, 0.0, 0.0, 0.0, 0.0]",2.3025850929940455,9.999999999999998,2.3025850929940455,9.999999999999998
RACE_UNIFORM_EXTENDED,mixed_interleaved,mixed,32,15,0,MARKOV_H1,0.1,"[0.1, 0.1, 0.1, 0.1, 0.1, 0.1, 0.1, 0.1, 0.1, 0.1]","[0.1, 0.1, 0.1, 0.1, 0.1, 0.1, 0.1, 0.1, 0.1, 0.1]","[0.1, 0.1, 0.1, 0.1, 0.1, 0.1, 0.1, 0.1, 0.1, 0.1]","[0.0, 0.0, 0.0, 0.0, 0.0, 0.0, 0.0, 0.0, 0.0, 0.0]",2.3025850929940455,9.999999999999998,2.3025850929940455,9.999999999999998
RACE_STATIC_EXTENDED,mixed_interleaved,mixed,8,0,0,PERSISTENCE,0.358112866339085,"[0.14043983903113, 0.026901643150017432, 0.0867259043037309, 0.04136088470840817, 0.09788522072708271, 0.0, 0.1378517177163922, 0.11072192402415355, 0.358112866339085, 0.0]","[0.14043983903113, 0.026901643150017432, 0.0867259043037309, 0.04136088470840817, 0.09788522072708271, 0.0, 0.1378517177163922, 0.11072192402415355, 0.358112866339085, 0.0]","[0.14043983903113, 0.026901643150017432, 0.0867259043037309, 0.04136088470840817, 0.09788522072708271, 0.0, 0.1378517177163922, 0.11072192402415355, 0.358112866339085, 0.0]","[0.0, 0.0, 0.0, 0.0, 0.0, 0.0, 0.0, 0.0, 0.0, 0.0]",1.8288047340625895,6.226439957424757,1.8288047340625895,6.226439957424757
RACE_STATIC_EXTENDED,mixed_interleaved,mixed,8,1,0,PERSISTENCE,0.358112866339085,"[0.14043983903113, 0.026901643150017432, 0.0867259043037309, 0.04136088470840817, 0.09788522072708271, 0.0, 0.1378517177163922, 0.11072192402415355, 0.358112866339085, 0.0]","[0.14043983903113, 0.026901643150017432, 0.0867259043037309, 0.04136088470840817, 0.09788522072708271, 0.0, 0.1378517177163922, 0.11072192402415355, 0.358112866339085, 0.0]","[0.14043983903113, 0.026901643150017432, 0.0867259043037309, 0.04136088470840817, 0.09788522072708271, 0.0, 0.1378517177163922, 0.11072192402415355, 0.358112866339085, 0.0]","[0.0, 0.0, 0.0, 0.0, 0.0, 0.0, 0.0, 0.0, 0.0, 0.0]",1.8288047340625895,6.226439957424757,1.8288047340625895,6.226439957424757
RACE_STATIC_EXTENDED,mixed_interleaved,mixed,8,2,0,PERSISTENCE,0.358112866339085,"[0.14043983903113, 0.026901643150017432, 0.0867259043037309, 0.04136088470840817, 0.09788522072708271, 0.0, 0.1378517177163922, 0.11072192402415355, 0.358112866339085, 0.0]","[0.14043983903113, 0.026901643150017432, 0.0867259043037309, 0.04136088470840817, 0.09788522072708271, 0.0, 0.1378517177163922, 0.11072192402415355, 0.358112866339085, 0.0]","[0.14043983903113, 0.026901643150017432, 0.0867259043037309, 0.04136088470840817, 0.09788522072708271, 0.0, 0.1378517177163922, 0.11072192402415355, 0.358112866339085, 0.0]","[0.0, 0.0, 0.0, 0.0, 0.0, 0.0, 0.0, 0.0, 0.0, 0.0]",1.8288047340625895,6.226439957424757,1.8288047340625895,6.226439957424757
RACE_STATIC_EXTENDED,mixed_interleaved,mixed,8,3,0,PERSISTENCE,0.358112866339085,"[0.14043983903113, 0.026901643150017432, 0.0867259043037309, 0.04136088470840817, 0.09788522072708271, 0.0, 0.1378517177163922, 0.11072192402415355, 0.358112866339085, 0.0]","[0.14043983903113, 0.026901643150017432, 0.0867259043037309, 0.04136088470840817, 0.09788522072708271, 0.0, 0.1378517177163922, 0.11072192402415355, 0.358112866339085, 0.0]","[0.14043983903113, 0.026901643150017432, 0.0867259043037309, 0.04136088470840817, 0.09788522072708271, 0.0, 0.1378517177163922, 0.11072192402415355, 0.358112866339085, 0.0]","[0.0, 0.0, 0.0, 0.0, 0.0, 0.0, 0.0, 0.0, 0.0, 0.0]",1.8288047340625895,6.226439957424757,1.8288047340625895,6.226439957424757
RACE_STATIC_EXTENDED,mixed_interleaved,mixed,8,4,0,PERSISTENCE,0.358112866339085,"[0.14043983903113, 0.026901643150017432, 0.0867259043037309, 0.04136088470840817, 0.09788522072708271, 0.0, 0.1378517177163922, 0.11072192402415355, 0.358112866339085, 0.0]","[0.14043983903113, 0.026901643150017432, 0.0867259043037309, 0.04136088470840817, 0.09788522072708271, 0.0, 0.1378517177163922, 0.11072192402415355, 0.358112866339085, 0.0]","[0.14043983903113, 0.026901643150017432, 0.0867259043037309, 0.04136088470840817, 0.09788522072708271, 0.0, 0.1378517177163922, 0.11072192402415355, 0.358112866339085, 0.0]","[0.0, 0.0, 0.0, 0.0, 0.0, 0.0, 0.0, 0.0, 0.0, 0.0]",1.8288047340625895,6.226439957424757,1.8288047340625895,6.226439957424757
RACE_STATIC_EXTENDED,mixed_interleaved,mixed,8,5,0,PERSISTENCE,0.358112866339085,"[0.14043983903113, 0.026901643150017432, 0.0867259043037309, 0.04136088470840817, 0.09788522072708271, 0.0, 0.1378517177163922, 0.11072192402415355, 0.358112866339085, 0.0]","[0.14043983903113, 0.026901643150017432, 0.0867259043037309, 0.04136088470840817, 0.09788522072708271, 0.0, 0.1378517177163922, 0.11072192402415355, 0.358112866339085, 0.0]","[0.14043983903113, 0.026901643150017432, 0.0867259043037309, 0.04136088470840817, 0.09788522072708271, 0.0, 0.1378517177163922, 0.11072192402415355, 0.358112866339085, 0.0]","[0.0, 0.0, 0.0, 0.0, 0.0, 0.0, 0.0, 0.0, 0.0, 0.0]",1.8288047340625895,6.226439957424757,1.8288047340625895,6.226439957424757
RACE_STATIC_EXTENDED,mixed_interleaved,mixed,8,6,0,PERSISTENCE,0.358112866339085,"[0.14043983903113, 0.026901643150017432, 0.0867259043037309, 0.04136088470840817, 0.09788522072708271, 0.0, 0.1378517177163922, 0.11072192402415355, 0.358112866339085, 0.0]","[0.14043983903113, 0.026901643150017432, 0.0867259043037309, 0.04136088470840817, 0.09788522072708271, 0.0, 0.1378517177163922, 0.11072192402415355, 0.358112866339085, 0.0]","[0.14043983903113, 0.026901643150017432, 0.0867259043037309, 0.04136088470840817, 0.09788522072708271, 0.0, 0.1378517177163922, 0.11072192402415355, 0.358112866339085, 0.0]","[0.0, 0.0, 0.0, 0.0, 0.0, 0.0, 0.0, 0.0, 0.0, 0.0]",1.8288047340625895,6.226439957424757,1.8288047340625895,6.226439957424757
RACE_STATIC_EXTENDED,mixed_interleaved,mixed,8,7,0,PERSISTENCE,0.358112866339085,"[0.14043983903113, 0.026901643150017432, 0.0867259043037309, 0.04136088470840817, 0.09788522072708271, 0.0, 0.1378517177163922, 0.11072192402415355, 0.358112866339085, 0.0]","[0.14043983903113, 0.026901643150017432, 0.0867259043037309, 0.04136088470840817, 0.09788522072708271, 0.0, 0.1378517177163922, 0.11072192402415355, 0.358112866339085, 0.0]","[0.14043983903113, 0.026901643150017432, 0.0867259043037309, 0.04136088470840817, 0.09788522072708271, 0.0, 0.1378517177163922, 0.11072192402415355, 0.358112866339085, 0.0]","[0.0, 0.0, 0.0, 0.0, 0.0, 0.0, 0.0, 0.0, 0.0, 0.0]",1.8288047340625895,6.226439957424757,1.8288047340625895,6.226439957424757
RACE_STATIC_EXTENDED,mixed_interleaved,mixed,8,8,0,PERSISTENCE,0.358112866339085,"[0.14043983903113, 0.026901643150017432, 0.0867259043037309, 0.04136088470840817, 0.09788522072708271, 0.0, 0.1378517177163922, 0.11072192402415355, 0.358112866339085, 0.0]","[0.14043983903113, 0.026901643150017432, 0.0867259043037309, 0.04136088470840817, 0.09788522072708271, 0.0, 0.1378517177163922, 0.11072192402415355, 0.358112866339085, 0.0]","[0.14043983903113, 0.026901643150017432, 0.0867259043037309, 0.04136088470840817, 0.09788522072708271, 0.0, 0.1378517177163922, 0.11072192402415355, 0.358112866339085, 0.0]","[0.0, 0.0, 0.0, 0.0, 0.0, 0.0, 0.0, 0.0, 0.0, 0.0]",1.8288047340625895,6.226439957424757,1.8288047340625895,6.226439957424757
RACE_STATIC_EXTENDED,mixed_interleaved,mixed,8,9,0,PERSISTENCE,0.358112866339085,"[0.14043983903113, 0.026901643150017432, 0.0867259043037309, 0.04136088470840817, 0.09788522072708271, 0.0, 0.1378517177163922, 0.11072192402415355, 0.358112866339085, 0.0]","[0.14043983903113, 0.026901643150017432, 0.0867259043037309, 0.04136088470840817, 0.09788522072708271, 0.0, 0.1378517177163922, 0.11072192402415355, 0.358112866339085, 0.0]","[0.14043983903113, 0.026901643150017432, 0.0867259043037309, 0.04136088470840817, 0.09788522072708271, 0.0, 0.1378517177163922, 0.11072192402415355, 0.358112866339085, 0.0]","[0.0, 0.0, 0.0, 0.0, 0.0, 0.0, 0.0, 0.0, 0.0, 0.0]",1.8288047340625895,6.226439957424757,1.8288047340625895,6.226439957424757
RACE_STATIC_EXTENDED,mixed_interleaved,mixed,8,10,0,PERSISTENCE,0.358112866339085,"[0.14043983903113, 0.026901643150017432, 0.0867259043037309, 0.04136088470840817, 0.09788522072708271, 0.0, 0.1378517177163922, 0.11072192402415355, 0.358112866339085, 0.0]","[0.14043983903113, 0.026901643150017432, 0.0867259043037309, 0.04136088470840817, 0.09788522072708271, 0.0, 0.1378517177163922, 0.11072192402415355, 0.358112866339085, 0.0]","[0.14043983903113, 0.026901643150017432, 0.0867259043037309, 0.04136088470840817, 0.09788522072708271, 0.0, 0.1378517177163922, 0.11072192402415355, 0.358112866339085, 0.0]","[0.0, 0.0, 0.0, 0.0, 0.0, 0.0, 0.0, 0.0, 0.0, 0.0]",1.8288047340625895,6.226439957424757,1.8288047340625895,6.226439957424757
RACE_STATIC_EXTENDED,mixed_interleaved,mixed,8,11,0,PERSISTENCE,0.358112866339085,"[0.14043983903113, 0.026901643150017432, 0.0867259043037309, 0.04136088470840817, 0.09788522072708271, 0.0, 0.1378517177163922, 0.11072192402415355, 0.358112866339085, 0.0]","[0.14043983903113, 0.026901643150017432, 0.0867259043037309, 0.04136088470840817, 0.09788522072708271, 0.0, 0.1378517177163922, 0.11072192402415355, 0.358112866339085, 0.0]","[0.14043983903113, 0.026901643150017432, 0.0867259043037309, 0.04136088470840817, 0.09788522072708271, 0.0, 0.1378517177163922, 0.11072192402415355, 0.358112866339085, 0.0]","[0.0, 0.0, 0.0, 0.0, 0.0, 0.0, 0.0, 0.0, 0.0, 0.0]",1.8288047340625895,6.226439957424757,1.8288047340625895,6.226439957424757
RACE_STATIC_EXTENDED,mixed_interleaved,mixed,8,12,0,PERSISTENCE,0.358112866339085,"[0.14043983903113, 0.026901643150017432, 0.0867259043037309, 0.04136088470840817, 0.09788522072708271, 0.0, 0.1378517177163922, 0.11072192402415355, 0.358112866339085, 0.0]","[0.14043983903113, 0.026901643150017432, 0.0867259043037309, 0.04136088470840817, 0.09788522072708271, 0.0, 0.1378517177163922, 0.11072192402415355, 0.358112866339085, 0.0]","[0.14043983903113, 0.026901643150017432, 0.0867259043037309, 0.04136088470840817, 0.09788522072708271, 0.0, 0.1378517177163922, 0.11072192402415355, 0.358112866339085, 0.0]","[0.0, 0.0, 0.0, 0.0, 0.0, 0.0, 0.0, 0.0, 0.0, 0.0]",1.8288047340625895,6.226439957424757,1.8288047340625895,6.226439957424757
RACE_STATIC_EXTENDED,mixed_interleaved,mixed,8,13,0,PERSISTENCE,0.358112866339085,"[0.14043983903113, 0.026901643150017432, 0.0867259043037309, 0.04136088470840817, 0.09788522072708271, 0.0, 0.1378517177163922, 0.11072192402415355, 0.358112866339085, 0.0]","[0.14043983903113, 0.026901643150017432, 0.0867259043037309, 0.04136088470840817, 0.09788522072708271, 0.0, 0.1378517177163922, 0.11072192402415355, 0.358112866339085, 0.0]","[0.14043983903113, 0.026901643150017432, 0.0867259043037309, 0.04136088470840817, 0.09788522072708271, 0.0, 0.1378517177163922, 0.11072192402415355, 0.358112866339085, 0.0]","[0.0, 0.0, 0.0, 0.0, 0.0, 0.0, 0.0, 0.0, 0.0, 0.0]",1.8288047340625895,6.226439957424757,1.8288047340625895,6.226439957424757
RACE_STATIC_EXTENDED,mixed_interleaved,mixed,8,14,0,PERSISTENCE,0.358112866339085,"[0.14043983903113, 0.026901643150017432, 0.0867259043037309, 0.04136088470840817, 0.09788522072708271, 0.0, 0.1378517177163922, 0.11072192402415355, 0.358112866339085, 0.0]","[0.14043983903113, 0.026901643150017432, 0.0867259043037309, 0.04136088470840817, 0.09788522072708271, 0.0, 0.1378517177163922, 0.11072192402415355, 0.358112866339085, 0.0]","[0.14043983903113, 0.026901643150017432, 0.0867259043037309, 0.04136088470840817, 0.09788522072708271, 0.0, 0.1378517177163922, 0.11072192402415355, 0.358112866339085, 0.0]","[0.0, 0.0, 0.0, 0.0, 0.0, 0.0, 0.0, 0.0, 0.0, 0.0]",1.8288047340625895,6.226439957424757,1.8288047340625895,6.226439957424757
RACE_STATIC_EXTENDED,mixed_interleaved,mixed,8,15,0,PERSISTENCE,0.358112866339085,"[0.14043983903113, 0.026901643150017432, 0.0867259043037309, 0.04136088470840817, 0.09788522072708271, 0.0, 0.1378517177163922, 0.11072192402415355, 0.358112866339085, 0.0]","[0.14043983903113, 0.026901643150017432, 0.0867259043037309, 0.04136088470840817, 0.09788522072708271, 0.0, 0.1378517177163922, 0.11072192402415355, 0.358112866339085, 0.0]","[0.14043983903113, 0.026901643150017432, 0.0867259043037309, 0.04136088470840817, 0.09788522072708271, 0.0, 0.1378517177163922, 0.11072192402415355, 0.358112866339085, 0.0]","[0.0, 0.0, 0.0, 0.0, 0.0, 0.0, 0.0, 0.0, 0.0, 0.0]",1.8288047340625895,6.226439957424757,1.8288047340625895,6.226439957424757
RACE_STATIC_EXTENDED,mixed_interleaved,mixed,12,0,0,PERSISTENCE,0.358112866339085,"[0.14043983903113, 0.026901643150017432, 0.0867259043037309, 0.04136088470840817, 0.09788522072708271, 0.0, 0.1378517177163922, 0.11072192402415355, 0.358112866339085, 0.0]","[0.14043983903113, 0.026901643150017432, 0.0867259043037309, 0.04136088470840817, 0.09788522072708271, 0.0, 0.1378517177163922, 0.11072192402415355, 0.358112866339085, 0.0]","[0.14043983903113, 0.026901643150017432, 0.0867259043037309, 0.04136088470840817, 0.09788522072708271, 0.0, 0.1378517177163922, 0.11072192402415355, 0.358112866339085, 0.0]","[0.0, 0.0, 0.0, 0.0, 0.0, 0.0, 0.0, 0.0, 0.0, 0.0]",1.8288047340625895,6.226439957424757,1.8288047340625895,6.226439957424757
RACE_STATIC_EXTENDED,mixed_interleaved,mixed,12,1,0,PERSISTENCE,0.358112866339085,"[0.14043983903113, 0.026901643150017432, 0.0867259043037309, 0.04136088470840817, 0.09788522072708271, 0.0, 0.1378517177163922, 0.11072192402415355, 0.358112866339085, 0.0]","[0.14043983903113, 0.026901643150017432, 0.0867259043037309, 0.04136088470840817, 0.09788522072708271, 0.0, 0.1378517177163922, 0.11072192402415355, 0.358112866339085, 0.0]","[0.14043983903113, 0.026901643150017432, 0.0867259043037309, 0.04136088470840817, 0.09788522072708271, 0.0, 0.1378517177163922, 0.11072192402415355, 0.358112866339085, 0.0]","[0.0, 0.0, 0.0, 0.0, 0.0, 0.0, 0.0, 0.0, 0.0, 0.0]",1.8288047340625895,6.226439957424757,1.8288047340625895,6.226439957424757
RACE_STATIC_EXTENDED,mixed_interleaved,mixed,12,2,0,PERSISTENCE,0.358112866339085,"[0.14043983903113, 0.026901643150017432, 0.0867259043037309, 0.04136088470840817, 0.09788522072708271, 0.0, 0.1378517177163922, 0.11072192402415355, 0.358112866339085, 0.0]","[0.14043983903113, 0.026901643150017432, 0.0867259043037309, 0.04136088470840817, 0.09788522072708271, 0.0, 0.1378517177163922, 0.11072192402415355, 0.358112866339085, 0.0]","[0.14043983903113, 0.026901643150017432, 0.0867259043037309, 0.04136088470840817, 0.09788522072708271, 0.0, 0.1378517177163922, 0.11072192402415355, 0.358112866339085, 0.0]","[0.0, 0.0, 0.0, 0.0, 0.0, 0.0, 0.0, 0.0, 0.0, 0.0]",1.8288047340625895,6.226439957424757,1.8288047340625895,6.226439957424757
RACE_STATIC_EXTENDED,mixed_interleaved,mixed,12,3,0,PERSISTENCE,0.358112866339085,"[0.14043983903113, 0.026901643150017432, 0.0867259043037309, 0.04136088470840817, 0.09788522072708271, 0.0, 0.1378517177163922, 0.11072192402415355, 0.358112866339085, 0.0]","[0.14043983903113, 0.026901643150017432, 0.0867259043037309, 0.04136088470840817, 0.09788522072708271, 0.0, 0.1378517177163922, 0.11072192402415355, 0.358112866339085, 0.0]","[0.14043983903113, 0.026901643150017432, 0.0867259043037309, 0.04136088470840817, 0.09788522072708271, 0.0, 0.1378517177163922, 0.11072192402415355, 0.358112866339085, 0.0]","[0.0, 0.0, 0.0, 0.0, 0.0, 0.0, 0.0, 0.0, 0.0, 0.0]",1.8288047340625895,6.226439957424757,1.8288047340625895,6.226439957424757
RACE_STATIC_EXTENDED,mixed_interleaved,mixed,12,4,0,PERSISTENCE,0.358112866339085,"[0.14043983903113, 0.026901643150017432, 0.0867259043037309, 0.04136088470840817, 0.09788522072708271, 0.0, 0.1378517177163922, 0.11072192402415355, 0.358112866339085, 0.0]","[0.14043983903113, 0.026901643150017432, 0.0867259043037309, 0.04136088470840817, 0.09788522072708271, 0.0, 0.1378517177163922, 0.11072192402415355, 0.358112866339085, 0.0]","[0.14043983903113, 0.026901643150017432, 0.0867259043037309, 0.04136088470840817, 0.09788522072708271, 0.0, 0.1378517177163922, 0.11072192402415355, 0.358112866339085, 0.0]","[0.0, 0.0, 0.0, 0.0, 0.0, 0.0, 0.0, 0.0, 0.0, 0.0]",1.8288047340625895,6.226439957424757,1.8288047340625895,6.226439957424757
RACE_STATIC_EXTENDED,mixed_interleaved,mixed,12,5,0,PERSISTENCE,0.358112866339085,"[0.14043983903113, 0.026901643150017432, 0.0867259043037309, 0.04136088470840817, 0.09788522072708271, 0.0, 0.1378517177163922, 0.11072192402415355, 0.358112866339085, 0.0]","[0.14043983903113, 0.026901643150017432, 0.0867259043037309, 0.04136088470840817, 0.09788522072708271, 0.0, 0.1378517177163922, 0.11072192402415355, 0.358112866339085, 0.0]","[0.14043983903113, 0.026901643150017432, 0.0867259043037309, 0.04136088470840817, 0.09788522072708271, 0.0, 0.1378517177163922, 0.11072192402415355, 0.358112866339085, 0.0]","[0.0, 0.0, 0.0, 0.0, 0.0, 0.0, 0.0, 0.0, 0.0, 0.0]",1.8288047340625895,6.226439957424757,1.8288047340625895,6.226439957424757
RACE_STATIC_EXTENDED,mixed_interleaved,mixed,12,6,0,PERSISTENCE,0.358112866339085,"[0.14043983903113, 0.026901643150017432, 0.0867259043037309, 0.04136088470840817, 0.09788522072708271, 0.0, 0.1378517177163922, 0.11072192402415355, 0.358112866339085, 0.0]","[0.14043983903113, 0.026901643150017432, 0.0867259043037309, 0.04136088470840817, 0.09788522072708271, 0.0, 0.1378517177163922, 0.11072192402415355, 0.358112866339085, 0.0]","[0.14043983903113, 0.026901643150017432, 0.0867259043037309, 0.04136088470840817, 0.09788522072708271, 0.0, 0.1378517177163922, 0.11072192402415355, 0.358112866339085, 0.0]","[0.0, 0.0, 0.0, 0.0, 0.0, 0.0, 0.0, 0.0, 0.0, 0.0]",1.8288047340625895,6.226439957424757,1.8288047340625895,6.226439957424757
RACE_STATIC_EXTENDED,mixed_interleaved,mixed,12,7,0,PERSISTENCE,0.358112866339085,"[0.14043983903113, 0.026901643150017432, 0.0867259043037309, 0.04136088470840817, 0.09788522072708271, 0.0, 0.1378517177163922, 0.11072192402415355, 0.358112866339085, 0.0]","[0.14043983903113, 0.026901643150017432, 0.0867259043037309, 0.04136088470840817, 0.09788522072708271, 0.0, 0.1378517177163922, 0.11072192402415355, 0.358112866339085, 0.0]","[0.14043983903113, 0.026901643150017432, 0.0867259043037309, 0.04136088470840817, 0.09788522072708271, 0.0, 0.1378517177163922, 0.11072192402415355, 0.358112866339085, 0.0]","[0.0, 0.0, 0.0, 0.0, 0.0, 0.0, 0.0, 0.0, 0.0, 0.0]",1.8288047340625895,6.226439957424757,1.8288047340625895,6.226439957424757
RACE_STATIC_EXTENDED,mixed_interleaved,mixed,12,8,0,PERSISTENCE,0.358112866339085,"[0.14043983903113, 0.026901643150017432, 0.0867259043037309, 0.04136088470840817, 0.09788522072708271, 0.0, 0.1378517177163922, 0.11072192402415355, 0.358112866339085, 0.0]","[0.14043983903113, 0.026901643150017432, 0.0867259043037309, 0.04136088470840817, 0.09788522072708271, 0.0, 0.1378517177163922, 0.11072192402415355, 0.358112866339085, 0.0]","[0.14043983903113, 0.026901643150017432, 0.0867259043037309, 0.04136088470840817, 0.09788522072708271, 0.0, 0.1378517177163922, 0.11072192402415355, 0.358112866339085, 0.0]","[0.0, 0.0, 0.0, 0.0, 0.0, 0.0, 0.0, 0.0, 0.0, 0.0]",1.8288047340625895,6.226439957424757,1.8288047340625895,6.226439957424757
RACE_STATIC_EXTENDED,mixed_interleaved,mixed,12,9,0,PERSISTENCE,0.358112866339085,"[0.14043983903113, 0.026901643150017432, 0.0867259043037309, 0.04136088470840817, 0.09788522072708271, 0.0, 0.1378517177163922, 0.11072192402415355, 0.358112866339085, 0.0]","[0.14043983903113, 0.026901643150017432, 0.0867259043037309, 0.04136088470840817, 0.09788522072708271, 0.0, 0.1378517177163922, 0.11072192402415355, 0.358112866339085, 0.0]","[0.14043983903113, 0.026901643150017432, 0.0867259043037309, 0.04136088470840817, 0.09788522072708271, 0.0, 0.1378517177163922, 0.11072192402415355, 0.358112866339085, 0.0]","[0.0, 0.0, 0.0, 0.0, 0.0, 0.0, 0.0, 0.0, 0.0, 0.0]",1.8288047340625895,6.226439957424757,1.8288047340625895,6.226439957424757
RACE_STATIC_EXTENDED,mixed_interleaved,mixed,12,10,0,PERSISTENCE,0.358112866339085,"[0.14043983903113, 0.026901643150017432, 0.0867259043037309, 0.04136088470840817, 0.09788522072708271, 0.0, 0.1378517177163922, 0.11072192402415355, 0.358112866339085, 0.0]","[0.14043983903113, 0.026901643150017432, 0.0867259043037309, 0.04136088470840817, 0.09788522072708271, 0.0, 0.1378517177163922, 0.11072192402415355, 0.358112866339085, 0.0]","[0.14043983903113, 0.026901643150017432, 0.0867259043037309, 0.04136088470840817, 0.09788522072708271, 0.0, 0.1378517177163922, 0.11072192402415355, 0.358112866339085, 0.0]","[0.0, 0.0, 0.0, 0.0, 0.0, 0.0, 0.0, 0.0, 0.0, 0.0]",1.8288047340625895,6.226439957424757,1.8288047340625895,6.226439957424757
RACE_STATIC_EXTENDED,mixed_interleaved,mixed,12,11,0,PERSISTENCE,0.358112866339085,"[0.14043983903113, 0.026901643150017432, 0.0867259043037309, 0.04136088470840817, 0.09788522072708271, 0.0, 0.1378517177163922, 0.11072192402415355, 0.358112866339085, 0.0]","[0.14043983903113, 0.026901643150017432, 0.0867259043037309, 0.04136088470840817, 0.09788522072708271, 0.0, 0.1378517177163922, 0.11072192402415355, 0.358112866339085, 0.0]","[0.14043983903113, 0.026901643150017432, 0.0867259043037309, 0.04136088470840817, 0.09788522072708271, 0.0, 0.1378517177163922, 0.11072192402415355, 0.358112866339085, 0.0]","[0.0, 0.0, 0.0, 0.0, 0.0, 0.0, 0.0, 0.0, 0.0, 0.0]",1.8288047340625895,6.226439957424757,1.8288047340625895,6.226439957424757
RACE_STATIC_EXTENDED,mixed_interleaved,mixed,12,12,0,PERSISTENCE,0.358112866339085,"[0.14043983903113, 0.026901643150017432, 0.0867259043037309, 0.04136088470840817, 0.09788522072708271, 0.0, 0.1378517177163922, 0.11072192402415355, 0.358112866339085, 0.0]","[0.14043983903113, 0.026901643150017432, 0.0867259043037309, 0.04136088470840817, 0.09788522072708271, 0.0, 0.1378517177163922, 0.11072192402415355, 0.358112866339085, 0.0]","[0.14043983903113, 0.026901643150017432, 0.0867259043037309, 0.04136088470840817, 0.09788522072708271, 0.0, 0.1378517177163922, 0.11072192402415355, 0.358112866339085, 0.0]","[0.0, 0.0, 0.0, 0.0, 0.0, 0.0, 0.0, 0.0, 0.0, 0.0]",1.8288047340625895,6.226439957424757,1.8288047340625895,6.226439957424757
RACE_STATIC_EXTENDED,mixed_interleaved,mixed,12,13,0,PERSISTENCE,0.358112866339085,"[0.14043983903113, 0.026901643150017432, 0.0867259043037309, 0.04136088470840817, 0.09788522072708271, 0.0, 0.1378517177163922, 0.11072192402415355, 0.358112866339085, 0.0]","[0.14043983903113, 0.026901643150017432, 0.0867259043037309, 0.04136088470840817, 0.09788522072708271, 0.0, 0.1378517177163922, 0.11072192402415355, 0.358112866339085, 0.0]","[0.14043983903113, 0.026901643150017432, 0.0867259043037309, 0.04136088470840817, 0.09788522072708271, 0.0, 0.1378517177163922, 0.11072192402415355, 0.358112866339085, 0.0]","[0.0, 0.0, 0.0, 0.0, 0.0, 0.0, 0.0, 0.0, 0.0, 0.0]",1.8288047340625895,6.226439957424757,1.8288047340625895,6.226439957424757
RACE_STATIC_EXTENDED,mixed_interleaved,mixed,12,14,0,PERSISTENCE,0.358112866339085,"[0.14043983903113, 0.026901643150017432, 0.0867259043037309, 0.04136088470840817, 0.09788522072708271, 0.0, 0.1378517177163922, 0.11072192402415355, 0.358112866339085, 0.0]","[0.14043983903113, 0.026901643150017432, 0.0867259043037309, 0.04136088470840817, 0.09788522072708271, 0.0, 0.1378517177163922, 0.11072192402415355, 0.358112866339085, 0.0]","[0.14043983903113, 0.026901643150017432, 0.0867259043037309, 0.04136088470840817, 0.09788522072708271, 0.0, 0.1378517177163922, 0.11072192402415355, 0.358112866339085, 0.0]","[0.0, 0.0, 0.0, 0.0, 0.0, 0.0, 0.0, 0.0, 0.0, 0.0]",1.8288047340625895,6.226439957424757,1.8288047340625895,6.226439957424757
RACE_STATIC_EXTENDED,mixed_interleaved,mixed,12,15,0,PERSISTENCE,0.358112866339085,"[0.14043983903113, 0.026901643150017432, 0.0867259043037309, 0.04136088470840817, 0.09788522072708271, 0.0, 0.1378517177163922, 0.11072192402415355, 0.358112866339085, 0.0]","[0.14043983903113, 0.026901643150017432, 0.0867259043037309, 0.04136088470840817, 0.09788522072708271, 0.0, 0.1378517177163922, 0.11072192402415355, 0.358112866339085, 0.0]","[0.14043983903113, 0.026901643150017432, 0.0867259043037309, 0.04136088470840817, 0.09788522072708271, 0.0, 0.1378517177163922, 0.11072192402415355, 0.358112866339085, 0.0]","[0.0, 0.0, 0.0, 0.0, 0.0, 0.0, 0.0, 0.0, 0.0, 0.0]",1.8288047340625895,6.226439957424757,1.8288047340625895,6.226439957424757
RACE_STATIC_EXTENDED,mixed_interleaved,mixed,16,0,0,PERSISTENCE,0.358112866339085,"[0.14043983903113, 0.026901643150017432, 0.0867259043037309, 0.04136088470840817, 0.09788522072708271, 0.0, 0.1378517177163922, 0.11072192402415355, 0.358112866339085, 0.0]","[0.14043983903113, 0.026901643150017432, 0.0867259043037309, 0.04136088470840817, 0.09788522072708271, 0.0, 0.1378517177163922, 0.11072192402415355, 0.358112866339085, 0.0]","[0.14043983903113, 0.026901643150017432, 0.0867259043037309, 0.04136088470840817, 0.09788522072708271, 0.0, 0.1378517177163922, 0.11072192402415355, 0.358112866339085, 0.0]","[0.0, 0.0, 0.0, 0.0, 0.0, 0.0, 0.0, 0.0, 0.0, 0.0]",1.8288047340625895,6.226439957424757,1.8288047340625895,6.226439957424757
RACE_STATIC_EXTENDED,mixed_interleaved,mixed,16,1,0,PERSISTENCE,0.358112866339085,"[0.14043983903113, 0.026901643150017432, 0.0867259043037309, 0.04136088470840817, 0.09788522072708271, 0.0, 0.1378517177163922, 0.11072192402415355, 0.358112866339085, 0.0]","[0.14043983903113, 0.026901643150017432, 0.0867259043037309, 0.04136088470840817, 0.09788522072708271, 0.0, 0.1378517177163922, 0.11072192402415355, 0.358112866339085, 0.0]","[0.14043983903113, 0.026901643150017432, 0.0867259043037309, 0.04136088470840817, 0.09788522072708271, 0.0, 0.1378517177163922, 0.11072192402415355, 0.358112866339085, 0.0]","[0.0, 0.0, 0.0, 0.0, 0.0, 0.0, 0.0, 0.0, 0.0, 0.0]",1.8288047340625895,6.226439957424757,1.8288047340625895,6.226439957424757
RACE_STATIC_EXTENDED,mixed_interleaved,mixed,16,2,0,PERSISTENCE,0.358112866339085,"[0.14043983903113, 0.026901643150017432, 0.0867259043037309, 0.04136088470840817, 0.09788522072708271, 0.0, 0.1378517177163922, 0.11072192402415355, 0.358112866339085, 0.0]","[0.14043983903113, 0.026901643150017432, 0.0867259043037309, 0.04136088470840817, 0.09788522072708271, 0.0, 0.1378517177163922, 0.11072192402415355, 0.358112866339085, 0.0]","[0.14043983903113, 0.026901643150017432, 0.0867259043037309, 0.04136088470840817, 0.09788522072708271, 0.0, 0.1378517177163922, 0.11072192402415355, 0.358112866339085, 0.0]","[0.0, 0.0, 0.0, 0.0, 0.0, 0.0, 0.0, 0.0, 0.0, 0.0]",1.8288047340625895,6.226439957424757,1.8288047340625895,6.226439957424757
RACE_STATIC_EXTENDED,mixed_interleaved,mixed,16,3,0,PERSISTENCE,0.358112866339085,"[0.14043983903113, 0.026901643150017432, 0.0867259043037309, 0.04136088470840817, 0.09788522072708271, 0.0, 0.1378517177163922, 0.11072192402415355, 0.358112866339085, 0.0]","[0.14043983903113, 0.026901643150017432, 0.0867259043037309, 0.04136088470840817, 0.09788522072708271, 0.0, 0.1378517177163922, 0.11072192402415355, 0.358112866339085, 0.0]","[0.14043983903113, 0.026901643150017432, 0.0867259043037309, 0.04136088470840817, 0.09788522072708271, 0.0, 0.1378517177163922, 0.11072192402415355, 0.358112866339085, 0.0]","[0.0, 0.0, 0.0, 0.0, 0.0, 0.0, 0.0, 0.0, 0.0, 0.0]",1.8288047340625895,6.226439957424757,1.8288047340625895,6.226439957424757
RACE_STATIC_EXTENDED,mixed_interleaved,mixed,16,4,0,PERSISTENCE,0.358112866339085,"[0.14043983903113, 0.026901643150017432, 0.0867259043037309, 0.04136088470840817, 0.09788522072708271, 0.0, 0.1378517177163922, 0.11072192402415355, 0.358112866339085, 0.0]","[0.14043983903113, 0.026901643150017432, 0.0867259043037309, 0.04136088470840817, 0.09788522072708271, 0.0, 0.1378517177163922, 0.11072192402415355, 0.358112866339085, 0.0]","[0.14043983903113, 0.026901643150017432, 0.0867259043037309, 0.04136088470840817, 0.09788522072708271, 0.0, 0.1378517177163922, 0.11072192402415355, 0.358112866339085, 0.0]","[0.0, 0.0, 0.0, 0.0, 0.0, 0.0, 0.0, 0.0, 0.0, 0.0]",1.8288047340625895,6.226439957424757,1.8288047340625895,6.226439957424757
RACE_STATIC_EXTENDED,mixed_interleaved,mixed,16,5,0,PERSISTENCE,0.358112866339085,"[0.14043983903113, 0.026901643150017432, 0.0867259043037309, 0.04136088470840817, 0.09788522072708271, 0.0, 0.1378517177163922, 0.11072192402415355, 0.358112866339085, 0.0]","[0.14043983903113, 0.026901643150017432, 0.0867259043037309, 0.04136088470840817, 0.09788522072708271, 0.0, 0.1378517177163922, 0.11072192402415355, 0.358112866339085, 0.0]","[0.14043983903113, 0.026901643150017432, 0.0867259043037309, 0.04136088470840817, 0.09788522072708271, 0.0, 0.1378517177163922, 0.11072192402415355, 0.358112866339085, 0.0]","[0.0, 0.0, 0.0, 0.0, 0.0, 0.0, 0.0, 0.0, 0.0, 0.0]",1.8288047340625895,6.226439957424757,1.8288047340625895,6.226439957424757
RACE_STATIC_EXTENDED,mixed_interleaved,mixed,16,6,0,PERSISTENCE,0.358112866339085,"[0.14043983903113, 0.026901643150017432, 0.0867259043037309, 0.04136088470840817, 0.09788522072708271, 0.0, 0.1378517177163922, 0.11072192402415355, 0.358112866339085, 0.0]","[0.14043983903113, 0.026901643150017432, 0.0867259043037309, 0.04136088470840817, 0.09788522072708271, 0.0, 0.1378517177163922, 0.11072192402415355, 0.358112866339085, 0.0]","[0.14043983903113, 0.026901643150017432, 0.0867259043037309, 0.04136088470840817, 0.09788522072708271, 0.0, 0.1378517177163922, 0.11072192402415355, 0.358112866339085, 0.0]","[0.0, 0.0, 0.0, 0.0, 0.0, 0.0, 0.0, 0.0, 0.0, 0.0]",1.8288047340625895,6.226439957424757,1.8288047340625895,6.226439957424757
RACE_STATIC_EXTENDED,mixed_interleaved,mixed,16,7,0,PERSISTENCE,0.358112866339085,"[0.14043983903113, 0.026901643150017432, 0.0867259043037309, 0.04136088470840817, 0.09788522072708271, 0.0, 0.1378517177163922, 0.11072192402415355, 0.358112866339085, 0.0]","[0.14043983903113, 0.026901643150017432, 0.0867259043037309, 0.04136088470840817, 0.09788522072708271, 0.0, 0.1378517177163922, 0.11072192402415355, 0.358112866339085, 0.0]","[0.14043983903113, 0.026901643150017432, 0.0867259043037309, 0.04136088470840817, 0.09788522072708271, 0.0, 0.1378517177163922, 0.11072192402415355, 0.358112866339085, 0.0]","[0.0, 0.0, 0.0, 0.0, 0.0, 0.0, 0.0, 0.0, 0.0, 0.0]",1.8288047340625895,6.226439957424757,1.8288047340625895,6.226439957424757
RACE_STATIC_EXTENDED,mixed_interleaved,mixed,16,8,0,PERSISTENCE,0.358112866339085,"[0.14043983903113, 0.026901643150017432, 0.0867259043037309, 0.04136088470840817, 0.09788522072708271, 0.0, 0.1378517177163922, 0.11072192402415355, 0.358112866339085, 0.0]","[0.14043983903113, 0.026901643150017432, 0.0867259043037309, 0.04136088470840817, 0.09788522072708271, 0.0, 0.1378517177163922, 0.11072192402415355, 0.358112866339085, 0.0]","[0.14043983903113, 0.026901643150017432, 0.0867259043037309, 0.04136088470840817, 0.09788522072708271, 0.0, 0.1378517177163922, 0.11072192402415355, 0.358112866339085, 0.0]","[0.0, 0.0, 0.0, 0.0, 0.0, 0.0, 0.0, 0.0, 0.0, 0.0]",1.8288047340625895,6.226439957424757,1.8288047340625895,6.226439957424757
RACE_STATIC_EXTENDED,mixed_interleaved,mixed,16,9,0,PERSISTENCE,0.358112866339085,"[0.14043983903113, 0.026901643150017432, 0.0867259043037309, 0.04136088470840817, 0.09788522072708271, 0.0, 0.1378517177163922, 0.11072192402415355, 0.358112866339085, 0.0]","[0.14043983903113, 0.026901643150017432, 0.0867259043037309, 0.04136088470840817, 0.09788522072708271, 0.0, 0.1378517177163922, 0.11072192402415355, 0.358112866339085, 0.0]","[0.14043983903113, 0.026901643150017432, 0.0867259043037309, 0.04136088470840817, 0.09788522072708271, 0.0, 0.1378517177163922, 0.11072192402415355, 0.358112866339085, 0.0]","[0.0, 0.0, 0.0, 0.0, 0.0, 0.0, 0.0, 0.0, 0.0, 0.0]",1.8288047340625895,6.226439957424757,1.8288047340625895,6.226439957424757
RACE_STATIC_EXTENDED,mixed_interleaved,mixed,16,10,0,PERSISTENCE,0.358112866339085,"[0.14043983903113, 0.026901643150017432, 0.0867259043037309, 0.04136088470840817, 0.09788522072708271, 0.0, 0.1378517177163922, 0.11072192402415355, 0.358112866339085, 0.0]","[0.14043983903113, 0.026901643150017432, 0.0867259043037309, 0.04136088470840817, 0.09788522072708271, 0.0, 0.1378517177163922, 0.11072192402415355, 0.358112866339085, 0.0]","[0.14043983903113, 0.026901643150017432, 0.0867259043037309, 0.04136088470840817, 0.09788522072708271, 0.0, 0.1378517177163922, 0.11072192402415355, 0.358112866339085, 0.0]","[0.0, 0.0, 0.0, 0.0, 0.0, 0.0, 0.0, 0.0, 0.0, 0.0]",1.8288047340625895,6.226439957424757,1.8288047340625895,6.226439957424757
RACE_STATIC_EXTENDED,mixed_interleaved,mixed,16,11,0,PERSISTENCE,0.358112866339085,"[0.14043983903113, 0.026901643150017432, 0.0867259043037309, 0.04136088470840817, 0.09788522072708271, 0.0, 0.1378517177163922, 0.11072192402415355, 0.358112866339085, 0.0]","[0.14043983903113, 0.026901643150017432, 0.0867259043037309, 0.04136088470840817, 0.09788522072708271, 0.0, 0.1378517177163922, 0.11072192402415355, 0.358112866339085, 0.0]","[0.14043983903113, 0.026901643150017432, 0.0867259043037309, 0.04136088470840817, 0.09788522072708271, 0.0, 0.1378517177163922, 0.11072192402415355, 0.358112866339085, 0.0]","[0.0, 0.0, 0.0, 0.0, 0.0, 0.0, 0.0, 0.0, 0.0, 0.0]",1.8288047340625895,6.226439957424757,1.8288047340625895,6.226439957424757
RACE_STATIC_EXTENDED,mixed_interleaved,mixed,16,12,0,PERSISTENCE,0.358112866339085,"[0.14043983903113, 0.026901643150017432, 0.0867259043037309, 0.04136088470840817, 0.09788522072708271, 0.0, 0.1378517177163922, 0.11072192402415355, 0.358112866339085, 0.0]","[0.14043983903113, 0.026901643150017432, 0.0867259043037309, 0.04136088470840817, 0.09788522072708271, 0.0, 0.1378517177163922, 0.11072192402415355, 0.358112866339085, 0.0]","[0.14043983903113, 0.026901643150017432, 0.0867259043037309, 0.04136088470840817, 0.09788522072708271, 0.0, 0.1378517177163922, 0.11072192402415355, 0.358112866339085, 0.0]","[0.0, 0.0, 0.0, 0.0, 0.0, 0.0, 0.0, 0.0, 0.0, 0.0]",1.8288047340625895,6.226439957424757,1.8288047340625895,6.226439957424757
RACE_STATIC_EXTENDED,mixed_interleaved,mixed,16,13,0,PERSISTENCE,0.358112866339085,"[0.14043983903113, 0.026901643150017432, 0.0867259043037309, 0.04136088470840817, 0.09788522072708271, 0.0, 0.1378517177163922, 0.11072192402415355, 0.358112866339085, 0.0]","[0.14043983903113, 0.026901643150017432, 0.0867259043037309, 0.04136088470840817, 0.09788522072708271, 0.0, 0.1378517177163922, 0.11072192402415355, 0.358112866339085, 0.0]","[0.14043983903113, 0.026901643150017432, 0.0867259043037309, 0.04136088470840817, 0.09788522072708271, 0.0, 0.1378517177163922, 0.11072192402415355, 0.358112866339085, 0.0]","[0.0, 0.0, 0.0, 0.0, 0.0, 0.0, 0.0, 0.0, 0.0, 0.0]",1.8288047340625895,6.226439957424757,1.8288047340625895,6.226439957424757
RACE_STATIC_EXTENDED,mixed_interleaved,mixed,16,14,0,PERSISTENCE,0.358112866339085,"[0.14043983903113, 0.026901643150017432, 0.0867259043037309, 0.04136088470840817, 0.09788522072708271, 0.0, 0.1378517177163922, 0.11072192402415355, 0.358112866339085, 0.0]","[0.14043983903113, 0.026901643150017432, 0.0867259043037309, 0.04136088470840817, 0.09788522072708271, 0.0, 0.1378517177163922, 0.11072192402415355, 0.358112866339085, 0.0]","[0.14043983903113, 0.026901643150017432, 0.0867259043037309, 0.04136088470840817, 0.09788522072708271, 0.0, 0.1378517177163922, 0.11072192402415355, 0.358112866339085, 0.0]","[0.0, 0.0, 0.0, 0.0, 0.0, 0.0, 0.0, 0.0, 0.0, 0.0]",1.8288047340625895,6.226439957424757,1.8288047340625895,6.226439957424757
RACE_STATIC_EXTENDED,mixed_interleaved,mixed,16,15,0,PERSISTENCE,0.358112866339085,"[0.14043983903113, 0.026901643150017432, 0.0867259043037309, 0.04136088470840817, 0.09788522072708271, 0.0, 0.1378517177163922, 0.11072192402415355, 0.358112866339085, 0.0]","[0.14043983903113, 0.026901643150017432, 0.0867259043037309, 0.04136088470840817, 0.09788522072708271, 0.0, 0.1378517177163922, 0.11072192402415355, 0.358112866339085, 0.0]","[0.14043983903113, 0.026901643150017432, 0.0867259043037309, 0.04136088470840817, 0.09788522072708271, 0.0, 0.1378517177163922, 0.11072192402415355, 0.358112866339085, 0.0]","[0.0, 0.0, 0.0, 0.0, 0.0, 0.0, 0.0, 0.0, 0.0, 0.0]",1.8288047340625895,6.226439957424757,1.8288047340625895,6.226439957424757
RACE_STATIC_EXTENDED,mixed_interleaved,mixed,24,0,0,PERSISTENCE,0.358112866339085,"[0.14043983903113, 0.026901643150017432, 0.0867259043037309, 0.04136088470840817, 0.09788522072708271, 0.0, 0.1378517177163922, 0.11072192402415355, 0.358112866339085, 0.0]","[0.14043983903113, 0.026901643150017432, 0.0867259043037309, 0.04136088470840817, 0.09788522072708271, 0.0, 0.1378517177163922, 0.11072192402415355, 0.358112866339085, 0.0]","[0.14043983903113, 0.026901643150017432, 0.0867259043037309, 0.04136088470840817, 0.09788522072708271, 0.0, 0.1378517177163922, 0.11072192402415355, 0.358112866339085, 0.0]","[0.0, 0.0, 0.0, 0.0, 0.0, 0.0, 0.0, 0.0, 0.0, 0.0]",1.8288047340625895,6.226439957424757,1.8288047340625895,6.226439957424757
RACE_STATIC_EXTENDED,mixed_interleaved,mixed,24,1,0,PERSISTENCE,0.358112866339085,"[0.14043983903113, 0.026901643150017432, 0.0867259043037309, 0.04136088470840817, 0.09788522072708271, 0.0, 0.1378517177163922, 0.11072192402415355, 0.358112866339085, 0.0]","[0.14043983903113, 0.026901643150017432, 0.0867259043037309, 0.04136088470840817, 0.09788522072708271, 0.0, 0.1378517177163922, 0.11072192402415355, 0.358112866339085, 0.0]","[0.14043983903113, 0.026901643150017432, 0.0867259043037309, 0.04136088470840817, 0.09788522072708271, 0.0, 0.1378517177163922, 0.11072192402415355, 0.358112866339085, 0.0]","[0.0, 0.0, 0.0, 0.0, 0.0, 0.0, 0.0, 0.0, 0.0, 0.0]",1.8288047340625895,6.226439957424757,1.8288047340625895,6.226439957424757
RACE_STATIC_EXTENDED,mixed_interleaved,mixed,24,2,0,PERSISTENCE,0.358112866339085,"[0.14043983903113, 0.026901643150017432, 0.0867259043037309, 0.04136088470840817, 0.09788522072708271, 0.0, 0.1378517177163922, 0.11072192402415355, 0.358112866339085, 0.0]","[0.14043983903113, 0.026901643150017432, 0.0867259043037309, 0.04136088470840817, 0.09788522072708271, 0.0, 0.1378517177163922, 0.11072192402415355, 0.358112866339085, 0.0]","[0.14043983903113, 0.026901643150017432, 0.0867259043037309, 0.04136088470840817, 0.09788522072708271, 0.0, 0.1378517177163922, 0.11072192402415355, 0.358112866339085, 0.0]","[0.0, 0.0, 0.0, 0.0, 0.0, 0.0, 0.0, 0.0, 0.0, 0.0]",1.8288047340625895,6.226439957424757,1.8288047340625895,6.226439957424757
RACE_STATIC_EXTENDED,mixed_interleaved,mixed,24,3,0,PERSISTENCE,0.358112866339085,"[0.14043983903113, 0.026901643150017432, 0.0867259043037309, 0.04136088470840817, 0.09788522072708271, 0.0, 0.1378517177163922, 0.11072192402415355, 0.358112866339085, 0.0]","[0.14043983903113, 0.026901643150017432, 0.0867259043037309, 0.04136088470840817, 0.09788522072708271, 0.0, 0.1378517177163922, 0.11072192402415355, 0.358112866339085, 0.0]","[0.14043983903113, 0.026901643150017432, 0.0867259043037309, 0.04136088470840817, 0.09788522072708271, 0.0, 0.1378517177163922, 0.11072192402415355, 0.358112866339085, 0.0]","[0.0, 0.0, 0.0, 0.0, 0.0, 0.0, 0.0, 0.0, 0.0, 0.0]",1.8288047340625895,6.226439957424757,1.8288047340625895,6.226439957424757
RACE_STATIC_EXTENDED,mixed_interleaved,mixed,24,4,0,PERSISTENCE,0.358112866339085,"[0.14043983903113, 0.026901643150017432, 0.0867259043037309, 0.04136088470840817, 0.09788522072708271, 0.0, 0.1378517177163922, 0.11072192402415355, 0.358112866339085, 0.0]","[0.14043983903113, 0.026901643150017432, 0.0867259043037309, 0.04136088470840817, 0.09788522072708271, 0.0, 0.1378517177163922, 0.11072192402415355, 0.358112866339085, 0.0]","[0.14043983903113, 0.026901643150017432, 0.0867259043037309, 0.04136088470840817, 0.09788522072708271, 0.0, 0.1378517177163922, 0.11072192402415355, 0.358112866339085, 0.0]","[0.0, 0.0, 0.0, 0.0, 0.0, 0.0, 0.0, 0.0, 0.0, 0.0]",1.8288047340625895,6.226439957424757,1.8288047340625895,6.226439957424757
RACE_STATIC_EXTENDED,mixed_interleaved,mixed,24,5,0,PERSISTENCE,0.358112866339085,"[0.14043983903113, 0.026901643150017432, 0.0867259043037309, 0.04136088470840817, 0.09788522072708271, 0.0, 0.1378517177163922, 0.11072192402415355, 0.358112866339085, 0.0]","[0.14043983903113, 0.026901643150017432, 0.0867259043037309, 0.04136088470840817, 0.09788522072708271, 0.0, 0.1378517177163922, 0.11072192402415355, 0.358112866339085, 0.0]","[0.14043983903113, 0.026901643150017432, 0.0867259043037309, 0.04136088470840817, 0.09788522072708271, 0.0, 0.1378517177163922, 0.11072192402415355, 0.358112866339085, 0.0]","[0.0, 0.0, 0.0, 0.0, 0.0, 0.0, 0.0, 0.0, 0.0, 0.0]",1.8288047340625895,6.226439957424757,1.8288047340625895,6.226439957424757
RACE_STATIC_EXTENDED,mixed_interleaved,mixed,24,6,0,PERSISTENCE,0.358112866339085,"[0.14043983903113, 0.026901643150017432, 0.0867259043037309, 0.04136088470840817, 0.09788522072708271, 0.0, 0.1378517177163922, 0.11072192402415355, 0.358112866339085, 0.0]","[0.14043983903113, 0.026901643150017432, 0.0867259043037309, 0.04136088470840817, 0.09788522072708271, 0.0, 0.1378517177163922, 0.11072192402415355, 0.358112866339085, 0.0]","[0.14043983903113, 0.026901643150017432, 0.0867259043037309, 0.04136088470840817, 0.09788522072708271, 0.0, 0.1378517177163922, 0.11072192402415355, 0.358112866339085, 0.0]","[0.0, 0.0, 0.0, 0.0, 0.0, 0.0, 0.0, 0.0, 0.0, 0.0]",1.8288047340625895,6.226439957424757,1.8288047340625895,6.226439957424757
RACE_STATIC_EXTENDED,mixed_interleaved,mixed,24,7,0,PERSISTENCE,0.358112866339085,"[0.14043983903113, 0.026901643150017432, 0.0867259043037309, 0.04136088470840817, 0.09788522072708271, 0.0, 0.1378517177163922, 0.11072192402415355, 0.358112866339085, 0.0]","[0.14043983903113, 0.026901643150017432, 0.0867259043037309, 0.04136088470840817, 0.09788522072708271, 0.0, 0.1378517177163922, 0.11072192402415355, 0.358112866339085, 0.0]","[0.14043983903113, 0.026901643150017432, 0.0867259043037309, 0.04136088470840817, 0.09788522072708271, 0.0, 0.1378517177163922, 0.11072192402415355, 0.358112866339085, 0.0]","[0.0, 0.0, 0.0, 0.0, 0.0, 0.0, 0.0, 0.0, 0.0, 0.0]",1.8288047340625895,6.226439957424757,1.8288047340625895,6.226439957424757
RACE_STATIC_EXTENDED,mixed_interleaved,mixed,24,8,0,PERSISTENCE,0.358112866339085,"[0.14043983903113, 0.026901643150017432, 0.0867259043037309, 0.04136088470840817, 0.09788522072708271, 0.0, 0.1378517177163922, 0.11072192402415355, 0.358112866339085, 0.0]","[0.14043983903113, 0.026901643150017432, 0.0867259043037309, 0.04136088470840817, 0.09788522072708271, 0.0, 0.1378517177163922, 0.11072192402415355, 0.358112866339085, 0.0]","[0.14043983903113, 0.026901643150017432, 0.0867259043037309, 0.04136088470840817, 0.09788522072708271, 0.0, 0.1378517177163922, 0.11072192402415355, 0.358112866339085, 0.0]","[0.0, 0.0, 0.0, 0.0, 0.0, 0.0, 0.0, 0.0, 0.0, 0.0]",1.8288047340625895,6.226439957424757,1.8288047340625895,6.226439957424757
RACE_STATIC_EXTENDED,mixed_interleaved,mixed,24,9,0,PERSISTENCE,0.358112866339085,"[0.14043983903113, 0.026901643150017432, 0.0867259043037309, 0.04136088470840817, 0.09788522072708271, 0.0, 0.1378517177163922, 0.11072192402415355, 0.358112866339085, 0.0]","[0.14043983903113, 0.026901643150017432, 0.0867259043037309, 0.04136088470840817, 0.09788522072708271, 0.0, 0.1378517177163922, 0.11072192402415355, 0.358112866339085, 0.0]","[0.14043983903113, 0.026901643150017432, 0.0867259043037309, 0.04136088470840817, 0.09788522072708271, 0.0, 0.1378517177163922, 0.11072192402415355, 0.358112866339085, 0.0]","[0.0, 0.0, 0.0, 0.0, 0.0, 0.0, 0.0, 0.0, 0.0, 0.0]",1.8288047340625895,6.226439957424757,1.8288047340625895,6.226439957424757
RACE_STATIC_EXTENDED,mixed_interleaved,mixed,24,10,0,PERSISTENCE,0.358112866339085,"[0.14043983903113, 0.026901643150017432, 0.0867259043037309, 0.04136088470840817, 0.09788522072708271, 0.0, 0.1378517177163922, 0.11072192402415355, 0.358112866339085, 0.0]","[0.14043983903113, 0.026901643150017432, 0.0867259043037309, 0.04136088470840817, 0.09788522072708271, 0.0, 0.1378517177163922, 0.11072192402415355, 0.358112866339085, 0.0]","[0.14043983903113, 0.026901643150017432, 0.0867259043037309, 0.04136088470840817, 0.09788522072708271, 0.0, 0.1378517177163922, 0.11072192402415355, 0.358112866339085, 0.0]","[0.0, 0.0, 0.0, 0.0, 0.0, 0.0, 0.0, 0.0, 0.0, 0.0]",1.8288047340625895,6.226439957424757,1.8288047340625895,6.226439957424757
RACE_STATIC_EXTENDED,mixed_interleaved,mixed,24,11,0,PERSISTENCE,0.358112866339085,"[0.14043983903113, 0.026901643150017432, 0.0867259043037309, 0.04136088470840817, 0.09788522072708271, 0.0, 0.1378517177163922, 0.11072192402415355, 0.358112866339085, 0.0]","[0.14043983903113, 0.026901643150017432, 0.0867259043037309, 0.04136088470840817, 0.09788522072708271, 0.0, 0.1378517177163922, 0.11072192402415355, 0.358112866339085, 0.0]","[0.14043983903113, 0.026901643150017432, 0.0867259043037309, 0.04136088470840817, 0.09788522072708271, 0.0, 0.1378517177163922, 0.11072192402415355, 0.358112866339085, 0.0]","[0.0, 0.0, 0.0, 0.0, 0.0, 0.0, 0.0, 0.0, 0.0, 0.0]",1.8288047340625895,6.226439957424757,1.8288047340625895,6.226439957424757
RACE_STATIC_EXTENDED,mixed_interleaved,mixed,24,12,0,PERSISTENCE,0.358112866339085,"[0.14043983903113, 0.026901643150017432, 0.0867259043037309, 0.04136088470840817, 0.09788522072708271, 0.0, 0.1378517177163922, 0.11072192402415355, 0.358112866339085, 0.0]","[0.14043983903113, 0.026901643150017432, 0.0867259043037309, 0.04136088470840817, 0.09788522072708271, 0.0, 0.1378517177163922, 0.11072192402415355, 0.358112866339085, 0.0]","[0.14043983903113, 0.026901643150017432, 0.0867259043037309, 0.04136088470840817, 0.09788522072708271, 0.0, 0.1378517177163922, 0.11072192402415355, 0.358112866339085, 0.0]","[0.0, 0.0, 0.0, 0.0, 0.0, 0.0, 0.0, 0.0, 0.0, 0.0]",1.8288047340625895,6.226439957424757,1.8288047340625895,6.226439957424757
RACE_STATIC_EXTENDED,mixed_interleaved,mixed,24,13,0,PERSISTENCE,0.358112866339085,"[0.14043983903113, 0.026901643150017432, 0.0867259043037309, 0.04136088470840817, 0.09788522072708271, 0.0, 0.1378517177163922, 0.11072192402415355, 0.358112866339085, 0.0]","[0.14043983903113, 0.026901643150017432, 0.0867259043037309, 0.04136088470840817, 0.09788522072708271, 0.0, 0.1378517177163922, 0.11072192402415355, 0.358112866339085, 0.0]","[0.14043983903113, 0.026901643150017432, 0.0867259043037309, 0.04136088470840817, 0.09788522072708271, 0.0, 0.1378517177163922, 0.11072192402415355, 0.358112866339085, 0.0]","[0.0, 0.0, 0.0, 0.0, 0.0, 0.0, 0.0, 0.0, 0.0, 0.0]",1.8288047340625895,6.226439957424757,1.8288047340625895,6.226439957424757
RACE_STATIC_EXTENDED,mixed_interleaved,mixed,24,14,0,PERSISTENCE,0.358112866339085,"[0.14043983903113, 0.026901643150017432, 0.0867259043037309, 0.04136088470840817, 0.09788522072708271, 0.0, 0.1378517177163922, 0.11072192402415355, 0.358112866339085, 0.0]","[0.14043983903113, 0.026901643150017432, 0.0867259043037309, 0.04136088470840817, 0.09788522072708271, 0.0, 0.1378517177163922, 0.11072192402415355, 0.358112866339085, 0.0]","[0.14043983903113, 0.026901643150017432, 0.0867259043037309, 0.04136088470840817, 0.09788522072708271, 0.0, 0.1378517177163922, 0.11072192402415355, 0.358112866339085, 0.0]","[0.0, 0.0, 0.0, 0.0, 0.0, 0.0, 0.0, 0.0, 0.0, 0.0]",1.8288047340625895,6.226439957424757,1.8288047340625895,6.226439957424757
RACE_STATIC_EXTENDED,mixed_interleaved,mixed,24,15,0,PERSISTENCE,0.358112866339085,"[0.14043983903113, 0.026901643150017432, 0.0867259043037309, 0.04136088470840817, 0.09788522072708271, 0.0, 0.1378517177163922, 0.11072192402415355, 0.358112866339085, 0.0]","[0.14043983903113, 0.026901643150017432, 0.0867259043037309, 0.04136088470840817, 0.09788522072708271, 0.0, 0.1378517177163922, 0.11072192402415355, 0.358112866339085, 0.0]","[0.14043983903113, 0.026901643150017432, 0.0867259043037309, 0.04136088470840817, 0.09788522072708271, 0.0, 0.1378517177163922, 0.11072192402415355, 0.358112866339085, 0.0]","[0.0, 0.0, 0.0, 0.0, 0.0, 0.0, 0.0, 0.0, 0.0, 0.0]",1.8288047340625895,6.226439957424757,1.8288047340625895,6.226439957424757
RACE_STATIC_EXTENDED,mixed_interleaved,mixed,32,0,0,PERSISTENCE,0.358112866339085,"[0.14043983903113, 0.026901643150017432, 0.0867259043037309, 0.04136088470840817, 0.09788522072708271, 0.0, 0.1378517177163922, 0.11072192402415355, 0.358112866339085, 0.0]","[0.14043983903113, 0.026901643150017432, 0.0867259043037309, 0.04136088470840817, 0.09788522072708271, 0.0, 0.1378517177163922, 0.11072192402415355, 0.358112866339085, 0.0]","[0.14043983903113, 0.026901643150017432, 0.0867259043037309, 0.04136088470840817, 0.09788522072708271, 0.0, 0.1378517177163922, 0.11072192402415355, 0.358112866339085, 0.0]","[0.0, 0.0, 0.0, 0.0, 0.0, 0.0, 0.0, 0.0, 0.0, 0.0]",1.8288047340625895,6.226439957424757,1.8288047340625895,6.226439957424757
RACE_STATIC_EXTENDED,mixed_interleaved,mixed,32,1,0,PERSISTENCE,0.358112866339085,"[0.14043983903113, 0.026901643150017432, 0.0867259043037309, 0.04136088470840817, 0.09788522072708271, 0.0, 0.1378517177163922, 0.11072192402415355, 0.358112866339085, 0.0]","[0.14043983903113, 0.026901643150017432, 0.0867259043037309, 0.04136088470840817, 0.09788522072708271, 0.0, 0.1378517177163922, 0.11072192402415355, 0.358112866339085, 0.0]","[0.14043983903113, 0.026901643150017432, 0.0867259043037309, 0.04136088470840817, 0.09788522072708271, 0.0, 0.1378517177163922, 0.11072192402415355, 0.358112866339085, 0.0]","[0.0, 0.0, 0.0, 0.0, 0.0, 0.0, 0.0, 0.0, 0.0, 0.0]",1.8288047340625895,6.226439957424757,1.8288047340625895,6.226439957424757
RACE_STATIC_EXTENDED,mixed_interleaved,mixed,32,2,0,PERSISTENCE,0.358112866339085,"[0.14043983903113, 0.026901643150017432, 0.0867259043037309, 0.04136088470840817, 0.09788522072708271, 0.0, 0.1378517177163922, 0.11072192402415355, 0.358112866339085, 0.0]","[0.14043983903113, 0.026901643150017432, 0.0867259043037309, 0.04136088470840817, 0.09788522072708271, 0.0, 0.1378517177163922, 0.11072192402415355, 0.358112866339085, 0.0]","[0.14043983903113, 0.026901643150017432, 0.0867259043037309, 0.04136088470840817, 0.09788522072708271, 0.0, 0.1378517177163922, 0.11072192402415355, 0.358112866339085, 0.0]","[0.0, 0.0, 0.0, 0.0, 0.0, 0.0, 0.0, 0.0, 0.0, 0.0]",1.8288047340625895,6.226439957424757,1.8288047340625895,6.226439957424757
RACE_STATIC_EXTENDED,mixed_interleaved,mixed,32,3,0,PERSISTENCE,0.358112866339085,"[0.14043983903113, 0.026901643150017432, 0.0867259043037309, 0.04136088470840817, 0.09788522072708271, 0.0, 0.1378517177163922, 0.11072192402415355, 0.358112866339085, 0.0]","[0.14043983903113, 0.026901643150017432, 0.0867259043037309, 0.04136088470840817, 0.09788522072708271, 0.0, 0.1378517177163922, 0.11072192402415355, 0.358112866339085, 0.0]","[0.14043983903113, 0.026901643150017432, 0.0867259043037309, 0.04136088470840817, 0.09788522072708271, 0.0, 0.1378517177163922, 0.11072192402415355, 0.358112866339085, 0.0]","[0.0, 0.0, 0.0, 0.0, 0.0, 0.0, 0.0, 0.0, 0.0, 0.0]",1.8288047340625895,6.226439957424757,1.8288047340625895,6.226439957424757
RACE_STATIC_EXTENDED,mixed_interleaved,mixed,32,4,0,PERSISTENCE,0.358112866339085,"[0.14043983903113, 0.026901643150017432, 0.0867259043037309, 0.04136088470840817, 0.09788522072708271, 0.0, 0.1378517177163922, 0.11072192402415355, 0.358112866339085, 0.0]","[0.14043983903113, 0.026901643150017432, 0.0867259043037309, 0.04136088470840817, 0.09788522072708271, 0.0, 0.1378517177163922, 0.11072192402415355, 0.358112866339085, 0.0]","[0.14043983903113, 0.026901643150017432, 0.0867259043037309, 0.04136088470840817, 0.09788522072708271, 0.0, 0.1378517177163922, 0.11072192402415355, 0.358112866339085, 0.0]","[0.0, 0.0, 0.0, 0.0, 0.0, 0.0, 0.0, 0.0, 0.0, 0.0]",1.8288047340625895,6.226439957424757,1.8288047340625895,6.226439957424757
RACE_STATIC_EXTENDED,mixed_interleaved,mixed,32,5,0,PERSISTENCE,0.358112866339085,"[0.14043983903113, 0.026901643150017432, 0.0867259043037309, 0.04136088470840817, 0.09788522072708271, 0.0, 0.1378517177163922, 0.11072192402415355, 0.358112866339085, 0.0]","[0.14043983903113, 0.026901643150017432, 0.0867259043037309, 0.04136088470840817, 0.09788522072708271, 0.0, 0.1378517177163922, 0.11072192402415355, 0.358112866339085, 0.0]","[0.14043983903113, 0.026901643150017432, 0.0867259043037309, 0.04136088470840817, 0.09788522072708271, 0.0, 0.1378517177163922, 0.11072192402415355, 0.358112866339085, 0.0]","[0.0, 0.0, 0.0, 0.0, 0.0, 0.0, 0.0, 0.0, 0.0, 0.0]",1.8288047340625895,6.226439957424757,1.8288047340625895,6.226439957424757
RACE_STATIC_EXTENDED,mixed_interleaved,mixed,32,6,0,PERSISTENCE,0.358112866339085,"[0.14043983903113, 0.026901643150017432, 0.0867259043037309, 0.04136088470840817, 0.09788522072708271, 0.0, 0.1378517177163922, 0.11072192402415355, 0.358112866339085, 0.0]","[0.14043983903113, 0.026901643150017432, 0.0867259043037309, 0.04136088470840817, 0.09788522072708271, 0.0, 0.1378517177163922, 0.11072192402415355, 0.358112866339085, 0.0]","[0.14043983903113, 0.026901643150017432, 0.0867259043037309, 0.04136088470840817, 0.09788522072708271, 0.0, 0.1378517177163922, 0.11072192402415355, 0.358112866339085, 0.0]","[0.0, 0.0, 0.0, 0.0, 0.0, 0.0, 0.0, 0.0, 0.0, 0.0]",1.8288047340625895,6.226439957424757,1.8288047340625895,6.226439957424757
RACE_STATIC_EXTENDED,mixed_interleaved,mixed,32,7,0,PERSISTENCE,0.358112866339085,"[0.14043983903113, 0.026901643150017432, 0.0867259043037309, 0.04136088470840817, 0.09788522072708271, 0.0, 0.1378517177163922, 0.11072192402415355, 0.358112866339085, 0.0]","[0.14043983903113, 0.026901643150017432, 0.0867259043037309, 0.04136088470840817, 0.09788522072708271, 0.0, 0.1378517177163922, 0.11072192402415355, 0.358112866339085, 0.0]","[0.14043983903113, 0.026901643150017432, 0.0867259043037309, 0.04136088470840817, 0.09788522072708271, 0.0, 0.1378517177163922, 0.11072192402415355, 0.358112866339085, 0.0]","[0.0, 0.0, 0.0, 0.0, 0.0, 0.0, 0.0, 0.0, 0.0, 0.0]",1.8288047340625895,6.226439957424757,1.8288047340625895,6.226439957424757
RACE_STATIC_EXTENDED,mixed_interleaved,mixed,32,8,0,PERSISTENCE,0.358112866339085,"[0.14043983903113, 0.026901643150017432, 0.0867259043037309, 0.04136088470840817, 0.09788522072708271, 0.0, 0.1378517177163922, 0.11072192402415355, 0.358112866339085, 0.0]","[0.14043983903113, 0.026901643150017432, 0.0867259043037309, 0.04136088470840817, 0.09788522072708271, 0.0, 0.1378517177163922, 0.11072192402415355, 0.358112866339085, 0.0]","[0.14043983903113, 0.026901643150017432, 0.0867259043037309, 0.04136088470840817, 0.09788522072708271, 0.0, 0.1378517177163922, 0.11072192402415355, 0.358112866339085, 0.0]","[0.0, 0.0, 0.0, 0.0, 0.0, 0.0, 0.0, 0.0, 0.0, 0.0]",1.8288047340625895,6.226439957424757,1.8288047340625895,6.226439957424757
RACE_STATIC_EXTENDED,mixed_interleaved,mixed,32,9,0,PERSISTENCE,0.358112866339085,"[0.14043983903113, 0.026901643150017432, 0.0867259043037309, 0.04136088470840817, 0.09788522072708271, 0.0, 0.1378517177163922, 0.11072192402415355, 0.358112866339085, 0.0]","[0.14043983903113, 0.026901643150017432, 0.0867259043037309, 0.04136088470840817, 0.09788522072708271, 0.0, 0.1378517177163922, 0.11072192402415355, 0.358112866339085, 0.0]","[0.14043983903113, 0.026901643150017432, 0.0867259043037309, 0.04136088470840817, 0.09788522072708271, 0.0, 0.1378517177163922, 0.11072192402415355, 0.358112866339085, 0.0]","[0.0, 0.0, 0.0, 0.0, 0.0, 0.0, 0.0, 0.0, 0.0, 0.0]",1.8288047340625895,6.226439957424757,1.8288047340625895,6.226439957424757
RACE_STATIC_EXTENDED,mixed_interleaved,mixed,32,10,0,PERSISTENCE,0.358112866339085,"[0.14043983903113, 0.026901643150017432, 0.0867259043037309, 0.04136088470840817, 0.09788522072708271, 0.0, 0.1378517177163922, 0.11072192402415355, 0.358112866339085, 0.0]","[0.14043983903113, 0.026901643150017432, 0.0867259043037309, 0.04136088470840817, 0.09788522072708271, 0.0, 0.1378517177163922, 0.11072192402415355, 0.358112866339085, 0.0]","[0.14043983903113, 0.026901643150017432, 0.0867259043037309, 0.04136088470840817, 0.09788522072708271, 0.0, 0.1378517177163922, 0.11072192402415355, 0.358112866339085, 0.0]","[0.0, 0.0, 0.0, 0.0, 0.0, 0.0, 0.0, 0.0, 0.0, 0.0]",1.8288047340625895,6.226439957424757,1.8288047340625895,6.226439957424757
RACE_STATIC_EXTENDED,mixed_interleaved,mixed,32,11,0,PERSISTENCE,0.358112866339085,"[0.14043983903113, 0.026901643150017432, 0.0867259043037309, 0.04136088470840817, 0.09788522072708271, 0.0, 0.1378517177163922, 0.11072192402415355, 0.358112866339085, 0.0]","[0.14043983903113, 0.026901643150017432, 0.0867259043037309, 0.04136088470840817, 0.09788522072708271, 0.0, 0.1378517177163922, 0.11072192402415355, 0.358112866339085, 0.0]","[0.14043983903113, 0.026901643150017432, 0.0867259043037309, 0.04136088470840817, 0.09788522072708271, 0.0, 0.1378517177163922, 0.11072192402415355, 0.358112866339085, 0.0]","[0.0, 0.0, 0.0, 0.0, 0.0, 0.0, 0.0, 0.0, 0.0, 0.0]",1.8288047340625895,6.226439957424757,1.8288047340625895,6.226439957424757
RACE_STATIC_EXTENDED,mixed_interleaved,mixed,32,12,0,PERSISTENCE,0.358112866339085,"[0.14043983903113, 0.026901643150017432, 0.0867259043037309, 0.04136088470840817, 0.09788522072708271, 0.0, 0.1378517177163922, 0.11072192402415355, 0.358112866339085, 0.0]","[0.14043983903113, 0.026901643150017432, 0.0867259043037309, 0.04136088470840817, 0.09788522072708271, 0.0, 0.1378517177163922, 0.11072192402415355, 0.358112866339085, 0.0]","[0.14043983903113, 0.026901643150017432, 0.0867259043037309, 0.04136088470840817, 0.09788522072708271, 0.0, 0.1378517177163922, 0.11072192402415355, 0.358112866339085, 0.0]","[0.0, 0.0, 0.0, 0.0, 0.0, 0.0, 0.0, 0.0, 0.0, 0.0]",1.8288047340625895,6.226439957424757,1.8288047340625895,6.226439957424757
RACE_STATIC_EXTENDED,mixed_interleaved,mixed,32,13,0,PERSISTENCE,0.358112866339085,"[0.14043983903113, 0.026901643150017432, 0.0867259043037309, 0.04136088470840817, 0.09788522072708271, 0.0, 0.1378517177163922, 0.11072192402415355, 0.358112866339085, 0.0]","[0.14043983903113, 0.026901643150017432, 0.0867259043037309, 0.04136088470840817, 0.09788522072708271, 0.0, 0.1378517177163922, 0.11072192402415355, 0.358112866339085, 0.0]","[0.14043983903113, 0.026901643150017432, 0.0867259043037309, 0.04136088470840817, 0.09788522072708271, 0.0, 0.1378517177163922, 0.11072192402415355, 0.358112866339085, 0.0]","[0.0, 0.0, 0.0, 0.0, 0.0, 0.0, 0.0, 0.0, 0.0, 0.0]",1.8288047340625895,6.226439957424757,1.8288047340625895,6.226439957424757
RACE_STATIC_EXTENDED,mixed_interleaved,mixed,32,14,0,PERSISTENCE,0.358112866339085,"[0.14043983903113, 0.026901643150017432, 0.0867259043037309, 0.04136088470840817, 0.09788522072708271, 0.0, 0.1378517177163922, 0.11072192402415355, 0.358112866339085, 0.0]","[0.14043983903113, 0.026901643150017432, 0.0867259043037309, 0.04136088470840817, 0.09788522072708271, 0.0, 0.1378517177163922, 0.11072192402415355, 0.358112866339085, 0.0]","[0.14043983903113, 0.026901643150017432, 0.0867259043037309, 0.04136088470840817, 0.09788522072708271, 0.0, 0.1378517177163922, 0.11072192402415355, 0.358112866339085, 0.0]","[0.0, 0.0, 0.0, 0.0, 0.0, 0.0, 0.0, 0.0, 0.0, 0.0]",1.8288047340625895,6.226439957424757,1.8288047340625895,6.226439957424757
RACE_STATIC_EXTENDED,mixed_interleaved,mixed,32,15,0,PERSISTENCE,0.358112866339085,"[0.14043983903113, 0.026901643150017432, 0.0867259043037309, 0.04136088470840817, 0.09788522072708271, 0.0, 0.1378517177163922, 0.11072192402415355, 0.358112866339085, 0.0]","[0.14043983903113, 0.026901643150017432, 0.0867259043037309, 0.04136088470840817, 0.09788522072708271, 0.0, 0.1378517177163922, 0.11072192402415355, 0.358112866339085, 0.0]","[0.14043983903113, 0.026901643150017432, 0.0867259043037309, 0.04136088470840817, 0.09788522072708271, 0.0, 0.1378517177163922, 0.11072192402415355, 0.358112866339085, 0.0]","[0.0, 0.0, 0.0, 0.0, 0.0, 0.0, 0.0, 0.0, 0.0, 0.0]",1.8288047340625895,6.226439957424757,1.8288047340625895,6.226439957424757
RACE_ONLINE_EXTENDED,mixed_interleaved,mixed,8,0,0,MARKOV_H1,0.1,"[0.1, 0.1, 0.1, 0.1, 0.1, 0.1, 0.1, 0.1, 0.1, 0.1]","[0.1, 0.1, 0.1, 0.1, 0.1, 0.1, 0.1, 0.1, 0.1, 0.1]","[0.1, 0.1, 0.1, 0.1, 0.1, 0.1, 0.1, 0.1, 0.1, 0.1]","[0.0, 0.0, 0.0, 0.0, 0.0, 0.0, 0.0, 0.0, 0.0, 0.0]",2.3025850929940455,9.999999999999998,2.3025850929940455,9.999999999999998
RACE_ONLINE_EXTENDED,mixed_interleaved,mixed,8,1,0,MARKOV_H1,0.1,"[0.1, 0.1, 0.1, 0.1, 0.1, 0.1, 0.1, 0.1, 0.1, 0.1]","[0.1, 0.1, 0.1, 0.1, 0.1, 0.1, 0.1, 0.1, 0.1, 0.1]","[0.1, 0.1, 0.1, 0.1, 0.1, 0.1, 0.1, 0.1, 0.1, 0.1]","[0.0, 0.0, 0.0, 0.0, 0.0, 0.0, 0.0, 0.0, 0.0, 0.0]",2.3025850929940455,9.999999999999998,2.3025850929940455,9.999999999999998
RACE_ONLINE_EXTENDED,mixed_interleaved,mixed,8,2,0,MARKOV_H1,0.1,"[0.1, 0.1, 0.1, 0.1, 0.1, 0.1, 0.1, 0.1, 0.1, 0.1]","[0.1, 0.1, 0.1, 0.1, 0.1, 0.1, 0.1, 0.1, 0.1, 0.1]","[0.1, 0.1, 0.1, 0.1, 0.1, 0.1, 0.1, 0.1, 0.1, 0.1]","[0.0, 0.0, 0.0, 0.0, 0.0, 0.0, 0.0, 0.0, 0.0, 0.0]",2.3025850929940455,9.999999999999998,2.3025850929940455,9.999999999999998
RACE_ONLINE_EXTENDED,mixed_interleaved,mixed,8,3,0,MARKOV_H1,0.1,"[0.1, 0.1, 0.1, 0.1, 0.1, 0.1, 0.1, 0.1, 0.1, 0.1]","[0.1, 0.1, 0.1, 0.1, 0.1, 0.1, 0.1, 0.1, 0.1, 0.1]","[0.1, 0.1, 0.1, 0.1, 0.1, 0.1, 0.1, 0.1, 0.1, 0.1]","[0.0, 0.0, 0.0, 0.0, 0.0, 0.0, 0.0, 0.0, 0.0, 0.0]",2.3025850929940455,9.999999999999998,2.3025850929940455,9.999999999999998
RACE_ONLINE_EXTENDED,mixed_interleaved,mixed,8,4,0,MARKOV_H1,0.1,"[0.1, 0.1, 0.1, 0.1, 0.1, 0.1, 0.1, 0.1, 0.1, 0.1]","[0.1, 0.1, 0.1, 0.1, 0.1, 0.1, 0.1, 0.1, 0.1, 0.1]","[0.1, 0.1, 0.1, 0.1, 0.1, 0.1, 0.1, 0.1, 0.1, 0.1]","[0.0, 0.0, 0.0, 0.0, 0.0, 0.0, 0.0, 0.0, 0.0, 0.0]",2.3025850929940455,9.999999999999998,2.3025850929940455,9.999999999999998
RACE_ONLINE_EXTENDED,mixed_interleaved,mixed,8,5,0,MARKOV_H1,0.1,"[0.1, 0.1, 0.1, 0.1, 0.1, 0.1, 0.1, 0.1, 0.1, 0.1]","[0.1, 0.1, 0.1, 0.1, 0.1, 0.1, 0.1, 0.1, 0.1, 0.1]","[0.1, 0.1, 0.1, 0.1, 0.1, 0.1, 0.1, 0.1, 0.1, 0.1]","[0.0, 0.0, 0.0, 0.0, 0.0, 0.0, 0.0, 0.0, 0.0, 0.0]",2.3025850929940455,9.999999999999998,2.3025850929940455,9.999999999999998
RACE_ONLINE_EXTENDED,mixed_interleaved,mixed,8,6,0,MARKOV_H1,0.1,"[0.1, 0.1, 0.1, 0.1, 0.1, 0.1, 0.1, 0.1, 0.1, 0.1]","[0.1, 0.1, 0.1, 0.1, 0.1, 0.1, 0.1, 0.1, 0.1, 0.1]","[0.1, 0.1, 0.1, 0.1, 0.1, 0.1, 0.1, 0.1, 0.1, 0.1]","[0.0, 0.0, 0.0, 0.0, 0.0, 0.0, 0.0, 0.0, 0.0, 0.0]",2.3025850929940455,9.999999999999998,2.3025850929940455,9.999999999999998
RACE_ONLINE_EXTENDED,mixed_interleaved,mixed,8,7,0,MARKOV_H1,0.1,"[0.1, 0.1, 0.1, 0.1, 0.1, 0.1, 0.1, 0.1, 0.1, 0.1]","[0.1, 0.1, 0.1, 0.1, 0.1, 0.1, 0.1, 0.1, 0.1, 0.1]","[0.1, 0.1, 0.1, 0.1, 0.1, 0.1, 0.1, 0.1, 0.1, 0.1]","[0.0, 0.0, 0.0, 0.0, 0.0, 0.0, 0.0, 0.0, 0.0, 0.0]",2.3025850929940455,9.999999999999998,2.3025850929940455,9.999999999999998
RACE_ONLINE_EXTENDED,mixed_interleaved,mixed,8,8,0,MARKOV_H1,0.1,"[0.1, 0.1, 0.1, 0.1, 0.1, 0.1, 0.1, 0.1, 0.1, 0.1]","[0.1, 0.1, 0.1, 0.1, 0.1, 0.1, 0.1, 0.1, 0.1, 0.1]","[0.1, 0.1, 0.1, 0.1, 0.1, 0.1, 0.1, 0.1, 0.1, 0.1]","[0.0, 0.0, 0.0, 0.0, 0.0, 0.0, 0.0, 0.0, 0.0, 0.0]",2.3025850929940455,9.999999999999998,2.3025850929940455,9.999999999999998
RACE_ONLINE_EXTENDED,mixed_interleaved,mixed,8,9,0,MARKOV_H1,0.1,"[0.1, 0.1, 0.1, 0.1, 0.1, 0.1, 0.1, 0.1, 0.1, 0.1]","[0.1, 0.1, 0.1, 0.1, 0.1, 0.1, 0.1, 0.1, 0.1, 0.1]","[0.1, 0.1, 0.1, 0.1, 0.1, 0.1, 0.1, 0.1, 0.1, 0.1]","[0.0, 0.0, 0.0, 0.0, 0.0, 0.0, 0.0, 0.0, 0.0, 0.0]",2.3025850929940455,9.999999999999998,2.3025850929940455,9.999999999999998
RACE_ONLINE_EXTENDED,mixed_interleaved,mixed,8,10,0,MARKOV_H1,0.1,"[0.1, 0.1, 0.1, 0.1, 0.1, 0.1, 0.1, 0.1, 0.1, 0.1]","[0.1, 0.1, 0.1, 0.1, 0.1, 0.1, 0.1, 0.1, 0.1, 0.1]","[0.1, 0.1, 0.1, 0.1, 0.1, 0.1, 0.1, 0.1, 0.1, 0.1]","[0.0, 0.0, 0.0, 0.0, 0.0, 0.0, 0.0, 0.0, 0.0, 0.0]",2.3025850929940455,9.999999999999998,2.3025850929940455,9.999999999999998
RACE_ONLINE_EXTENDED,mixed_interleaved,mixed,8,11,0,MARKOV_H1,0.1,"[0.1, 0.1, 0.1, 0.1, 0.1, 0.1, 0.1, 0.1, 0.1, 0.1]","[0.1, 0.1, 0.1, 0.1, 0.1, 0.1, 0.1, 0.1, 0.1, 0.1]","[0.1, 0.1, 0.1, 0.1, 0.1, 0.1, 0.1, 0.1, 0.1, 0.1]","[0.0, 0.0, 0.0, 0.0, 0.0, 0.0, 0.0, 0.0, 0.0, 0.0]",2.3025850929940455,9.999999999999998,2.3025850929940455,9.999999999999998
RACE_ONLINE_EXTENDED,mixed_interleaved,mixed,8,12,0,MARKOV_H1,0.1,"[0.1, 0.1, 0.1, 0.1, 0.1, 0.1, 0.1, 0.1, 0.1, 0.1]","[0.1, 0.1, 0.1, 0.1, 0.1, 0.1, 0.1, 0.1, 0.1, 0.1]","[0.1, 0.1, 0.1, 0.1, 0.1, 0.1, 0.1, 0.1, 0.1, 0.1]","[0.0, 0.0, 0.0, 0.0, 0.0, 0.0, 0.0, 0.0, 0.0, 0.0]",2.3025850929940455,9.999999999999998,2.3025850929940455,9.999999999999998
RACE_ONLINE_EXTENDED,mixed_interleaved,mixed,8,13,0,MARKOV_H1,0.1,"[0.1, 0.1, 0.1, 0.1, 0.1, 0.1, 0.1, 0.1, 0.1, 0.1]","[0.1, 0.1, 0.1, 0.1, 0.1, 0.1, 0.1, 0.1, 0.1, 0.1]","[0.1, 0.1, 0.1, 0.1, 0.1, 0.1, 0.1, 0.1, 0.1, 0.1]","[0.0, 0.0, 0.0, 0.0, 0.0, 0.0, 0.0, 0.0, 0.0, 0.0]",2.3025850929940455,9.999999999999998,2.3025850929940455,9.999999999999998
RACE_ONLINE_EXTENDED,mixed_interleaved,mixed,8,14,0,MARKOV_H1,0.1,"[0.1, 0.1, 0.1, 0.1, 0.1, 0.1, 0.1, 0.1, 0.1, 0.1]","[0.1, 0.1, 0.1, 0.1, 0.1, 0.1, 0.1, 0.1, 0.1, 0.1]","[0.1, 0.1, 0.1, 0.1, 0.1, 0.1, 0.1, 0.1, 0.1, 0.1]","[0.0, 0.0, 0.0, 0.0, 0.0, 0.0, 0.0, 0.0, 0.0, 0.0]",2.3025850929940455,9.999999999999998,2.3025850929940455,9.999999999999998
RACE_ONLINE_EXTENDED,mixed_interleaved,mixed,8,15,0,MARKOV_H1,0.1,"[0.1, 0.1, 0.1, 0.1, 0.1, 0.1, 0.1, 0.1, 0.1, 0.1]","[0.1, 0.1, 0.1, 0.1, 0.1, 0.1, 0.1, 0.1, 0.1, 0.1]","[0.1, 0.1, 0.1, 0.1, 0.1, 0.1, 0.1, 0.1, 0.1, 0.1]","[0.0, 0.0, 0.0, 0.0, 0.0, 0.0, 0.0, 0.0, 0.0, 0.0]",2.3025850929940455,9.999999999999998,2.3025850929940455,9.999999999999998
RACE_ONLINE_EXTENDED,mixed_interleaved,mixed,12,0,40246,STAGE1_HYBRID,0.9796975879818735,"[0.1, 0.1, 0.1, 0.1, 0.1, 0.1, 0.1, 0.1, 0.1, 0.1]","[7.53699183688746e-63, 3.032576701063972e-60, 4.4754306677001505e-81, 1.0919697242193976e-133, 8.377992605115105e-184, 3.724691995187274e-214, 2.0838550425720373e-89, 5.143860932332664e-36, 0.0, 1.0]","[0.003776183812130625, 0.004973025695172579, 0.0028517868298751506, 0.001193726358102731, 0.0006753574302749148, 0.0005242813184844626, 0.0013078399722814113, 0.004778205096432027, 0.00022200550537781176, 0.9796975879818735]","[0.00044316305208084446, 0.0007283128222123138, 0.00028599785986815337, 8.792249326567233e-05, 4.5657463002580686e-05, 3.4177189085672516e-05, 7.46809313050868e-05, 0.00039241133625643357, 1.533781814411372e-05, 0.011045259886782288]",4.179657543543783e-34,1.0,0.13725809939217082,1.1471241823698906
RACE_ONLINE_EXTENDED,mixed_interleaved,mixed,12,1,40182,STAGE1_HYBRID,0.9636660373347637,"[0.1, 0.1, 0.1, 0.1, 0.1, 0.1, 0.1, 0.1, 0.1, 0.1]","[1.1357712989795636e-58, 2.7459098531548425e-53, 4.144538565593865e-64, 2.1616193888333716e-102, 8.952931283517727e-145, 4.5993272902815335e-172, 2.2360989048979368e-32, 1.3534960364073592e-18, 0.0, 1.0]","[0.0055423349172377245, 0.005252674079229719, 0.0025013815021758456, 0.0008347408271977518, 0.0006200483422253061, 0.0005361373727408384, 0.009279307743751923, 0.011382630707443255, 0.0003847071732662799, 0.9636660373347637]","[0.0007675690333678493, 0.0005967988397627283, 0.00019242520269942677, 5.570368639070382e-05, 4.346398726563538e-05, 3.633974607346511e-05, 0.0015363531086154847, 0.0009177274266129049, 2.717903467920231e-05, 0.01862987519107062]",5.568802540778676e-17,1.0,0.21894786277817452,1.2447663763349999
RACE_ONLINE_EXTENDED,mixed_interleaved,mixed,12,2,40051,STAGE1_HYBRID,0.9795706679922004,"[0.1, 0.1, 0.1, 0.1, 0.1, 0.1, 0.1, 0.1, 0.1, 0.1]","[3.4489548353856866e-77, 1.1676453929343345e-77, 3.23826519644287e-101, 1.6041118759591876e-140, 1.0815564384749392e-176, 1.6663330630259763e-192, 6.050706625638468e-41, 3.307458946788792e-31, 0.0, 1.0]","[0.0050165646970998495, 0.004496421552687595, 0.0017442215978424002, 0.0007975932203744157, 0.0005574220662074944, 0.0004859925485902345, 0.003508950536951901, 0.0034656572373029486, 0.0003565085507511552, 0.9795706679922004]","[0.000849714717642222, 0.0006577503185593918, 0.0001435403648262661, 5.86807894653563e-05, 3.771818313236172e-05, 3.249478469876737e-05, 0.000257745729515074, 0.0002419036495941916, 2.419211029608078e-05, 0.011986754743724792]",2.3213055879932248e-29,1.0,0.13803210144476252,1.1480124025393967
RACE_ONLINE_EXTENDED,mixed_interleaved,mixed,12,3,39913,STAGE1_HYBRID,0.9811862817271852,"[0.1, 0.1, 0.1, 0.1, 0.1, 0.1, 0.1, 0.1, 0.1, 0.1]","[4.346402804154475e-42, 2.052608011389403e-42, 4.647285119924004e-60, 2.9469917327297662e-89, 1.3075870036616503e-116, 3.710827952691822e-131, 1.4906138889144291e-49, 4.9131528206085135e-56, 0.0, 1.0]","[0.005309518067518545, 0.00495946193232084, 0.0020549086545192533, 0.0010779084030280216, 0.0008068284357616028, 0.0005848601195778814, 0.0019379948557195457, 0.001890375056772759, 0.0001918627475953187, 0.9811862817271852]","[0.0005911930928120635, 0.0005089047852911365, 0.0001558648022237364, 8.40691510841273e-05, 6.367547628553016e-05, 4.1420626635914084e-05, 0.0001142612051314388, 0.00012984687385843326, 1.3559006190591297e-05, 0.009619887508253266]",6.109767930497179e-40,1.0,0.12854711018984372,1.1371749925591141
RACE_ONLINE_EXTENDED,mixed_interleaved,mixed,12,4,39173,STAGE1_HYBRID,0.9751144041495111,"[0.1, 0.1, 0.1, 0.1, 0.1, 0.1, 0.1, 0.1, 0.1, 0.1]","[4.128413227450744e-65, 3.786180272334044e-57, 2.9955733507106116e-58, 2.753148413694947e-77, 5.410039595567349e-103, 9.824689123410785e-132, 8.62782432885548e-31, 1.6320743132126417e-20, 2.2675663670060968e-299, 1.0]","[0.0016856161979441782, 0.0023958647058702227, 0.002578356392357593, 0.0018145631596908076, 0.001247579983954114, 0.0008092508887122844, 0.0048080305156825345, 0.009022812254947353, 0.0005235217513108001, 0.9751144041495111]","[0.00011517313671387379, 0.00020558192013575498, 0.00024752844715209455, 0.00016959270209806614, 0.00010967503619744102, 7.120565701242222e-05, 0.00046902256215651495, 0.0013248178509052133, 3.837574631998955e-05, 0.013975773407967962]",7.436032516655366e-19,1.0,0.16281631291768678,1.1768205031091115
RACE_ONLINE_EXTENDED,mixed_interleaved,mixed,12,5,38692,STAGE1_HYBRID,0.9049791213506932,"[0.1, 0.1, 0.1, 0.1, 0.1, 0.1, 0.1, 0.1, 0.1, 0.1]","[2.1084120210736484e-69, 2.474388141910034e-71, 3.981573723071433e-79, 2.54670767688725e-97, 2.8609518356160455e-127, 6.0003396012842e-143, 1.4467387847736867e-25, 8.495549528846547e-11, 1.4690491663097603e-276, 0.9999999999150444]","[0.0023299158432527707, 0.002100282901298239, 0.0015735296489465945, 0.0010572955990065423, 0.0008430961088623681, 0.0008293491600214112, 0.011698666289334178, 0.07408733056197105, 0.0005014125366080258, 0.9049791213506932]","[0.000252157357786953, 0.00022003099898808688, 0.00013614981823796896, 7.404793228559316e-05, 6.384197278269131e-05, 6.66839887227064e-05, 0.0021878604048331998, 0.017473499506898076, 3.865470642102646e-05, 0.03314756476184688]",2.05497953750755e-09,1.0000000020549795,0.39534423892617704,1.4848952617010123
RACE_ONLINE_EXTENDED,mixed_interleaved,mixed,12,6,38765,STAGE1_HYBRID,0.9752329704401335,"[0.1, 0.1, 0.1, 0.1, 0.1, 0.1, 0.1, 0.1, 0.1, 0.1]","[1.2945194609637118e-57, 1.5893223593454416e-52, 9.502038089462505e-61, 8.040017068327663e-69, 7.256042860266869e-95, 6.695382907260523e-119, 7.079708071699411e-22, 6.883511417303333e-22, 5e-324, 1.0]","[0.002039185532761453, 0.0022112746737790383, 0.0020157773468287175, 0.0018239579109433984, 0.0013181597977298134, 0.0009950765381041941, 0.007308643114907785, 0.006748238536344399, 0.0003067161084744738, 0.9752329704401335]","[0.00015426531726155294, 0.00017577387881881034, 0.00017480393553340854, 0.0001640961977811131, 0.0001056671636653038, 7.14779447944647e-05, 0.0010220415213933814, 0.0005880235203795791, 1.8280158128770618e-05, 0.01305866522164989]",6.801972062186486e-20,1.0,0.16240691036774652,1.1763388084045647
RACE_ONLINE_EXTENDED,mixed_interleaved,mixed,12,7,38320,STAGE1_HYBRID,0.9628974891349571,"[0.1, 0.1, 0.1, 0.1, 0.1, 0.1, 0.1, 0.1, 0.1, 0.1]","[1.0298819132695366e-46, 1.869814555198407e-33, 6.721128874086324e-38, 1.3112915153643846e-59, 1.8567546153787026e-89, 9.358210436851e-99, 2.802504900975669e-28, 1.2997687890198915e-21, 1.4049807623748966e-260, 1.0]","[0.003277203046660689, 0.0049698455202099555, 0.0033489713863428415, 0.0014169628748070655, 0.0008906100681450418, 0.0008221923629803067, 0.005497069833476758, 0.01644194053428064, 0.00043771523814366053, 0.9628974891349571]","[0.00028182693002529977, 0.0005549177812326085, 0.0002598859643727658, 8.822613144839011e-05, 6.776920982753062e-05, 5.973931603791135e-05, 0.0006111254409930825, 0.0018912589680012025, 3.0218568421968184e-05, 0.017449906753360223]",6.250862908452333e-20,1.0,0.22152328472733165,1.2479763066704717
RACE_ONLINE_EXTENDED,mixed_interleaved,mixed,12,8,38015,STAGE1_HYBRID,0.9093431739306547,"[0.1, 0.1, 0.1, 0.1, 0.1, 0.1, 0.1, 0.1, 0.1, 0.1]","[1.0161620872004826e-49, 8.009108733360096e-43, 3.007515647216784e-44, 1.3080095787839803e-56, 1.6033662959343874e-93, 2.9056228585924302e-124, 1.578839336763671e-11, 4.1424228063622545e-07, 4.581324934494083e-279, 0.999999585741931]","[0.0027968274017108282, 0.006107421187831392, 0.0057406481101684335, 0.003940901933823095, 0.0017528594977197583, 0.0008825388853966015, 0.03398536960217995, 0.035134589818114736, 0.00031566963240201777, 0.9093431739306547]","[0.00017059997967931202, 0.0004818293549236556, 0.0004738079824541245, 0.00042297902244063163, 0.0001449692222988187, 5.456438424222406e-05, 0.005775993794870875, 0.005149181407557235, 1.804138864333592e-05, 0.03981532831467938]",6.50269275527043e-06,1.0000065027138978,0.437897728050252,1.549446434408098
RACE_ONLINE_EXTENDED,mixed_interleaved,mixed,12,9,37980,STAGE1_HYBRID,0.9614781971374178,"[0.1, 0.1, 0.1, 0.1, 0.1, 0.1, 0.1, 0.1, 0.1, 0.1]","[2.650661337791749e-44, 3.231426984803345e-43, 6.498169957231378e-51, 2.5977172294278715e-61, 6.964936760670716e-82, 1.8475192526088332e-104, 1.4870202050535633e-15, 2.2218501920985973e-09, 1.598962007628779e-280, 0.9999999977781484]","[0.002510960008947806, 0.0036740701641537555, 0.002840614583791559, 0.002270182689789248, 0.0011396335971459697, 0.0007927572634395605, 0.005817932219336824, 0.019144651482457847, 0.00033100085351421153, 0.9614781971374178]","[0.00015960963975781536, 0.0003087156605703519, 0.00023422652502944186, 0.0001952741785180973, 8.83968289828386e-05, 6.0817810046092416e-05, 0.0004964158102021976, 0.0019481243403532665, 1.7555459365063302e-05, 0.013841408257010412]",4.649210206045466e-08,1.000000046492103,0.22559019626914067,1.2530620505414471
RACE_ONLINE_EXTENDED,mixed_interleaved,mixed,12,10,38412,STAGE1_HYBRID,0.9706542867153524,"[0.1, 0.1, 0.1, 0.1, 0.1, 0.1, 0.1, 0.1, 0.1, 0.1]","[1.4250170951267837e-41, 2.9310133515962397e-27, 4.620705069676928e-35, 1.371748852747025e-61, 4.328011741566747e-109, 4.5167034101137916e-156, 1.0556783759440817e-74, 6.662451240925021e-58, 0.0, 1.0]","[0.0055397120412744045, 0.012077761229297287, 0.00655099581930846, 0.002024432752483623, 0.0007535102440322879, 0.0005337378407288342, 0.0007797497256969824, 0.0008156365001701406, 0.00027017713166191637, 0.9706542867153524]","[0.000674336066046164, 0.0018895377983677076, 0.0007246009910123692, 0.0001520072200031995, 5.2028383557524165e-05, 3.6522576478552124e-05, 3.380865379160094e-05, 3.4162541476137246e-05, 1.8873266360698367e-05, 0.015040917090566874]",1.7906865024172403e-25,1.0,0.1795710324419599,1.1967039058492384
RACE_ONLINE_EXTENDED,mixed_interleaved,mixed,12,11,37865,STAGE1_HYBRID,0.9804383011239098,"[0.1, 0.1, 0.1, 0.1, 0.1, 0.1, 0.1, 0.1, 0.1, 0.1]","[6.5513487135539e-47, 3.206314977348869e-39, 1.2007534070817698e-47, 2.0922797234854683e-73, 3.8988261877905396e-102, 6.172119000995154e-118, 2.2770312640253656e-46, 1.4285076081169275e-30, 4.226587318659261e-293, 1.0]","[0.00441808705710078, 0.005506711798645957, 0.0030169325643128646, 0.0013569204114071713, 0.0008904738916500243, 0.0007165846769014233, 0.0012783041377151503, 0.0021545363258720722, 0.00022314801248808256, 0.9804383011239098]","[0.0004929591474924418, 0.0006998401220164557, 0.0002719634138505352, 9.281966044764339e-05, 5.740291379519497e-05, 4.248572228096173e-05, 5.963904691164299e-05, 0.00011832775446015624, 1.43435539491806e-05, 0.010603097544897078]",9.816836094254026e-29,1.0,0.1335018793843543,1.1428234139375348
RACE_ONLINE_EXTENDED,mixed_interleaved,mixed,12,12,38568,STAGE1_HYBRID,0.9772506825002832,"[0.1, 0.1, 0.1, 0.1, 0.1, 0.1, 0.1, 0.1, 0.1, 0.1]","[3.051119908475231e-54, 1.0169898965195229e-46, 1.3886151185692058e-59, 3.5050951800195495e-97, 8.311003477383661e-142, 6.9135150770969e-169, 5.596638173006029e-42, 7.434316289392989e-18, 2.6055638635190025e-282, 1.0]","[0.004181941291746069, 0.004088993801789948, 0.0024012125712156106, 0.00098640804933152, 0.0005240863084116383, 0.00040177922211055256, 0.002522105278182762, 0.00735018368115177, 0.0002926072957814046, 0.9772506825002832]","[0.0004565202078969782, 0.0004209782291944195, 0.00021984812310107683, 7.143148407622394e-05, 3.276762961593765e-05, 2.49609103015587e-05, 0.0001641480207673174, 0.0007973673603453501, 1.715860044023345e-05, 0.011621296533524061]",2.932125944588357e-16,1.0000000000000002,0.14987322500333888,1.1616869605320876
RACE_ONLINE_EXTENDED,mixed_interleaved,mixed,12,13,39140,STAGE1_HYBRID,0.9846669634427233,"[0.1, 0.1, 0.1, 0.1, 0.1, 0.1, 0.1, 0.1, 0.1, 0.1]","[1.1470082722618757e-60, 2.5702726410336787e-62, 2.068366683570349e-77, 4.6090492388160275e-102, 2.0878654851040178e-124, 1.2312548660221785e-146, 1.506862239029725e-46, 4.4179149235089913e-38, 0.0, 1.0]","[0.0026766051651276974, 0.002436037745078403, 0.0014468075326485176, 0.0010018084634592498, 0.0007952820150637882, 0.0006384136272163314, 0.00237510138015486, 0.003719607819880847, 0.00024337280865041068, 0.9846669634427233]","[0.0002562669561025528, 0.00024898008974613944, 0.00012602695769333867, 8.331704059940896e-05, 6.039332317072372e-05, 4.407012303259225e-05, 0.00018088592300196624, 0.0004251162346076175, 1.6021879947823087e-05, 0.008673487632336219]",3.799961991422441e-36,1.0,0.10966319925296031,1.1159021704760876
RACE_ONLINE_EXTENDED,mixed_interleaved,mixed,12,14,39197,STAGE1_HYBRID,0.9840449011371503,"[0.1, 0.1, 0.1, 0.1, 0.1, 0.1, 0.1, 0.1, 0.1, 0.1]","[8.753917500123242e-62, 3.144717076409946e-68, 2.858040923585099e-98, 9.624699563267778e-145, 6.671759820218351e-188, 2.798907678751089e-215, 2.5569613414494196e-61, 4.3374989347043644e-43, 0.0, 1.0]","[0.0036968191711942242, 0.003997657145306477, 0.0020043336901141803, 0.000800806879879361, 0.00046871484149982594, 0.00038999964102636, 0.0016343792777750944, 0.0027000413000786306, 0.00026234691598491254, 0.9840449011371503]","[0.0005082907794427358, 0.0006067169952232635, 0.00022020923030152388, 5.3150975957286745e-05, 2.8132961847857937e-05, 2.3875714338930924e-05, 9.109353244059018e-05, 0.00018620993152903523, 1.7707630104803405e-05, 0.009566586301965052]",4.2309639360417665e-41,1.0,0.11204089734609737,1.1185586057880426
RACE_ONLINE_EXTENDED,mixed_interleaved,mixed,12,15,38714,STAGE1_HYBRID,0.9763225634140699,"[0.1, 0.1, 0.1, 0.1, 0.1, 0.1, 0.1, 0.1, 0.1, 0.1]","[5.107876017126411e-57, 1.435602527842117e-61, 2.1210323509904719e-78, 1.8442694142141686e-106, 7.300628392831932e-137, 2.4046338085515636e-158, 4.011302985377091e-36, 4.160351542889421e-16, 3.5875890128744475e-298, 0.9999999999999996]","[0.002489957609270724, 0.002384334413451791, 0.0021226808133004583, 0.001004557854585274, 0.000652293256413391, 0.00048789526070814796, 0.004004782118005591, 0.010190171328673553, 0.00034076393155795784, 0.9763225634140699]","[0.00019051700162364148, 0.00019941251552015683, 0.0001983927057331821, 6.342259312963311e-05, 3.631640219779522e-05, 2.709224616039971e-05, 0.00040593089906493154, 0.0015920539711317975, 2.2298837468789614e-05, 0.01256377537804132]",1.517829118104448e-14,1.000000000000015,0.1527906564133512,1.1650810511652834
RACE_ONLINE_EXTENDED,mixed_interleaved,mixed,16,0,39743,STAGE1_HYBRID,0.9809386129930983,"[0.1, 0.1, 0.1, 0.1, 0.1, 0.1, 0.1, 0.1, 0.1, 0.1]","[2.3551436121527507e-59, 5.488529918870143e-60, 9.361835926748043e-77, 4.174991530276815e-118, 9.211314295452986e-157, 3.717489884679662e-181, 9.67091452948183e-89, 9.271234615647873e-42, 0.0, 1.0]","[0.004802251999469132, 0.004905604434589953, 0.002624360741744822, 0.001011740582764711, 0.0005745030022894021, 0.0004439354407631975, 0.0011745562098817708, 0.0032545287949228984, 0.00026990580047810256, 0.9809386129930983]","[0.0006614995753416883, 0.0007111913428923274, 0.00023798612245207177, 6.105159483513287e-05, 3.416153000777567e-05, 2.5966499805911927e-05, 6.928002171653586e-05, 0.00021805608020972797, 1.8518273054155046e-05, 0.010724922380177193]",8.759616121767787e-40,1.0,0.1296720963526366,1.138455018561188
RACE_ONLINE_EXTENDED,mixed_interleaved,mixed,16,1,39729,STAGE1_HYBRID,0.9679932762241172,"[0.1, 0.1, 0.1, 0.1, 0.1, 0.1, 0.1, 0.1, 0.1, 0.1]","[5.116514794614808e-54, 4.571774309697726e-48, 2.7112578641205076e-54, 3.010329418222432e-85, 1.0254326169686e-118, 2.92267702568324e-142, 2.1080401212744502e-39, 6.178100053724431e-28, 7.264662978199177e-294, 1.0]","[0.004493334092816958, 0.0048955139874780566, 0.0028077714011089825, 0.0012083418995775703, 0.00076769894781593, 0.0005788074243267304, 0.006496482898858792, 0.010293353595649842, 0.0004654195282736248, 0.9679932762241172]","[0.0005163536508326969, 0.0005226865076611923, 0.00022160359715856447, 8.422955069763263e-05, 5.118734971343152e-05, 3.6809959837341775e-05, 0.0007055890725639333, 0.0012198609041882038, 3.108824665680263e-05, 0.01653605591821905]",3.8706644357373705e-26,1.0,0.19964871225059108,1.220973769687743
RACE_ONLINE_EXTENDED,mixed_interleaved,mixed,16,2,39143,STAGE1_HYBRID,0.9785724025555904,"[0.1, 0.1, 0.1, 0.1, 0.1, 0.1, 0.1, 0.1, 0.1, 0.1]","[7.2269384167090145e-68, 1.6078721354048733e-64, 1.406670124529511e-81, 5.49761025820777e-114, 6.114599867469994e-143, 5.767643029537411e-156, 6.36140626167685e-51, 5.7397508485323e-46, 2.3356895638219914e-303, 1.0]","[0.004976446230408674, 0.00570073634768632, 0.0021101463300711707, 0.0008559281930485207, 0.0005903171552977354, 0.0005339637524829602, 0.003235839156479398, 0.0029877184143702966, 0.00043650186457127357, 0.9785724025555904]","[0.0007397296727809868, 0.0008603947672839389, 0.0001558935075852781, 5.633504139178649e-05, 3.779125024836684e-05, 3.460172803025956e-05, 0.0002541224818528782, 0.0002189992045820013, 2.9322810474496064e-05, 0.01282207145727765]",5.979257993765043e-44,1.0,0.1438000234722277,1.1546531819016332
RACE_ONLINE_EXTENDED,mixed_interleaved,mixed,16,3,39144,STAGE1_HYBRID,0.9704887637328576,"[0.1, 0.1, 0.1, 0.1, 0.1, 0.1, 0.1, 0.1, 0.1, 0.1]","[4.57047514509156e-44, 2.8613211116793266e-38, 3.04568325510171e-49, 8.982137699611485e-75, 9.918794273580303e-102, 1.314206330321094e-116, 1.0464852046170378e-54, 1.1635784854464505e-62, 0.0, 1.0]","[0.007429080274271082, 0.01277980582282837, 0.004053419248859716, 0.0011708911786312579, 0.0007307380743885132, 0.0005230781806102474, 0.0013665321560085264, 0.0012108269135438295, 0.00024686441800701096, 0.9704887637328576]","[0.0008499551072227783, 0.0018632758377897193, 0.0002895989025296268, 7.691645211039192e-05, 4.89931653323616e-05, 3.405637648552548e-05, 7.367671269643602e-05, 6.450258127844866e-05, 1.6417330937550877e-05, 0.013319049918494197]",2.4735293943831262e-36,1.0,0.17986574015558285,1.197056635694765
RACE_ONLINE_EXTENDED,mixed_interleaved,mixed,16,4,36999,STAGE1_HYBRID,0.9650986067096166,"[0.1, 0.1, 0.1, 0.1, 0.1, 0.1, 0.1, 0.1, 0.1, 0.1]","[1.930418235657996e-65, 1.4245307463692665e-59, 3.899498467273533e-60, 5.880633106804799e-71, 1.780323799547544e-85, 2.8677949785760905e-104, 1.2103195104958808e-27, 4.717562590691038e-19, 7.550717885241163e-218, 1.0]","[0.0018823896176834098, 0.002742725563499276, 0.0027430672307434947, 0.0019063872257153956, 0.0012997435676382887, 0.0008297115694594471, 0.004743397880030559, 0.01819265911185033, 0.0005613115237758429, 0.9650986067096166]","[0.00014166356884325474, 0.0002512940837442427, 0.00026253796208149615, 0.00016595806773651473, 0.00010201705903679186, 6.874594822327303e-05, 0.0003658856019410545, 0.0030751746126164567, 3.939352897291955e-05, 0.014691001249113267]",1.9907087902435742e-17,1.0,0.20739620389898722,1.2304699922239424
RACE_ONLINE_EXTENDED,mixed_interleaved,mixed,16,5,36097,STAGE1_HYBRID,0.9510628873896031,"[0.1, 0.1, 0.1, 0.1, 0.1, 0.1, 0.1, 0.1, 0.1, 0.1]","[2.952216515841485e-67, 7.257172131023462e-65, 2.428192765956727e-66, 2.9474049584043153e-77, 1.2776101106929177e-98, 1.0099954883833242e-111, 7.9084510590712455e-25, 3.0583134398611735e-16, 1.8998574792816632e-202, 0.9999999999999998]","[0.002532966034144721, 0.0023580071714059967, 0.0015974015891095478, 0.0012110427541508642, 0.000986738582822721, 0.000849903390606021, 0.014003578509901813, 0.024760200445214656, 0.0006372741330654376, 0.9510628873896031]","[0.00022439355769662494, 0.00021162202824964138, 0.0001122025807178037, 8.069221691032059e-05, 6.938574087743014e-05, 6.185690727101854e-05, 0.00251283507153144, 0.003387623710020387, 4.9730755389666223e-05, 0.02095752793197858]",1.1147410019581955e-14,1.000000000000011,0.2644256620577834,1.3026825808502926
RACE_ONLINE_EXTENDED,mixed_interleaved,mixed,16,6,35444,STAGE1_HYBRID,0.9207018956784458,"[0.1, 0.1, 0.1, 0.1, 0.1, 0.1, 0.1, 0.1, 0.1, 0.1]","[1.7642839427051935e-51, 2.305936458094164e-46, 1.2093573468233403e-49, 1.3388001136682293e-53, 2.1859188187293453e-69, 3.1537746892608634e-95, 9.348534319032074e-11, 2.908796660774737e-12, 1.2836888127098183e-213, 0.9999999999036058]","[0.0019851025872097312, 0.002143808383493004, 0.0019141777922194066, 0.001849936741255879, 0.001502809287836958, 0.0009914855992441576, 0.04279850333346547, 0.02559257213749259, 0.000519708459341487, 0.9207018956784458]","[0.0001298389302412097, 0.00015420940434990348, 0.00014094607341102262, 0.00014703163931964358, 0.0001205033134442366, 7.100346353201988e-05, 0.006681071979396335, 0.001902773413930376, 3.0473224418469682e-05, 0.02422045535938877]",2.3325386759864417e-09,1.0000000023325386,0.37444744459941004,1.4541876733304864
RACE_ONLINE_EXTENDED,mixed_interleaved,mixed,16,7,35701,STAGE1_HYBRID,0.9722971456204909,"[0.1, 0.1, 0.1, 0.1, 0.1, 0.1, 0.1, 0.1, 0.1, 0.1]","[2.4802985637848645e-43, 1.2853558636936665e-27, 1.3087006361306795e-25, 1.1697783986322427e-40, 9.589204268028072e-70, 1.948322594324797e-83, 6.005401758212454e-35, 5.245531302442111e-35, 1.781104468098904e-200, 1.0]","[0.0025536442766051107, 0.005764853441638851, 0.006728700415247412, 0.0026554796941782462, 0.0009584447258114511, 0.0008270411481222894, 0.003493519638046244, 0.00418056495622958, 0.000540606083636265, 0.9722971456204909]","[0.00019606882084751405, 0.0006418729689065027, 0.0008129125774246102, 0.00019157184907158675, 6.686525287015616e-05, 5.266696177784633e-05, 0.00026073809668083407, 0.0003521330900941303, 3.631189292823136e-05, 0.015296746358616109]",7.577865495712238e-24,1.0,0.18094643487803871,1.1983509877571896
RACE_ONLINE_EXTENDED,mixed_interleaved,mixed,16,8,35593,STAGE1_HYBRID,0.9123754351950661,"[0.1, 0.1, 0.1, 0.1, 0.1, 0.1, 0.1, 0.1, 0.1, 0.1]","[6.764610686536917e-50, 3.9290078595106427e-41, 2.7528956081058183e-38, 9.122666677348534e-42, 5.616245925152841e-69, 3.2229129448711158e-96, 1.6840265111343297e-11, 1.741360943713104e-16, 6.208521741915628e-209, 0.9999999999831595]","[0.0018705249024749638, 0.004673489842347075, 0.00508142745636113, 0.004907208412986402, 0.0015860485083599256, 0.000914835487042047, 0.059280326809768, 0.008812204841784894, 0.0004984985438059293, 0.9123754351950661]","[9.503834273438614e-05, 0.00028757546973078897, 0.0002985870227378519, 0.00035688664524685643, 0.0001055838849881247, 5.303775346905244e-05, 0.014866133573614033, 0.0009140587436072174, 3.0345554082729475e-05, 0.03748731451494758]",4.3460748693193706e-10,1.0000000004346075,0.40303516214128754,1.4963595059429267
RACE_ONLINE_EXTENDED,mixed_interleaved,mixed,16,9,35330,STAGE1_HYBRID,0.9277924320439677,"[0.1, 0.1, 0.1, 0.1, 0.1, 0.1, 0.1, 0.1, 0.1, 0.1]","[2.3784509048926735e-39, 2.0469413969865125e-38, 1.1124332443505771e-44, 1.7142425566195394e-53, 1.2675139167070394e-68, 3.9782893404384465e-85, 4.6484582351804567e-10, 7.061601925822883e-10, 2.0202098651317777e-209, 0.999999998828994]","[0.003295281602640229, 0.003796083698905221, 0.0025366360912514093, 0.0016470303272879837, 0.0009729427246234328, 0.0007857945030121384, 0.03420439077890992, 0.024472535595824255, 0.0004968726335802639, 0.9277924320439677]","[0.00022731682492836865, 0.0003001257682256325, 0.00016709218470334597, 9.756799678878118e-05, 5.888323291669815e-05, 5.0967219769528315e-05, 0.004958207617776171, 0.0025068494147478483, 2.724389771594733e-05, 0.0242305088653475]",2.603985226084045e-08,1.0000000260398525,0.35764063731579054,1.4299516568700554
RACE_ONLINE_EXTENDED,mixed_interleaved,mixed,16,10,36434,STAGE1_HYBRID,0.9786566934281222,"[0.1, 0.1, 0.1, 0.1, 0.1, 0.1, 0.1, 0.1, 0.1, 0.1]","[7.97783146944102e-37, 1.3749823317805903e-25, 7.355639365532234e-32, 2.7560538085371885e-60, 2.590448344603364e-105, 4.458175449803469e-146, 1.257763527153636e-72, 2.7129324978359132e-58, 5.789103556473616e-277, 1.0]","[0.003931396510719751, 0.006921401094779182, 0.004638513968211412, 0.0014748597698267028, 0.0006613966422600974, 0.0004551669160965066, 0.001371952814638116, 0.0015793920701745537, 0.00030922678516587303, 0.9786566934281222]","[0.0004097840306140071, 0.0008334807934793703, 0.00045764347952841696, 0.0001052153833979502, 4.484044852345352e-05, 3.0432542677244307e-05, 8.349325095231661e-05, 0.00010012931151944798, 1.9979318915665197e-05, 0.010855951328611835]",7.871254765275592e-24,1.0,0.14192443372843513,1.1524895559076564
RACE_ONLINE_EXTENDED,mixed_interleaved,mixed,16,11,35303,STAGE1_HYBRID,0.9767296846321175,"[0.1, 0.1, 0.1, 0.1, 0.1, 0.1, 0.1, 0.1, 0.1, 0.1]","[1.5907906380719345e-44, 3.976648717522233e-33, 2.565568517921574e-34, 1.9556827051332474e-55, 1.3926089818219678e-81, 1.5312101254713438e-99, 1.6581892044746185e-48, 3.4668210795433085e-42, 7.27206620302621e-235, 1.0]","[0.0035851854198006923, 0.006766990422503153, 0.006044458965758958, 0.002254452127008305, 0.0011842309151008387, 0.0007939177918236393, 0.0011365031595553868, 0.001228616992390696, 0.0002759595739476495, 0.9767296846321175]","[0.00029529637448322813, 0.0008773278378487933, 0.0007376695285262276, 0.00017277645309774048, 7.112966398370778e-05, 4.28336210349301e-05, 5.5082495851145685e-05, 6.0864904571786994e-05, 1.6040966558421278e-05, 0.012754415310979761]",3.1652092815394857e-31,1.0,0.15345899938022928,1.1658599851602065
RACE_ONLINE_EXTENDED,mixed_interleaved,mixed,16,12,36247,STAGE1_HYBRID,0.9781962351123418,"[0.1, 0.1, 0.1, 0.1, 0.1, 0.1, 0.1, 0.1, 0.1, 0.1]","[4.619302236992833e-53, 8.736007510313356e-44, 6.565651354521827e-52, 1.0894807708181647e-77, 1.1398350009968095e-113, 2.6019717360723407e-138, 1.7117681942123045e-44, 2.2316886623067378e-26, 5.466231843733629e-228, 1.0]","[0.0030799105537122175, 0.004154772510624496, 0.0031355284117150217, 0.0013711139038553193, 0.000594927387197187, 0.00045107490050225933, 0.0033415754145483104, 0.0052839123548657245, 0.0003909494506441892, 0.9781962351123418]","[0.0003203992044730354, 0.0003991842589346542, 0.0002805960758523629, 9.686646437301601e-05, 3.465040863582269e-05, 2.5748017271724786e-05, 0.0002522829839274829, 0.000527991209895355, 2.173002219900631e-05, 0.01143441622355068]",1.3181347204985109e-24,1.0,0.14698916289869454,1.1583414098986302
RACE_ONLINE_EXTENDED,mixed_interleaved,mixed,16,13,36858,STAGE1_HYBRID,0.9844197388644221,"[0.1, 0.1, 0.1, 0.1, 0.1, 0.1, 0.1, 0.1, 0.1, 0.1]","[2.030688211850818e-59, 2.54378365381131e-57, 2.0271939395630326e-67, 5.85194876451602e-90, 1.3831066452312625e-111, 3.813466048478173e-131, 6.802909955815652e-46, 1.4349194532728505e-39, 4.8179273686275765e-275, 1.0]","[0.0022534057559660324, 0.002313367847631826, 0.0015972681764886872, 0.0009528889324085266, 0.0007055698193890159, 0.0005757928248966593, 0.0027595059796046836, 0.004051334495268187, 0.0003711273039358976, 0.9844197388644221]","[0.00017323197536063293, 0.00018040633851095438, 0.00011824334074173025, 6.861668571523776e-05, 4.724602226630192e-05, 3.707089637613888e-05, 0.00026062425497821496, 0.0004757213998379959, 2.1352356465806073e-05, 0.008811291111510022]",1.2833885039519792e-37,1.0,0.11107260922833953,1.1174760429819757
RACE_ONLINE_EXTENDED,mixed_interleaved,mixed,16,14,37275,STAGE1_HYBRID,0.9852885485482427,"[0.1, 0.1, 0.1, 0.1, 0.1, 0.1, 0.1, 0.1, 0.1, 0.1]","[8.47410964494172e-58, 1.0172490887670251e-60, 1.068564237038233e-84, 2.6541713462496825e-127, 3.1784127000656076e-166, 1.2722788451731148e-190, 5.817610057597174e-65, 1.584148150639004e-52, 1.5237688910393573e-266, 1.0]","[0.0033073934739230263, 0.0036725233712578235, 0.002097629222739066, 0.0007394463813424058, 0.00042822395283562587, 0.0003644796500317336, 0.0014829832177067881, 0.0022454710904886935, 0.0003733010914432086, 0.9852885485482427]","[0.0004004601636559851, 0.0005018248678612608, 0.000222250706035407, 4.575476568017429e-05, 2.4786321098488665e-05, 2.1820608919035804e-05, 8.604123417671601e-05, 0.00017091182460569527, 2.3201444976641834e-05, 0.008759144994430756]",1.889494003673939e-50,1.0,0.10485950258472672,1.1105545693477694
RACE_ONLINE_EXTENDED,mixed_interleaved,mixed,16,15,35978,STAGE1_HYBRID,0.9784887144121445,"[0.1, 0.1, 0.1, 0.1, 0.1, 0.1, 0.1, 0.1, 0.1, 0.1]","[1.6620865756060695e-58, 1.8481521595873073e-60, 2.311499638634284e-72, 2.0637498211442742e-95, 4.305524359377291e-122, 6.1022452613557954e-142, 3.8987949152831203e-41, 3.3062232933555556e-25, 2.8358829133041427e-240, 1.0]","[0.0027293290073731025, 0.00284378569766938, 0.0022315918207762345, 0.0011089323239306956, 0.0006597989838621496, 0.0004852915108061289, 0.004708807026061698, 0.006313668767867177, 0.00043008044951696223, 0.9784887144121445]","[0.00018520834850399426, 0.00021455206364439543, 0.00016880604856208772, 6.239809608701577e-05, 3.491859819799092e-05, 2.6287523796619943e-05, 0.0005985322683386272, 0.0008563975729340012, 2.7690107891143598e-05, 0.012180581776501498]",1.863679083012723e-23,1.0,0.14431222977506336,1.1552447540295452
RACE_ONLINE_EXTENDED,mixed_interleaved,mixed,24,0,36709,STAGE1_HYBRID,0.9806908361934332,"[0.1, 0.1, 0.1, 0.1, 0.1, 0.1, 0.1, 0.1, 0.1, 0.1]","[1.5988424369595382e-55, 1.76502655462075e-55, 4.807788028861159e-64, 6.7223886029931e-88, 4.767956839167382e-113, 2.200874846344282e-131, 4.596448161490253e-72, 7.0972881101827455e-40, 6.309220826850633e-234, 1.0]","[0.0035844775588252504, 0.003917060457693235, 0.0031359966059037753, 0.001565665337117422, 0.0008890348907767329, 0.0006267645664859562, 0.0011733026068260685, 0.004024795745085596, 0.00039206603785904657, 0.9806908361934332]","[0.00039272593552361356, 0.0004886743627157614, 0.00032596898010425133, 0.00010429817147034057, 4.824612013385122e-05, 3.150906262975932e-05, 6.107703938259086e-05, 0.00029977079005025366, 2.3104223619648824e-05, 0.011016131210706659]",6.39775746093817e-38,1.0,0.1332667496495904,1.1425547337599211
RACE_ONLINE_EXTENDED,mixed_interleaved,mixed,24,1,37735,STAGE1_HYBRID,0.9747064869996978,"[0.1, 0.1, 0.1, 0.1, 0.1, 0.1, 0.1, 0.1, 0.1, 0.1]","[7.7987993789118895e-53, 1.4584347960994362e-44, 2.865532679050099e-46, 9.899500972137547e-64, 2.277852640444884e-85, 6.622616471469155e-103, 2.6517519648909703e-41, 2.0321918904497966e-34, 2.287803921361513e-201, 1.0]","[0.00375203637429755, 0.004844534141533378, 0.0036928533095105993, 0.0017121766951221948, 0.0009832636389452139, 0.0006970751092373328, 0.004144722186047015, 0.004827166720895251, 0.0006396848247171703, 0.9747064869996978]","[0.000362096287905608, 0.0005103921444235533, 0.0003059723934076897, 0.0001067978702230428, 5.676975703403342e-05, 3.814419618570753e-05, 0.00036208282126538546, 0.0004254111026801645, 4.26762568267911e-05, 0.014472695174347017]",1.5765498872418702e-32,1.0,0.16840355459906833,1.183414086494751
RACE_ONLINE_EXTENDED,mixed_interleaved,mixed,24,2,35837,STAGE1_HYBRID,0.9791606470389896,"[0.1, 0.1, 0.1, 0.1, 0.1, 0.1, 0.1, 0.1, 0.1, 0.1]","[1.5358062324357093e-56, 9.462282795389558e-50, 3.05448303997114e-56, 2.3796365790775183e-75, 2.2410730562962216e-96, 4.4367197313369243e-107, 4.565539835782392e-52, 4.941320675284505e-48, 7.086837415182298e-202, 1.0]","[0.003794404014145349, 0.004772763599542782, 0.002866445544374148, 0.001140608106045938, 0.0007734475239902709, 0.0006826711937873239, 0.0033386342920124434, 0.002876749067399025, 0.0005936296197206429, 0.9791606470389896]","[0.0004057621248285058, 0.0005588620480364462, 0.00022477673178598808, 6.468988304808709e-05, 4.4371253676555855e-05, 3.964112198967228e-05, 0.0002946314750428327, 0.00022891696456721195, 4.09665799403368e-05, 0.012263561519241462]",5.48975714782428e-46,1.0,0.14258998874585727,1.1532568564261485
RACE_ONLINE_EXTENDED,mixed_interleaved,mixed,24,3,35310,STAGE1_HYBRID,0.97729321775092,"[0.1, 0.1, 0.1, 0.1, 0.1, 0.1, 0.1, 0.1, 0.1, 0.1]","[2.950699843373765e-41, 4.60205306042653e-31, 4.7344235818027636e-33, 1.091358379022259e-51, 2.7315217903993955e-74, 2.2581389039593484e-84, 1.1917767450589504e-49, 8.436189254095574e-56, 5.3729892458930636e-213, 1.0]","[0.004289426252906864, 0.007438794513967544, 0.004347542410831283, 0.0014928055625986361, 0.0008693439755175894, 0.0006445761792230449, 0.0016110073516766702, 0.001629360164725967, 0.0003839258376560413, 0.97729321775092]","[0.00045201193127018943, 0.0008686810696297704, 0.0003104158723729408, 8.937066953058754e-05, 5.4018486769864756e-05, 3.8668462510663994e-05, 9.620215122136093e-05, 0.00010154937911387994, 2.3286932335464163e-05, 0.011352331343978617]",3.249939891106034e-29,1.0,0.15034772371155183,1.1622383102912377
RACE_ONLINE_EXTENDED,mixed_interleaved,mixed,24,4,30019,STAGE1_HYBRID,0.9747930506070155,"[0.1, 0.1, 0.1, 0.1, 0.1, 0.1, 0.1, 0.1, 0.1, 0.1]","[4.286812003261693e-49, 5.345808906733227e-43, 1.2465413807556442e-41, 8.494131726473108e-49, 1.9898867335152276e-55, 1.0685222755109166e-65, 4.681633663363479e-27, 1.4434126908020348e-23, 1.6314239508318826e-137, 1.0]","[0.0028846514349078296, 0.003746845533842197, 0.003222685293601953, 0.00188862702634842, 0.001486574205273598, 0.0010944050034318977, 0.004229947250375733, 0.005855659006835235, 0.0007975546383664331, 0.9747930506070155]","[0.0002372043669812126, 0.00033419912226786904, 0.00025493504125110493, 0.0001204951603772268, 9.628102901326648e-05, 7.525465384044493e-05, 0.00027751672272897785, 0.0004705302047570571, 5.4908563634062156e-05, 0.013128067245277264]",7.594098824558843e-22,1.0,0.169075164674476,1.1842091462738145
RACE_ONLINE_EXTENDED,mixed_interleaved,mixed,24,5,28327,STAGE1_HYBRID,0.9544923624033924,"[0.1, 0.1, 0.1, 0.1, 0.1, 0.1, 0.1, 0.1, 0.1, 0.1]","[5.565817404348255e-48, 8.3956591201137e-43, 1.7166022762793243e-39, 5.772223269074386e-41, 2.1594767218064026e-51, 2.761113318272613e-60, 1.2339098739311035e-16, 4.1310147470750697e-16, 5.7251224457105664e-120, 0.9999999999999996]","[0.002753847429724699, 0.0027640939596880096, 0.0020853897376900297, 0.0017182742714571648, 0.001335274312294569, 0.0011339426214569484, 0.018050609068981177, 0.014894445194917482, 0.0007717610004212831, 0.9544923624033924]","[0.00022934590004323522, 0.00023613572861186895, 0.00015089173502206568, 0.00010955352233882391, 8.234778087082291e-05, 7.067658451572944e-05, 0.0022955931538530634, 0.001745551551476025, 5.087653981250627e-05, 0.01974730608922226]",1.9597272675169544e-14,1.0000000000000195,0.2579669336271532,1.2942960202418685
RACE_ONLINE_EXTENDED,mixed_interleaved,mixed,24,6,27541,STAGE1_HYBRID,0.9074888360369407,"[0.1, 0.1, 0.1, 0.1, 0.1, 0.1, 0.1, 0.1, 0.1, 0.1]","[6.551735166704543e-41, 6.243085621266029e-33, 4.5477862305997536e-27, 3.693667862701679e-26, 3.020618843113653e-34, 8.170202487982191e-55, 1.4957818616961572e-08, 4.0828306677847166e-13, 1.9881049868928618e-127, 0.9999999850417731]","[0.002657875357022656, 0.00388295516525981, 0.004536993858503259, 0.004869359760374157, 0.0029561588276051315, 0.0013301262456443773, 0.060988232368528676, 0.01057441624264568, 0.000715046137487525, 0.9074888360369407]","[0.0001757405364105066, 0.0002976662307425622, 0.00035551119576569904, 0.00040150049786041744, 0.00019573313454656821, 7.935655675554884e-05, 0.010637292227152342, 0.0005194956251701164, 4.316969788941149e-05, 0.030356634019290007]",2.844803236280754e-07,1.0000002844803642,0.42571713323678345,1.5306877332049635
RACE_ONLINE_EXTENDED,mixed_interleaved,mixed,24,7,28341,STAGE1_HYBRID,0.9713135491085867,"[0.1, 0.1, 0.1, 0.1, 0.1, 0.1, 0.1, 0.1, 0.1, 0.1]","[5.626475168894766e-45, 2.5039470232166413e-28, 1.3944372559128793e-19, 3.352013237613797e-24, 2.221869585781229e-40, 1.7560027147894177e-54, 3.362975694416326e-28, 1.3245366648847596e-31, 5.375924384750893e-129, 1.0]","[0.0022165492409850136, 0.004414270229213548, 0.006964637848967298, 0.0036000094891098745, 0.0015338934739041407, 0.0010443169871514034, 0.003730759980522979, 0.004444052441860005, 0.0007379611997229892, 0.9713135491085867]","[0.00015941422941371348, 0.00041403507689606237, 0.0007981179148933967, 0.00025118100808898473, 8.171407107160007e-05, 5.5324042438251515e-05, 0.00028836519558413044, 0.00042528906828362786, 4.729919192811132e-05, 0.01635729740242242]",6.0543572806946945e-18,1.0,0.18796473059201993,1.2067909517965885
RACE_ONLINE_EXTENDED,mixed_interleaved,mixed,24,8,28551,STAGE1_HYBRID,0.9043619879129086,"[0.1, 0.1, 0.1, 0.1, 0.1, 0.1, 0.1, 0.1, 0.1, 0.1]","[3.687903860301535e-45, 1.1003450537732085e-32, 3.1899420982137898e-25, 8.226008622138078e-26, 1.377146307546811e-40, 2.5903228167130307e-56, 1.4320209929867378e-06, 1.7447847204812293e-15, 1.252885832029124e-125, 0.9999985679790052]","[0.0022377102246499705, 0.004567605407096031, 0.005442240113624657, 0.004518564914440322, 0.0019391505286445523, 0.0011314647627960496, 0.06485998786021877, 0.010172057459309209, 0.0007692308163122627, 0.9043619879129086]","[0.00013684550150020686, 0.00031673528348804875, 0.0003610667956422829, 0.0002746699998585008, 0.00010419500296285433, 5.6213926285535516e-05, 0.01342330854441561, 0.0009392658128299244, 4.79122032482627e-05, 0.0355390985920333]",2.070190144328578e-05,1.000020702115729,0.4313513679802451,1.539336328441822
RACE_ONLINE_EXTENDED,mixed_interleaved,mixed,24,9,28927,STAGE1_HYBRID,0.9253043632199743,"[0.1, 0.1, 0.1, 0.1, 0.1, 0.1, 0.1, 0.1, 0.1, 0.1]","[2.410240870999135e-32, 1.886713332839683e-28, 1.221321949016242e-31, 2.176577090851939e-40, 6.618097545388874e-51, 9.530216628943779e-61, 1.7727341248251996e-08, 9.403910139558298e-13, 7.073683254416455e-134, 0.9999999822717184]","[0.004515694161234241, 0.006097492456664043, 0.003571905847168229, 0.0019342210190990052, 0.001051106001502144, 0.0008166782400832475, 0.041210333392568806, 0.014757027690228465, 0.0007411779714765766, 0.9253043632199743]","[0.0003557299399708508, 0.0005503665575948387, 0.0002260635033306491, 9.412481639742329e-05, 4.914283137613329e-05, 4.151542285613919e-05, 0.007327181936039133, 0.0012071098578105154, 4.626879309369882e-05, 0.027018132179494114]",3.3415470517390077e-07,1.000000334154761,0.3715231157923929,1.4499413622575512
RACE_ONLINE_EXTENDED,mixed_interleaved,mixed,24,10,30968,STAGE1_HYBRID,0.976184403387918,"[0.1, 0.1, 0.1, 0.1, 0.1, 0.1, 0.1, 0.1, 0.1, 0.1]","[1.9016852804846035e-39, 2.733505262686676e-26, 4.3774103610408586e-27, 2.984584180900682e-47, 4.615465157373567e-81, 3.8094750857222007e-109, 2.8715408150365175e-48, 1.1547839047910526e-42, 3.7857149331869504e-175, 1.0]","[0.003168686591794566, 0.0063665366415390215, 0.005275227935189275, 0.001814345478356106, 0.0008150671346309386, 0.0005628595268792665, 0.002461746273800224, 0.0028493166562622483, 0.0005018103736316265, 0.976184403387918]","[0.00027402866980492577, 0.0007203704041911314, 0.0004923357459003839, 0.00011815779021792839, 4.952825901713758e-05, 3.417973576776857e-05, 0.0001760401034673021, 0.00022607481050069918, 3.079558799057117e-05, 0.012559275563362338]",1.874665345855592e-24,1.0,0.15838405303872713,1.1716160710262555
RACE_ONLINE_EXTENDED,mixed_interleaved,mixed,24,11,28622,STAGE1_HYBRID,0.9727609922182703,"[0.1, 0.1, 0.1, 0.1, 0.1, 0.1, 0.1, 0.1, 0.1, 0.1]","[5.513862201202571e-48, 2.7873622249080924e-33, 3.2007591841663833e-24, 2.77078494508571e-32, 2.054006762214649e-52, 2.5685061816426145e-68, 3.4384614428929876e-37, 6.007663446812327e-40, 2.27744789842537e-151, 1.0]","[0.0017880259211420697, 0.004059588047166032, 0.00873730899476397, 0.004424478847411824, 0.0019098074342292373, 0.0011602084667027871, 0.00239683739811788, 0.002248005552822056, 0.0005147471193895256, 0.9727609922182703]","[0.00010295766577312132, 0.00029472663354967413, 0.0010582192474959022, 0.00043176050572701067, 0.00012869809955138708, 6.511878839478089e-05, 0.0001926071224798499, 0.00018642266791088448, 2.7657477790830862e-05, 0.014801612527493124]",1.7315676652045748e-22,1.0,0.1777968666591883,1.1945826370250736
RACE_ONLINE_EXTENDED,mixed_interleaved,mixed,24,12,30060,STAGE1_HYBRID,0.9744599480025503,"[0.1, 0.1, 0.1, 0.1, 0.1, 0.1, 0.1, 0.1, 0.1, 0.1]","[2.8683143563499457e-49, 1.3386782408151047e-37, 1.3351644979530383e-38, 1.4516709185910052e-50, 4.186884587786675e-74, 9.095599155828936e-94, 7.256455698964399e-36, 2.836352047835843e-27, 4.960451834255399e-153, 1.0]","[0.0030697044455491773, 0.004405360884455385, 0.00407503235587988, 0.0018966449008785192, 0.0007953151238859617, 0.0005505810992342366, 0.0048630295593160245, 0.005284086608818883, 0.000600297019441429, 0.9744599480025503]","[0.00032866565368186315, 0.0004424170095739099, 0.0003534174648615109, 0.00011191769985697609, 3.8887621793724774e-05, 2.7973709406833635e-05, 0.00048717652766151043, 0.000510304072060999, 3.235106617460561e-05, 0.013935552319690347]",1.733784829304276e-25,1.0,0.16905027046271875,1.1841796666874993
RACE_ONLINE_EXTENDED,mixed_interleaved,mixed,24,13,30895,STAGE1_HYBRID,0.9797554465515723,"[0.1, 0.1, 0.1, 0.1, 0.1, 0.1, 0.1, 0.1, 0.1, 0.1]","[2.4656508595373243e-59, 3.3775442704781875e-53, 6.330229680997006e-57, 4.031607201392058e-70, 3.60319991252261e-84, 5.339225338360311e-99, 1.737377378765933e-29, 8.39367051930511e-26, 1.0604601544476248e-174, 1.0]","[0.0018585316633290226, 0.002120482545152996, 0.0014757356448616744, 0.0009897398822350397, 0.0007775967094257719, 0.000635316589222569, 0.005533633835625372, 0.006284663011813242, 0.0005688535667803981, 0.9797554465515723]","[0.00012647273651187376, 0.0001489090972782919, 9.848143339793696e-05, 6.524934675261e-05, 4.9851957529568975e-05, 3.8446351668875814e-05, 0.0007149249569243031, 0.000961190405101126, 3.4382249823790104e-05, 0.011231053002268232]",4.847633609439619e-24,1.0,0.13635843753984983,1.1460926226002022
RACE_ONLINE_EXTENDED,mixed_interleaved,mixed,24,14,31784,STAGE1_HYBRID,0.9837473976411023,"[0.1, 0.1, 0.1, 0.1, 0.1, 0.1, 0.1, 0.1, 0.1, 0.1]","[3.2067647084243083e-53, 7.917230902730514e-49, 5.770820585036516e-62, 7.061061254314912e-93, 1.577664975510264e-123, 4.8113424160901096e-144, 3.2720079833290365e-56, 6.446574914491604e-50, 6.924697919355648e-180, 1.0]","[0.0030866891572047628, 0.004261083021237578, 0.00237371677615723, 0.0009263542324725627, 0.0005922486981279799, 0.0004826698756885959, 0.0017614495116826218, 0.0021901860722274608, 0.0005782050141001657, 0.9837473976411023]","[0.0002996557409029664, 0.0004911014453092462, 0.00021099017842944102, 5.919130074379379e-05, 3.405996620210006e-05, 2.766363212186181e-05, 0.0001126901857116736, 0.00017133207313771407, 3.3855743168193556e-05, 0.009302419206195123]",9.499501036949734e-47,1.0,0.11501643450181463,1.1218918751544897
RACE_ONLINE_EXTENDED,mixed_interleaved,mixed,24,15,29275,STAGE1_HYBRID,0.9780731433794888,"[0.1, 0.1, 0.1, 0.1, 0.1, 0.1, 0.1, 0.1, 0.1, 0.1]","[2.216422471496322e-55, 1.7723934679206818e-52, 1.2019015411846414e-56, 1.91656375928454e-69, 3.9613540382634196e-89, 1.6814588697394228e-106, 5.315522979367128e-33, 7.375230685141174e-24, 9.799090754401289e-158, 1.0]","[0.002700368245365475, 0.0027849536878827743, 0.002232994885685306, 0.0011900288019593861, 0.0007342016212691016, 0.0005662180768803584, 0.004509857449462704, 0.006513426775136574, 0.0006948070768819755, 0.9780731433794888]","[0.00018584171005177498, 0.00019156577183768604, 0.0001413293346190626, 6.024584394273206e-05, 3.7086361803197736e-05, 3.0216388279247543e-05, 0.0005355703521136598, 0.0008593782524610977, 4.278992240494726e-05, 0.012094585470481811]",3.9283366108828112e-22,1.0,0.14741775778511856,1.1588379755087854
RACE_ONLINE_EXTENDED,mixed_interleaved,mixed,32,0,31743,STAGE1_HYBRID,0.9734568855893415,"[0.1, 0.1, 0.1, 0.1, 0.1, 0.1, 0.1, 0.1, 0.1, 0.1]","[1.3497931720839946e-52, 1.006791716225228e-49, 6.660327996313895e-53, 5.191880820351369e-65, 5.762116195109321e-81, 5.1910355738369807e-95, 3.511658120080277e-49, 4.353142561064551e-27, 1.6051399368407775e-165, 1.0]","[0.0031599854825748986, 0.003406985140959211, 0.00335064877932121, 0.0024391275729266585, 0.0015734856762623952, 0.0010445109107839728, 0.002406043957735322, 0.008615292830422415, 0.0005470340596772233, 0.9734568855893415]","[0.0002937046876266682, 0.00034793803473581357, 0.00034704316007871163, 0.00019372802792704644, 9.344048091469531e-05, 5.19181484672933e-05, 0.0001327151993931515, 0.000821319652665564, 3.066004709967008e-05, 0.014427508918022136]",2.6423096281771473e-25,1.0,0.17440801902775593,1.1905412302087222
RACE_ONLINE_EXTENDED,mixed_interleaved,mixed,32,1,33799,STAGE1_HYBRID,0.9732937202744154,"[0.1, 0.1, 0.1, 0.1, 0.1, 0.1, 0.1, 0.1, 0.1, 0.1]","[2.68501697383951e-51, 7.776984558576124e-43, 6.781004008862195e-41, 5.946952925199508e-48, 4.999734651136478e-61, 1.486394640219589e-73, 5.996569882620106e-32, 2.6581212197030785e-27, 1.5697088832611103e-146, 1.0]","[0.003082955207843693, 0.003670338828402829, 0.0031019203051899755, 0.0019557747300386332, 0.0013014787471116185, 0.0009854265035981376, 0.005457823993208356, 0.006369102869946342, 0.0007814585402650943, 0.9732937202744154]","[0.00024871139813835, 0.00030414832457482325, 0.0002155026717062554, 0.00011787862929889535, 7.568027065681774e-05, 5.488117053911825e-05, 0.0005310421332546312, 0.000655274452342417, 5.144613670792456e-05, 0.014859303758340103]",1.6266053770422304e-25,1.0,0.17656989641729406,1.1931178185060949
RACE_ONLINE_EXTENDED,mixed_interleaved,mixed,32,2,30017,STAGE1_HYBRID,0.9749880456829885,"[0.1, 0.1, 0.1, 0.1, 0.1, 0.1, 0.1, 0.1, 0.1, 0.1]","[1.3734059574508992e-48, 3.1700673646407045e-41, 1.831524922129906e-41, 1.5434891087573963e-50, 5.314950437613898e-63, 1.0241382447451549e-71, 3.0314020576301956e-39, 1.0092386574751019e-36, 3.52244483974072e-142, 1.0]","[0.0033456996747866855, 0.0042750728588307335, 0.003594113255103856, 0.0019358559801035881, 0.001343651713348079, 0.001162082265810287, 0.00443271952470291, 0.004184418442396128, 0.0007383406019389752, 0.9749880456829885]","[0.00028976259960698136, 0.0004098945035714184, 0.0002965923476635873, 0.00011217564058857764, 7.287974588160285e-05, 6.294129881841918e-05, 0.0003822524663632811, 0.0003336964543895935, 5.058626745329129e-05, 0.014479588568728774]",8.392313739365393e-35,1.0,0.16840764691459734,1.1834189294085038
RACE_ONLINE_EXTENDED,mixed_interleaved,mixed,32,3,28602,STAGE1_HYBRID,0.9716495676682483,"[0.1, 0.1, 0.1, 0.1, 0.1, 0.1, 0.1, 0.1, 0.1, 0.1]","[3.3991607904360195e-39, 5.172696928862713e-29, 4.40224825265202e-26, 9.235495541592454e-34, 3.3855562363428192e-47, 3.7308972311365237e-54, 1.4328526105559463e-34, 7.967364212579294e-39, 7.960808994788766e-148, 1.0]","[0.004766096902154132, 0.007261030576910597, 0.005465820579367748, 0.0024195886848992795, 0.0013718028490934582, 0.0010419262751828547, 0.0029293316456704666, 0.0025654620827104692, 0.0005293727357834041, 0.9716495676682483]","[0.0004807601585221864, 0.0008271929943155728, 0.0003992055572543543, 0.00013083307260946915, 7.400545057273843e-05, 5.513594664181218e-05, 0.00019916553756740312, 0.00017460957772849134, 3.102832167542827e-05, 0.01515036812914361]",2.573626054611054e-24,1.0,0.18481816190531072,1.2029996690701066
RACE_ONLINE_EXTENDED,mixed_interleaved,mixed,32,4,21749,STAGE1_HYBRID,0.9634337275441414,"[0.1, 0.1, 0.1, 0.1, 0.1, 0.1, 0.1, 0.1, 0.1, 0.1]","[8.93426606935381e-36, 3.5395070813402693e-28, 1.0926402172578285e-23, 2.4908335707491182e-26, 1.6278844362236377e-29, 4.3534466847101364e-35, 7.124715820296928e-22, 3.781786246945045e-20, 1.6808199280540536e-94, 1.0]","[0.0031923236461960016, 0.004535560275696725, 0.004957813574757123, 0.00333864815161794, 0.002561259279984285, 0.0018758253401991393, 0.006470224615454399, 0.008658534241319307, 0.0009760833306357717, 0.9634337275441414]","[0.00026059060830886747, 0.00037753225343154314, 0.0003655441156715683, 0.00019059615599252707, 0.00013698759829677856, 0.00010111724398590135, 0.0004676778576733058, 0.0007394387380589655, 6.584023495722744e-05, 0.018684322322040092]",1.726543515263641e-18,1.0,0.23161868795107474,1.260638940351635
RACE_ONLINE_EXTENDED,mixed_interleaved,mixed,32,5,19553,STAGE1_HYBRID,0.9423878171086625,"[0.1, 0.1, 0.1, 0.1, 0.1, 0.1, 0.1, 0.1, 0.1, 0.1]","[8.416472954124359e-36, 9.645726409426138e-30, 1.1252954129790753e-25, 3.345951862002124e-24, 1.1964435376020691e-27, 5.509372003331935e-32, 1.8518772324736248e-11, 1.38706033260564e-13, 4.557000854574631e-81, 0.9999999999813425]","[0.003498193978598655, 0.004043478416136381, 0.003530043942502641, 0.0030776900952771656, 0.002617912277327325, 0.0022302651923988863, 0.021661590248020217, 0.016072059082830995, 0.0008809496582337287, 0.9423878171086625]","[0.00023446284816075176, 0.0002953172006329103, 0.00023154603487408204, 0.00018914691059807265, 0.00016150432826487782, 0.00013797939638531033, 0.002260311136368695, 0.001628420838431945, 4.954112301944186e-05, 0.02475038783124195]",4.804043844078003e-10,1.0000000004804044,0.3204972876064198,1.3778127632122275
RACE_ONLINE_EXTENDED,mixed_interleaved,mixed,32,6,18166,STAGE1_HYBRID,0.8719665012490804,"[0.1, 0.1, 0.1, 0.1, 0.1, 0.1, 0.1, 0.1, 0.1, 0.1]","[1.1504656761110859e-30, 1.1571791642070755e-22, 9.74420871037722e-16, 3.6615942394981015e-13, 1.2138158058156487e-15, 7.092748104686309e-26, 1.3941429516906336e-05, 1.5740565349796528e-10, 1.1582602307140907e-77, 0.9999860584127092]","[0.0024541991410952234, 0.004031236342778617, 0.007208819627843171, 0.01063001778556739, 0.010087398865299404, 0.003930439923419715, 0.07340149316263539, 0.015453230409902985, 0.000836663492380844, 0.8719665012490804]","[0.00014368459650083306, 0.00024637312645922404, 0.0005022805680487797, 0.0008978927137011554, 0.0008620798022595733, 0.00025792929418390944, 0.013700373001514339, 0.0009872781257740614, 4.570351941099194e-05, 0.04700385690031694]",0.0001698192363841487,1.000169833656487,0.5705160717308092,1.769179839583323
RACE_ONLINE_EXTENDED,mixed_interleaved,mixed,32,7,19349,STAGE1_HYBRID,0.9341104976123298,"[0.1, 0.1, 0.1, 0.1, 0.1, 0.1, 0.1, 0.1, 0.1, 0.1]","[1.235430344312712e-35, 1.8932533706486493e-23, 2.1600988787007943e-14, 5.922610996911967e-13, 2.2684452967443917e-19, 2.444544930290776e-28, 4.179198203146257e-12, 2.6027142741261816e-15, 1.676000128067273e-82, 0.9999999999952043]","[0.0022003151985523924, 0.004704677449306435, 0.010749300508797773, 0.009640490939699424, 0.00444885321931333, 0.0024618005572079726, 0.018026183961818317, 0.012708308448620146, 0.000949572104367041, 0.9341104976123298]","[0.00012275618050996848, 0.000304333435234824, 0.0009427073988982745, 0.0007451883082741099, 0.0002600782582692671, 0.0001410341199031374, 0.001404288850727872, 0.0012238702593787359, 5.5313241486341764e-05, 0.03198764673290466]",1.317366027631171e-10,1.0000000001317366,0.36917884624306196,1.4465462899108852
RACE_ONLINE_EXTENDED,mixed_interleaved,mixed,32,8,20951,STAGE1_HYBRID,0.8839314000746282,"[0.1, 0.1, 0.1, 0.1, 0.1, 0.1, 0.1, 0.1, 0.1, 0.1]","[2.995357174957293e-37, 1.278744208475765e-24, 2.741689006441159e-16, 2.17540793526459e-16, 1.4596384586000349e-24, 4.834218084819424e-34, 5.9503824755061456e-05, 2.5603107303580043e-12, 2.1905586452065145e-87, 0.999940496172684]","[0.0028210949705764162, 0.0069940926324819006, 0.010278043960433794, 0.006050685713296866, 0.0029403933135385397, 0.0018653281394489956, 0.07060712229746212, 0.013571836320387038, 0.000940002577739022, 0.8839314000746282]","[0.0001623787023850815, 0.00046436439787352036, 0.0007345642119325064, 0.00031604477566159173, 0.00015234254386809823, 9.482641150197265e-05, 0.013580478556396387, 0.001170742080949156, 5.5384373542112115e-05, 0.044042092665843025]",0.0006384428010922262,1.0006386466490769,0.5192040573296696,1.6806893847815434
RACE_ONLINE_EXTENDED,mixed_interleaved,mixed,32,9,22089,STAGE1_HYBRID,0.9239083270153786,"[0.1, 0.1, 0.1, 0.1, 0.1, 0.1, 0.1, 0.1, 0.1, 0.1]","[8.661001729751987e-28, 2.2948290148770755e-21, 2.0313608078735173e-21, 1.5175908067542033e-28, 3.3262165079209695e-36, 1.5521389441796675e-43, 2.6906248605614676e-07, 1.0380166316324512e-11, 3.700741478296961e-93, 0.9999997309271338]","[0.005194486059278068, 0.007961055772056773, 0.005487955572603485, 0.002724300805651113, 0.001650883072201745, 0.0012338931389729861, 0.0381492268034266, 0.012804375589477588, 0.0008854961709469059, 0.9239083270153786]","[0.0004010599895639103, 0.0007063317056445113, 0.0003535799021763004, 0.0001344968653218226, 7.66100852491602e-05, 5.893372647458806e-05, 0.0047939503249961705, 0.0009291917602396087, 5.352395157640936e-05, 0.0282296931549173]",4.339799335501932e-06,1.0000043398087524,0.38904669714503715,1.4755734547918764
RACE_ONLINE_EXTENDED,mixed_interleaved,mixed,32,10,24165,STAGE1_HYBRID,0.9676797612533989,"[0.1, 0.1, 0.1, 0.1, 0.1, 0.1, 0.1, 0.1, 0.1, 0.1]","[1.4006014506740466e-33, 4.2225894866522874e-20, 9.57966683638512e-18, 5.221167665672437e-29, 7.35207581070064e-52, 1.8613156826878504e-72, 7.399414837527372e-34, 3.287145190995368e-33, 2.600896050518476e-119, 1.0]","[0.0033901803905593336, 0.007549695634410899, 0.00830260229674293, 0.0032711703682930244, 0.001239631926860363, 0.0007798280821809396, 0.003502973859616555, 0.003635984349508551, 0.0006481718384642837, 0.9676797612533989]","[0.0002626029173514611, 0.0007428928733430952, 0.0007186601457827927, 0.00019381196584646133, 6.578378044023441e-05, 4.214761934040854e-05, 0.00025767076103688975, 0.0002878238709949843, 3.809177097655929e-05, 0.016324111945848485]",3.772810897235667e-16,1.0000000000000004,0.205325585400419,1.2279247942724605
RACE_ONLINE_EXTENDED,mixed_interleaved,mixed,32,11,21547,STAGE1_HYBRID,0.9602733894363387,"[0.1, 0.1, 0.1, 0.1, 0.1, 0.1, 0.1, 0.1, 0.1, 0.1]","[1.1752326663204905e-39, 5.821664546100854e-26, 5.2626522631053304e-17, 2.1256647272099144e-18, 8.164845949970884e-32, 2.475010545988547e-44, 5.718027581911345e-25, 1.902371143070953e-29, 1.3789617584457217e-102, 1.0]","[0.0030414339493677013, 0.0071170343689100045, 0.012783439699178988, 0.007543659477425863, 0.002529738434162518, 0.0014821850264673537, 0.0023680781548765387, 0.0020845855612021827, 0.0007764558920810466, 0.9602733894363387]","[0.00019433487976216814, 0.0006780400458177513, 0.0017198850468592508, 0.0007450639810814127, 0.00016360269042179552, 8.659371450999365e-05, 0.0001473617766524069, 0.00013584232896914357, 4.4305378100492806e-05, 0.02173740921112899]",2.0591148730250634e-15,1.000000000000002,0.24187325605464846,1.2736327573453319
RACE_ONLINE_EXTENDED,mixed_interleaved,mixed,32,12,22893,STAGE1_HYBRID,0.9650809473112401,"[0.1, 0.1, 0.1, 0.1, 0.1, 0.1, 0.1, 0.1, 0.1, 0.1]","[1.0965962898352518e-39, 4.4548762539129186e-27, 2.4592042382298495e-24, 4.2375033696937676e-29, 1.567831594293197e-44, 4.697441559383221e-59, 1.1594144351797212e-25, 1.2394474617446184e-22, 2.4855262108633034e-105, 1.0]","[0.003204643302893568, 0.005139249005935915, 0.005974103856044112, 0.00344703983733817, 0.0013883031546700708, 0.0009110423702504061, 0.007276834087301226, 0.006886062294426967, 0.0006917747799041035, 0.9650809473112401]","[0.0002799509216419307, 0.0004607884699460151, 0.000532135654783389, 0.00021384556346770855, 7.200501210462442e-05, 4.8054296741614494e-05, 0.0007009953025121869, 0.0005840743462988464, 3.902778234219393e-05, 0.018355143388029127]",6.3926642754562804e-21,1.0,0.22058110423239569,1.246801041479095
RACE_ONLINE_EXTENDED,mixed_interleaved,mixed,32,13,23938,STAGE1_HYBRID,0.9721137738300488,"[0.1, 0.1, 0.1, 0.1, 0.1, 0.1, 0.1, 0.1, 0.1, 0.1]","[6.2876432754099886e-49, 1.912004238051905e-40, 1.1354258654595965e-39, 2.304686615006963e-46, 2.899132379627482e-54, 4.183866053442745e-65, 7.164275227355468e-19, 4.4755384072585455e-18, 2.2542027253449775e-119, 1.0]","[0.0023989680724584277, 0.0031767674752374037, 0.002732928426237699, 0.001745248325209374, 0.0012339179940214348, 0.0009267491030452889, 0.007404581848780009, 0.00748775473560998, 0.0007793101893648699, 0.9721137738300488]","[0.00016256158478626163, 0.00021418807175561952, 0.00016141441603963484, 9.312291588795235e-05, 6.641929071148816e-05, 5.101619328594649e-05, 0.0008881587801377074, 0.0009298297050593376, 4.7740397207205184e-05, 0.01496326418029481]",2.0872073215151831e-16,1.0000000000000002,0.1807402118203581,1.1981038856322734
RACE_ONLINE_EXTENDED,mixed_interleaved,mixed,32,14,24653,STAGE1_HYBRID,0.9774679833092208,"[0.1, 0.1, 0.1, 0.1, 0.1, 0.1, 0.1, 0.1, 0.1, 0.1]","[3.2669059072228957e-44, 7.202788386738933e-37, 2.2433861783734008e-42, 1.347613469598525e-61, 4.945703028891052e-83, 2.576365018570194e-98, 7.442200572573889e-41, 6.38232859557865e-39, 6.737998018167914e-125, 1.0]","[0.003896687318435273, 0.005947746366592674, 0.004028466082618791, 0.0015091851158825548, 0.0009339534700248607, 0.0007439841291613383, 0.002300465927141869, 0.0024615065747847103, 0.0007100217061386358, 0.9774679833092208]","[0.00037204865687256777, 0.0006741552362472847, 0.00035075841796720984, 9.415153452474599e-05, 5.6093912881289265e-05, 4.3407562594294915e-05, 0.00014712657049059687, 0.00017637658478304844, 4.2819289614071865e-05, 0.012676316513292263]",6.051085843220876e-35,1.0,0.15217585050410506,1.1643649725974994
RACE_ONLINE_EXTENDED,mixed_interleaved,mixed,32,15,22228,STAGE1_HYBRID,0.9701112333993027,"[0.1, 0.1, 0.1, 0.1, 0.1, 0.1, 0.1, 0.1, 0.1, 0.1]","[2.8095065555558787e-43, 7.409009164661087e-38, 3.6525299405195604e-37, 1.3001199678747151e-42, 1.808401538372695e-54, 4.173688138310407e-67, 1.89929431692336e-23, 3.1621230655189236e-18, 1.802414671457184e-109, 1.0]","[0.003528228647749654, 0.004076131146338817, 0.0037966893523412003, 0.0024742540712957843, 0.00140704634149262, 0.001021190515457934, 0.005314751983363893, 0.007470315787587896, 0.0008001587550835492, 0.9701112333993027]","[0.0002572691657414124, 0.0002968048625856927, 0.00026727542178196355, 0.000136863121044497, 6.979681515041736e-05, 5.260354762274344e-05, 0.0005343103123320733, 0.0008044953581248137, 4.842071548105346e-05, 0.01638049113480744]",1.274196533385303e-16,1.0000000000000002,0.1941950463210147,1.2143331110650561
RACE_COST_EXTENDED,mixed_interleaved,mixed,8,0,0,MARKOV_H1,0.1,"[0.1, 0.1, 0.1, 0.1, 0.1, 0.1, 0.1, 0.1, 0.1, 0.1]","[0.1, 0.1, 0.1, 0.1, 0.1, 0.1, 0.1, 0.1, 0.1, 0.1]","[0.1, 0.1, 0.1, 0.1, 0.1, 0.1, 0.1, 0.1, 0.1, 0.1]","[0.0, 0.0, 0.0, 0.0, 0.0, 0.0, 0.0, 0.0, 0.0, 0.0]",2.3025850929940455,9.999999999999998,2.3025850929940455,9.999999999999998
RACE_COST_EXTENDED,mixed_interleaved,mixed,8,1,0,MARKOV_H1,0.1,"[0.1, 0.1, 0.1, 0.1, 0.1, 0.1, 0.1, 0.1, 0.1, 0.1]","[0.1, 0.1, 0.1, 0.1, 0.1, 0.1, 0.1, 0.1, 0.1, 0.1]","[0.1, 0.1, 0.1, 0.1, 0.1, 0.1, 0.1, 0.1, 0.1, 0.1]","[0.0, 0.0, 0.0, 0.0, 0.0, 0.0, 0.0, 0.0, 0.0, 0.0]",2.3025850929940455,9.999999999999998,2.3025850929940455,9.999999999999998
RACE_COST_EXTENDED,mixed_interleaved,mixed,8,2,0,MARKOV_H1,0.1,"[0.1, 0.1, 0.1, 0.1, 0.1, 0.1, 0.1, 0.1, 0.1, 0.1]","[0.1, 0.1, 0.1, 0.1, 0.1, 0.1, 0.1, 0.1, 0.1, 0.1]","[0.1, 0.1, 0.1, 0.1, 0.1, 0.1, 0.1, 0.1, 0.1, 0.1]","[0.0, 0.0, 0.0, 0.0, 0.0, 0.0, 0.0, 0.0, 0.0, 0.0]",2.3025850929940455,9.999999999999998,2.3025850929940455,9.999999999999998
RACE_COST_EXTENDED,mixed_interleaved,mixed,8,3,0,MARKOV_H1,0.1,"[0.1, 0.1, 0.1, 0.1, 0.1, 0.1, 0.1, 0.1, 0.1, 0.1]","[0.1, 0.1, 0.1, 0.1, 0.1, 0.1, 0.1, 0.1, 0.1, 0.1]","[0.1, 0.1, 0.1, 0.1, 0.1, 0.1, 0.1, 0.1, 0.1, 0.1]","[0.0, 0.0, 0.0, 0.0, 0.0, 0.0, 0.0, 0.0, 0.0, 0.0]",2.3025850929940455,9.999999999999998,2.3025850929940455,9.999999999999998
RACE_COST_EXTENDED,mixed_interleaved,mixed,8,4,0,MARKOV_H1,0.1,"[0.1, 0.1, 0.1, 0.1, 0.1, 0.1, 0.1, 0.1, 0.1, 0.1]","[0.1, 0.1, 0.1, 0.1, 0.1, 0.1, 0.1, 0.1, 0.1, 0.1]","[0.1, 0.1, 0.1, 0.1, 0.1, 0.1, 0.1, 0.1, 0.1, 0.1]","[0.0, 0.0, 0.0, 0.0, 0.0, 0.0, 0.0, 0.0, 0.0, 0.0]",2.3025850929940455,9.999999999999998,2.3025850929940455,9.999999999999998
RACE_COST_EXTENDED,mixed_interleaved,mixed,8,5,0,MARKOV_H1,0.1,"[0.1, 0.1, 0.1, 0.1, 0.1, 0.1, 0.1, 0.1, 0.1, 0.1]","[0.1, 0.1, 0.1, 0.1, 0.1, 0.1, 0.1, 0.1, 0.1, 0.1]","[0.1, 0.1, 0.1, 0.1, 0.1, 0.1, 0.1, 0.1, 0.1, 0.1]","[0.0, 0.0, 0.0, 0.0, 0.0, 0.0, 0.0, 0.0, 0.0, 0.0]",2.3025850929940455,9.999999999999998,2.3025850929940455,9.999999999999998
RACE_COST_EXTENDED,mixed_interleaved,mixed,8,6,0,MARKOV_H1,0.1,"[0.1, 0.1, 0.1, 0.1, 0.1, 0.1, 0.1, 0.1, 0.1, 0.1]","[0.1, 0.1, 0.1, 0.1, 0.1, 0.1, 0.1, 0.1, 0.1, 0.1]","[0.1, 0.1, 0.1, 0.1, 0.1, 0.1, 0.1, 0.1, 0.1, 0.1]","[0.0, 0.0, 0.0, 0.0, 0.0, 0.0, 0.0, 0.0, 0.0, 0.0]",2.3025850929940455,9.999999999999998,2.3025850929940455,9.999999999999998
RACE_COST_EXTENDED,mixed_interleaved,mixed,8,7,0,MARKOV_H1,0.1,"[0.1, 0.1, 0.1, 0.1, 0.1, 0.1, 0.1, 0.1, 0.1, 0.1]","[0.1, 0.1, 0.1, 0.1, 0.1, 0.1, 0.1, 0.1, 0.1, 0.1]","[0.1, 0.1, 0.1, 0.1, 0.1, 0.1, 0.1, 0.1, 0.1, 0.1]","[0.0, 0.0, 0.0, 0.0, 0.0, 0.0, 0.0, 0.0, 0.0, 0.0]",2.3025850929940455,9.999999999999998,2.3025850929940455,9.999999999999998
RACE_COST_EXTENDED,mixed_interleaved,mixed,8,8,0,MARKOV_H1,0.1,"[0.1, 0.1, 0.1, 0.1, 0.1, 0.1, 0.1, 0.1, 0.1, 0.1]","[0.1, 0.1, 0.1, 0.1, 0.1, 0.1, 0.1, 0.1, 0.1, 0.1]","[0.1, 0.1, 0.1, 0.1, 0.1, 0.1, 0.1, 0.1, 0.1, 0.1]","[0.0, 0.0, 0.0, 0.0, 0.0, 0.0, 0.0, 0.0, 0.0, 0.0]",2.3025850929940455,9.999999999999998,2.3025850929940455,9.999999999999998
RACE_COST_EXTENDED,mixed_interleaved,mixed,8,9,0,MARKOV_H1,0.1,"[0.1, 0.1, 0.1, 0.1, 0.1, 0.1, 0.1, 0.1, 0.1, 0.1]","[0.1, 0.1, 0.1, 0.1, 0.1, 0.1, 0.1, 0.1, 0.1, 0.1]","[0.1, 0.1, 0.1, 0.1, 0.1, 0.1, 0.1, 0.1, 0.1, 0.1]","[0.0, 0.0, 0.0, 0.0, 0.0, 0.0, 0.0, 0.0, 0.0, 0.0]",2.3025850929940455,9.999999999999998,2.3025850929940455,9.999999999999998
RACE_COST_EXTENDED,mixed_interleaved,mixed,8,10,0,MARKOV_H1,0.1,"[0.1, 0.1, 0.1, 0.1, 0.1, 0.1, 0.1, 0.1, 0.1, 0.1]","[0.1, 0.1, 0.1, 0.1, 0.1, 0.1, 0.1, 0.1, 0.1, 0.1]","[0.1, 0.1, 0.1, 0.1, 0.1, 0.1, 0.1, 0.1, 0.1, 0.1]","[0.0, 0.0, 0.0, 0.0, 0.0, 0.0, 0.0, 0.0, 0.0, 0.0]",2.3025850929940455,9.999999999999998,2.3025850929940455,9.999999999999998
RACE_COST_EXTENDED,mixed_interleaved,mixed,8,11,0,MARKOV_H1,0.1,"[0.1, 0.1, 0.1, 0.1, 0.1, 0.1, 0.1, 0.1, 0.1, 0.1]","[0.1, 0.1, 0.1, 0.1, 0.1, 0.1, 0.1, 0.1, 0.1, 0.1]","[0.1, 0.1, 0.1, 0.1, 0.1, 0.1, 0.1, 0.1, 0.1, 0.1]","[0.0, 0.0, 0.0, 0.0, 0.0, 0.0, 0.0, 0.0, 0.0, 0.0]",2.3025850929940455,9.999999999999998,2.3025850929940455,9.999999999999998
RACE_COST_EXTENDED,mixed_interleaved,mixed,8,12,0,MARKOV_H1,0.1,"[0.1, 0.1, 0.1, 0.1, 0.1, 0.1, 0.1, 0.1, 0.1, 0.1]","[0.1, 0.1, 0.1, 0.1, 0.1, 0.1, 0.1, 0.1, 0.1, 0.1]","[0.1, 0.1, 0.1, 0.1, 0.1, 0.1, 0.1, 0.1, 0.1, 0.1]","[0.0, 0.0, 0.0, 0.0, 0.0, 0.0, 0.0, 0.0, 0.0, 0.0]",2.3025850929940455,9.999999999999998,2.3025850929940455,9.999999999999998
RACE_COST_EXTENDED,mixed_interleaved,mixed,8,13,0,MARKOV_H1,0.1,"[0.1, 0.1, 0.1, 0.1, 0.1, 0.1, 0.1, 0.1, 0.1, 0.1]","[0.1, 0.1, 0.1, 0.1, 0.1, 0.1, 0.1, 0.1, 0.1, 0.1]","[0.1, 0.1, 0.1, 0.1, 0.1, 0.1, 0.1, 0.1, 0.1, 0.1]","[0.0, 0.0, 0.0, 0.0, 0.0, 0.0, 0.0, 0.0, 0.0, 0.0]",2.3025850929940455,9.999999999999998,2.3025850929940455,9.999999999999998
RACE_COST_EXTENDED,mixed_interleaved,mixed,8,14,0,MARKOV_H1,0.1,"[0.1, 0.1, 0.1, 0.1, 0.1, 0.1, 0.1, 0.1, 0.1, 0.1]","[0.1, 0.1, 0.1, 0.1, 0.1, 0.1, 0.1, 0.1, 0.1, 0.1]","[0.1, 0.1, 0.1, 0.1, 0.1, 0.1, 0.1, 0.1, 0.1, 0.1]","[0.0, 0.0, 0.0, 0.0, 0.0, 0.0, 0.0, 0.0, 0.0, 0.0]",2.3025850929940455,9.999999999999998,2.3025850929940455,9.999999999999998
RACE_COST_EXTENDED,mixed_interleaved,mixed,8,15,0,MARKOV_H1,0.1,"[0.1, 0.1, 0.1, 0.1, 0.1, 0.1, 0.1, 0.1, 0.1, 0.1]","[0.1, 0.1, 0.1, 0.1, 0.1, 0.1, 0.1, 0.1, 0.1, 0.1]","[0.1, 0.1, 0.1, 0.1, 0.1, 0.1, 0.1, 0.1, 0.1, 0.1]","[0.0, 0.0, 0.0, 0.0, 0.0, 0.0, 0.0, 0.0, 0.0, 0.0]",2.3025850929940455,9.999999999999998,2.3025850929940455,9.999999999999998
RACE_COST_EXTENDED,mixed_interleaved,mixed,12,0,40246,STAGE1_HYBRID,0.9824173602858649,"[0.1, 0.1, 0.1, 0.1, 0.1, 0.1, 0.1, 0.1, 0.1, 0.1]","[1.1964160079270808e-49, 1.2473568833075016e-58, 2.6349076208588018e-98, 6.696044217508054e-175, 1.1917836585353967e-240, 3.550675216917346e-279, 2.0917657516071377e-117, 5.842406446029366e-58, 0.0, 1.0]","[0.005940081392613735, 0.005329857353300781, 0.0021015910574596177, 0.0009092160112358991, 0.0005619940260018347, 0.00044282149923923923, 0.000695212320454265, 0.0014211572845238573, 0.00018070876930777836, 0.9824173602858649]","[0.00095083593684264, 0.0008448661524346659, 0.0002079245083026502, 7.32954815510561e-05, 4.219540505587536e-05, 3.151941935166552e-05, 3.239604680765603e-05, 6.846807176076067e-05, 1.2920439999546599e-05, 0.009877853478504672]",1.3477308072050902e-47,1.0,0.11865423886040893,1.1259805306632382
RACE_COST_EXTENDED,mixed_interleaved,mixed,12,1,40181,STAGE1_HYBRID,0.9699909225964116,"[0.1, 0.1, 0.1, 0.1, 0.1, 0.1, 0.1, 0.1, 0.1, 0.1]","[4.661798536309009e-44, 2.2145854922097596e-49, 3.166727005856551e-73, 9.051288305300757e-131, 7.625434647885175e-193, 2.129040765406525e-229, 5.164856650578754e-50, 2.3117493974085614e-34, 0.0, 1.0]","[0.010863799641967148, 0.0060607924712363275, 0.0018739722869332651, 0.0006314253168103179, 0.00047197852479161556, 0.000394375472951534, 0.005240714787705316, 0.004175026473809171, 0.00029699242738437755, 0.9699909225964116]","[0.0023329862639633182, 0.0007745577350795343, 0.0001476750546588533, 4.717672802826275e-05, 3.4525690047604776e-05, 2.767791194281997e-05, 0.00048208043816916894, 0.00032099316677059993, 2.0632013009674133e-05, 0.017137520382498606]",1.7904473336769807e-32,1.0,0.185561701535765,1.2038944796218123
RACE_COST_EXTENDED,mixed_interleaved,mixed,12,2,40051,STAGE1_HYBRID,0.9810258850623721,"[0.1, 0.1, 0.1, 0.1, 0.1, 0.1, 0.1, 0.1, 0.1, 0.1]","[4.586135721965789e-71, 9.375056191644178e-84, 1.7506511831622381e-127, 4.650636386574476e-187, 2.8372634765410892e-235, 4.1305371871487146e-255, 1.9968449292981657e-57, 5.634385490447112e-44, 0.0, 1.0]","[0.00741822534877283, 0.004637359644073279, 0.0012258064419899347, 0.0005825017855781582, 0.000436546138096805, 0.000388737594872927, 0.002140747032155916, 0.001778958398349215, 0.00036523255373565016, 0.9810258850623721]","[0.0018044760997152234, 0.0007321711926768864, 8.871346214498424e-05, 4.101061452056109e-05, 2.9582472909979025e-05, 2.6162701116143998e-05, 0.00013377825865411647, 9.44403177581373e-05, 2.477428327496796e-05, 0.011847352048330761]",5.610994677285794e-42,1.0,0.1263894989669074,1.134724056067584
RACE_COST_EXTENDED,mixed_interleaved,mixed,12,3,39912,STAGE1_HYBRID,0.9784814775669608,"[0.1, 0.1, 0.1, 0.1, 0.1, 0.1, 0.1, 0.1, 0.1, 0.1]","[1.6371393487982017e-27, 2.8015906277056986e-36, 1.166523051150928e-67, 4.9270818238431655e-111, 1.897641275831421e-146, 8.052202529572535e-164, 6.840849340168323e-72, 5.290118042741191e-77, 0.0, 1.0]","[0.009596755400268634, 0.005851158804520686, 0.0016516589474608804, 0.000884638603920927, 0.0006777308100309878, 0.0004946999405909734, 0.00102717424485486, 0.0011642349308063626, 0.00017047075061928918, 0.9784814775669608]","[0.0011145091366684592, 0.000701018891184318, 0.0001445921729668325, 7.397326009248676e-05, 5.4319864558736674e-05, 3.485428305383093e-05, 4.5775588921056955e-05, 6.114127295501947e-05, 1.2534158851177152e-05, 0.009508388741455098]",1.0097359351277885e-25,1.0,0.1378792694880709,1.1478369629643388
RACE_COST_EXTENDED,mixed_interleaved,mixed,12,4,39175,STAGE1_HYBRID,0.9827336522817196,"[0.1, 0.1, 0.1, 0.1, 0.1, 0.1, 0.1, 0.1, 0.1, 0.1]","[7.205220880483555e-65, 1.3096251140428071e-61, 2.1715872922601443e-71, 3.247144693121009e-105, 2.6045344035925667e-143, 1.656177850114159e-179, 8.727428078745353e-45, 8.238832894802794e-33, 0.0, 1.0]","[0.0016787412014343359, 0.002047683617246812, 0.0020545924817196187, 0.0012128562499952795, 0.0008494702084478424, 0.0006175850466128613, 0.003956121260063967, 0.004305183707591086, 0.0005441139451777906, 0.9827336522817196]","[0.00012199701254893083, 0.0001800651707919632, 0.00020122179020520508, 0.00011393766479484998, 7.59023283767972e-05, 5.2980541165803505e-05, 0.0005035073115000427, 0.0005926745583834793, 4.1992295025284415e-05, 0.010662263309997755]",6.086557212537575e-31,1.0,0.12137921169509173,1.1290529812927272
RACE_COST_EXTENDED,mixed_interleaved,mixed,12,5,38688,STAGE1_HYBRID,0.9572752718189912,"[0.1, 0.1, 0.1, 0.1, 0.1, 0.1, 0.1, 0.1, 0.1, 0.1]","[2.5120514092153446e-67, 2.5657970166466527e-78, 8.648282935852519e-97, 1.648292729421414e-127, 1.0971001552935086e-169, 3.352685664254467e-191, 4.510549638636554e-43, 1.645411156143111e-24, 2.2529557214e-312, 1.0]","[0.003157826860603209, 0.0023501716527834274, 0.0015755509526491857, 0.000965344915515042, 0.0007584636205286455, 0.0007348604385325868, 0.006805149869201257, 0.025907424378611463, 0.00046993549260076426, 0.9572752718189912]","[0.0004285500760673489, 0.00029449201952335384, 0.0001501261367696083, 7.088487243634224e-05, 5.937451359082558e-05, 6.113372400561754e-05, 0.0011475026664765334, 0.005146679563401892, 3.4782785447960334e-05, 0.017911802411357258]",9.010938201097363e-23,1.0,0.23403355221729527,1.263686890993647
RACE_COST_EXTENDED,mixed_interleaved,mixed,12,6,38764,STAGE1_HYBRID,0.9814672005132571,"[0.1, 0.1, 0.1, 0.1, 0.1, 0.1, 0.1, 0.1, 0.1, 0.1]","[2.7556745608711864e-51, 7.52064633851436e-52, 2.653279570464331e-69, 1.207528854528113e-87, 8.927923282609103e-126, 2.083087239442094e-149, 1.4023669262121204e-39, 6.348665297482968e-38, 0.0, 1.0]","[0.0025848037085658285, 0.002512802148894771, 0.0018026999315391783, 0.0013920074161718858, 0.0009242389995916415, 0.0007098564246650808, 0.00399906079545177, 0.0043493923796996455, 0.0002579376821600175, 0.9814672005132571]","[0.0002284629392127942, 0.00024136815460626613, 0.00017160319546476776, 0.00012021143097438643, 6.959973130775354e-05, 4.9528551690000626e-05, 0.0005556771760160576, 0.0005274758504576403, 1.5791477930399807e-05, 0.011127223117478713]",5.563090596172356e-36,1.0,0.12881627591670292,1.13748112229052
RACE_COST_EXTENDED,mixed_interleaved,mixed,12,7,38317,STAGE1_HYBRID,0.976255419145105,"[0.1, 0.1, 0.1, 0.1, 0.1, 0.1, 0.1, 0.1, 0.1, 0.1]","[4.897155043783352e-37, 3.448326800104478e-31, 4.9623996956214786e-51, 4.4135602105244e-90, 1.662279781637659e-133, 1.8826330895178338e-141, 4.226328912506618e-48, 6.655894387245639e-38, 1.69988612140314e-310, 1.0]","[0.005935042772108617, 0.006680604733970462, 0.0024539837277900113, 0.0009402728630061773, 0.0006362386257348849, 0.0006230596695976088, 0.0025903441927291803, 0.0035314586901354444, 0.00035357557985471894, 0.976255419145105]","[0.0008328311944167624, 0.0010093487699568383, 0.000179510117506018, 6.396059977503822e-05, 5.016351085827945e-05, 4.679025961960717e-05, 0.0002599298124344029, 0.0003681606124096751, 2.6053528463183745e-05, 0.013747903114892823]",2.4187386261377703e-29,1.0,0.15610860699232684,1.1689531526820214
RACE_COST_EXTENDED,mixed_interleaved,mixed,12,8,38018,STAGE1_HYBRID,0.9575572012969055,"[0.1, 0.1, 0.1, 0.1, 0.1, 0.1, 0.1, 0.1, 0.1, 0.1]","[2.6806667259697613e-37, 1.732975330813502e-38, 2.0820159865706624e-52, 2.1737090877993796e-83, 1.0137047311591998e-145, 6.799687955482903e-183, 9.850158726559275e-34, 2.582829037620243e-23, 0.0, 1.0]","[0.006044922017177472, 0.008179244216195434, 0.0054588838927325635, 0.0028775739564707195, 0.0009682204969921148, 0.0006065915067722784, 0.008642533145916, 0.009423357703563024, 0.00024147176728038397, 0.9575572012969055]","[0.00044669178446610664, 0.0008533143931689283, 0.0006436774239822666, 0.00032406168485905396, 6.156071381300175e-05, 3.637852232582975e-05, 0.0011103554747448484, 0.0009312615751631327, 1.427802660158752e-05, 0.022695378487320284]",1.3433441515312402e-21,1.0,0.2552413375535492,1.2907730953071477
RACE_COST_EXTENDED,mixed_interleaved,mixed,12,9,37979,STAGE1_HYBRID,0.9825421420172314,"[0.1, 0.1, 0.1, 0.1, 0.1, 0.1, 0.1, 0.1, 0.1, 0.1]","[1.5778320678600338e-35, 4.8678329801139957e-42, 1.2277765006928144e-59, 1.0469320364053587e-81, 6.75217632373838e-120, 1.239670604890481e-149, 1.815301246463464e-40, 4.859140810178974e-29, 0.0, 1.0]","[0.003257997613414568, 0.0033376909846719533, 0.002339971305708015, 0.0016667257117457224, 0.0007895101988423254, 0.0005781603532200907, 0.0022656134078624162, 0.0029877731780603312, 0.00023441522927054013, 0.9825421420172314]","[0.0002277614987367883, 0.0002827889059178204, 0.00022195666273247538, 0.00016036836808685275, 5.9216556610267436e-05, 4.082656382010899e-05, 0.0001732027133546814, 0.0002875658415067686, 1.3454994361979453e-05, 0.009113803277245092]",3.1678746779215917e-27,1.0,0.12290781201273823,1.13078017179423
RACE_COST_EXTENDED,mixed_interleaved,mixed,12,10,38412,STAGE1_HYBRID,0.9638116974161521,"[0.1, 0.1, 0.1, 0.1, 0.1, 0.1, 0.1, 0.1, 0.1, 0.1]","[4.0792247393333935e-22, 1.7268501909272673e-20, 1.0407193175707267e-38, 6.789841079818729e-79, 4.064414652873181e-141, 5.346748618298885e-200, 2.5452736033081723e-108, 7.941479184465996e-86, 0.0, 1.0]","[0.013471925345068997, 0.014317404925078733, 0.004836825900477516, 0.0013734687861520125, 0.0005818510150334185, 0.00041233505379749554, 0.0004253354253441399, 0.000516663942444729, 0.00025249219043433025, 0.9638116974161521]","[0.0020377446447255275, 0.00239017223460525, 0.0005270394826834104, 0.00010816671541387867, 3.9210245232818263e-05, 2.681021841219892e-05, 2.0225844723065175e-05, 2.3218106451669545e-05, 1.8236862317798814e-05, 0.017586986553001505]",8.059007108255576e-19,1.0,0.20603754100186977,1.228799333487509
RACE_COST_EXTENDED,mixed_interleaved,mixed,12,11,37864,STAGE1_HYBRID,0.9765252540579584,"[0.1, 0.1, 0.1, 0.1, 0.1, 0.1, 0.1, 0.1, 0.1, 0.1]","[6.639522172558908e-34, 8.692989422977898e-37, 4.66045619816562e-58, 9.476725027973163e-101, 6.564858318352146e-142, 8.471140808140846e-163, 2.435767280167183e-74, 2.0862867203577134e-48, 0.0, 1.0]","[0.009216016024226704, 0.007643398918298224, 0.0024002001688654823, 0.0010300238403289606, 0.0006896210774999506, 0.0005531561618911127, 0.0006731368342626211, 0.0010717655823230998, 0.0001974273343559913, 0.9765252540579584]","[0.0014980737532189604, 0.0011823905481330096, 0.0002173825721687993, 7.18131164400323e-05, 4.535715573661654e-05, 3.4191993190530475e-05, 3.095166428575673e-05, 4.817599415288277e-05, 1.3245192800459079e-05, 0.012092228647802905]",5.079471275785612e-32,1.0,0.14830540661968938,1.159867073358385
RACE_COST_EXTENDED,mixed_interleaved,mixed,12,12,38565,STAGE1_HYBRID,0.9770500986255725,"[0.1, 0.1, 0.1, 0.1, 0.1, 0.1, 0.1, 0.1, 0.1, 0.1]","[9.672644839205357e-43, 3.712289620305627e-44, 2.2026939747085935e-69, 4.792568284642205e-125, 4.195217497965062e-187, 1.564138406723059e-219, 3.2335001098450476e-73, 5.202853732612133e-39, 0.0, 1.0]","[0.0072796756815811554, 0.006009698307476242, 0.0022922445135291334, 0.0009066292140580128, 0.0004196410556055002, 0.00032684906732234495, 0.0012019619249606223, 0.004219742311378499, 0.0002934592985203176, 0.9770500986255725]","[0.0009496859603608225, 0.0008123003597728478, 0.00021017930145859868, 6.752283403825204e-05, 2.646282190844178e-05, 2.106611245664846e-05, 6.865563342545259e-05, 0.0004696029438819896, 1.6897959819907914e-05, 0.01239350973600073]",4.587372275144345e-37,1.0,0.14896887464092115,1.1606368634077404
RACE_COST_EXTENDED,mixed_interleaved,mixed,12,13,39138,STAGE1_HYBRID,0.9860214423091651,"[0.1, 0.1, 0.1, 0.1, 0.1, 0.1, 0.1, 0.1, 0.1, 0.1]","[2.1583816746404246e-50, 2.8295462441284003e-61, 2.7861228219560716e-87, 3.5813620371336613e-125, 2.9299540841924238e-158, 7.273355001584491e-185, 4.904779023567998e-66, 6.290923283202002e-54, 0.0, 1.0]","[0.004074150749983232, 0.0028277483924974414, 0.0014065630933546927, 0.000825872419131681, 0.0005739952569665075, 0.0004489619827040926, 0.001557226952497239, 0.0020646763898707707, 0.00019936245382789765, 0.9860214423091651]","[0.00046305026054915284, 0.0003346169184982905, 0.00013345875075179088, 6.509787519331946e-05, 3.8936256469206943e-05, 2.833819659373565e-05, 9.831132401751794e-05, 0.00015508235343836063, 1.3692092420535069e-05, 0.007599449684958404]",2.469093678173358e-48,1.0,0.10026994960217275,1.1054692987973815
RACE_COST_EXTENDED,mixed_interleaved,mixed,12,14,39195,STAGE1_HYBRID,0.982372826568965,"[0.1, 0.1, 0.1, 0.1, 0.1, 0.1, 0.1, 0.1, 0.1, 0.1]","[1.3584832697403694e-44, 3.0721704272036754e-61, 6.450765366199967e-109, 1.8244291106546237e-178, 1.6290204782809398e-237, 4.225827885042837e-270, 4.233511284293634e-88, 7.089735638691989e-63, 0.0, 1.0]","[0.006388441816205879, 0.005573053652797403, 0.0019343831183972135, 0.0006861249580607798, 0.0003881503719832717, 0.0003169315850206342, 0.000847084029171248, 0.0012523775744698396, 0.00024062632493336079, 0.982372826568965]","[0.00090690452805241, 0.0009363643495501675, 0.0002207803824758066, 4.7325659433398036e-05, 2.462296873285804e-05, 2.0319567662845678e-05, 3.964791395029479e-05, 5.9895505522182635e-05, 1.6890769803416015e-05, 0.00967381163381964]",1.3721682940725832e-42,1.0,0.117728797702037,1.124938983956068
RACE_COST_EXTENDED,mixed_interleaved,mixed,12,15,38715,STAGE1_HYBRID,0.9802444875415393,"[0.1, 0.1, 0.1, 0.1, 0.1, 0.1, 0.1, 0.1, 0.1, 0.1]","[3.42178406495901e-49, 5.97035618722003e-62, 5.073389007470547e-90, 7.51990380918275e-131, 9.480103481386468e-173, 6.873038727027147e-198, 1.1869306388884892e-52, 2.432587670993016e-30, 0.0, 1.0]","[0.0037470313794051224, 0.002880475904815943, 0.001971182155862183, 0.0008159678649133482, 0.0005315097010503971, 0.00039612742587939975, 0.0030194516238998765, 0.006093771420194782, 0.0002999949824494872, 0.9802444875415393]","[0.0003560811424619131, 0.00028826658677026136, 0.00019302454584074752, 4.945282267960015e-05, 3.0234088832242813e-05, 2.2883589610367207e-05, 0.00030964685611534426, 0.0008452202589170724, 2.0749220377149754e-05, 0.011285894860170287]",1.6587474088478014e-28,1.0,0.13357060336372378,1.1429019560090883
RACE_COST_EXTENDED,mixed_interleaved,mixed,16,0,39742,STAGE1_HYBRID,0.9806880600672567,"[0.1, 0.1, 0.1, 0.1, 0.1, 0.1, 0.1, 0.1, 0.1, 0.1]","[4.809656554896936e-46, 3.0609962132096716e-62, 2.8931586256184614e-101, 1.740034824172053e-166, 3.159181007272019e-218, 4.008585291777177e-250, 7.96506850084834e-122, 8.399848347713005e-69, 0.0, 1.0]","[0.00880192096958028, 0.005407538160450141, 0.001718433125664599, 0.0006209909209771514, 0.00040095169201918526, 0.0003194450051998422, 0.000641565813515794, 0.0011858409156536467, 0.0002152533296874396, 0.9806880600672567]","[0.0018894208305566666, 0.0008811218731335317, 0.00014723189733031422, 4.110998685706512e-05, 2.6304724993216605e-05, 2.0367844522714286e-05, 3.488082662952631e-05, 6.858213318857802e-05, 1.5294013658185297e-05, 0.010639922768811205]",5.018794302498893e-44,1.0,0.12476538395619943,1.1328826294441918
RACE_COST_EXTENDED,mixed_interleaved,mixed,16,1,39731,STAGE1_HYBRID,0.9785645163218117,"[0.1, 0.1, 0.1, 0.1, 0.1, 0.1, 0.1, 0.1, 0.1, 0.1]","[7.866630031373564e-39, 2.4943430756490973e-45, 2.1672354508062032e-67, 2.6706780879964747e-120, 1.040406736641401e-174, 1.9592274333270779e-206, 3.660753966873513e-64, 6.237952877868957e-51, 0.0, 1.0]","[0.00801894207378559, 0.005057747011210328, 0.0017515740298524893, 0.0007125039654107773, 0.0004653088844445965, 0.00036970600546480165, 0.0023905120666859506, 0.002313971890286904, 0.00035521775105170684, 0.9785645163218117]","[0.0013468779986670729, 0.0005835086216860961, 0.00015050905049342648, 5.655079582635638e-05, 3.293064644963174e-05, 2.5115261985970975e-05, 0.00017324436513211464, 0.00015223526453952337, 2.257799158394375e-05, 0.011508257336224292]",6.902041275633954e-37,1.0,0.14070962753508895,1.1510903545087088
RACE_COST_EXTENDED,mixed_interleaved,mixed,16,2,39141,STAGE1_HYBRID,0.9797260893030086,"[0.1, 0.1, 0.1, 0.1, 0.1, 0.1, 0.1, 0.1, 0.1, 0.1]","[1.8211328778166116e-59, 4.906300952693951e-70, 3.3277728797305404e-109, 3.4970901705176006e-163, 1.3158213260975327e-203, 8.109119907015686e-220, 1.9999066803164347e-69, 3.771092632627556e-62, 0.0, 1.0]","[0.008184061556175126, 0.005535676477024599, 0.0011736680718078334, 0.0005014782320746575, 0.0003850007132052195, 0.0003636318196284459, 0.002093125453303807, 0.0015946559179403806, 0.00044261245583294317, 0.9797260893030086]","[0.0018146949522137169, 0.000861069708787729, 7.317026516238366e-05, 3.2146082982183916e-05, 2.4366825080617852e-05, 2.3215477946067313e-05, 0.00015923098184878064, 0.00010044285269984857, 3.023894306465799e-05, 0.012104498968166233]",2.4684715416967753e-57,1.0,0.1324010471794436,1.141566049319655
RACE_COST_EXTENDED,mixed_interleaved,mixed,16,3,39142,STAGE1_HYBRID,0.9719135887402655,"[0.1, 0.1, 0.1, 0.1, 0.1, 0.1, 0.1, 0.1, 0.1, 0.1]","[3.135538893901825e-28, 8.070118747053301e-33, 3.882147980371182e-61, 1.1818027967178047e-104, 3.741510318062923e-140, 2.8597735648569645e-160, 4.556309334545285e-81, 7.038883221868515e-88, 0.0, 1.0]","[0.012740911760985796, 0.00984923733544509, 0.0018450643046661755, 0.0007387394391312778, 0.0005223064885496201, 0.00040366637252061695, 0.0009079740830671646, 0.0008605718415824867, 0.00021793963381238653, 0.9719135887402655]","[0.0018160650339287458, 0.0013123077276152727, 0.00013478977739493915, 5.3302017378350846e-05, 3.565031478003417e-05, 2.6492804988947398e-05, 4.3261349121897195e-05, 4.253815708247773e-05, 1.5141652692247185e-05, 0.011782225206714458]",1.9857832966691092e-26,1.0,0.16709782447726418,1.181869875456279
RACE_COST_EXTENDED,mixed_interleaved,mixed,16,4,37007,STAGE1_HYBRID,0.9849988648375522,"[0.1, 0.1, 0.1, 0.1, 0.1, 0.1, 0.1, 0.1, 0.1, 0.1]","[1.4535804516107309e-65, 8.657574952040059e-68, 2.656753711081363e-81, 1.0110808800249505e-109, 2.290317091974232e-139, 3.615639476929448e-164, 7.844733490073955e-52, 1.6962807160142955e-41, 2.3271467799499736e-248, 1.0]","[0.001965345785254425, 0.0021768613267399086, 0.001628458923802778, 0.0009662946040809514, 0.000687596992336408, 0.0005379414517933455, 0.0030576280888810026, 0.003298857946297338, 0.0006821500432637487, 0.9849988648375522]","[0.00017860114569019336, 0.0002102571973205318, 0.00014202023589887687, 7.939171863896218e-05, 5.172431423139089e-05, 4.039572380428442e-05, 0.00031514543107760885, 0.00035110433034356883, 5.348753177152418e-05, 0.008853453671327394]",1.592426790513856e-39,1.0,0.10822722254967951,1.1143009109170083
RACE_COST_EXTENDED,mixed_interleaved,mixed,16,5,36091,STAGE1_HYBRID,0.9799710110468393,"[0.1, 0.1, 0.1, 0.1, 0.1, 0.1, 0.1, 0.1, 0.1, 0.1]","[2.7241924264512094e-63, 6.145971878030176e-72, 5.990578234452546e-88, 3.8885796542110045e-115, 1.537498185794069e-149, 6.728179533514153e-168, 1.6244849615161598e-49, 8.153469701761409e-38, 1.1257204636844507e-228, 1.0]","[0.003079363557916097, 0.0023736488178623203, 0.001353772187972688, 0.0008632063608681826, 0.0006171561257521102, 0.000534422576269153, 0.004628094575878939, 0.005850860203395474, 0.0007284645472493365, 0.9799710110468393]","[0.00035104479872454365, 0.00026506053812424884, 0.0001005851482544233, 5.353098655692056e-05, 3.906493553957284e-05, 3.4465058366796466e-05, 0.0005170045615800011, 0.0007116169010624679, 6.108152747403526e-05, 0.010433055825723181]",6.963046000332503e-36,1.0,0.13582058352640067,1.145476357828449
RACE_COST_EXTENDED,mixed_interleaved,mixed,16,6,35477,STAGE1_HYBRID,0.9797865822949227,"[0.1, 0.1, 0.1, 0.1, 0.1, 0.1, 0.1, 0.1, 0.1, 0.1]","[3.8214382969781846e-47, 2.8447764459605253e-50, 1.4357965087397846e-67, 1.0474683229796111e-86, 3.481646293205284e-118, 1.6641653378195052e-143, 5.537818704847583e-32, 2.7181782293984543e-29, 1.1423757471229289e-250, 1.0]","[0.002505430800575914, 0.0021766243040182054, 0.0015107089888475042, 0.0012046944828485208, 0.0009033388841228503, 0.0006889988406798016, 0.005893670646461278, 0.004857789880462323, 0.00047216087708627514, 0.9797865822949227]","[0.00021541301916286007, 0.00019501444088347323, 0.00012738789446564678, 9.320001483517202e-05, 6.91940697266012e-05, 4.920040013227204e-05, 0.0008527122166444251, 0.0005638258051876961, 2.594557470568787e-05, 0.011281988310108848]",1.791867518572053e-27,1.0,0.13736540126871022,1.1472472775513365
RACE_COST_EXTENDED,mixed_interleaved,mixed,16,7,35702,STAGE1_HYBRID,0.9818483037797594,"[0.1, 0.1, 0.1, 0.1, 0.1, 0.1, 0.1, 0.1, 0.1, 0.1]","[1.2917561232935e-28, 1.8023258672577858e-24, 1.224411673650395e-42, 1.0420347036405444e-81, 3.099204949867251e-127, 9.691771390846713e-140, 1.2275888770107017e-64, 5.126934025613315e-61, 1.1017913573073504e-237, 1.0]","[0.0036765353231088867, 0.005265948532652585, 0.002673736225813333, 0.0011267106098117844, 0.0006242905563577009, 0.0005770674444378904, 0.0017278493224699844, 0.0020144469385253304, 0.0004651112670600943, 0.9818483037797594]","[0.0004233406218364249, 0.0007120895903939478, 0.00024284789883191873, 8.794376982008159e-05, 4.865502694831956e-05, 4.2328961312533244e-05, 0.0001386295486523264, 0.00017071788885576397, 3.295114231331276e-05, 0.010401981796458348]",9.854679290229696e-23,1.0,0.12568628953305871,1.1339263879033021
RACE_COST_EXTENDED,mixed_interleaved,mixed,16,8,35603,STAGE1_HYBRID,0.9729731267177172,"[0.1, 0.1, 0.1, 0.1, 0.1, 0.1, 0.1, 0.1, 0.1, 0.1]","[1.6111777357688487e-32, 8.288658017713511e-35, 3.64639082792512e-50, 6.643138710066217e-81, 8.769569241606153e-139, 4.943207713971214e-173, 4.114755714443644e-46, 1.3507041277466797e-44, 2.165117819881174e-259, 1.0]","[0.004596914715592226, 0.006602181046728982, 0.0034860352872399746, 0.0018053525396653535, 0.0006283966840879535, 0.00045698032713567446, 0.00568822854796409, 0.0034065891334873395, 0.00035619500038938445, 0.9729731267177172]","[0.0002956928190853516, 0.0006542240215401245, 0.0003577999441937142, 0.00015376618471963163, 3.537932759206921e-05, 2.6651266760086733e-05, 0.0008042428276899916, 0.0003585003862118986, 2.0601412286708376e-05, 0.014123506455070212]",1.1859794402667632e-30,1.0,0.17541415052311246,1.1917396740318948
RACE_COST_EXTENDED,mixed_interleaved,mixed,16,9,35336,STAGE1_HYBRID,0.9795876977126674,"[0.1, 0.1, 0.1, 0.1, 0.1, 0.1, 0.1, 0.1, 0.1, 0.1]","[1.1720224803247303e-27, 3.6178993788866317e-37, 1.0871111138281301e-57, 7.62303450471354e-84, 5.457747299185763e-119, 3.6550928461315093e-143, 3.823378395558e-43, 1.3387005370402916e-38, 1.2605292076604578e-262, 1.0]","[0.0061127571324991765, 0.003992871675682462, 0.0018101354160427329, 0.0010116587940452821, 0.0005830265939386709, 0.0004983515839828714, 0.0029683603065982023, 0.0030432557106453107, 0.00039188507390864203, 0.9795876977126674]","[0.0005549092221016548, 0.0003611700292623989, 0.00013724721286281476, 7.265329548923312e-05, 3.811975727718011e-05, 3.214367204699346e-05, 0.00027599109779585286, 0.0003282415842383694, 2.106338676560971e-05, 0.009882935970132456]",7.267836416100107e-26,1.0,0.13793750637148797,1.147903811358235
RACE_COST_EXTENDED,mixed_interleaved,mixed,16,10,36436,STAGE1_HYBRID,0.9675820361327253,"[0.1, 0.1, 0.1, 0.1, 0.1, 0.1, 0.1, 0.1, 0.1, 0.1]","[4.671654807085155e-12, 6.22387473777868e-16, 6.36202292159241e-36, 1.121063965707799e-83, 1.1754371282609217e-146, 3.210944164499781e-199, 1.1038757995696269e-118, 1.8608533943436322e-95, 0.0, 0.9999999999953277]","[0.014801330904485844, 0.01051449728497371, 0.0036290820823459934, 0.0010547561055060765, 0.000514916224349103, 0.00035011874701993057, 0.0005442027901933589, 0.0007276650414744953, 0.0002813946868999109, 0.9675820361327253]","[0.001932001479340898, 0.0012843170379357944, 0.0003720994605081917, 8.095428770409602e-05, 3.541551192708078e-05, 2.3044982115929498e-05, 2.3466884047435597e-05, 3.261587581462962e-05, 1.9008517723415545e-05, 0.013172725791802287]",1.2657522854499806e-10,1.0000000001265752,0.1880930870406942,1.2069458611390471
RACE_COST_EXTENDED,mixed_interleaved,mixed,16,11,35304,STAGE1_HYBRID,0.9749838751048729,"[0.1, 0.1, 0.1, 0.1, 0.1, 0.1, 0.1, 0.1, 0.1, 0.1]","[6.3878357609461844e-27, 1.0554730523675426e-27, 2.3899568059743776e-45, 2.038895911716352e-88, 3.452236871525912e-130, 2.3580960084366434e-154, 5.510180161787315e-86, 1.3088820204340415e-70, 1.6204960683307603e-285, 1.0]","[0.008020127057926964, 0.009129624930339754, 0.0037213011208733784, 0.0012454032473046982, 0.0006969095514362889, 0.0005014720148075235, 0.0006664594311303929, 0.0007952588772306612, 0.00023956866408358343, 0.9749838751048729]","[0.000950399384524022, 0.0014545776775654363, 0.0004136965817410428, 8.829299225738573e-05, 4.223967309367503e-05, 2.8801704288166287e-05, 3.0828754654365626e-05, 3.592109734958859e-05, 1.4578259730906946e-05, 0.012398301764184994]",4.508464437250932e-25,1.0,0.1568472560317955,1.1698169177757896
RACE_COST_EXTENDED,mixed_interleaved,mixed,16,12,36246,STAGE1_HYBRID,0.978867342288736,"[0.1, 0.1, 0.1, 0.1, 0.1, 0.1, 0.1, 0.1, 0.1, 0.1]","[5.3605014466774854e-34, 3.780565302624572e-36, 1.0387203892006507e-60, 4.000275413337323e-109, 4.786843571901745e-165, 1.4810195563238437e-197, 1.3169866102028108e-86, 7.934922222547717e-59, 3.837517572961587e-276, 1.0]","[0.006376360392673449, 0.006419260275519373, 0.0029901061540238013, 0.0010549071156377462, 0.00044684738863678654, 0.000327263882802524, 0.0010651574123996192, 0.0020555880467181373, 0.0003971670428534362, 0.978867342288736]","[0.000767553523146597, 0.0008160545185596711, 0.00031250963439178594, 7.857172923065286e-05, 2.7197648636499127e-05, 1.9749758511248725e-05, 5.354711933568999e-05, 0.0001646531411540024, 2.2112077583232378e-05, 0.01108356795807175]",4.137453239168964e-32,1.0,0.1393511773501652,1.1495277172265208
RACE_COST_EXTENDED,mixed_interleaved,mixed,16,13,36858,STAGE1_HYBRID,0.9866092683508402,"[0.1, 0.1, 0.1, 0.1, 0.1, 0.1, 0.1, 0.1, 0.1, 0.1]","[6.235748727763142e-48, 1.632909683889e-57, 3.2934472024553615e-81, 2.9394788824683317e-119, 1.5303348519858525e-152, 1.0067113154237272e-176, 2.614945564172211e-72, 5.507718864241558e-62, 0.0, 1.0]","[0.0035448469663332035, 0.002445216043719631, 0.0013231949708899374, 0.0006884066822994507, 0.0004705678347255766, 0.00039367784270681865, 0.0017308104780915014, 0.0025249619961712675, 0.0002690488342289415, 0.9866092683508402]","[0.00036047504767248626, 0.0002360777539497487, 0.00011406479591925283, 5.1322711473889814e-05, 3.0847389843887015e-05, 2.491831494640075e-05, 0.0001393462723725313, 0.000248631978226477, 1.6324639009393774e-05, 0.00733901661482228]",6.777871367761955e-46,1.0,0.09680145910930915,1.1016416309964112
RACE_COST_EXTENDED,mixed_interleaved,mixed,16,14,37274,STAGE1_HYBRID,0.9835291394171248,"[0.1, 0.1, 0.1, 0.1, 0.1, 0.1, 0.1, 0.1, 0.1, 0.1]","[9.112603791813931e-37, 2.541999913072232e-52, 1.063213844754395e-96, 3.355293337275927e-165, 2.8912880326202098e-221, 1.1028042126733363e-251, 1.0842036546114955e-98, 2.197450456920803e-80, 2.890005472285e-311, 1.0]","[0.00615771042018418, 0.004724928122217436, 0.002021947592997178, 0.0006231757823651094, 0.0003512108483776285, 0.0002946243062742995, 0.0007883425069237761, 0.0011801513767712721, 0.0003287696267693197, 0.9835291394171248]","[0.0006990190630546041, 0.0007236275095783147, 0.00023609620932807444, 3.99272980389127e-05, 2.161006837308444e-05, 1.870886897994954e-05, 3.663448242198986e-05, 6.327160868066664e-05, 2.1286033010671747e-05, 0.008555201913896138]",7.562184467173475e-35,1.0,0.11153753161603673,1.1179957034035948
RACE_COST_EXTENDED,mixed_interleaved,mixed,16,15,35979,STAGE1_HYBRID,0.9821645509960409,"[0.1, 0.1, 0.1, 0.1, 0.1, 0.1, 0.1, 0.1, 0.1, 0.1]","[3.4033429630796303e-47, 4.114954665929757e-59, 2.2394391158270276e-83, 1.1030924583332784e-121, 9.679139929217477e-161, 4.66582852025832e-185, 2.572916224216542e-64, 8.874875818917365e-46, 1.0733615435796773e-281, 1.0]","[0.004522844563865469, 0.003457052142259785, 0.0020055291160946563, 0.0008311230155244619, 0.0004812650679095452, 0.000366208859061255, 0.002606810373695967, 0.003185719950033861, 0.0003788959155166393, 0.9821645509960409]","[0.00041810862822266366, 0.0003437673914611259, 0.00017070141138594307, 4.7054616445944265e-05, 2.621797578763569e-05, 2.0511197546488605e-05, 0.0002668303354972205, 0.0003306957992898258, 2.4409942833027308e-05, 0.009824662553785557]",9.570560267829772e-44,1.0,0.12342131905873695,1.1313609844928658
RACE_COST_EXTENDED,mixed_interleaved,mixed,24,0,36710,STAGE1_HYBRID,0.9837596435778054,"[0.1, 0.1, 0.1, 0.1, 0.1, 0.1, 0.1, 0.1, 0.1, 0.1]","[4.5910054632372943e-39, 6.613864802492399e-59, 7.477955307648422e-93, 8.510234120788083e-140, 8.00057213329341e-177, 3.3217504233499355e-201, 1.0097918624932536e-109, 9.488833843761967e-72, 6.223528659434597e-295, 1.0]","[0.005891011416914839, 0.003874600780512245, 0.001991779631935078, 0.0008083397375158916, 0.0004889498263726136, 0.00037052141276520874, 0.0008295663860491491, 0.0016820251956116711, 0.0003035620345255367, 0.9837596435778054]","[0.00092279409627768, 0.0005193785317088436, 0.00018926847712419836, 5.293451657928507e-05, 2.9572896857464082e-05, 2.16082619781928e-05, 4.426171787198092e-05, 0.00010402213625968476, 1.8800968012175263e-05, 0.009045851624609025]",4.052789018294823e-37,1.0,0.11175652660644106,1.1182405656727603
RACE_COST_EXTENDED,mixed_interleaved,mixed,24,1,37734,STAGE1_HYBRID,0.9780240415561929,"[0.1, 0.1, 0.1, 0.1, 0.1, 0.1, 0.1, 0.1, 0.1, 0.1]","[2.0144223001487176e-34, 5.584398970922392e-42, 8.071229818819351e-63, 5.561448011522162e-103, 4.66859008887488e-144, 6.866365325908709e-169, 8.317500925648036e-72, 1.093716861749034e-63, 3.4367698068457943e-252, 1.0]","[0.009039343449667557, 0.005681386220384068, 0.0020828966075625266, 0.0007846793218502961, 0.0004654394150017491, 0.0003618002553477946, 0.0015088816400830594, 0.0015962489580385866, 0.00045528257587442594, 0.9780240415561929]","[0.001679497905103056, 0.0007537995391316672, 0.0001566091919416043, 5.2626363379408304e-05, 2.8998504302299043e-05, 2.231484407071245e-05, 9.349176529975399e-05, 9.199190276744405e-05, 2.9079970644200107e-05, 0.012096313081912169]",1.5629411780723444e-32,1.0,0.14214340617315263,1.152741946995563
RACE_COST_EXTENDED,mixed_interleaved,mixed,24,2,35840,STAGE1_HYBRID,0.9822292894390401,"[0.1, 0.1, 0.1, 0.1, 0.1, 0.1, 0.1, 0.1, 0.1, 0.1]","[3.9503120620262406e-47, 1.1293240671229905e-54, 6.532833282868987e-84, 2.617283519991516e-127, 1.622145991491185e-161, 4.014221338655173e-175, 1.1653027053969345e-75, 3.036600805646039e-71, 2.715145500916367e-233, 1.0]","[0.005680515489453058, 0.004384816903033388, 0.001430512997374044, 0.0005544394380093668, 0.00042520798239555156, 0.00040237304148403954, 0.0023639088751205932, 0.0019045028219651927, 0.0006244330121229251, 0.9822292894390401]","[0.0009166949720648054, 0.0005654057972006793, 9.063433046753826e-05, 3.3433110527406383e-05, 2.6876394279005456e-05, 2.5570456630021285e-05, 0.000200652740158866, 0.0001380105377637138, 4.686914112648834e-05, 0.010415670755253958]",4.2208179106742955e-45,1.0,0.12159708239840608,1.1292989956585289
RACE_COST_EXTENDED,mixed_interleaved,mixed,24,3,35310,STAGE1_HYBRID,0.9798990240031722,"[0.1, 0.1, 0.1, 0.1, 0.1, 0.1, 0.1, 0.1, 0.1, 0.1]","[7.495088331940567e-27, 1.1752049706180602e-29, 2.644770602754804e-52, 2.3368415917508945e-94, 2.183472052561178e-127, 6.396878337641033e-143, 1.0003298641512336e-79, 4.2120372032546146e-85, 1.2916942744948623e-250, 1.0]","[0.0075023052811577185, 0.006562812350934129, 0.001785224544157667, 0.0006760356347096389, 0.0004995341975435454, 0.00040443095603832284, 0.0011640326373490897, 0.0011648480446251794, 0.0003417523503264213, 0.9798990240031722]","[0.0010053678229812073, 0.0008220098576141939, 0.00012188000104766595, 4.2986250451024616e-05, 3.234456853925809e-05, 2.5813703349775572e-05, 6.893112817017203e-05, 7.008972169853761e-05, 2.134487436171235e-05, 0.00958256219990683]",4.516540033210803e-25,1.0,0.13123935617327076,1.140240672295545
RACE_COST_EXTENDED,mixed_interleaved,mixed,24,4,30012,STAGE1_HYBRID,0.9832168379597621,"[0.1, 0.1, 0.1, 0.1, 0.1, 0.1, 0.1, 0.1, 0.1, 0.1]","[8.152988895170088e-44, 3.481585903498834e-50, 5.719910635500716e-68, 1.7840057353369013e-95, 9.952479170166815e-119, 6.427356069714429e-134, 1.6107339811516432e-52, 3.914276396587258e-48, 3.026750229994457e-162, 1.0]","[0.004228140731249687, 0.0032150962357985224, 0.0015480424955956588, 0.000846356265771332, 0.0006303363871470683, 0.0005587817590464977, 0.0022198194878102553, 0.0026312689667538757, 0.0009053197110741785, 0.9832168379597621]","[0.0004973728831287584, 0.00031011164258825297, 0.00010639320075076117, 5.584765191301816e-05, 4.2142696363599926e-05, 3.870119725732943e-05, 0.00016583672697013165, 0.00023283848668714476, 7.241891161266178e-05, 0.009533495048168805]",8.089448506396106e-42,1.0,0.1185798168899225,1.1258967360915342
RACE_COST_EXTENDED,mixed_interleaved,mixed,24,5,28303,STAGE1_HYBRID,0.9811879078874041,"[0.1, 0.1, 0.1, 0.1, 0.1, 0.1, 0.1, 0.1, 0.1, 0.1]","[1.0063405476536332e-44, 5.1610217397852186e-52, 2.7596492708476684e-65, 7.86709844958449e-86, 6.325386865038341e-109, 5.100210771727372e-122, 2.077040929822379e-40, 2.5184566832344623e-37, 2.6380386248411317e-141, 1.0]","[0.0040655271481667985, 0.0026920512881739756, 0.0011802768400795383, 0.0006903923389619769, 0.0005439907156602893, 0.00047841786254932897, 0.004073597446120373, 0.004213051555402448, 0.0008747869174875775, 0.9811879078874041]","[0.0005103363779977049, 0.00028107578554682625, 7.336239826169323e-05, 3.529171702511343e-05, 2.9560162300203636e-05, 2.6740585034785995e-05, 0.0003542265129626197, 0.00040746285831515873, 6.722920909458613e-05, 0.009910480493118379]",2.1242518156783206e-35,1.0,0.12929579416464795,1.1380266960411818
RACE_COST_EXTENDED,mixed_interleaved,mixed,24,6,27575,STAGE1_HYBRID,0.9768109845679898,"[0.1, 0.1, 0.1, 0.1, 0.1, 0.1, 0.1, 0.1, 0.1, 0.1]","[2.125430082218715e-34, 1.3170897793342662e-36, 8.758731186853618e-46, 6.039998155527385e-60, 1.0403045231560724e-80, 1.4574745502667163e-104, 4.314853938906822e-28, 1.7536543331831429e-28, 1.0586780498914527e-150, 1.0]","[0.0034067039743576224, 0.0032879460049447173, 0.002099976369843125, 0.0014685833894013632, 0.0009462161308081121, 0.0006792258416501094, 0.006497455258990975, 0.004055756585532015, 0.0007471518765042903, 0.9768109845679898]","[0.00027414048163322075, 0.00029188109232641997, 0.00016641558983899294, 0.00010236800298522995, 6.069941660599441e-05, 4.3066798471691364e-05, 0.0008245153784253442, 0.0003565566289248109, 4.499355911648891e-05, 0.012489935747727499]",3.839577318951357e-26,1.0,0.15558521702640646,1.1683414944131398
RACE_COST_EXTENDED,mixed_interleaved,mixed,24,7,28343,STAGE1_HYBRID,0.9808279322981953,"[0.1, 0.1, 0.1, 0.1, 0.1, 0.1, 0.1, 0.1, 0.1, 0.1]","[5.964592041787485e-30, 4.6424627980728277e-26, 4.036321953394561e-37, 4.593300123973877e-65, 5.061029182949958e-96, 2.5102119360703814e-111, 8.133477156424808e-62, 1.135138323961785e-62, 2.4746213796216185e-157, 1.0]","[0.003886073520558961, 0.005549778773557567, 0.00364943093976321, 0.0011997709633519604, 0.0006424408624955773, 0.000543797140028637, 0.0015335537675193742, 0.0015339856221250265, 0.0006332361124858307, 0.9808279322981953]","[0.0004554612487013051, 0.0007969873712881001, 0.00037865788122083086, 6.835866797051801e-05, 3.6196594287503225e-05, 3.128081860933338e-05, 9.546127052360757e-05, 9.608893412018736e-05, 4.311405362408651e-05, 0.011140918631608265]",2.708441254361342e-24,1.0,0.1312869508881734,1.1402949430167528
RACE_COST_EXTENDED,mixed_interleaved,mixed,24,8,28532,STAGE1_HYBRID,0.976931802405733,"[0.1, 0.1, 0.1, 0.1, 0.1, 0.1, 0.1, 0.1, 0.1, 0.1]","[5.528828710506324e-28, 6.853836229901194e-29, 1.2174013297681617e-41, 1.3989510921271527e-69, 7.892989722115926e-110, 1.6483529963834221e-130, 1.9822677515374316e-41, 1.9521489813743523e-47, 1.4949666862952698e-162, 1.0]","[0.004817872430237297, 0.005132767145875959, 0.0026581336407911923, 0.001378589649998855, 0.0006635759129525215, 0.0004862041710168553, 0.004414410348917397, 0.0029044018025187078, 0.0006122424919642215, 0.976931802405733]","[0.00044765249769675256, 0.0005927786363464225, 0.000245488213844659, 9.154914260867712e-05, 3.433900187925931e-05, 2.5250625451547135e-05, 0.00042899606959451685, 0.00023452540866313252, 3.693269723644109e-05, 0.012722940393381732]",3.91449832687289e-26,1.0,0.15440911238306881,1.166968210277777
RACE_COST_EXTENDED,mixed_interleaved,mixed,24,9,28935,STAGE1_HYBRID,0.9726508859673344,"[0.1, 0.1, 0.1, 0.1, 0.1, 0.1, 0.1, 0.1, 0.1, 0.1]","[2.039182143252422e-15, 2.581776241763644e-24, 1.01444098347455e-44, 7.810499839871288e-75, 3.142917676970831e-103, 1.5588808413450408e-119, 4.59313387798092e-44, 2.796224940275967e-46, 1.0134321184614256e-173, 0.999999999999998]","[0.01144902235908753, 0.006138696290861637, 0.0019082434515554447, 0.0008331032185931134, 0.000505863963440588, 0.00044391976929796304, 0.002621420016054914, 0.002757189805833726, 0.0006916551580331652, 0.9726508859673344]","[0.0015586995946323895, 0.0006670157320513837, 0.00012903895803109816, 4.834020561064935e-05, 2.8236052833345726e-05, 2.5426521426649163e-05, 0.0002026318376771186, 0.00023874795329131883, 4.4998079375658836e-05, 0.01298889455163088]",7.097624083440754e-14,1.000000000000071,0.17139829284205468,1.186963413917485
RACE_COST_EXTENDED,mixed_interleaved,mixed,24,10,30963,STAGE1_HYBRID,0.9689231455447921,"[0.1, 0.1, 0.1, 0.1, 0.1, 0.1, 0.1, 0.1, 0.1, 0.1]","[7.383297998677089e-10, 1.0113312652283791e-12, 4.734958259651964e-31, 1.6327764039250803e-74, 6.404138758259951e-127, 2.506397657817043e-165, 5.587144780249813e-99, 4.840251594437117e-86, 4.44074048511674e-229, 0.999999999260659]","[0.01213155706599689, 0.011393411191109907, 0.003393141538100113, 0.001013019372924492, 0.0005271558350918455, 0.00038655261355028975, 0.0008210142594690685, 0.000993916534858073, 0.00041708604411735874, 0.9689231455447921]","[0.0014039397644280967, 0.0015162402195646912, 0.0003041844610992157, 6.987844547019305e-05, 3.480243172638857e-05, 2.4961768795664046e-05, 3.839971318231286e-05, 5.077607423920145e-05, 2.6311169357828664e-05, 0.013139193946382965]",1.629186164765032e-08,1.0000000162918619,0.18434050137145375,1.2024251808220532
RACE_COST_EXTENDED,mixed_interleaved,mixed,24,11,28625,STAGE1_HYBRID,0.9738003047219269,"[0.1, 0.1, 0.1, 0.1, 0.1, 0.1, 0.1, 0.1, 0.1, 0.1]","[1.0446666650654464e-25, 1.2499483325065464e-24, 1.1901445298591218e-32, 2.4792118091648218e-64, 5.865052156831748e-101, 7.980439611896575e-124, 7.982909741896093e-77, 2.0869235890515e-74, 3.302784031455837e-191, 1.0]","[0.005810707293519653, 0.008273832635418617, 0.005727289391162089, 0.0019965886795356206, 0.0008808300767058277, 0.0005786268530902692, 0.0011533799348330599, 0.0013056850861064724, 0.0004727553277080597, 0.9738003047219269]","[0.00039364641009476776, 0.0008634378436308482, 0.0006318656312261554, 0.00015915640625100436, 5.16468568077073e-05, 3.149885878704865e-05, 7.040880848469912e-05, 8.691437568566274e-05, 2.4869141453714087e-05, 0.012046091306096796]",7.480485192623191e-23,1.0,0.1680196327830686,1.1829598352136523
RACE_COST_EXTENDED,mixed_interleaved,mixed,24,12,30053,STAGE1_HYBRID,0.9793843150933202,"[0.1, 0.1, 0.1, 0.1, 0.1, 0.1, 0.1, 0.1, 0.1, 0.1]","[8.599886623335199e-27, 4.183221522848851e-28, 1.9851323572943084e-47, 9.650035961414557e-84, 1.1005597670855777e-126, 6.056260308662034e-155, 7.793472353608731e-82, 7.893598840836251e-66, 1.0185246545242303e-193, 1.0]","[0.006773005394068946, 0.005690202852848163, 0.002409237074136399, 0.0009096804396220503, 0.0004560563401433927, 0.0003575663759055363, 0.001409485876416592, 0.002062807003585926, 0.0005476435499678989, 0.9793843150933202]","[0.0008496557627873989, 0.000627892409646681, 0.0001884351004618259, 5.639365930381135e-05, 2.6206657825898886e-05, 2.067364829425677e-05, 8.990795342000762e-05, 0.00018246181041936264, 3.101241498426722e-05, 0.010476145351575372]",5.4251998507471975e-25,1.0,0.1370054261723943,1.146834371424522
RACE_COST_EXTENDED,mixed_interleaved,mixed,24,13,30890,STAGE1_HYBRID,0.9862546979111596,"[0.1, 0.1, 0.1, 0.1, 0.1, 0.1, 0.1, 0.1, 0.1, 0.1]","[5.6877617248094445e-46, 7.030620618230651e-53, 1.0128275963435273e-71, 2.0043989969933898e-101, 2.7896911058662237e-127, 5.869624985909389e-148, 1.931266829967827e-63, 5.559409865110653e-57, 6.130118383783279e-218, 1.0]","[0.0030316351965681628, 0.0023540660659657465, 0.0012684274070109717, 0.0007377443299598122, 0.0005182547622970002, 0.0004142604898144054, 0.0022734495766979727, 0.0027395894597001965, 0.0004078748008278337, 0.9862546979111596]","[0.0002714597320566133, 0.0002139732663174916, 9.943058870857244e-05, 5.060228665677298e-05, 3.262069350743439e-05, 2.4971478662961818e-05, 0.00020400318512580324, 0.0002895293548046589, 2.485982793290633e-05, 0.00751482853210117]",5.925544992328548e-44,1.0,0.09958789022669486,1.1047155601743015
RACE_COST_EXTENDED,mixed_interleaved,mixed,24,14,31784,STAGE1_HYBRID,0.9828708171205536,"[0.1, 0.1, 0.1, 0.1, 0.1, 0.1, 0.1, 0.1, 0.1, 0.1]","[8.048241345403865e-32, 7.5533198302108e-42, 1.041924658379219e-77, 2.5773787460329145e-135, 1.0174477940790556e-182, 9.423792720406898e-210, 1.855893767371507e-94, 3.3020287422366688e-84, 1.7915611624770012e-217, 1.0]","[0.006018676588235888, 0.0052039327069839545, 0.0019889022342952692, 0.0007161140077411398, 0.00042829390714629016, 0.00035175971597692406, 0.000878339735522462, 0.0010789968262195756, 0.0004641671573290849, 0.9828708171205536]","[0.0006631737609453771, 0.0007178305227320574, 0.00020905694034551372, 4.800336412682794e-05, 2.6085419313025564e-05, 2.136670748684633e-05, 4.316118849620291e-05, 5.859075877723518e-05, 2.7301096451950063e-05, 0.008737081386877676]",5.762321036706418e-30,1.0,0.11591010059842412,1.1228949200142133
RACE_COST_EXTENDED,mixed_interleaved,mixed,24,15,29279,STAGE1_HYBRID,0.9834210775657275,"[0.1, 0.1, 0.1, 0.1, 0.1, 0.1, 0.1, 0.1, 0.1, 0.1]","[3.2679384124385167e-43, 1.3311716973558415e-51, 3.110839739869707e-68, 8.025446231766176e-99, 7.861295121590105e-133, 8.76984080149573e-157, 1.7090381677265772e-64, 3.559560304758973e-52, 1.6413102137557611e-192, 1.0]","[0.004135609608531336, 0.002935026772611591, 0.0016845146921387595, 0.0007570799254087978, 0.00045562871350702253, 0.0003714543036699256, 0.002377151770419664, 0.003266139443363105, 0.0005963172046282131, 0.9834210775657275]","[0.0003626511498177836, 0.0002284178933508653, 0.000111784439087567, 4.218714802182651e-05, 2.6147627742750226e-05, 2.2424821503761048e-05, 0.00024703969905186956, 0.0004095064188879354, 3.401526969102169e-05, 0.008907894423488605]",3.196926119683457e-41,1.0,0.11637495973494295,1.1234170293213712
RACE_COST_EXTENDED,mixed_interleaved,mixed,32,0,31742,STAGE1_HYBRID,0.9819868424961186,"[0.1, 0.1, 0.1, 0.1, 0.1, 0.1, 0.1, 0.1, 0.1, 0.1]","[1.8328214763750265e-33, 1.0554487262800813e-49, 3.773155722787483e-76, 3.84987410178844e-110, 3.5006047974907863e-138, 1.3117227583857878e-157, 2.082096832605887e-86, 4.115403085028718e-59, 7.372656640409411e-220, 1.0]","[0.005772890147194943, 0.0038140901041431863, 0.0023483153253730307, 0.0010882782636449562, 0.0006433787778869238, 0.0004762777342495402, 0.0011596976190543322, 0.002298320202966812, 0.00041190932938901776, 0.9819868424961186]","[0.0009274984629636675, 0.0005239175972895297, 0.0002370196626016658, 6.852414225551935e-05, 3.7383527700727365e-05, 2.6828662680374497e-05, 5.8818292054854826e-05, 0.00014327190449278795, 2.3673486871307436e-05, 0.010818495575645737]",1.3815707758458994e-31,1.0,0.1238747352240512,1.131874078165733
RACE_COST_EXTENDED,mixed_interleaved,mixed,32,1,33804,STAGE1_HYBRID,0.9802844079937395,"[0.1, 0.1, 0.1, 0.1, 0.1, 0.1, 0.1, 0.1, 0.1, 0.1]","[1.0626997721568128e-31, 4.907039373797229e-39, 7.356972331003592e-56, 2.4988854158448705e-83, 4.4986764465954994e-113, 1.8141268467310353e-132, 2.0649045908415496e-61, 1.1810796131420557e-56, 1.3796321793326742e-191, 1.0]","[0.006428106527778631, 0.004326099377291599, 0.0019902673747503904, 0.0009547761914415262, 0.0006125341411285607, 0.00047542354718642545, 0.002243164886880151, 0.0021225367358854844, 0.0005626832239317605, 0.9802844079937395]","[0.0008401430029721555, 0.00045279502594035905, 0.00014368277928172014, 6.504275505468626e-05, 3.8274124042232675e-05, 2.8317628254372286e-05, 0.0001664930404093961, 0.00014627910497891673, 3.6226144852954455e-05, 0.010644077258141316]",7.57910350303688e-30,1.0,0.133655466556079,1.1429989504331943
RACE_COST_EXTENDED,mixed_interleaved,mixed,32,2,30017,STAGE1_HYBRID,0.9793653243385805,"[0.1, 0.1, 0.1, 0.1, 0.1, 0.1, 0.1, 0.1, 0.1, 0.1]","[1.7527018171315215e-38, 1.8668595357608257e-43, 2.1829823575088903e-63, 6.34444537080128e-94, 4.856899569679817e-118, 5.278932598198764e-130, 2.7325508170644325e-62, 2.742191589583385e-60, 1.3553935047515917e-173, 1.0]","[0.006079392497392836, 0.005080968321786965, 0.002228489351705732, 0.0008719835128328814, 0.0006220381572871869, 0.0005696649336064526, 0.00242605392492288, 0.0019891743974391925, 0.000766910564448023, 0.9793653243385805]","[0.0008308438645245658, 0.0006223045387058477, 0.00015887179423895506, 4.8049260928967994e-05, 3.602162379646002e-05, 3.34829512827696e-05, 0.0001902623437466114, 0.00013993848360709866, 5.9552018973198875e-05, 0.011827634051451708]",1.5237660614556307e-36,1.0,0.1393627219139114,1.1495409880991334
RACE_COST_EXTENDED,mixed_interleaved,mixed,32,3,28602,STAGE1_HYBRID,0.9759210933285879,"[0.1, 0.1, 0.1, 0.1, 0.1, 0.1, 0.1, 0.1, 0.1, 0.1]","[1.0392402241608806e-25, 1.0559577013076888e-27, 1.1731905206058557e-42, 2.5930934672032904e-69, 7.11571751986341e-92, 2.2984808499202683e-103, 2.8149683027039064e-59, 6.210896663052322e-63, 6.461485210517719e-181, 1.0]","[0.008632003087055551, 0.007091727376079131, 0.002280552623279516, 0.0008767490873891989, 0.000631044197744375, 0.0005153183770091108, 0.001853945777661203, 0.001742435563285002, 0.0004551305819363888, 0.9759210933285879]","[0.0011694498590810115, 0.0008621286870522533, 0.00014835858455193362, 4.9844535212616345e-05, 3.757071495905839e-05, 3.082405664444804e-05, 0.0001291146125290786, 0.0001223065519386166, 2.7997426884302738e-05, 0.011976485481246968]",6.043938777582242e-24,1.0,0.15473318211123083,1.1673464506332698
RACE_COST_EXTENDED,mixed_interleaved,mixed,32,4,21758,STAGE1_HYBRID,0.9779438066492685,"[0.1, 0.1, 0.1, 0.1, 0.1, 0.1, 0.1, 0.1, 0.1, 0.1]","[4.070425051011607e-29, 4.4069077815517765e-32, 1.8288367374572176e-42, 1.2765967559703856e-59, 4.958746660241876e-74, 2.6789703607052693e-83, 1.1377321251922142e-38, 7.964807739208744e-37, 3.862044008777396e-112, 1.0]","[0.0049523024792901835, 0.004279031203962713, 0.002254216573898812, 0.0012214285536795186, 0.0008975382019801138, 0.0007828630959384367, 0.0030265480384567556, 0.0036196301429070273, 0.001022635060632293, 0.9779438066492685]","[0.0005553735949224542, 0.0004165144377245392, 0.0001520789268771601, 7.077088717392517e-05, 5.2575301888347176e-05, 4.809527281961453e-05, 0.00020963466975303647, 0.00030180896724996896, 7.728787940125428e-05, 0.012336455512188094]",2.66406836070078e-27,1.0,0.1502078119626705,1.1620757108716777
RACE_COST_EXTENDED,mixed_interleaved,mixed,32,5,19567,STAGE1_HYBRID,0.9734907738604179,"[0.1, 0.1, 0.1, 0.1, 0.1, 0.1, 0.1, 0.1, 0.1, 0.1]","[3.91247772502966e-33, 9.293270287150307e-37, 2.0369175153485698e-45, 4.37979334427051e-58, 4.168686894185887e-70, 8.230236002160677e-78, 1.8355333647368595e-26, 5.286558249640951e-27, 1.7765924479037303e-96, 1.0]","[0.005301210244136887, 0.003599635636185735, 0.0017099123304543996, 0.0010286502195598645, 0.0008452186349865928, 0.0007495848713886108, 0.006224439004763087, 0.006004608111381707, 0.00104596708674117, 0.9734907738604179]","[0.0005368459627042653, 0.00030988305417257555, 0.00010392478045830899, 5.422163438250052e-05, 4.499506962576924e-05, 4.016529922626131e-05, 0.0005451827863355921, 0.0005455312134410534, 6.815334966858476e-05, 0.013288799367307425]",1.4075963634286095e-24,1.0,0.173041500480518,1.188915444622465
RACE_COST_EXTENDED,mixed_interleaved,mixed,32,6,18236,STAGE1_HYBRID,0.9629174726325421,"[0.1, 0.1, 0.1, 0.1, 0.1, 0.1, 0.1, 0.1, 0.1, 0.1]","[3.1005770465573544e-25, 1.0906102218634516e-24, 1.434024688054218e-28, 4.023715756602549e-36, 1.908448687856613e-46, 5.38369442558421e-60, 7.871847072597951e-19, 1.2370748698877442e-21, 6.731473397671011e-94, 1.0]","[0.0041310324196090955, 0.0045620602882544955, 0.0035480817813736487, 0.002596915736143211, 0.001941078590361411, 0.001343879215170488, 0.010903141777087972, 0.007168502452124223, 0.0008878351073454293, 0.9629174726325421]","[0.0003051169545294217, 0.0003724031213816862, 0.00027242570816600817, 0.0001822812636163058, 0.00012851466285130242, 8.260895643991e-05, 0.0010769026124326196, 0.000559793392251332, 5.082827202329102e-05, 0.018716851733178164]",3.287407555662962e-17,1.0,0.23104063944624392,1.2599104404714514
RACE_COST_EXTENDED,mixed_interleaved,mixed,32,7,19357,STAGE1_HYBRID,0.9724863014902135,"[0.1, 0.1, 0.1, 0.1, 0.1, 0.1, 0.1, 0.1, 0.1, 0.1]","[1.3930054991185211e-24, 2.20248916088098e-22, 1.6960418783693738e-27, 1.993080039335557e-41, 5.647838671867737e-57, 8.402969537621855e-68, 1.1472672041418129e-33, 1.9694251122276255e-35, 4.234456329598963e-102, 1.0]","[0.004188275434805253, 0.005469481856837009, 0.003967865606769673, 0.00182920819843356, 0.0011582112105043485, 0.0009585680179543115, 0.004657591459230196, 0.0043431838580903015, 0.0009413128671734838, 0.9724863014902135]","[0.00035682971183767325, 0.0005368437363237012, 0.0003159771538015814, 0.00010746216457963937, 6.38641342813109e-05, 5.3514446034350584e-05, 0.00043531358478012585, 0.0003938682139714941, 5.97629575828409e-05, 0.015608626276971904]",1.1059838369362073e-20,1.0,0.18170709069445806,1.1992628671753631
RACE_COST_EXTENDED,mixed_interleaved,mixed,32,8,20997,STAGE1_HYBRID,0.9694064179549616,"[0.1, 0.1, 0.1, 0.1, 0.1, 0.1, 0.1, 0.1, 0.1, 0.1]","[1.7779780740271125e-23, 3.7865862724051153e-22, 1.8359586018318805e-30, 5.330975888800108e-51, 2.972026773393808e-75, 5.486885382429508e-89, 9.20798342780528e-33, 2.904473326198559e-38, 1.2866411527595474e-117, 1.0]","[0.006595655162071561, 0.006666629403590277, 0.003211330625107387, 0.0015136862475301108, 0.0009392792599254321, 0.0007399737426792472, 0.00614511702300318, 0.004022069488472377, 0.0007598410926703942, 0.9694064179549616]","[0.0006297130523920875, 0.0006729664943244237, 0.0002455114042260775, 9.122684049653618e-05, 4.856070762665391e-05, 3.672961544740645e-05, 0.0005886902375718302, 0.0003358892557933688, 4.587265313588843e-05, 0.016229898737265436]",1.96088667714101e-20,1.0,0.19572517574513926,1.2161926201709792
RACE_COST_EXTENDED,mixed_interleaved,mixed,32,9,22120,STAGE1_HYBRID,0.9628770741345829,"[0.1, 0.1, 0.1, 0.1, 0.1, 0.1, 0.1, 0.1, 0.1, 0.1]","[1.008032199818026e-09, 3.0280570423173944e-15, 6.68389560329773e-31, 1.3764386078866764e-56, 1.0335897912278976e-77, 2.0914619972976727e-90, 3.5247399138912e-39, 3.292305850348243e-42, 1.9797286718339453e-127, 0.9999999989919648]","[0.017112243088631796, 0.008454967547817112, 0.002600190710350449, 0.0010289215708651272, 0.000674155485884142, 0.0005768760896325644, 0.0030584625383088277, 0.002883132490566753, 0.0007339763433552507, 0.9628770741345829]","[0.002361885106773056, 0.0008916955027228357, 0.00016502120290556077, 5.617124646066257e-05, 3.5611085563058315e-05, 3.098666237172983e-05, 0.0002306228054485613, 0.0002369180067255186, 4.844480207167987e-05, 0.01673958456258584]",2.1889791318005843e-08,1.0000000218897915,0.21804090252908398,1.243637934515549
RACE_COST_EXTENDED,mixed_interleaved,mixed,32,10,24176,STAGE1_HYBRID,0.961199449690776,"[0.1, 0.1, 0.1, 0.1, 0.1, 0.1, 0.1, 0.1, 0.1, 0.1]","[2.3577718840477063e-07, 1.6794800991110733e-07, 9.174191907788952e-21, 9.609795300523946e-53, 1.513049666016332e-91, 5.49669008143737e-121, 1.7714640631527244e-78, 1.3971676349588046e-73, 1.3376586023241056e-164, 0.9999995962748016]","[0.012855850441771143, 0.015169746072923204, 0.005049584751355141, 0.0014581754406793903, 0.0007163407901031466, 0.000498833015302409, 0.0012400528793075356, 0.0012708318308953916, 0.0005411350868842203, 0.961199449690776]","[0.0015787568180928115, 0.0020680194380214164, 0.0004520892878101053, 9.103793734561053e-05, 4.298765742409643e-05, 3.044431236559565e-05, 7.127963144986376e-05, 7.438516424483796e-05, 3.2892170470271074e-05, 0.01757580839676509]",6.621697960983789e-06,1.0000066217198844,0.2236001851720791,1.2505709226637254
RACE_COST_EXTENDED,mixed_interleaved,mixed,32,11,21542,STAGE1_HYBRID,0.965036078421712,"[0.1, 0.1, 0.1, 0.1, 0.1, 0.1, 0.1, 0.1, 0.1, 0.1]","[4.986852309736912e-19, 5.6096426530852655e-18, 2.728746457392165e-23, 1.0418022212523428e-43, 2.1570459877344307e-70, 1.1897154255728922e-89, 3.8758374156971993e-59, 2.034673314627007e-60, 2.8306074673093984e-135, 1.0]","[0.00832257685117008, 0.011068558395223553, 0.007481493172316755, 0.0026289868329350896, 0.0011867352247083413, 0.0007932178567860158, 0.0013735591067111376, 0.0013973645850176538, 0.0007114295534361191, 0.965036078421712]","[0.0007506004712134342, 0.0014498177549910776, 0.0008682809604646385, 0.00020344085104171948, 7.46617082010901e-05, 4.5969591453261794e-05, 8.740954049343267e-05, 9.162123222039245e-05, 4.126858542200434e-05, 0.017884164967158278]",2.4384364222072176e-16,1.0000000000000002,0.21334443930984473,1.2378109285680068
RACE_COST_EXTENDED,mixed_interleaved,mixed,32,12,22898,STAGE1_HYBRID,0.9741098775356708,"[0.1, 0.1, 0.1, 0.1, 0.1, 0.1, 0.1, 0.1, 0.1, 0.1]","[3.509408188639336e-18, 1.0892444805072022e-17, 3.900735413770732e-32, 1.328697556489981e-57, 4.020333470121954e-88, 1.0614928908316156e-110, 1.6560715000023065e-65, 1.5784728196816004e-58, 1.03403054436833e-140, 1.0]","[0.008327989585820617, 0.007353165452165071, 0.0031776187755374985, 0.0011396610219080471, 0.0006163689289438346, 0.0004788303895045729, 0.0019259130895975768, 0.0022193571209096707, 0.0006512180999520086, 0.9741098775356708]","[0.0011184240810754463, 0.0008076711672386004, 0.0002377898505708494, 6.253607593905863e-05, 3.44694884694104e-05, 2.769079539923002e-05, 0.00013990687137712573, 0.00017552997369402645, 4.0237624262051416e-05, 0.013364927907486335]",5.664890645661399e-16,1.0000000000000007,0.16614786071667825,1.1807476750141357
RACE_COST_EXTENDED,mixed_interleaved,mixed,32,13,23948,STAGE1_HYBRID,0.981192143449253,"[0.1, 0.1, 0.1, 0.1, 0.1, 0.1, 0.1, 0.1, 0.1, 0.1]","[3.9766307228944444e-36, 4.223113688438895e-39, 6.418884252086703e-52, 2.9165068700079394e-73, 4.6782015304206235e-92, 4.614799557605278e-109, 1.9447322173685073e-50, 8.945537012746978e-48, 4.937182884788102e-158, 1.0]","[0.004271474632077353, 0.0036139607012415443, 0.0019619776809792714, 0.0010207705324013858, 0.0006838574897113386, 0.0005423857403161837, 0.002973885753308038, 0.0031653937371591543, 0.0005741502835608765, 0.981192143449253]","[0.0003851942516852315, 0.00030567504317902474, 0.0001355788856866252, 6.360009401865689e-05, 4.1591006283739597e-05, 3.2480434237423275e-05, 0.0002863843001569807, 0.0003367251794804694, 3.404287677958675e-05, 0.01021929593820714]",3.2451877791969104e-34,1.0,0.13038314120650946,1.1392647990044924
RACE_COST_EXTENDED,mixed_interleaved,mixed,32,14,24659,STAGE1_HYBRID,0.9780451021276823,"[0.1, 0.1, 0.1, 0.1, 0.1, 0.1, 0.1, 0.1, 0.1, 0.1]","[3.7103361854827446e-24, 6.606741573375264e-30, 3.9804014785718877e-56, 4.141864787004128e-99, 8.62071385312213e-135, 2.3810120601950004e-156, 5.8276463005308785e-75, 1.4328822138212665e-70, 2.937163086888888e-157, 1.0]","[0.0079964717231424, 0.006670573632884364, 0.0023616123535253534, 0.00085394799004572, 0.0005422383555553599, 0.00044633559747902336, 0.0011919271888691174, 0.0013006587272022959, 0.0005911323036315613, 0.9780451021276823]","[0.001009276108442194, 0.0008544293804998448, 0.00021398527987643998, 5.6628397987029983e-05, 3.348788796445579e-05, 2.702414614164819e-05, 6.467676268907153e-05, 7.419186562775975e-05, 3.478610535745107e-05, 0.010993922940873091]",2.0017649366709202e-22,1.0,0.14264462181404178,1.1533198641077558
RACE_COST_EXTENDED,mixed_interleaved,mixed,32,15,22222,STAGE1_HYBRID,0.9777163736345528,"[0.1, 0.1, 0.1, 0.1, 0.1, 0.1, 0.1, 0.1, 0.1, 0.1]","[2.8764975781007836e-32, 1.7043604666931176e-36, 1.4766908073943878e-46, 1.7351243080940728e-67, 3.356158926957127e-91, 5.641625166664075e-110, 9.387927524431708e-54, 7.568559941936566e-46, 1.9524463780946991e-140, 1.0]","[0.00632778020663107, 0.004831053779600566, 0.002912459530871431, 0.0012606448515164314, 0.0007266245296980225, 0.0005659632332283333, 0.0022423928139514568, 0.002709798805523275, 0.0007069086144352278, 0.9777163736345528]","[0.0007058209822772087, 0.0004574160349107469, 0.00021605702044849348, 7.109514211926728e-05, 3.9762362026555953e-05, 3.2553443065815534e-05, 0.00019098197567406807, 0.0002529463566181153, 4.102601340937376e-05, 0.011937684561315609]",2.0892298035112293e-30,1.0,0.14956149468045543,1.1613248839188535
