domain,layer,layer_ordinal,layer_name,expert_id,routing_frequency,routing_rank,gate_mass,gate_rank,functional_contribution,functional_rank,normalized_routing,normalized_gate,normalized_contribution
general,0,0,model.layers.0.mlp,0,0.01547446389723402,27.0,0.004830863381202735,38.0,0.0031283140397838738,32.0,0.01547446389723402,0.012681568125567748,0.012059010926731294
general,0,0,model.layers.0.mlp,1,0.007704858593183466,58.0,0.003128480135709106,54.0,0.0017974482464091675,53.0,0.007704858593183466,0.008212617670964411,0.006928795436784105
general,0,0,model.layers.0.mlp,2,0.00789909872578473,57.0,0.004910645998167668,35.0,0.002579089051822047,46.0,0.00789909872578473,0.012891006607354202,0.009941860906996352
general,0,0,model.layers.0.mlp,3,0.016911840878483374,17.0,0.005204370969517248,31.0,0.0028897971511570226,40.0,0.016911840878483374,0.01366206820450969,0.011139577094455342
general,0,0,model.layers.0.mlp,4,0.011278877033046721,46.0,0.004532130656434528,43.0,0.002795290561773228,43.0,0.011278877033046721,0.011897360603735222,0.01077527351766162
general,0,0,model.layers.0.mlp,5,0.017805345488449188,14.0,0.00810595940866829,11.0,0.005849321660703697,9.0,0.017805345488449188,0.021279069257909896,0.022547938897229485
general,0,0,model.layers.0.mlp,6,0.0742126799958562,1.0,0.02172766835358826,2.0,0.025372289454393297,2.0,0.0742126799958562,0.057037611021649476,0.09780498756699509
general,0,0,model.layers.0.mlp,7,0.016147829690251737,22.0,0.0038587016342069825,49.0,0.0010692670271394908,58.0,0.016147829690251737,0.010129532505688932,0.0041218057394133735
general,0,0,model.layers.0.mlp,8,0.011563762560861909,43.5,0.004894611070554491,36.0,0.002228736758191981,49.0,0.011563762560861909,0.012848913090964089,0.00859132445721517
general,0,0,model.layers.0.mlp,9,0.015021236921164405,30.0,0.00509946106456542,32.0,0.003707817726020157,25.0,0.015021236921164405,0.01338666772188163,0.014292879136742332
general,0,0,model.layers.0.mlp,10,0.011252978348699885,47.0,0.006152884992036155,23.0,0.002932290077509719,38.0,0.011252978348699885,0.016152025846746933,0.011303378636333586
general,0,0,model.layers.0.mlp,11,0.017054283642390967,16.0,0.004331441144430488,46.0,0.0019308366013620784,52.0,0.017054283642390967,0.011370527713269058,0.007442980269067438
general,0,0,model.layers.0.mlp,12,0.03159639490313892,3.0,0.010080158704305009,5.0,0.008954331370842996,3.0,0.03159639490313892,0.02646156788920668,0.03451711639859167
general,0,0,model.layers.0.mlp,13,0.015888842846783383,24.0,0.006674829473350254,19.0,0.003198421175272202,30.0,0.015888842846783383,0.01752218972331281,0.012329259598106369
general,0,0,model.layers.0.mlp,14,0.01134362374391381,45.0,0.004849933310887807,37.0,0.0028085780482826816,42.0,0.01134362374391381,0.012731628869034855,0.0108264940610497
general,0,0,model.layers.0.mlp,15,0.009077488863565731,51.0,0.0030486342895343415,56.0,0.0017233177162104816,54.0,0.009077488863565731,0.008003013205280518,0.006643037401528764
general,0,0,model.layers.0.mlp,16,0.016471563244587175,18.0,0.006194995645783694,22.0,0.0031816951180293524,31.0,0.016471563244587175,0.016262571122440214,0.012264784067680851
general,0,0,model.layers.0.mlp,17,0.02821661659587693,4.0,0.011312894347935875,3.0,0.007966804525079868,4.0,0.02821661659587693,0.029697639748814578,0.03071040234365594
general,0,0,model.layers.0.mlp,18,0.01893193825753652,13.0,0.007531730693744821,13.0,0.004362310048728783,13.0,0.01893193825753652,0.01977165329655307,0.01681581320622288
general,0,0,model.layers.0.mlp,19,0.025549052108152906,7.0,0.010433059893135553,4.0,0.007192610208735088,5.0,0.025549052108152906,0.027387973815973785,0.02772604156609795
general,0,0,model.layers.0.mlp,20,0.008935046099658138,52.5,0.0025494776154433856,59.0,0.0017202095712589981,55.0,0.008935046099658138,0.006692669925351066,0.006631056138313133
general,0,0,model.layers.0.mlp,21,0.004454573707655651,63.0,0.0011027047736131255,61.0,0.0006332468983819436,62.0,0.004454573707655651,0.002894725974527978,0.002441037303094459
general,0,0,model.layers.0.mlp,22,0.019165026416658033,12.0,0.007032378009103388,16.0,0.003415742650258378,27.0,0.019165026416658033,0.018460795466541564,0.013166989444964299
general,0,0,model.layers.0.mlp,23,0.004946648710245519,62.0,0.0010755541509116337,63.0,0.0008203554934198086,60.0,0.004946648710245519,0.002823452488968378,0.0031623026758646556
general,0,0,model.layers.0.mlp,24,0.013700404019475811,33.0,0.004480775892209676,44.0,0.0023902006193861946,47.0,0.013700404019475811,0.011762548482236602,0.009213734625008862
general,0,0,model.layers.0.mlp,25,0.011563762560861909,43.5,0.005996645614543406,27.0,0.004150596404741258,16.0,0.011563762560861909,0.01574187963617923,0.015999700401141445
general,0,0,model.layers.0.mlp,26,0.02020097379053144,11.0,0.00840397132044442,10.0,0.005936923731711986,8.0,0.02020097379053144,0.022061384563311637,0.02288562696756345
general,0,0,model.layers.0.mlp,27,0.006966746089298663,60.0,0.0027588042375103596,58.0,0.001545148581568579,56.0,0.006966746089298663,0.007242176216207172,0.005956231820589902
general,0,0,model.layers.0.mlp,28,0.02633896198073138,5.0,0.007152924497646457,15.0,0.004341120175796538,14.0,0.02633896198073138,0.01877724376700588,0.016734130579102863
general,0,0,model.layers.0.mlp,29,0.015189578369418833,28.0,0.006984336455473687,17.0,0.003879012158645131,19.0,0.015189578369418833,0.018334680901268663,0.014952798667635324
general,0,0,model.layers.0.mlp,30,0.016406816533720087,19.0,0.008072928469452501,12.0,0.004587017533063617,12.0,0.016406816533720087,0.021192359269888623,0.017682014608783884
general,0,0,model.layers.0.mlp,31,0.00967315860354294,49.0,0.004411919282703564,45.0,0.00286060536981106,41.0,0.00967315860354294,0.011581792017927323,0.011027048746679223
general,0,0,model.layers.0.mlp,32,0.008740805967056873,54.0,0.0034315377384297628,53.0,0.0025982853484153904,45.0,0.008740805967056873,0.009008178491381651,0.010015858704988488
general,0,0,model.layers.0.mlp,33,0.01559100797679478,26.0,0.006149306218759712,24.0,0.004129578972459734,17.0,0.01559100797679478,0.016142631158151982,0.015918682497468247
general,0,0,model.layers.0.mlp,34,0.009530715839635346,50.0,0.00241401535630115,60.0,0.0013047835091249545,57.0,0.009530715839635346,0.006337066023481277,0.005029673617628131
general,0,0,model.layers.0.mlp,35,0.00849476846576194,55.0,0.003611209861085932,50.0,0.0022949322612969094,48.0,0.00849476846576194,0.009479838334339638,0.00884649458562656
general,0,0,model.layers.0.mlp,36,0.007173935564073345,59.0,0.003471751515882368,52.0,0.0021470134455923292,51.0,0.007173935564073345,0.009113744250151809,0.008276297798422318
general,0,0,model.layers.0.mlp,37,0.012068786905625194,41.0,0.005012128879946649,33.0,0.0029125391864757624,39.0,0.012068786905625194,0.013157410762741156,0.011227242990179718
general,0,0,model.layers.0.mlp,38,0.017222625090645396,15.0,0.010059134992036154,6.0,0.006615780184050644,6.0,0.017222625090645396,0.026406378243308756,0.025502479774642716
general,0,0,model.layers.0.mlp,39,0.013402569149487205,36.0,0.003080375352869574,55.0,0.0009019007628406732,59.0,0.013402569149487205,0.00808633712179407,0.003476643014610631
general,0,0,model.layers.0.mlp,40,0.013583859939915052,35.0,0.004784187578505387,39.0,0.003467560454888145,26.0,0.013583859939915052,0.012559038812479493,0.013366736485792962
general,0,0,model.layers.0.mlp,41,0.04520615352740081,2.0,0.022084483430507354,1.0,0.02897502717155935,1.0,0.04520615352740081,0.057974291351667956,0.11169280475700262
general,0,0,model.layers.0.mlp,42,0.012185330985185953,40.0,0.004953136027174195,34.0,0.002935166580790277,36.0,0.012185330985185953,0.013002547786432105,0.011314466968275294
general,0,0,model.layers.0.mlp,43,0.012470216513001139,38.0,0.0028108671688853205,57.0,0.0007535202900148634,61.0,0.012470216513001139,0.00737884735735709,0.002904666633606499
general,0,0,model.layers.0.mlp,44,0.015694602714182118,25.0,0.006873824442530819,18.0,0.0038563648835411163,20.0,0.015694602714182118,0.01804457424532765,0.014865498053161568
general,0,0,model.layers.0.mlp,45,0.01515073034289858,29.0,0.006467108873212991,21.0,0.0040589048472476925,18.0,0.01515073034289858,0.016976899423451614,0.015646248196649754
general,0,0,model.layers.0.mlp,46,0.024357712628198486,8.0,0.009981818314254636,7.0,0.005070039809697973,11.0,0.024357712628198486,0.02620341313352236,0.019543966713883518
general,0,0,model.layers.0.mlp,47,0.01042422044960116,48.0,0.004640081886379235,42.0,0.0030408692262054887,34.0,0.01042422044960116,0.012180744911830018,0.01172192905163266
general,0,0,model.layers.0.mlp,48,0.012457267170827723,39.0,0.0046580832424181606,41.0,0.0029324217309977902,37.0,0.012457267170827723,0.012228000527430432,0.011303886133608797
general,0,0,model.layers.0.mlp,49,0.013234227701232778,37.0,0.005623036859493163,29.0,0.0030463000480268924,33.0,0.013234227701232778,0.01476111398300139,0.011742863759226776
general,0,0,model.layers.0.mlp,50,0.011926344141717601,42.0,0.005477280884990417,30.0,0.003362634888463557,28.0,0.011926344141717601,0.0143784879026288,0.012962269883042618
general,0,0,model.layers.0.mlp,51,0.02606702579508961,6.0,0.008981829392012199,9.0,0.0063955723646189604,7.0,0.02606702579508961,0.023578328000381364,0.02465362366016458
general,0,0,model.layers.0.mlp,52,0.001799958562105045,64.0,0.0003494931344206464,64.0,0.00021014000266662264,64.0,0.001799958562105045,0.0009174593946952343,0.0008100467395770848
general,0,0,model.layers.0.mlp,53,0.016238475085465658,20.0,0.007351875206380141,14.0,0.0038516654553968376,21.0,0.016238475085465658,0.019299512100292515,0.014847382718632954
general,0,0,model.layers.0.mlp,54,0.02241531130218585,9.0,0.00975378849191961,8.0,0.005725859393560861,10.0,0.02241531130218585,0.025604808805804284,0.02207201710370733
general,0,0,model.layers.0.mlp,55,0.013933492178597327,32.0,0.006102630416062364,25.0,0.0029966887495223166,35.0,0.013933492178597327,0.016020101845063726,0.011551622348310964
general,0,0,model.layers.0.mlp,56,0.008935046099658138,52.5,0.003983503448571688,48.0,0.00260091670493113,44.0,0.008935046099658138,0.010457151522450784,0.010026002046280921
general,0,0,model.layers.0.mlp,57,0.021211022480058014,10.0,0.005896503192012846,28.0,0.004183901641079858,15.0,0.021211022480058014,0.01547899433941795,0.016128085276769944
general,0,0,model.layers.0.mlp,58,0.014503263234227702,31.0,0.0040562739461663475,47.0,0.0037491428616129524,23.0,0.014503263234227702,0.010648182390011434,0.014452179084038097
general,0,0,model.layers.0.mlp,59,0.013661555992955559,34.0,0.006561611250226614,20.0,0.003729190319800848,24.0,0.013661555992955559,0.01722497895656148,0.014375266115369245
general,0,0,model.layers.0.mlp,60,0.01591474153113022,23.0,0.005997556115164975,26.0,0.0038002872109022595,22.0,0.01591474153113022,0.015744269804302328,0.014649330092241522
general,0,0,model.layers.0.mlp,61,0.01617372837459857,21.0,0.0047384728597974725,40.0,0.0032719346392376058,29.0,0.01617372837459857,0.012439032454632286,0.012612638969213854
general,0,0,model.layers.0.mlp,62,0.008196933595773335,56.0,0.0035517870496866257,51.0,0.002151943580515194,50.0,0.008196933595773335,0.009323846667528012,0.008295302460406061
general,0,0,model.layers.0.mlp,63,0.005089091474153113,61.0,0.001101237855945043,62.0,0.0003975205826089226,63.0,0.005089091474153113,0.0028908751481074315,0.0015323605585367546
general,1,1,model.layers.1.mlp,0,0.012457267170827723,38.0,0.005175348762204755,26.0,0.004932977271894463,18.0,0.012457267170827723,0.01622567385909074,0.013026054306266273
general,1,1,model.layers.1.mlp,1,0.013078835595151767,35.0,0.0038921878237335545,38.0,0.0032085294337528525,34.0,0.013078835595151767,0.012202727415672908,0.00847246527678966
general,1,1,model.layers.1.mlp,2,0.011032839531751788,47.0,0.00312316888208329,48.0,0.0025112176796203943,50.0,0.011032839531751788,0.009791711054842257,0.006631138978880555
general,1,1,model.layers.1.mlp,3,0.01129182637522014,43.5,0.002853635406415104,56.0,0.0019775337875749975,60.0,0.01129182637522014,0.008946673846482978,0.005221889558703698
general,1,1,model.layers.1.mlp,4,0.010981042163058117,48.0,0.003433889865035481,44.0,0.002453053014492428,51.0,0.010981042163058117,0.010765878702707314,0.006477548957094034
general,1,1,model.layers.1.mlp,5,0.04068683310887807,1.0,0.012515387460504507,1.0,0.011746210634448294,4.0,0.04068683310887807,0.03923805031987636,0.031017126003989287
general,1,1,model.layers.1.mlp,6,0.00897389412617839,57.0,0.0028755000671747124,54.0,0.0023487059919127503,53.0,0.00897389412617839,0.009015223594688532,0.006202009479025837
general,1,1,model.layers.1.mlp,7,0.011252978348699885,45.0,0.0039237012619133945,37.0,0.0029815096444984145,40.0,0.011252978348699885,0.012301527862479294,0.00787299523254805
general,1,1,model.layers.1.mlp,8,0.019618253392727648,17.0,0.00548240245098674,21.0,0.0032375915893333744,33.0,0.019618253392727648,0.017188343862664525,0.00854920700819919
general,1,1,model.layers.1.mlp,9,0.017921889568009945,20.0,0.00852124885883922,6.0,0.05174198601806669,2.0,0.017921889568009945,0.026715688392906063,0.1366302503815441
general,1,1,model.layers.1.mlp,10,0.007937946752304983,61.0,0.0023716517857142855,60.0,0.0021396351198237525,57.0,0.007937946752304983,0.007435566210215475,0.00564993547106191
general,1,1,model.layers.1.mlp,11,0.02890293173106806,4.0,0.009232236031706465,4.0,0.016696677230916765,3.0,0.02890293173106806,0.02894476444458964,0.04408936274311997
general,1,1,model.layers.1.mlp,12,0.020032632342277014,16.0,0.005877762054218896,19.0,0.004874859559491059,19.0,0.020032632342277014,0.018427869211362306,0.012872588268172816
general,1,1,model.layers.1.mlp,13,0.02231171656479851,9.0,0.006990817449481379,14.0,0.00515084014795462,16.0,0.02231171656479851,0.021917503371386836,0.013601344541444894
general,1,1,model.layers.1.mlp,14,0.01654925929762768,23.0,0.004484266144592354,30.0,0.003192168624667779,35.0,0.01654925929762768,0.014059002262974279,0.008429262809822936
general,1,1,model.layers.1.mlp,15,0.010722055319589766,49.0,0.0031016772736616855,50.0,0.0022375222444970394,55.0,0.010722055319589766,0.00972433089459047,0.00590841689751065
general,1,1,model.layers.1.mlp,16,0.015759349425049207,28.0,0.00344334895482622,43.0,0.002059911073429695,58.0,0.015759349425049207,0.010795534695568943,0.005439415596226674
general,1,1,model.layers.1.mlp,17,0.011991090852584688,42.0,0.005325499166790764,23.0,0.003752445313517237,26.0,0.011991090852584688,0.016696423098719805,0.009908733355343063
general,1,1,model.layers.1.mlp,18,0.032632342277012324,2.0,0.01109176915531441,2.0,0.07099825980489666,1.0,0.032632342277012324,0.03477474410010277,0.18747850170284985
general,1,1,model.layers.1.mlp,19,0.012172381643012535,40.0,0.0035979443728633587,42.0,0.0027524279823182693,44.0,0.012172381643012535,0.011280219873020017,0.007268080592229359
general,1,1,model.layers.1.mlp,20,0.013791049414689734,32.0,0.004410743219400704,31.0,0.003596390883875248,29.0,0.013791049414689734,0.013828494318458897,0.009496654936325882
general,1,1,model.layers.1.mlp,21,0.016704651403708692,22.0,0.005200001831117917,24.0,0.005372149165880676,14.0,0.016704651403708692,0.016302965781662588,0.014185734682951498
general,1,1,model.layers.1.mlp,22,0.01129182637522014,43.5,0.003261312059722366,46.0,0.00281727559160988,43.0,0.01129182637522014,0.010224815421179723,0.007439317643143169
general,1,1,model.layers.1.mlp,23,0.01881539417797576,18.0,0.006992429794332073,13.0,0.004524081630894129,23.0,0.01881539417797576,0.021922558370170066,0.01194632161509569
general,1,1,model.layers.1.mlp,24,0.007782554646223972,62.0,0.002340353326847871,61.0,0.0018849889928216263,62.0,0.007782554646223972,0.007337439763246852,0.004977515126028333
general,1,1,model.layers.1.mlp,25,0.004920750025898684,64.0,0.0011756839276002278,64.0,0.0010800866758815368,64.0,0.004920750025898684,0.0036859861715849754,0.0028520844350260603
general,1,1,model.layers.1.mlp,26,0.009336475707034083,52.0,0.002726171642316508,57.0,0.002059600336538329,59.0,0.009336475707034083,0.008547051413262683,0.005438595062216726
general,1,1,model.layers.1.mlp,27,0.020602403397907386,15.0,0.007532103746082824,11.0,0.005364576353079159,15.0,0.020602403397907386,0.023614535845254078,0.014165737860471537
general,1,1,model.layers.1.mlp,28,0.008960944784004972,58.0,0.0030288941302250598,51.0,0.0023596637321646307,52.0,0.008960944784004972,0.009496142302457983,0.006230944564619723
general,1,1,model.layers.1.mlp,29,0.021793742877861805,12.0,0.006821458010948669,15.0,0.004600416754499675,22.0,0.021793742877861805,0.02138653026390107,0.01214789267669913
general,1,1,model.layers.1.mlp,30,0.012016989536931524,41.0,0.0037932467561897854,39.0,0.002563521615724008,47.0,0.012016989536931524,0.011892528902104219,0.006769253118590648
general,1,1,model.layers.1.mlp,31,0.012690355329949238,36.0,0.003970415002136641,36.0,0.0028482349168813736,42.0,0.012690355329949238,0.012447984062520541,0.0075210690541155055
general,1,1,model.layers.1.mlp,32,0.02181964156220864,11.0,0.007613176238928312,10.0,0.005437981331520077,13.0,0.02181964156220864,0.02386871307818977,0.014359571560247432
general,1,1,model.layers.1.mlp,33,0.00924583031182016,55.0,0.0027088025783758934,58.0,0.003058297450306977,37.0,0.00924583031182016,0.008492596191076259,0.008075761649944745
general,1,1,model.layers.1.mlp,34,0.00859836320314928,59.0,0.002868317228937895,55.0,0.0021633196713403448,56.0,0.00859836320314928,0.00899270407069735,0.005712477063546525
general,1,1,model.layers.1.mlp,35,0.021612452087433957,13.0,0.00615052021958847,18.0,0.006656637623686933,10.0,0.021612452087433957,0.019283016417288048,0.017577563893778334
general,1,1,model.layers.1.mlp,36,0.009854449393970786,51.0,0.003105806141063659,49.0,0.0022422216690233133,54.0,0.009854449393970786,0.009737275656180471,0.005920826230802375
general,1,1,model.layers.1.mlp,37,0.025277115922511136,6.0,0.0083901620610173,8.0,0.008823865329570614,6.0,0.025277115922511136,0.026304707080066977,0.023300360540689312
general,1,1,model.layers.1.mlp,38,0.009323526364860665,53.0,0.002635393465761939,59.0,0.002546997486712004,48.0,0.009323526364860665,0.008262445070004398,0.006725619387881922
general,1,1,model.layers.1.mlp,39,0.016251424427639077,25.0,0.005194987754778307,25.0,0.0037039730118603627,27.0,0.016251424427639077,0.01628724572662297,0.009780737056367683
general,1,1,model.layers.1.mlp,40,0.022544804723920026,8.0,0.007492762531725888,12.0,0.0070359915260279175,8.0,0.022544804723920026,0.023491193874943216,0.0185792884631052
general,1,1,model.layers.1.mlp,41,0.01820677509582513,19.0,0.005470540651222418,22.0,0.0046299647122674025,21.0,0.01820677509582513,0.017151154930439647,0.012225917220763948
general,1,1,model.layers.1.mlp,42,0.024810939604268105,7.0,0.00796669075109422,9.0,0.006607224451590051,11.0,0.024810939604268105,0.0249770463408192,0.01744708312573464
general,1,1,model.layers.1.mlp,43,0.00919403294312649,56.0,0.0029053379312940276,53.0,0.0030156708143301843,39.0,0.00919403294312649,0.009108770807465286,0.00796320145667349
general,1,1,model.layers.1.mlp,44,0.01057961255568217,50.0,0.0033764650966668394,45.0,0.002512787745870541,49.0,0.01057961255568217,0.010585841451925693,0.006635284906808374
general,1,1,model.layers.1.mlp,45,0.02207862840567699,10.0,0.00628046889163343,17.0,0.006418460979671796,12.0,0.02207862840567699,0.019690429495691913,0.016948632980777402
general,1,1,model.layers.1.mlp,46,0.009271728996166994,54.0,0.0031788991076284576,47.0,0.002591676767218901,46.0,0.009271728996166994,0.009966435601020325,0.006843599808664245
general,1,1,model.layers.1.mlp,47,0.029226665285403502,3.0,0.00839393684484422,7.0,0.0067859151792624426,9.0,0.029226665285403502,0.026316541724277134,0.017918935111744888
general,1,1,model.layers.1.mlp,48,0.016160779032425153,26.0,0.00641628523435072,16.0,0.0051487811964468725,17.0,0.016160779032425153,0.020116238804961814,0.013595907659684523
general,1,1,model.layers.1.mlp,49,0.015824096135916295,27.0,0.004374007048488812,33.0,0.0033611059993486955,31.0,0.015824096135916295,0.013713319640299766,0.008875360023667702
general,1,1,model.layers.1.mlp,50,0.01542266652854035,29.0,0.00477391915482881,27.0,0.0040421651068086525,24.0,0.01542266652854035,0.014967117926738438,0.010673769469033667
general,1,1,model.layers.1.mlp,51,0.014114782969025174,31.0,0.004406304528870558,32.0,0.003308672425226666,32.0,0.014114782969025174,0.013814578204161529,0.008736903560898943
general,1,1,model.layers.1.mlp,52,0.014555060602921372,30.0,0.0039790774038835075,35.0,0.0029415379505186552,41.0,0.014555060602921372,0.012475142291277514,0.007767445697694053
general,1,1,model.layers.1.mlp,53,0.021508857350046616,14.0,0.01005372257167461,3.0,0.00705682109482953,7.0,0.021508857350046616,0.03152027641288405,0.01863429116825282
general,1,1,model.layers.1.mlp,54,0.013700404019475811,33.0,0.004178236769009635,34.0,0.003096905656874421,36.0,0.013700404019475811,0.013099543670392195,0.008177710750395785
general,1,1,model.layers.1.mlp,55,0.012496115197347975,37.0,0.003734234934654382,40.0,0.003998804305087997,25.0,0.012496115197347975,0.011707515946637926,0.010559270632561311
general,1,1,model.layers.1.mlp,56,0.007614213197969543,63.0,0.002248430701595359,62.0,0.0019104260894164365,61.0,0.007614213197969543,0.007049245362028705,0.005044684501311201
general,1,1,model.layers.1.mlp,57,0.011110535584792292,46.0,0.002932520168600435,52.0,0.0026281830600681766,45.0,0.011110535584792292,0.009193992139893185,0.006939998581041418
general,1,1,model.layers.1.mlp,58,0.012237128353879623,39.0,0.004705132097453512,28.0,0.0036559558821724174,28.0,0.012237128353879623,0.01475145780217851,0.009653942687678854
general,1,1,model.layers.1.mlp,59,0.0266497461928934,5.0,0.008959262887023464,5.0,0.010381320109371877,5.0,0.0266497461928934,0.028088943238826134,0.027412986531656837
general,1,1,model.layers.1.mlp,60,0.008196933595773335,60.0,0.002047323876806433,63.0,0.0015817558651256103,63.0,0.008196933595773335,0.006418738337324866,0.004176795606939539
general,1,1,model.layers.1.mlp,61,0.017520459960633998,21.0,0.005666399451595359,20.0,0.004860887889775676,20.0,0.017520459960633998,0.017765208429692182,0.01283569457934544
general,1,1,model.layers.1.mlp,62,0.01644566456024034,24.0,0.004573362424165415,29.0,0.003385342348636734,30.0,0.01644566456024034,0.014338335548678291,0.008939358697209205
general,1,1,model.layers.1.mlp,63,0.013532062571221382,34.0,0.0036137390294791773,41.0,0.0030461069990301037,38.0,0.013532062571221382,0.01132973903757105,0.008043571458991471
general,2,2,model.layers.2.mlp,0,0.00946596912876826,54.0,0.003127986947872423,56.0,0.002955650349220846,55.0,0.00946596912876826,0.009086451829330182,0.003202608912240046
general,2,2,model.layers.2.mlp,1,0.017287371801512484,24.0,0.005626324778404382,29.0,0.006835160855700547,16.0,0.017287371801512484,0.016343843477323653,0.007406270866522319
general,2,2,model.layers.2.mlp,2,0.010929244794364447,47.0,0.0037052633107097534,44.0,0.0038819645820337015,44.0,0.010929244794364447,0.010763375023239324,0.004206321079453362
general,2,2,model.layers.2.mlp,3,0.010916295452191029,48.0,0.0034199415013467316,50.0,0.0031155468310397065,52.0,0.010916295452191029,0.009934547115757862,0.0033758655012150933
general,2,2,model.layers.2.mlp,4,0.013091784937325183,36.0,0.004072264613332642,40.0,0.005897401427020591,25.0,0.013091784937325183,0.011829472712634261,0.00639015720320647
general,2,2,model.layers.2.mlp,5,0.002369729617735419,64.0,0.000668032409168458,64.0,0.0007227461203881821,64.0,0.002369729617735419,0.0019405593461536894,0.0007831349763859219
general,2,2,model.layers.2.mlp,6,0.010307676370040401,50.0,0.0032677108557572776,53.0,0.0038634359111626767,45.0,0.010307676370040401,0.009492334136244871,0.004186244250514801
general,2,2,model.layers.2.mlp,7,0.019385165233606134,12.0,0.006314827644255672,16.0,0.006782177710278743,18.0,0.019385165233606134,0.01834386720797532,0.007348860728759877
general,2,2,model.layers.2.mlp,8,0.0056200145032632345,63.0,0.0014202924487529784,61.0,0.001305807759877463,61.0,0.0056200145032632345,0.004125790527333651,0.0014149141729698199
general,2,2,model.layers.2.mlp,9,0.034108567284781934,3.0,0.011100950036581892,4.0,0.01072227413977667,5.0,0.034108567284781934,0.032247016834840214,0.01161817084642034
general,2,2,model.layers.2.mlp,10,0.030599295555785767,4.0,0.008425747460310266,7.0,0.0067403577267158826,19.0,0.030599295555785767,0.024475852904784212,0.007303546487816777
general,2,2,model.layers.2.mlp,11,0.012509064539521393,39.0,0.004325143515131307,38.0,0.005330604966585159,31.0,0.012509064539521393,0.012564057606414065,0.0057760022182992915
general,2,2,model.layers.2.mlp,12,0.0107479540039366,49.0,0.0034541232121814464,49.0,0.004055862856734964,42.0,0.0107479540039366,0.010033841158258576,0.004394749377316215
general,2,2,model.layers.2.mlp,13,0.011382471770434062,44.0,0.0035296821179296592,46.0,0.0038976205979266167,43.0,0.011382471770434062,0.010253331318799375,0.00422328522950651
general,2,2,model.layers.2.mlp,14,0.01831036983321247,18.0,0.006222761172550793,19.0,0.007601633324090723,10.0,0.01831036983321247,0.01807642441675403,0.008236785734053962
general,2,2,model.layers.2.mlp,15,0.012159432300839117,41.0,0.003836900202657205,42.0,0.004350353990205147,39.0,0.012159432300839117,0.01114576545439404,0.00471384663754387
general,2,2,model.layers.2.mlp,16,0.01666580337718844,28.0,0.00572520261673832,26.0,0.006420823718222122,20.0,0.01666580337718844,0.016631072525904154,0.006957313901937439
general,2,2,model.layers.2.mlp,17,0.009556614523982182,53.0,0.0036202200234868695,45.0,0.0035040936872776413,46.0,0.009556614523982182,0.010516333796521858,0.003796877284607704
general,2,2,model.layers.2.mlp,18,0.013428467833834041,35.0,0.004381607199510515,37.0,0.005292424723339256,32.0,0.013428467833834041,0.012728078287052502,0.0057346318351878195
general,2,2,model.layers.2.mlp,19,0.015539210608101109,30.0,0.006129831622131721,20.0,0.005228115587046538,33.0,0.015539210608101109,0.017806474478510664,0.005664949366460147
general,2,2,model.layers.2.mlp,20,0.017170827721951724,26.0,0.005891723063749611,24.0,0.007810299949214753,8.0,0.017170827721951724,0.01711479577845666,0.00846288744242601
general,2,2,model.layers.2.mlp,21,0.016096032321558065,29.0,0.005651287670445716,28.0,0.0063522656813941565,22.0,0.016096032321558065,0.016416357883500647,0.006883027516943082
general,2,2,model.layers.2.mlp,22,0.017494561276287166,23.0,0.006489899841896626,15.0,0.006792051158416088,17.0,0.017494561276287166,0.018852432338530456,0.007359559150177531
general,2,2,model.layers.2.mlp,23,0.015085983632031492,31.0,0.005290805299356418,33.0,0.0057228720414753366,28.0,0.015085983632031492,0.015369196960257807,0.006201045062204286
general,2,2,model.layers.2.mlp,24,0.007225732932767015,61.0,0.0013423498017941314,62.0,0.0009961098341946064,62.0,0.007225732932767015,0.0038993758654937848,0.001079339521131981
general,2,2,model.layers.2.mlp,25,0.018465761939293484,16.0,0.006292741681261654,17.0,0.00719661287338971,13.0,0.018465761939293484,0.018279709958538583,0.00779792390948243
general,2,2,model.layers.2.mlp,26,0.017183777064125143,25.0,0.008980798755891951,5.0,0.0075546599331018675,11.0,0.017183777064125143,0.026088214766952694,0.008185887494125582
general,2,2,model.layers.2.mlp,27,0.018129079042784626,20.0,0.0062236764153631,18.0,0.005891830733148784,26.0,0.018129079042784626,0.01807908309464008,0.006384121051519612
general,2,2,model.layers.2.mlp,28,0.02231171656479851,8.5,0.006628773316909251,14.0,0.005560183403057396,29.0,0.02231171656479851,0.01925584423317797,0.006024763018743074
general,2,2,model.layers.2.mlp,29,0.023710245519527606,6.0,0.007639353131798404,10.0,0.008030730960829869,7.0,0.023710245519527606,0.02219146543643442,0.008701736507410558
general,2,2,model.layers.2.mlp,30,0.007886149383611313,59.0,0.013421803475117839,2.0,0.5757764940569096,1.0,0.007886149383611313,0.03898883619778095,0.6238853428014883
general,2,2,model.layers.2.mlp,31,0.009724955972236611,52.0,0.003183363089842536,55.0,0.0027668946912273104,57.0,0.009724955972236611,0.009247313321047028,0.002998081826454953
general,2,2,model.layers.2.mlp,32,0.014088884284678338,33.0,0.005698554666254986,27.0,0.006326577108938818,23.0,0.014088884284678338,0.01655366321363644,0.006855192542785912
general,2,2,model.layers.2.mlp,33,0.012703304672122656,38.0,0.004479549245538951,36.0,0.004822724629731903,36.0,0.012703304672122656,0.013012588963770238,0.005225686077695415
general,2,2,model.layers.2.mlp,34,0.01864705272972133,15.0,0.007739780085773205,9.0,0.00740251920601716,12.0,0.01864705272972133,0.022483194492490442,0.008021034689867252
general,2,2,model.layers.2.mlp,35,0.017585206671501086,22.0,0.0059560903993577125,23.0,0.006391704635706008,21.0,0.017585206671501086,0.017301775680908987,0.006925761782382111
general,2,2,model.layers.2.mlp,36,0.04415725681135398,1.0,0.017032760419364447,1.0,0.02098732874994542,2.0,0.04415725681135398,0.04947826178633693,0.02274091930948653
general,2,2,model.layers.2.mlp,37,0.011473117165647985,43.0,0.0034599023619600123,48.0,0.0033708680386381126,49.0,0.011473117165647985,0.010050628941248894,0.0036525200030421115
general,2,2,model.layers.2.mlp,38,0.020447011291826377,11.0,0.006749743441158189,13.0,0.005844636207897404,27.0,0.020447011291826377,0.01960724889857266,0.006332983200515399
general,2,2,model.layers.2.mlp,39,0.018362167201906143,17.0,0.007339216718571947,11.0,0.0071952039360271445,14.0,0.018362167201906143,0.021319602763585,0.0077963972487408
general,2,2,model.layers.2.mlp,40,0.0068502020097379055,62.0,0.0012405808078406648,63.0,0.0009754278636194505,63.0,0.0068502020097379055,0.0036037483335737623,0.0010569294741167308
general,2,2,model.layers.2.mlp,41,0.007937946752304983,58.0,0.0022804626192958147,59.0,0.002322373541737145,59.0,0.007937946752304983,0.006624488555783029,0.0025164188329240425
general,2,2,model.layers.2.mlp,42,0.009129286232259401,55.0,0.0030930338406777685,57.0,0.0030300993580202494,54.0,0.009129286232259401,0.00898491696678043,0.003283278487770609
general,2,2,model.layers.2.mlp,43,0.01386874546773024,34.0,0.004980198128981923,34.0,0.005379106058102067,30.0,0.01386874546773024,0.014466917910349346,0.0058285558053588595
general,2,2,model.layers.2.mlp,44,0.021741945509168133,10.0,0.008276830025315964,8.0,0.008586073676922107,6.0,0.021741945509168133,0.024043264431055606,0.00930348073347351
general,2,2,model.layers.2.mlp,45,0.02231171656479851,8.5,0.00586040089392951,25.0,0.004620001391079507,38.0,0.02231171656479851,0.01702380838240821,0.005006024353839114
general,2,2,model.layers.2.mlp,46,0.017883041541489692,21.0,0.004753129390636331,35.0,0.003472477280041115,47.0,0.017883041541489692,0.013807308651324984,0.0037626191770425105
general,2,2,model.layers.2.mlp,47,0.012224179011706205,40.0,0.004029600703999081,41.0,0.004121002406854401,41.0,0.012224179011706205,0.011705538833282878,0.004465331644872597
general,2,2,model.layers.2.mlp,48,0.016743499430228945,27.0,0.006025908092853258,22.0,0.006867850776968238,15.0,0.016743499430228945,0.017504588262724174,0.007441692185292291
general,2,2,model.layers.2.mlp,49,0.010009841500051797,51.0,0.0034786434997539626,47.0,0.0034110627898256184,48.0,0.010009841500051797,0.010105069848013992,0.003696073215759682
general,2,2,model.layers.2.mlp,50,0.012832798093856831,37.0,0.005496173772887962,30.0,0.006111219009361551,24.0,0.012832798093856831,0.01596576937986995,0.00662184025562818
general,2,2,model.layers.2.mlp,51,0.01129182637522014,45.0,0.003203545853620636,54.0,0.00273865904357243,58.0,0.01129182637522014,0.009305941989870978,0.0029674869569210017
general,2,2,model.layers.2.mlp,52,0.009090438205739149,57.0,0.0030764424960180773,58.0,0.002882789677642089,56.0,0.009090438205739149,0.00893672096834871,0.0031236603870156616
general,2,2,model.layers.2.mlp,53,0.007381125038848027,60.0,0.0019734848055656274,60.0,0.0021817108854924683,60.0,0.007381125038848027,0.005732752380531505,0.00236400314660062
general,2,2,model.layers.2.mlp,54,0.011900445457370765,42.0,0.0032690386691637315,52.0,0.0030614855389491744,53.0,0.011900445457370765,0.009496191285509605,0.0033172871325315334
general,2,2,model.layers.2.mlp,55,0.011162332953485963,46.0,0.0037808158935369834,43.0,0.003364076802151417,50.0,0.011162332953485963,0.01098284681640267,0.0036451613266333294
general,2,2,model.layers.2.mlp,56,0.014101833626851756,32.0,0.004136220959076842,39.0,0.004281856588429612,40.0,0.014101833626851756,0.012015258735552268,0.004639625953947298
general,2,2,model.layers.2.mlp,57,0.023023930384336477,7.0,0.006960714022680773,12.0,0.007796865906560592,9.0,0.023023930384336477,0.020220094814606487,0.008448330921982727
general,2,2,model.layers.2.mlp,58,0.02763389619807314,5.0,0.00880666551201699,6.0,0.012597457877307509,4.0,0.02763389619807314,0.02558237719194905,0.01365003505237657
general,2,2,model.layers.2.mlp,59,0.03529990676473635,2.0,0.01134607229506452,3.0,0.01547586635296581,3.0,0.03529990676473635,0.03295906954833186,0.01676894816726537
general,2,2,model.layers.2.mlp,60,0.018297420491039055,19.0,0.0053601961956856025,32.0,0.005146107059199813,34.0,0.018297420491039055,0.015570769744095044,0.005576088638319268
general,2,2,model.layers.2.mlp,61,0.01912617839013778,13.0,0.005468732295821247,31.0,0.005099840627960636,35.0,0.01912617839013778,0.01588605496173212,0.005525956427970641
general,2,2,model.layers.2.mlp,62,0.009103387547912565,56.0,0.003382535100810629,51.0,0.0033104377118068867,51.0,0.009103387547912565,0.00982588571075708,0.003587040436648109
general,2,2,model.layers.2.mlp,63,0.018724748782761837,14.0,0.006100935873238889,21.0,0.004757844142235277,37.0,0.018724748782761837,0.01772253556355908,0.005155384518669008
general,3,3,model.layers.3.mlp,0,0.02455195276079975,7.0,0.00945563747588185,8.0,0.013049759640405953,6.0,0.02455195276079975,0.025723768354357177,0.024765335361710245
general,3,3,model.layers.3.mlp,1,0.009724955972236611,50.0,0.0031203741510087537,54.0,0.003954899475043281,49.0,0.009724955972236611,0.008488881055794411,0.007505457151718988
general,3,3,model.layers.3.mlp,2,0.009530715839635346,51.0,0.003140733956574381,53.0,0.004044200766954745,48.0,0.009530715839635346,0.008544269275091715,0.007674929732315314
general,3,3,model.layers.3.mlp,3,0.01897078628405677,20.0,0.007549883799887341,17.0,0.009274664725118427,17.0,0.01897078628405677,0.020539224612405454,0.017601104435195313
general,3,3,model.layers.3.mlp,4,0.020718947477468146,15.0,0.006998702131947322,19.0,0.008881062762996057,22.0,0.020718947477468146,0.019039751987379193,0.016854141666562707
general,3,3,model.layers.3.mlp,5,0.007666010566663214,59.0,0.00308944242155936,55.0,0.0030528825196292526,54.0,0.007666010566663214,0.008404732245607328,0.005793643829609222
general,3,3,model.layers.3.mlp,6,0.01177095203563659,44.0,0.0034341933652426706,50.0,0.0032626600266676127,53.0,0.01177095203563659,0.009342616490627884,0.006191751569238586
general,3,3,model.layers.3.mlp,7,0.008999792810525225,54.0,0.0040508425570418526,43.0,0.0042801432202126425,45.0,0.008999792810525225,0.011020191482922556,0.008122692307413188
general,3,3,model.layers.3.mlp,8,0.01289754480472392,34.0,0.0046274423673339895,37.0,0.006397330090148849,29.0,0.01289754480472392,0.012588813375518744,0.01214060867539226
general,3,3,model.layers.3.mlp,9,0.02257070340826686,12.5,0.0097742747559049,6.0,0.014225762036042325,5.0,0.02257070340826686,0.02659061118767032,0.02699710778638637
general,3,3,model.layers.3.mlp,10,0.01763700404019476,22.0,0.0054851213070094785,31.0,0.006717722397442341,27.0,0.01763700404019476,0.014922102318003859,0.012748636957604254
general,3,3,model.layers.3.mlp,11,0.009880348078317622,49.0,0.0032728324217535998,51.0,0.0038839112461696917,50.0,0.009880348078317622,0.00890363905073124,0.00737073840262074
general,3,3,model.layers.3.mlp,12,0.022829690251735212,11.0,0.008297000143252098,13.0,0.008908158643264778,20.0,0.022829690251735212,0.02257173144227173,0.016905563193109284
general,3,3,model.layers.3.mlp,13,0.009012742152698643,53.0,0.0037812015917169533,48.0,0.0038691455400699866,51.0,0.009012742152698643,0.010286641603440097,0.007342716609615495
general,3,3,model.layers.3.mlp,14,0.012327773749093546,39.0,0.0028720603981598983,56.0,0.0016116373242804965,60.0,0.012327773749093546,0.007813351196091394,0.0030585037515690407
general,3,3,model.layers.3.mlp,15,0.008041541489692324,57.0,0.0020049855979035014,61.0,0.0014671984219924194,62.0,0.008041541489692324,0.005454501106439885,0.002784393120185009
general,3,3,model.layers.3.mlp,16,0.01581114679374288,29.0,0.005377770754558168,32.0,0.005430446380025165,36.0,0.01581114679374288,0.014630058471038137,0.010305693704020206
general,3,3,model.layers.3.mlp,17,0.011240029006526469,45.0,0.005008271898146949,34.0,0.005534538064307528,33.0,0.011240029006526469,0.013624848297343777,0.010503234926284265
general,3,3,model.layers.3.mlp,18,0.01832331917538589,21.0,0.0057582209101121416,26.0,0.00662876087280721,28.0,0.01832331917538589,0.015665061314242723,0.012579809174366286
general,3,3,model.layers.3.mlp,19,0.011887496115197347,42.5,0.003847206563859681,45.0,0.003510330496210206,52.0,0.011887496115197347,0.010466206082087474,0.006661771125646581
general,3,3,model.layers.3.mlp,20,0.02257070340826686,12.5,0.008929229012353672,10.0,0.011609764657756412,8.0,0.02257070340826686,0.02429169046324608,0.022032567889574133
general,3,3,model.layers.3.mlp,21,0.005594115818916399,62.0,0.0015366468406842432,62.0,0.0019997576384575616,59.0,0.005594115818916399,0.00418040004949849,0.0037950636581228717
general,3,3,model.layers.3.mlp,22,0.02745260540764529,5.0,0.008618033810327748,11.0,0.009056300358046191,19.0,0.02745260540764529,0.02344509357220403,0.01718670088060055
general,3,3,model.layers.3.mlp,23,0.04191702061535274,1.0,0.009723198200203304,7.0,0.007656038273849488,24.0,0.04191702061535274,0.02645165900273752,0.01452933698540317
general,3,3,model.layers.3.mlp,24,0.02901947581062882,4.0,0.014742396105809075,1.0,0.022307068959116244,2.0,0.02901947581062882,0.04010623116435016,0.04233350336957816
general,3,3,model.layers.3.mlp,25,0.03256759556614524,2.0,0.012818078333808143,2.0,0.01780305612408953,3.0,0.03256759556614524,0.03487118437523792,0.03378595985869906
general,3,3,model.layers.3.mlp,26,0.008986843468351808,55.0,0.004336145397641925,42.0,0.0043838683111149515,44.0,0.008986843468351808,0.011796349008119121,0.00831953782276397
general,3,3,model.layers.3.mlp,27,0.010722055319589766,46.0,0.003236159480051538,52.0,0.00408030450143407,47.0,0.010722055319589766,0.00880387145075473,0.007743446020494459
general,3,3,model.layers.3.mlp,28,0.01922977312752512,19.0,0.006632946444758106,22.0,0.010001975554796521,15.0,0.01922977312752512,0.018044724989406572,0.01898136714543029
general,3,3,model.layers.3.mlp,29,0.01509893297420491,30.0,0.005703951279314073,27.0,0.006160430087884785,31.0,0.01509893297420491,0.015517422467587829,0.01169102890036761
general,3,3,model.layers.3.mlp,30,0.02508287578990987,6.0,0.008946933191106392,9.0,0.010344240472907787,14.0,0.02508287578990987,0.02433985413220026,0.019630904432946957
general,3,3,model.layers.3.mlp,31,0.02354190407127318,9.0,0.008254522760087538,14.0,0.012268975754127123,7.0,0.02354190407127318,0.022456173039402387,0.023283593527259637
general,3,3,model.layers.3.mlp,32,0.012366621775613798,38.0,0.004716747303299493,36.0,0.006310936140326235,30.0,0.012366621775613798,0.012831764682771887,0.011976653537555464
general,3,3,model.layers.3.mlp,33,0.020123277737490935,16.0,0.007180599922789547,18.0,0.01126600258838855,9.0,0.020123277737490935,0.01953459928326268,0.02138018936559193
general,3,3,model.layers.3.mlp,34,0.01047601781829483,47.0,0.004006234349505982,44.0,0.005419320100682036,37.0,0.01047601781829483,0.01089883623846837,0.010284578676092221
general,3,3,model.layers.3.mlp,35,0.010035740184398633,48.0,0.0038292747599515693,46.0,0.004942363711674294,41.0,0.010035740184398633,0.010417423165961028,0.009379429060147293
general,3,3,model.layers.3.mlp,36,0.013570910597741634,33.0,0.0055011056512547915,30.0,0.005410033518595701,38.0,0.013570910597741634,0.014965587230545344,0.010266954955344135
general,3,3,model.layers.3.mlp,37,0.016911840878483374,24.0,0.00646576841396457,24.0,0.008025415310412136,23.0,0.016911840878483374,0.017589922343996416,0.015230326615669197
general,3,3,model.layers.3.mlp,38,0.014568009945094789,31.0,0.005246797769313944,33.0,0.00549086791443032,34.0,0.014568009945094789,0.01427375052863927,0.010420359383990248
general,3,3,model.layers.3.mlp,39,0.006966746089298663,61.0,0.008179406458808143,15.0,0.0948986389668361,1.0,0.006966746089298663,0.02225182147255395,0.18009501202663147
general,3,3,model.layers.3.mlp,40,0.02294623433129597,10.0,0.009992238488034808,4.0,0.010920245629153226,10.0,0.02294623433129597,0.027183574757737604,0.020724025015821455
general,3,3,model.layers.3.mlp,41,0.01584999482026313,28.0,0.0066296458800049205,23.0,0.010473008696049665,12.0,0.01584999482026313,0.018035745905408688,0.0198752758480469
general,3,3,model.layers.3.mlp,42,0.012664456645602404,36.0,0.00479647933689656,35.0,0.005474449838220759,35.0,0.012664456645602404,0.013048673206169092,0.01038920178610891
general,3,3,model.layers.3.mlp,43,0.004752408577644256,63.0,0.0012241870544616958,63.0,0.001187704165132212,63.0,0.004752408577644256,0.0033303628963882856,0.0022539795958329474
general,3,3,model.layers.3.mlp,44,0.007458821091888532,60.0,0.002644751388816948,57.0,0.002945230587266056,55.0,0.007458821091888532,0.007194964089340441,0.0055893461045342045
general,3,3,model.layers.3.mlp,45,0.008857350046617632,56.0,0.0025695971500116544,58.0,0.0027033662971305585,56.0,0.008857350046617632,0.006990509314629959,0.005130345293616491
general,3,3,model.layers.3.mlp,46,0.011887496115197347,42.5,0.003826581195612763,47.0,0.004700880563107536,42.0,0.011887496115197347,0.010410095407755858,0.00892115156513962
general,3,3,model.layers.3.mlp,47,0.017313270485859317,23.0,0.006812643859098208,21.0,0.00890689664936635,21.0,0.017313270485859317,0.018533586229291472,0.016903168229295377
general,3,3,model.layers.3.mlp,48,0.03053454884491868,3.0,0.011700223841519477,3.0,0.015906982542961405,4.0,0.03053454884491868,0.03183009591485049,0.030187663843979806
general,3,3,model.layers.3.mlp,49,0.023580752097793433,8.0,0.00848638427253833,12.0,0.010365925068578904,13.0,0.023580752097793433,0.0230869450895987,0.019672056630288245
general,3,3,model.layers.3.mlp,50,0.012586760592561898,37.0,0.004377143217296436,40.0,0.005247139699867473,39.0,0.012586760592561898,0.011907882304368723,0.0099578212884938
general,3,3,model.layers.3.mlp,51,0.01279395006733658,35.0,0.002399453669277038,60.0,0.00152875766827483,61.0,0.01279395006733658,0.006527639254669975,0.0029012179062965935
general,3,3,model.layers.3.mlp,52,0.019618253392727648,17.0,0.0069309204190083394,20.0,0.009203960526088946,18.0,0.019618253392727648,0.018855353940526058,0.017466924707085642
general,3,3,model.layers.3.mlp,53,0.009453019786594841,52.0,0.004336575356268776,41.0,0.005077177302279547,40.0,0.009453019786594841,0.011797518697222295,0.009635273142694054
general,3,3,model.layers.3.mlp,54,0.013959390862944163,32.0,0.004416117702236351,39.0,0.004103423289682203,46.0,0.013959390862944163,0.012013911181309277,0.00778731997372411
general,3,3,model.layers.3.mlp,55,0.016134880348078317,27.0,0.003758344232362996,49.0,0.002452537984425455,57.0,0.016134880348078317,0.010224458866558187,0.004654332903080187
general,3,3,model.layers.3.mlp,56,0.012237128353879623,40.0,0.00455485523444784,38.0,0.005800036820959801,32.0,0.012237128353879623,0.012391342332806617,0.011007088324951621
general,3,3,model.layers.3.mlp,57,0.016342069822853,25.0,0.005609252891749974,28.0,0.007362058149058498,25.0,0.016342069822853,0.015259798442614003,0.013971432734233392
general,3,3,model.layers.3.mlp,58,0.016199627058945405,26.0,0.006418409735801046,25.0,0.009766066763162193,16.0,0.016199627058945405,0.01746108452954399,0.018533668452075793
general,3,3,model.layers.3.mlp,59,0.019540557339687143,18.0,0.007609003111079457,16.0,0.010805263903077298,11.0,0.019540557339687143,0.020700056864091723,0.020505817088227005
general,3,3,model.layers.3.mlp,60,0.012185330985185953,41.0,0.0055328972979578886,29.0,0.006778077697957363,26.0,0.012185330985185953,0.015052075418938774,0.012863176941427653
general,3,3,model.layers.3.mlp,61,0.02079664353050865,14.0,0.009948736791670984,5.0,0.004633323698770882,43.0,0.02079664353050865,0.027065229742593056,0.008792944728585906
general,3,3,model.layers.3.mlp,62,0.003250284885527815,64.0,0.0009088566621128146,64.0,0.0010623457216094544,64.0,0.003250284885527815,0.0024725163483833674,0.0020160791302450205
general,3,3,model.layers.3.mlp,63,0.007860250699264477,58.0,0.0025500087408059672,59.0,0.002111087477176773,58.0,0.007860250699264477,0.00693721965519423,0.004006341173389093
general,4,4,model.layers.4.mlp,0,0.010165233606132808,48.0,0.003254154513169481,47.0,0.005612706986857883,43.0,0.010165233606132808,0.009569697917663782,0.009858108339223324
general,4,4,model.layers.4.mlp,1,0.011965192168237854,41.0,0.0037374533014347872,43.0,0.006284935583395129,40.0,0.011965192168237854,0.010990965220416178,0.011038804632278541
general,4,4,model.layers.4.mlp,2,0.009077488863565731,54.0,0.0019556794600771783,57.0,0.0014312309485538988,59.0,0.009077488863565731,0.005751190234200069,0.0025138012339376284
general,4,4,model.layers.4.mlp,3,0.017054283642390967,19.0,0.005362115202203978,21.0,0.007501597042617793,29.0,0.017054283642390967,0.015768711189692735,0.01317573793473997
general,4,4,model.layers.4.mlp,4,0.01364860665078214,34.0,0.005009068586190822,25.0,0.00653171137389767,38.0,0.01364860665078214,0.014730484684950432,0.011472239423007465
general,4,4,model.layers.4.mlp,5,0.0095695638661556,50.0,0.0030516692916062365,49.0,0.00490421099005728,49.0,0.0095695638661556,0.008974236824679549,0.008613712308801574
general,4,4,model.layers.4.mlp,6,0.012327773749093546,40.0,0.004292112575915518,34.0,0.005358661922738982,48.0,0.012327773749093546,0.012622086816680318,0.009411905861347122
general,4,4,model.layers.4.mlp,7,0.019812493525328913,15.0,0.007934728385524578,13.0,0.01049122940180662,17.0,0.019812493525328913,0.02333415742887546,0.01842670146451982
general,4,4,model.layers.4.mlp,8,0.0159017921889568,28.0,0.005363594765714027,20.0,0.008879246015561303,22.0,0.0159017921889568,0.015773062235650715,0.015595428266071484
general,4,4,model.layers.4.mlp,9,0.01171915466694292,42.5,0.004290253637146483,35.0,0.008533557240175765,24.0,0.01171915466694292,0.012616620117912602,0.014988263593591079
general,4,4,model.layers.4.mlp,10,0.025859836320314928,7.0,0.010222765864158163,9.0,0.01722853970121043,7.0,0.025859836320314928,0.030062733901260116,0.030260053000953694
general,4,4,model.layers.4.mlp,11,0.009556614523982182,51.0,0.0029240537774040455,50.0,0.003725461586175231,53.0,0.009556614523982182,0.008598949813697137,0.006543367401170931
general,4,4,model.layers.4.mlp,12,0.02535481197555164,9.0,0.010665490468474826,6.0,0.011906183874208507,12.0,0.02535481197555164,0.03136468213601102,0.02091191484135694
general,4,4,model.layers.4.mlp,13,0.016238475085465658,22.0,0.005219508042350824,22.0,0.009870725728345266,18.0,0.016238475085465658,0.015349337298512173,0.017336854363612715
general,4,4,model.layers.4.mlp,14,0.017870092199316276,17.0,0.01482961447785015,2.0,0.056063110748066455,1.0,0.017870092199316276,0.04361038488311268,0.09846874616515745
general,4,4,model.layers.4.mlp,15,0.01090334611001761,45.0,0.004636294456710349,29.0,0.00548879243008963,46.0,0.01090334611001761,0.013634244234101743,0.00964046592028206
general,4,4,model.layers.4.mlp,16,0.02170309748264788,14.0,0.008827177067686211,11.0,0.010976268831867404,14.0,0.02170309748264788,0.025958637692716936,0.01927862038021065
general,4,4,model.layers.4.mlp,17,0.005555267792396146,59.0,0.001903730341279913,58.0,0.0024838691956868115,56.0,0.005555267792396146,0.0055984201761199275,0.004362645634071845
general,4,4,model.layers.4.mlp,18,0.0025898684346835183,61.0,0.0006661703089389309,62.0,0.0009304612105459324,62.0,0.0025898684346835183,0.0019590491454731683,0.0016342537460951084
general,4,4,model.layers.4.mlp,19,0.0028100072516316172,60.0,0.0006678522059204393,61.0,0.0009533566758800736,61.0,0.0028100072516316172,0.001963995206263007,0.0016744671365801962
general,4,4,model.layers.4.mlp,20,0.009453019786594841,53.0,0.0031653680567245933,48.0,0.005389394952737024,47.0,0.009453019786594841,0.009308597971758066,0.009465885080291331
general,4,4,model.layers.4.mlp,21,0.013674505335128975,33.0,0.004179691040835751,37.0,0.006817668400443206,33.0,0.013674505335128975,0.012291481700727918,0.011974491786198475
general,4,4,model.layers.4.mlp,22,0.01101989018957837,44.0,0.0033113895939086294,46.0,0.005545103308679798,45.0,0.01101989018957837,0.009738012738226274,0.009739369843668499
general,4,4,model.layers.4.mlp,23,0.02417642183777064,10.0,0.007477372542052989,15.0,0.013442985303634363,9.0,0.02417642183777064,0.021989182184095655,0.023611139123441656
general,4,4,model.layers.4.mlp,24,0.013791049414689734,31.0,0.004198293074368072,36.0,0.006566303145492755,36.0,0.013791049414689734,0.012346185876832078,0.011532996101171582
general,4,4,model.layers.4.mlp,25,0.008404123070548017,56.0,0.002260577032803921,55.0,0.0025149351041843133,55.0,0.008404123070548017,0.0066478218031731096,0.004417209517834504
general,4,4,model.layers.4.mlp,26,0.05073552263545012,1.0,0.017466588673857867,1.0,0.02650562169659938,3.0,0.05073552263545012,0.05136510162146748,0.04655423682286751
general,4,4,model.layers.4.mlp,27,0.008637211229669532,55.0,0.0034941220103206255,45.0,0.013000379729540153,10.0,0.008637211229669532,0.010275385508250141,0.022833750652748033
general,4,4,model.layers.4.mlp,28,0.01859525536102766,16.0,0.008164838448863048,12.0,0.010831327280914377,15.0,0.01859525536102766,0.024010856640622125,0.019024046336795303
general,4,4,model.layers.4.mlp,29,0.015668704029835286,29.0,0.005077153799336993,24.0,0.008404023996658997,25.0,0.015668704029835286,0.014930707175871435,0.01476075256351071
general,4,4,model.layers.4.mlp,30,0.007510618460582203,57.0,0.002352607147713146,54.0,0.004319059435503169,51.0,0.007510618460582203,0.006918460580602085,0.007585957353275435
general,4,4,model.layers.4.mlp,31,0.0024992230394695948,62.0,0.0006970641008624262,60.0,0.0011808163640113936,60.0,0.0024992230394695948,0.0020499004726128433,0.00207397529791035
general,4,4,model.layers.4.mlp,32,0.017857142857142856,18.0,0.007382718414935771,16.0,0.009277306519287442,19.0,0.017857142857142856,0.02171082680806599,0.016294578173680487
general,4,4,model.layers.4.mlp,33,0.01649746192893401,21.0,0.004740774403035326,28.0,0.007050110252764538,31.0,0.01649746192893401,0.013941495017903625,0.012382750576140444
general,4,4,model.layers.4.mlp,34,0.026351911322904795,6.0,0.010406661698031052,7.0,0.01807382749909751,6.0,0.026351911322904795,0.03060352800656718,0.03174470892703461
general,4,4,model.layers.4.mlp,35,0.028721640940640215,5.0,0.010954485894929037,5.0,0.018559219151053,5.0,0.028721640940640215,0.032214549258042534,0.03259724648211025
general,4,4,model.layers.4.mlp,36,0.013350771780793535,36.0,0.0040535740589065575,39.0,0.00671193165355157,34.0,0.013350771780793535,0.011920601518343973,0.01178877670990187
general,4,4,model.layers.4.mlp,37,0.03348699886045789,4.0,0.012294616351458097,4.0,0.024293238746316264,4.0,0.03348699886045789,0.036155555620015496,0.04266842720144789
general,4,4,model.layers.4.mlp,38,0.013428467833834041,35.0,0.003920160426162851,41.0,0.006847237405927456,32.0,0.013428467833834041,0.011528263613586063,0.012026426522900275
general,4,4,model.layers.4.mlp,39,0.009996892157878379,49.0,0.0026875828555565627,53.0,0.0038712948020811983,52.0,0.009996892157878379,0.007903544823173864,0.006799507556932598
general,4,4,model.layers.4.mlp,40,0.012806899409509997,37.0,0.0036107040274072828,44.0,0.006206792158803198,41.0,0.012806899409509997,0.010618225616682669,0.010901554220413294
general,4,4,model.layers.4.mlp,41,0.010346524396560655,47.0,0.0028025462048715424,51.0,0.003133453985435548,54.0,0.010346524396560655,0.00824162481295151,0.0055035705474601295
general,4,4,model.layers.4.mlp,42,0.013713353361649229,32.0,0.004444507617450534,32.0,0.00668405274585882,35.0,0.013713353361649229,0.013070244550352127,0.01173981044584108
general,4,4,model.layers.4.mlp,43,0.022751994198694708,12.0,0.006626990253192013,18.0,0.00893591106378679,21.0,0.022751994198694708,0.01948840922264064,0.01569495424983692
general,4,4,model.layers.4.mlp,44,0.009491867813115094,52.0,0.002781832315730861,52.0,0.00472916077714775,50.0,0.009491867813115094,0.008180710169539807,0.008306255680884441
general,4,4,model.layers.4.mlp,45,0.016096032321558065,24.0,0.005112498927632601,23.0,0.00881213146263511,23.0,0.016096032321558065,0.015034648829312037,0.015477548865733265
general,4,4,model.layers.4.mlp,46,0.015979488241997308,27.0,0.004625526522276106,30.0,0.007724960491897789,28.0,0.015979488241997308,0.013602578288518675,0.013568051498797501
general,4,4,model.layers.4.mlp,47,0.04477882523567803,2.0,0.010392011490113177,8.0,0.011760469827046321,13.0,0.04477882523567803,0.03056044521389779,0.02065598399251074
general,4,4,model.layers.4.mlp,48,0.0017611105355847922,63.0,0.00044574063762560864,63.0,0.0006199415171503292,63.0,0.0017611105355847922,0.0013108176745883222,0.0010888597345915867
general,4,4,model.layers.4.mlp,49,0.025652646845540247,8.0,0.008968608164236508,10.0,0.013881856091663983,8.0,0.025652646845540247,0.026374553060187312,0.02438196784930364
general,4,4,model.layers.4.mlp,50,0.0219361856417694,13.0,0.007150932777536776,17.0,0.010595750035292607,16.0,0.0219361856417694,0.021029200129742985,0.018610280570110348
general,4,4,model.layers.4.mlp,51,0.016096032321558065,24.0,0.004969525038362426,26.0,0.008068050423132056,26.0,0.016096032321558065,0.014614196473748727,0.01417065158466044
general,4,4,model.layers.4.mlp,52,0.01235367243344038,38.5,0.00453457130393401,31.0,0.007806430861861746,27.0,0.01235367243344038,0.013335100527383958,0.013711145327750595
general,4,4,model.layers.4.mlp,53,0.016510411271107427,20.0,0.004374892257426447,33.0,0.0063696828294816715,39.0,0.016510411271107427,0.012865522259765179,0.011187653937137701
general,4,4,model.layers.4.mlp,54,0.005904900031078421,58.0,0.0012624849868564177,59.0,0.0014421679859091972,58.0,0.005904900031078421,0.0037126694202465546,0.002533010948503367
general,4,4,model.layers.4.mlp,55,0.0014632756655961877,64.0,0.00038148711459520357,64.0,0.0005008130310487095,64.0,0.0014632756655961877,0.001121863277045674,0.0008796235273519725
general,4,4,model.layers.4.mlp,56,0.01509893297420491,30.0,0.004143688328757899,38.0,0.006559379466069427,37.0,0.01509893297420491,0.01218560624908377,0.011520835412573186
general,4,4,model.layers.4.mlp,57,0.01171915466694292,42.5,0.003925939575941417,40.0,0.006052559335431163,42.0,0.01171915466694292,0.011545258724721074,0.010630661069242936
general,4,4,model.layers.4.mlp,58,0.022933284989122553,11.0,0.007602895169409769,14.0,0.012229409998505273,11.0,0.022933284989122553,0.022358314510411013,0.021479626314420776
general,4,4,model.layers.4.mlp,59,0.016096032321558065,24.0,0.005387545990398063,19.0,0.00739040186785576,30.0,0.016096032321558065,0.015843497116372184,0.012980435724564083
general,4,4,model.layers.4.mlp,60,0.016057184295037812,26.0,0.004934875431374961,27.0,0.009020929336995519,20.0,0.016057184295037812,0.014512300183792643,0.015844279584308823
general,4,4,model.layers.4.mlp,61,0.01235367243344038,38.5,0.003844323311891381,42.0,0.005612685390748373,44.0,0.01235367243344038,0.01130524461691941,0.009858070408009784
general,4,4,model.layers.4.mlp,62,0.034147415311302186,3.0,0.012471190242832539,3.0,0.029382302884757672,2.0,0.034147415311302186,0.03667481762609461,0.051606813926334996
general,4,4,model.layers.4.mlp,63,0.010411271107427744,46.0,0.0021533339700093236,56.0,0.0014723545176439287,57.0,0.010411271107427744,0.006332445348073636,0.0025860303027869904
general,5,5,model.layers.5.mlp,0,0.008119237542732829,54.0,0.0027698440575468766,50.0,0.004610385838191731,48.0,0.008119237542732829,0.008124225819220064,0.007281993132974836
general,5,5,model.layers.5.mlp,1,0.013739252045996063,33.0,0.004397123647603076,35.0,0.0072957280740384226,36.0,0.013739252045996063,0.012897197360561314,0.011523426368157718
general,5,5,model.layers.5.mlp,2,0.004713560551124003,59.0,0.0017155096294545738,58.0,0.0028011070530235267,58.0,0.004713560551124003,0.005031758949303094,0.004424280969257226
general,5,5,model.layers.5.mlp,3,0.006979695431472081,55.0,0.001893525146813167,56.0,0.003966815872713159,53.0,0.006979695431472081,0.005553896019946474,0.006265489908801753
general,5,5,model.layers.5.mlp,4,0.00887029938879105,52.0,0.002613149429743344,51.0,0.0056453915184567684,45.0,0.00887029938879105,0.007664625020588102,0.008916759619077883
general,5,5,model.layers.5.mlp,5,0.01267740598777582,39.0,0.004860606401507303,30.0,0.006006164843189331,43.0,0.01267740598777582,0.01425663799252484,0.009486592376132644
general,5,5,model.layers.5.mlp,6,0.023878586967782035,12.0,0.010023713988688749,9.0,0.01793809544874339,10.0,0.023878586967782035,0.02940054179927574,0.028332788721134417
general,5,5,model.layers.5.mlp,7,0.009724955972236611,48.0,0.002971380840962654,48.0,0.006211567411926093,42.0,0.009724955972236611,0.00871535308318565,0.009811020774867955
general,5,5,model.layers.5.mlp,8,0.020226872474878275,18.0,0.0067408281225719985,19.0,0.01497646287742778,15.0,0.020226872474878275,0.019771513752592302,0.023654961570950896
general,5,5,model.layers.5.mlp,9,0.013078835595151767,38.0,0.004020315494535378,40.0,0.007963265244588819,34.0,0.013078835595151767,0.01179198188183994,0.012577785214154001
general,5,5,model.layers.5.mlp,10,0.020084429710970682,19.0,0.00676345153384958,18.0,0.013475145933144108,18.0,0.020084429710970682,0.01983787044928769,0.021283667700462087
general,5,5,model.layers.5.mlp,11,0.01344141717600746,36.0,0.0042597771580078735,38.0,0.008567306380280927,33.0,0.01344141717600746,0.012494346559662134,0.013531853605937335
general,5,5,model.layers.5.mlp,12,0.006513519113229048,57.0,0.0017883370333380815,57.0,0.003136692793072536,56.0,0.006513519113229048,0.0052453689080894286,0.004954330544353013
general,5,5,model.layers.5.mlp,13,0.022052729721330155,16.5,0.00684391702628069,17.0,0.009943086162285151,26.0,0.022052729721330155,0.02007388367515285,0.015704864559174553
general,5,5,model.layers.5.mlp,14,0.013661555992955559,34.0,0.004271626311930229,37.0,0.007178107847142291,38.0,0.013661555992955559,0.01252910129683574,0.011337648059222839
general,5,5,model.layers.5.mlp,15,0.01322127835905936,37.0,0.0046294783478905525,31.0,0.010462467531571052,23.0,0.01322127835905936,0.013578716614379704,0.016525214893674627
general,5,5,model.layers.5.mlp,16,0.019009634310577023,21.0,0.005916888289262405,22.0,0.01258056241882708,19.0,0.019009634310577023,0.01735481695371687,0.01987069463556908
general,5,5,model.layers.5.mlp,17,0.014127732311198592,30.0,0.0053697785824355125,24.0,0.010863662102188976,21.0,0.014127732311198592,0.015750090220441656,0.017158892032803696
general,5,5,model.layers.5.mlp,18,0.022221071169584584,14.0,0.00705017070874987,16.0,0.014887372216470844,16.0,0.022221071169584584,0.020678846069284662,0.023514245022690144
general,5,5,model.layers.5.mlp,19,0.013881694809903656,31.0,0.005018097717354709,26.0,0.009684172054405572,27.0,0.013881694809903656,0.014718575555769326,0.015295915976175066
general,5,5,model.layers.5.mlp,20,0.030923029110121205,4.0,0.01114051887609422,5.0,0.022339923084044623,4.0,0.030923029110121205,0.0326762406880162,0.03528536920740768
general,5,5,model.layers.5.mlp,21,0.009556614523982182,49.0,0.002611366366026106,52.0,0.0038684893044044254,55.0,0.009556614523982182,0.007659395118836257,0.006110185467841121
general,5,5,model.layers.5.mlp,22,0.012237128353879623,41.5,0.004235509787274681,39.0,0.007024734329340014,41.0,0.012237128353879623,0.012423167967734548,0.01109539829041511
general,5,5,model.layers.5.mlp,23,0.02545840671293898,9.0,0.008427087919558686,11.0,0.018264071504343955,9.0,0.02545840671293898,0.024717480058264074,0.028847660031629453
general,5,5,model.layers.5.mlp,24,0.004661763182430332,60.0,0.0012787096020990883,60.0,0.0027195701654817135,59.0,0.004661763182430332,0.003750581386108309,0.0042954954237514505
general,5,5,model.layers.5.mlp,25,0.009258779653993576,51.0,0.0031825790476406298,47.0,0.005046955378405618,47.0,0.009258779653993576,0.009334818254515839,0.007971544182600303
general,5,5,model.layers.5.mlp,26,0.01499533823681757,28.0,0.0037202802480446493,41.0,0.004262829294466242,50.0,0.01499533823681757,0.010911948910462172,0.006733035962456947
general,5,5,model.layers.5.mlp,27,0.013506163886874548,35.0,0.004440650635650834,34.0,0.009079261262370776,30.0,0.013506163886874548,0.013024866309709181,0.014340473983192664
general,5,5,model.layers.5.mlp,28,0.03399202320522118,3.0,0.014074354212259142,2.0,0.021433388317264535,5.0,0.03399202320522118,0.04128146910239883,0.033853519427762185
general,5,5,model.layers.5.mlp,29,0.0008676059256189785,64.0,0.0002107303105252253,64.0,0.0003517613410764465,64.0,0.0008676059256189785,0.0006180927857641036,0.0005555985464265121
general,5,5,model.layers.5.mlp,30,0.016147829690251737,24.0,0.005601235427943385,23.0,0.00908930404568094,29.0,0.016147829690251737,0.01642897597763323,0.014356336316990143
general,5,5,model.layers.5.mlp,31,0.005114990158499948,58.0,0.0014931577901623847,59.0,0.0011473090028878284,62.0,0.005114990158499948,0.004379579073397535,0.0018121468730925613
general,5,5,model.layers.5.mlp,32,0.015888842846783383,26.0,0.004977378106223454,27.0,0.010379341929474853,24.0,0.015888842846783383,0.014599140920017982,0.016393920011883056
general,5,5,model.layers.5.mlp,33,0.0029524500155392107,62.0,0.000782259138188905,62.0,0.0016021488214525844,61.0,0.0029524500155392107,0.002294443208988339,0.002530555386313908
general,5,5,model.layers.5.mlp,34,0.014736351393349218,29.0,0.00448287510197607,33.0,0.0089187608034385,31.0,0.014736351393349218,0.013148714834173075,0.014086967382920234
general,5,5,model.layers.5.mlp,35,0.01859525536102766,22.0,0.007935468167279603,14.0,0.01478232014034741,17.0,0.01859525536102766,0.023275510834826405,0.0233483178044954
general,5,5,model.layers.5.mlp,36,0.006733657930177147,56.0,0.0019449052027219517,55.0,0.00400455765280281,51.0,0.006733657930177147,0.005704598791703529,0.00632510213933621
general,5,5,model.layers.5.mlp,37,0.024318864601678234,10.0,0.007777142225862426,15.0,0.0161923320060346,13.0,0.024318864601678234,0.022811125232464032,0.025575397507519627
general,5,5,model.layers.5.mlp,38,0.01117528229565938,44.0,0.0036977959410286958,42.0,0.007042704120654245,40.0,0.01117528229565938,0.01084600022028643,0.011123781141990618
general,5,5,model.layers.5.mlp,39,0.009802652025277116,47.0,0.0036395934533791307,43.0,0.005754413111174921,44.0,0.009802652025277116,0.010675286583315756,0.009088956592906637
general,5,5,model.layers.5.mlp,40,0.030612244897959183,5.0,0.011117490797873717,6.0,0.024129238702865458,3.0,0.030612244897959183,0.03260869706326366,0.03811155003180663
general,5,5,model.layers.5.mlp,41,0.003677613177250596,61.0,0.001031281058187869,61.0,0.001605160847556328,60.0,0.003677613177250596,0.0030248490621608503,0.0025353128088320205
general,5,5,model.layers.5.mlp,42,0.0026805138298974414,63.0,0.0006344165997617321,63.0,0.0008809146602823983,63.0,0.0026805138298974414,0.00186080646160667,0.0013913834399225207
general,5,5,model.layers.5.mlp,43,0.02719361856417694,6.0,0.011960702894339842,3.0,0.01949657899748519,7.0,0.02719361856417694,0.03508192131086115,0.03079437586331669
general,5,5,model.layers.5.mlp,44,0.03848544493939708,1.0,0.014665774949335698,1.0,0.027708745024531793,1.0,0.03848544493939708,0.043016164457932646,0.04376529385469624
general,5,5,model.layers.5.mlp,45,0.015966538899823888,25.0,0.004893169444570341,29.0,0.009529465270140598,28.0,0.015966538899823888,0.014352148609624128,0.01505156034517564
general,5,5,model.layers.5.mlp,46,0.017222625090645396,23.0,0.005078949508896198,25.0,0.010664727084595689,22.0,0.017222625090645396,0.014897059862364193,0.01684467897496758
general,5,5,model.layers.5.mlp,47,0.012586760592561898,40.0,0.004283184611487361,36.0,0.007207763523224609,37.0,0.012586760592561898,0.012563002929468265,0.011384488483682816
general,5,5,model.layers.5.mlp,48,0.0081710349114265,53.0,0.0023375333040894022,54.0,0.005173507478911309,46.0,0.0081710349114265,0.006856215739159355,0.008171430170278817
general,5,5,model.layers.5.mlp,49,0.026054076452916193,7.0,0.008482337603109137,10.0,0.018635590950417467,8.0,0.026054076452916193,0.024879532829567685,0.029434466027922167
general,5,5,model.layers.5.mlp,50,0.025574950792499742,8.0,0.00816697559615534,13.0,0.016975896064634708,11.0,0.025574950792499742,0.023954544958025122,0.02681301802220736
general,5,5,model.layers.5.mlp,51,0.011149383611312545,45.0,0.0033527414971381954,46.0,0.003977380791079111,52.0,0.011149383611312545,0.009833921502550032,0.006282176942315087
general,5,5,model.layers.5.mlp,52,0.01939811457577955,20.0,0.006022025819369626,21.0,0.012185928225285721,20.0,0.01939811457577955,0.017663195699566772,0.019247379453659626
general,5,5,model.layers.5.mlp,53,0.010437169791774578,46.0,0.002947644595592044,49.0,0.004286635163652394,49.0,0.010437169791774578,0.008645732334333078,0.006770636758143506
general,5,5,model.layers.5.mlp,54,0.02349010670257951,13.0,0.008389845914968145,12.0,0.016196402399731736,12.0,0.02349010670257951,0.024608245585503914,0.025581826596101653
general,5,5,model.layers.5.mlp,55,0.022052729721330155,16.5,0.0061336127288796225,20.0,0.007734992547258063,35.0,0.022052729721330155,0.0179904911113276,0.012217233999407908
general,5,5,model.layers.5.mlp,56,0.013778100072516316,32.0,0.0046038072886991094,32.0,0.010270084811809285,25.0,0.013778100072516316,0.013503420865753856,0.01622135103208562
general,5,5,model.layers.5.mlp,57,0.022117476432197244,15.0,0.010873286943663888,8.0,0.025759924542381518,2.0,0.022117476432197244,0.03189242307227166,0.04068717894924506
general,5,5,model.layers.5.mlp,58,0.015085983632031492,27.0,0.004910823039955195,28.0,0.008663640008585374,32.0,0.015085983632031492,0.014403928346117569,0.013684010246272383
general,5,5,model.layers.5.mlp,59,0.011641458613902414,43.0,0.00355388625945302,44.0,0.007171018160651919,39.0,0.011641458613902414,0.010423898929960247,0.011326450070562072
general,5,5,model.layers.5.mlp,60,0.012237128353879623,41.5,0.0034315630301136953,45.0,0.003957787079615604,54.0,0.012237128353879623,0.010065112833182992,0.006251229148066545
general,5,5,model.layers.5.mlp,61,0.009323526364860665,50.0,0.002392062174647778,53.0,0.0030366223537787915,57.0,0.009323526364860665,0.007016154294861156,0.0047962717012700155
general,5,5,model.layers.5.mlp,62,0.024046928416036464,11.0,0.011163306683317362,4.0,0.015206704229945397,14.0,0.024046928416036464,0.032743079574234814,0.024018622229039704
general,5,5,model.layers.5.mlp,63,0.03586967782036673,2.0,0.010938830342574847,7.0,0.02116897658801049,6.0,0.03586967782036673,0.03208466832602918,0.03343588748451876
general,6,6,model.layers.6.mlp,0,0.03471718636693256,4.0,0.011577318903449705,4.0,0.02701556451381716,5.0,0.03471718636693256,0.032864842945686513,0.03566938713922732
general,6,6,model.layers.6.mlp,1,0.012211229669532787,40.0,0.005174008302956334,30.0,0.008397585439238044,37.0,0.012211229669532787,0.014687594916787694,0.011087561243213017
general,6,6,model.layers.6.mlp,2,0.023774992230394695,9.0,0.007793404778630996,12.0,0.01750128001544274,11.0,0.023774992230394695,0.022123345327004117,0.0231074176511681
general,6,6,model.layers.6.mlp,3,0.014373769812493525,34.0,0.00448112997578473,37.0,0.009166813763968997,35.0,0.014373769812493525,0.012720702789787583,0.012103194394215819
general,6,6,model.layers.6.mlp,4,0.014050036258158085,35.0,0.008653878449381022,8.0,0.015518083762445808,16.0,0.014050036258158085,0.024565994811218596,0.020488949512735062
general,6,6,model.layers.6.mlp,5,0.00881850202009738,51.0,0.0026227223321117787,50.0,0.005486855089840439,48.0,0.00881850202009738,0.007445191607299905,0.007244444522943832
general,6,6,model.layers.6.mlp,6,0.018828343520149178,18.0,0.00615531299369367,26.0,0.014451892991504631,22.0,0.018828343520149178,0.017473250629643486,0.019081228739270515
general,6,6,model.layers.6.mlp,7,0.009724955972236611,48.0,0.002986720247267689,48.0,0.006991333407397642,42.0,0.009724955972236611,0.008478482165668455,0.009230848305995442
general,6,6,model.layers.6.mlp,8,0.01671760074588211,24.5,0.007106267663712059,19.0,0.01475652561458475,21.0,0.01671760074588211,0.020172750931851537,0.01948344350558886
general,6,6,model.layers.6.mlp,9,0.018245623122345386,20.0,0.007674951176933337,13.0,0.030044548422168398,2.0,0.018245623122345386,0.021787087938863546,0.03966863726077158
general,6,6,model.layers.6.mlp,10,0.004130840153320211,58.0,0.0012056039896923237,57.0,0.0021302343012260844,58.0,0.004130840153320211,0.0034223800956303518,0.002812606486487904
general,6,6,model.layers.6.mlp,11,0.0012172381643012534,63.0,0.0002790557946687558,63.0,0.0005040634456297579,63.0,0.0012172381643012534,0.0007921631028181902,0.0006655287242176626
general,6,6,model.layers.6.mlp,12,0.02337356262301875,11.0,0.007123718925625453,18.0,0.016958629448685782,12.0,0.02337356262301875,0.020222290292973986,0.022390941297802423
general,6,6,model.layers.6.mlp,13,0.014580959287268207,33.0,0.004336221272693722,39.0,0.008672123378738768,36.0,0.014580959287268207,0.012309346602032398,0.011450041177454209
general,6,6,model.layers.6.mlp,14,0.005671811871956905,55.0,0.0014092652745584275,55.0,0.0029281006409512347,55.0,0.005671811871956905,0.0040005187991644505,0.00386605119027927
general,6,6,model.layers.6.mlp,15,0.02681808764114783,7.0,0.009522597209093028,6.0,0.021469040767730707,7.0,0.02681808764114783,0.027032049848659048,0.028346160460958617
general,6,6,model.layers.6.mlp,16,0.014788148762042888,31.0,0.004694111246179944,35.0,0.009308311529824193,34.0,0.014788148762042888,0.013325298384008092,0.012290017756246377
general,6,6,model.layers.6.mlp,17,0.011278877033046721,43.0,0.003996161936379882,42.0,0.010076522745333298,32.0,0.011278877033046721,0.011344011123812253,0.01330430799018452
general,6,6,model.layers.6.mlp,18,0.059774163472495596,1.0,0.025907498498685642,1.0,0.07797241467806165,1.0,0.059774163472495596,0.07354430471991288,0.10294910713080554
general,6,6,model.layers.6.mlp,19,0.01671760074588211,24.5,0.005889699729035015,28.0,0.010210051272389779,31.0,0.01671760074588211,0.016719247194124688,0.01348060934873183
general,6,6,model.layers.6.mlp,20,0.016639904692841604,26.0,0.007470569079075158,15.0,0.014208809242515406,23.0,0.016639904692841604,0.021206903044326562,0.01876027863121274
general,6,6,model.layers.6.mlp,21,0.03770848440899202,3.0,0.01301240698730317,3.0,0.029517177521324177,3.0,0.03770848440899202,0.036938665640077084,0.03897233506732473
general,6,6,model.layers.6.mlp,22,0.017831244172796024,21.0,0.00751374198354786,14.0,0.018167525214564426,8.0,0.017831244172796024,0.021329459115972973,0.02398707937080267
general,6,6,model.layers.6.mlp,23,0.012651507303428986,39.0,0.0036773349687273388,44.0,0.003494207557021806,53.0,0.012651507303428986,0.010438948534957755,0.0046134976018168735
general,6,6,model.layers.6.mlp,24,0.013208329016885942,37.0,0.0044403091979177455,38.0,0.00775772727478678,40.0,0.013208329016885942,0.012604823762466374,0.01024273904561154
general,6,6,model.layers.6.mlp,25,0.013311923754273283,36.0,0.0038023517624054697,43.0,0.0069752349742555775,43.0,0.013311923754273283,0.0107938370306509,0.00920959310535784
general,6,6,model.layers.6.mlp,26,0.018802444835802342,19.0,0.007316669182346162,17.0,0.013958944239113648,24.0,0.018802444835802342,0.020770023316166987,0.018430375047879387
general,6,6,model.layers.6.mlp,27,0.02439656065471874,8.0,0.006173902381384025,25.0,0.011428969128137054,28.0,0.02439656065471874,0.017526020818665226,0.015089979860509565
general,6,6,model.layers.6.mlp,28,0.037799129804205946,2.0,0.013803745840023827,2.0,0.02850327016352545,4.0,0.037799129804205946,0.039185060278453566,0.03763364551115659
general,6,6,model.layers.6.mlp,29,0.011097586242618874,45.0,0.004065916400665596,41.0,0.0073163790511958995,41.0,0.011097586242618874,0.011542024975950974,0.009660014940682258
general,6,6,model.layers.6.mlp,30,0.016238475085465658,27.0,0.00509245526811613,31.0,0.010251629844656772,30.0,0.016238475085465658,0.014456088148759665,0.013535506672462717
general,6,6,model.layers.6.mlp,31,0.007251631617113851,54.0,0.002124767013007614,54.0,0.0037872813743136157,52.0,0.007251631617113851,0.006031632605184897,0.0050004509613887655
general,6,6,model.layers.6.mlp,32,0.011265927690873303,44.0,0.004148708728018492,40.0,0.005978921444338491,46.0,0.011265927690873303,0.011777049756580452,0.00789413316031443
general,6,6,model.layers.6.mlp,33,0.004804205946337926,56.0,0.0012167576223065368,56.0,0.0022666743381195313,57.0,0.004804205946337926,0.003454042209043396,0.002992751990934191
general,6,6,model.layers.6.mlp,34,0.0024085776442556717,60.0,0.000596491719705014,60.0,0.0011484506281916125,59.0,0.0024085776442556717,0.0016932769020180003,0.0015163307080369927
general,6,6,model.layers.6.mlp,35,0.019877240236196,14.0,0.00613630629321843,27.0,0.015047973794477672,19.0,0.019877240236196,0.017419295803725338,0.01986825049173593
general,6,6,model.layers.6.mlp,36,0.00827462964881384,52.0,0.002511527443702735,51.0,0.0043126145906659166,51.0,0.00827462964881384,0.007129539721539251,0.005694062744388227
general,6,6,model.layers.6.mlp,37,0.02240236196001243,12.0,0.00744021905835621,16.0,0.015988097481848686,14.0,0.02240236196001243,0.021120747633678823,0.02110952145412666
general,6,6,model.layers.6.mlp,38,0.002602817776856936,59.0,0.0006857966556705169,59.0,0.001015468972824737,60.0,0.002602817776856936,0.0019467891978489722,0.0013407513991067507
general,6,6,model.layers.6.mlp,39,0.029032425152802237,6.0,0.011143478003114316,5.0,0.024032259072252076,6.0,0.029032425152802237,0.03163328724856486,0.03173044754404234
general,6,6,model.layers.6.mlp,40,0.01618667771677199,28.0,0.004987975321791153,33.0,0.007852750125950969,39.0,0.01618667771677199,0.014159498147604824,0.010368200309377287
general,6,6,model.layers.6.mlp,41,0.009051590179218895,50.0,0.0024230697791489692,53.0,0.00573204050497985,47.0,0.009051590179218895,0.0068784325975888615,0.007568169518178593
general,6,6,model.layers.6.mlp,42,0.000919403294312649,64.0,0.0002147263965865534,64.0,0.00040283096776896036,64.0,0.000919403294312649,0.0006095495303327533,0.0005318687208505946
general,6,6,model.layers.6.mlp,43,0.0013078835595151767,62.0,0.0003554240343028074,62.0,0.0007581090687544596,61.0,0.0013078835595151767,0.0010089516548605635,0.0010009520938691324
general,6,6,model.layers.6.mlp,44,0.019514658655340307,16.0,0.008433663757381126,9.0,0.017934299211983456,9.0,0.019514658655340307,0.02394086551079371,0.02367914471436637
general,6,6,model.layers.6.mlp,45,0.030754687661866776,5.0,0.008262476994684295,10.0,0.015723847200686692,15.0,0.030754687661866776,0.023454913096652694,0.02076062459596195
general,6,6,model.layers.6.mlp,46,0.010385372423080907,47.0,0.0030230011678687974,47.0,0.006477302036609079,44.0,0.010385372423080907,0.008581473779480273,0.008552158658144947
general,6,6,model.layers.6.mlp,47,0.019644152077074484,15.0,0.00679912545403631,22.0,0.01543721093674725,17.0,0.019644152077074484,0.01930085817609642,0.020382170913775574
general,6,6,model.layers.6.mlp,48,0.02090023826789599,13.0,0.00682497355501528,21.0,0.01494398400053192,20.0,0.02090023826789599,0.019374233867498074,0.019730949928688936
general,6,6,model.layers.6.mlp,49,0.010553713871335337,46.0,0.0034646951360652128,45.0,0.003157206641398791,54.0,0.010553713871335337,0.009835322189107034,0.004168546095455293
general,6,6,model.layers.6.mlp,50,0.011926344141717601,41.0,0.004523493546371595,36.0,0.009569426339536852,33.0,0.011926344141717601,0.012840961383816718,0.012634774765882912
general,6,6,model.layers.6.mlp,51,0.0045452191028695745,57.0,0.0010969888530443902,58.0,0.0023865964524945756,56.0,0.0045452191028695745,0.003114051419774756,0.003151088431470549
general,6,6,model.layers.6.mlp,52,0.0018129079042784628,61.0,0.0004114704058971304,61.0,0.0006330383214649976,62.0,0.0018129079042784628,0.0011680519798567214,0.0008358177727788366
general,6,6,model.layers.6.mlp,53,0.01531907179115301,30.0,0.006675259431977105,23.0,0.012360261793530173,26.0,0.01531907179115301,0.018949236406390332,0.016319590983565696
general,6,6,model.layers.6.mlp,54,0.023477157360406092,10.0,0.009016384155184916,7.0,0.017715340316771078,10.0,0.023477157360406092,0.0255950493952303,0.023390047309168216
general,6,6,model.layers.6.mlp,55,0.019268621154045373,17.0,0.0063079483062260435,24.0,0.01369899094041476,25.0,0.019268621154045373,0.017906540549026073,0.01808715161293441
general,6,6,model.layers.6.mlp,56,0.009427121102248005,49.0,0.0028696197506604165,49.0,0.006408000066390152,45.0,0.009427121102248005,0.008146065872919262,0.008460657375468219
general,6,6,model.layers.6.mlp,57,0.013104734279498601,38.0,0.005085778263557961,32.0,0.01028492730556622,29.0,0.013104734279498601,0.014437133958417163,0.013579470218859272
general,6,6,model.layers.6.mlp,58,0.011486066507821403,42.0,0.003194959326925567,46.0,0.005152983221441652,50.0,0.011486066507821403,0.009069615976975254,0.006803624383030687
general,6,6,model.layers.6.mlp,59,0.014684554024655547,32.0,0.004810402408901378,34.0,0.007987360007953647,38.0,0.014684554024655547,0.013655417199140011,0.010545929410372513
general,6,6,model.layers.6.mlp,60,0.007834352014917643,53.0,0.002485856384511292,52.0,0.005330174043350093,49.0,0.007834352014917643,0.007056666603366372,0.007037574261106991
general,6,6,model.layers.6.mlp,61,0.015940640215477055,29.0,0.005297444366388688,29.0,0.011481234679722384,27.0,0.015940640215477055,0.015037996151509603,0.01515898749470462
general,6,6,model.layers.6.mlp,62,0.017494561276287166,22.0,0.00790912687846395,11.0,0.015066552329505526,18.0,0.017494561276287166,0.022451848728186393,0.019892780238580543
general,6,6,model.layers.6.mlp,63,0.01704133430021755,23.0,0.006833661248446079,20.0,0.016175906666415867,13.0,0.01704133430021755,0.01939889585379599,0.02135749104621877
general,7,7,model.layers.7.mlp,0,0.007251631617113851,52.0,0.0024529266120312337,51.0,0.0044381344945819395,53.0,0.007251631617113851,0.006698610809489462,0.005295292102596237
general,7,7,model.layers.7.mlp,1,0.035053869263441416,3.0,0.010454304907638818,10.0,0.020559959654272448,11.0,0.035053869263441416,0.028549292716922265,0.024530800524381478
general,7,7,model.layers.7.mlp,2,0.0029912980420594634,62.0,0.0009353876385579613,62.0,0.0007427573219670306,63.0,0.0029912980420594634,0.0025544171260462466,0.0008862095067103272
general,7,7,model.layers.7.mlp,3,0.01886719154666943,19.0,0.005639299412261732,29.0,0.012822958365303488,31.0,0.01886719154666943,0.015400163957470655,0.01529951610222845
general,7,7,model.layers.7.mlp,4,0.013635657308608723,37.0,0.00408117360899785,41.0,0.009419467526326017,41.0,0.013635657308608723,0.01114513313139758,0.011238693208533402
general,7,7,model.layers.7.mlp,5,0.028397907386304776,8.0,0.010464434227053766,9.0,0.02846608853233326,6.0,0.028397907386304776,0.028576954518214216,0.03396387693547547
general,7,7,model.layers.7.mlp,6,0.007018543457992334,53.0,0.0018917420830959287,54.0,0.004980232382125093,50.0,0.007018543457992334,0.005166091763380952,0.00594208788272542
general,7,7,model.layers.7.mlp,7,0.007666010566663214,50.0,0.002984241662242308,46.0,0.004970604883973665,51.0,0.007666010566663214,0.008149560349166526,0.005930600980967204
general,7,7,model.layers.7.mlp,8,0.005024344763286025,59.0,0.0013886399063115095,59.0,0.003647804604880886,57.0,0.005024344763286025,0.0037921877651300342,0.004352322116335385
general,7,7,model.layers.7.mlp,9,0.006668911219310059,54.0,0.0024212108403799336,52.0,0.00549758395137076,49.0,0.006668911219310059,0.0066119993267925664,0.00655935797272309
general,7,7,model.layers.7.mlp,10,0.010683207293069511,44.5,0.0034616221964674193,44.0,0.007500190350347561,43.0,0.010683207293069511,0.009453222020541253,0.008948737082810075
general,7,7,model.layers.7.mlp,11,0.015539210608101109,29.0,0.004981273025549052,35.0,0.012611333218282656,32.0,0.015539210608101109,0.013603182896014126,0.015047018803848193
general,7,7,model.layers.7.mlp,12,0.013130632963845437,40.0,0.006085874675457112,27.0,0.01311671526751981,26.0,0.013130632963845437,0.0166197006001972,0.01565000764462948
general,7,7,model.layers.7.mlp,13,0.010683207293069511,44.5,0.0032938751027854034,45.0,0.0059380051349464825,47.0,0.010683207293069511,0.008995127396149577,0.007084839752973711
general,7,7,model.layers.7.mlp,14,0.013415518491660623,39.0,0.004835984947199058,38.0,0.014739123568144115,22.0,0.013415518491660623,0.01320642080482408,0.017585759224932076
general,7,7,model.layers.7.mlp,15,0.009232880969646742,46.0,0.0026511122473259607,50.0,0.006341017527980631,45.0,0.009232880969646742,0.007239828974093031,0.007565687808544672
general,7,7,model.layers.7.mlp,16,0.013998238889464415,35.0,0.005183227121749715,33.0,0.012517025053044199,33.0,0.013998238889464415,0.014154692217652653,0.014934496462939598
general,7,7,model.layers.7.mlp,17,0.0034963223868227492,60.0,0.001010718919150782,60.0,0.001722873889869215,61.0,0.0034963223868227492,0.002760136664493379,0.0020556205572253815
general,7,7,model.layers.7.mlp,18,0.015461514555060603,30.0,0.00485290508374987,37.0,0.011621281196666507,38.0,0.015461514555060603,0.013252627409229362,0.01386575341911873
general,7,7,model.layers.7.mlp,19,0.02004558168445043,15.0,0.00787720877334119,15.0,0.018829042964145937,14.0,0.02004558168445043,0.021511591736539337,0.022465583823385055
general,7,7,model.layers.7.mlp,20,0.014555060602921372,33.0,0.004919498087544028,36.0,0.012054514925817708,35.0,0.014555060602921372,0.013434483895625635,0.014382659598359873
general,7,7,model.layers.7.mlp,21,0.025562001450326322,10.0,0.01202739706486973,4.0,0.029175624575924777,5.0,0.025562001450326322,0.03284519463142109,0.034810448983421366
general,7,7,model.layers.7.mlp,22,0.016316171138506162,25.0,0.005440342380607065,31.0,0.012243222409551915,34.0,0.016316171138506162,0.014856839213742479,0.014607813038287943
general,7,7,model.layers.7.mlp,23,0.01629027245415933,26.0,0.00640454989300606,22.0,0.013107765259507357,27.0,0.01629027245415933,0.01748995951724735,0.015639329079839615
general,7,7,model.layers.7.mlp,24,0.018077281674090957,21.0,0.007850399588372785,16.0,0.015798560918414827,18.0,0.018077281674090957,0.02143837947843829,0.01884981065035253
general,7,7,model.layers.7.mlp,25,0.0030819434372733865,61.0,0.0009714409340036776,61.0,0.00213783322270517,59.0,0.0030819434372733865,0.0026528737995585474,0.0025507229207854154
general,7,7,model.layers.7.mlp,26,0.020705998135294727,13.0,0.00796011491327178,14.0,0.02215808758809877,10.0,0.020705998135294727,0.021737997191308412,0.026437582357437688
general,7,7,model.layers.7.mlp,27,0.011680306640422666,42.0,0.003778956954767948,43.0,0.005924447661418748,48.0,0.011680306640422666,0.01031982032468635,0.0070686638613710094
general,7,7,model.layers.7.mlp,28,0.0009453019786594841,64.0,0.00024253460307028903,64.0,0.0004937243795970382,64.0,0.0009453019786594841,0.0006623291972263812,0.0005890796710489718
general,7,7,model.layers.7.mlp,29,0.014542111260747954,34.0,0.005127585417098311,34.0,0.013025220823151502,29.0,0.014542111260747954,0.014002742248008977,0.015540842451621833
general,7,7,model.layers.7.mlp,30,0.007484719776235368,51.0,0.0019382281981637833,53.0,0.004697204927459327,52.0,0.007484719776235368,0.005293039056201441,0.005604398016107099
general,7,7,model.layers.7.mlp,31,0.028954729099761732,7.0,0.01211245299793458,3.0,0.030550959527856834,2.0,0.028954729099761732,0.03307747088047185,0.036451408787204057
general,7,7,model.layers.7.mlp,32,0.013583859939915052,38.0,0.005256724755257433,32.0,0.014192791818325154,23.0,0.013583859939915052,0.014355404313918347,0.016933911876965115
general,7,7,model.layers.7.mlp,33,0.022544804723920026,11.0,0.006364057907030198,23.0,0.009682724768318846,39.0,0.022544804723920026,0.017379381380247565,0.011552794549125429
general,7,7,model.layers.7.mlp,34,0.010890396767844193,43.0,0.004769505755982596,39.0,0.00967106527443267,40.0,0.010890396767844193,0.013024875125183896,0.011538883202821907
general,7,7,model.layers.7.mlp,35,0.008611312545322698,49.0,0.0028793823406583446,47.0,0.006246490049927788,46.0,0.008611312545322698,0.007863203724556215,0.00745290379791529
general,7,7,model.layers.7.mlp,36,0.01305293691080493,41.0,0.0038376968907010774,42.0,0.007881899027287571,42.0,0.01305293691080493,0.010480231144912458,0.009404166936267746
general,7,7,model.layers.7.mlp,37,0.020602403397907386,14.0,0.009171611865320367,11.0,0.017118907885545494,17.0,0.020602403397907386,0.025046431507627396,0.020425162383444277
general,7,7,model.layers.7.mlp,38,0.03217911530094271,5.0,0.011877354149940433,5.0,0.02727663430899434,7.0,0.03217911530094271,0.03243544772464331,0.03254469787207946
general,7,7,model.layers.7.mlp,39,0.008883248730964468,48.0,0.0027153404786724334,49.0,0.004082946062410642,55.0,0.008883248730964468,0.007415227586779448,0.004871504472431736
general,7,7,model.layers.7.mlp,40,0.018711799440588418,20.0,0.005911741431582151,28.0,0.013465803433014768,25.0,0.018711799440588418,0.01614416626338051,0.01606651683517157
general,7,7,model.layers.7.mlp,41,0.016160779032425153,27.0,0.00547164083947348,30.0,0.013732063347556906,24.0,0.016160779032425153,0.014942311071667047,0.0163842007684625
general,7,7,model.layers.7.mlp,42,0.016134880348078317,28.0,0.007843861688076246,17.0,0.015410771333534063,20.0,0.016134880348078317,0.021420525357005157,0.0183871254548509
general,7,7,model.layers.7.mlp,43,0.04707085880037294,1.0,0.019105742709520358,1.0,0.04752705606042345,1.0,0.04707085880037294,0.05217519921288535,0.056706177995201903
general,7,7,model.layers.7.mlp,44,0.03515746400082876,2.0,0.011271580382232207,6.0,0.029676938831411,4.0,0.03515746400082876,0.0307811614983158,0.035408584398478264
general,7,7,model.layers.7.mlp,45,0.00505024344763286,58.0,0.0017879576580790946,55.0,0.0014556860448004334,62.0,0.00505024344763286,0.004882670535911485,0.0017368294778586668
general,7,7,model.layers.7.mlp,46,0.030832383714907284,6.0,0.011006523534620066,8.0,0.029955903118161552,3.0,0.030832383714907284,0.030057327097467737,0.035741426358617136
general,7,7,model.layers.7.mlp,47,0.01924272246969854,17.0,0.007778179184903657,19.0,0.0174329935169851,16.0,0.01924272246969854,0.0212411553246576,0.020799908837327435
general,7,7,model.layers.7.mlp,48,0.017546358644980834,22.0,0.006967593360710401,20.0,0.01567304097938004,19.0,0.017546358644980834,0.019027555073705318,0.018700048460247504
general,7,7,model.layers.7.mlp,49,0.016976587589350462,23.0,0.00779268396563892,18.0,0.015404048942027161,21.0,0.016976587589350462,0.021280765919016988,0.018379104736528703
general,7,7,model.layers.7.mlp,50,0.009206982285299906,47.0,0.002750179773289392,48.0,0.006941678681503759,44.0,0.009206982285299906,0.0075103689882267954,0.008282357451267382
general,7,7,model.layers.7.mlp,51,0.006409924375841708,55.0,0.0017044192260501916,56.0,0.0038933357677131963,56.0,0.006409924375841708,0.00465453837694191,0.004645273857449683
general,7,7,model.layers.7.mlp,52,0.019747746814461824,16.0,0.008788038186800736,12.0,0.01984880053994261,13.0,0.019747746814461824,0.023998943671438306,0.023682291934477906
general,7,7,model.layers.7.mlp,53,0.005348078317621465,56.0,0.0016338933654045376,57.0,0.004084182862455976,54.0,0.005348078317621465,0.00446194179041855,0.004872980141436481
general,7,7,model.layers.7.mlp,54,0.0025380710659898475,63.0,0.0007478118646728996,63.0,0.0019506746672474386,60.0,0.0025380710659898475,0.0020421730579270065,0.0023274175608738296
general,7,7,model.layers.7.mlp,55,0.032684139645706,4.0,0.01126007266604294,7.0,0.02724464400934331,8.0,0.032684139645706,0.030749735481866766,0.03250652913670008
general,7,7,model.layers.7.mlp,56,0.015357919817673262,32.0,0.00621163757381125,24.0,0.011757217592681416,37.0,0.015357919817673262,0.01696314206567592,0.014027943845107825
general,7,7,model.layers.7.mlp,57,0.013713353361649229,36.0,0.0043899534552082255,40.0,0.011896038456700026,36.0,0.013713353361649229,0.011988369127709961,0.014193575829855186
general,7,7,model.layers.7.mlp,58,0.015435615870713768,31.0,0.0061951853334131874,25.0,0.013056588478426537,28.0,0.015435615870713768,0.016918213222379005,0.015578268288413763
general,7,7,model.layers.7.mlp,59,0.016704651403708692,24.0,0.006148294551402414,26.0,0.012839946734523027,30.0,0.016704651403708692,0.016790160838870197,0.01531978551440468
general,7,7,model.layers.7.mlp,60,0.0051667875271936186,57.0,0.001473822297796022,58.0,0.0036359379706908342,58.0,0.0051667875271936186,0.0040248093550209,0.004338163623755296
general,7,7,model.layers.7.mlp,61,0.01893193825753652,18.0,0.008576296208918211,13.0,0.020027541347356653,12.0,0.01893193825753652,0.023420704968776095,0.023895553787417857
general,7,7,model.layers.7.mlp,62,0.02122397182223143,12.0,0.0065787590119328184,21.0,0.01819421276743457,15.0,0.02122397182223143,0.017965701058568095,0.02170814591084789
general,7,7,model.layers.7.mlp,63,0.02784108567284782,9.0,0.01219616847175101,2.0,0.025020430896863052,9.0,0.02784108567284782,0.03330608651661757,0.029852743375275756
general,8,8,model.layers.8.mlp,0,0.01828447114886564,23.0,0.005431831728963794,35.0,0.014836066520876011,34.0,0.01828447114886564,0.01391919478623941,0.013834293138860143
general,8,8,model.layers.8.mlp,1,0.01219828032735937,43.0,0.0038261828515908265,44.0,0.008962800790936197,48.0,0.01219828032735937,0.009804682298069153,0.008357607005370688
general,8,8,model.layers.8.mlp,2,0.013661555992955559,38.0,0.005937311324037864,30.0,0.015252987291993075,32.0,0.013661555992955559,0.015214497972232545,0.01422306223444199
general,8,8,model.layers.8.mlp,3,0.0011265927690873303,64.0,0.0003528948659095618,64.0,0.0008700160360034977,63.0,0.0011265927690873303,0.0009043012786031336,0.000811270080290177
general,8,8,model.layers.8.mlp,4,0.006940847404951828,55.0,0.001966049050489485,55.0,0.005816011412608911,52.0,0.006940847404951828,0.005038046290562215,0.0054232977904063
general,8,8,model.layers.8.mlp,5,0.031570496218792085,4.0,0.010044984294875945,10.0,0.025684100929537698,13.0,0.031570496218792085,0.025740505229488484,0.023949837429437088
general,8,8,model.layers.8.mlp,6,0.017753548119755515,24.0,0.007487982403462654,23.0,0.02301548860483215,19.0,0.017753548119755515,0.01918812857805753,0.02146141739424762
general,8,8,model.layers.8.mlp,7,0.0036128664663835075,63.0,0.0008498132259724956,63.0,0.0007997570868311775,64.0,0.0036128664663835075,0.0021776661013190417,0.0007457552150723334
general,8,8,model.layers.8.mlp,8,0.004972547394592354,60.0,0.0011605847922925515,62.0,0.002409130960238248,60.0,0.004972547394592354,0.0029740254477560804,0.0022464595900094156
general,8,8,model.layers.8.mlp,9,0.012819848751683415,41.0,0.004193727925418264,43.0,0.013015587851104125,39.0,0.012819848751683415,0.010746525074244914,0.012136738363460057
general,8,8,model.layers.8.mlp,10,0.017054283642390967,25.0,0.0063968485752486275,29.0,0.015884651495384008,31.0,0.017054283642390967,0.01639207283653267,0.014812074675356736
general,8,8,model.layers.8.mlp,11,0.01547446389723402,31.0,0.00536676887204755,36.0,0.01468852503013144,35.0,0.01547446389723402,0.013752469706385145,0.013696714068947461
general,8,8,model.layers.8.mlp,12,0.028993577126281984,5.0,0.012019645163744432,4.0,0.03551908136556448,4.0,0.028993577126281984,0.030800619504381264,0.03312073203114957
general,8,8,model.layers.8.mlp,13,0.009271728996166994,47.0,0.003101266283797783,49.0,0.009494695829830181,46.0,0.009271728996166994,0.007947066780069966,0.008853586979362496
general,8,8,model.layers.8.mlp,14,0.01693773956283021,26.0,0.007315404598149539,24.0,0.019415158214599226,24.0,0.01693773956283021,0.018745893949336217,0.01810419154566144
general,8,8,model.layers.8.mlp,15,0.03220501398528955,2.0,0.011487735758960945,5.0,0.03319684186085671,6.0,0.03220501398528955,0.02943758931801973,0.030955296738610066
general,8,8,model.layers.8.mlp,16,0.008727856624883457,50.0,0.0033030559840528852,46.0,0.005500210139398364,56.0,0.008727856624883457,0.008464157567093194,0.005128820316806915
general,8,8,model.layers.8.mlp,17,0.02321817051693774,11.0,0.008189523132381126,17.0,0.02393297599233964,18.0,0.02321817051693774,0.02098584296678352,0.022316953425454103
general,8,8,model.layers.8.mlp,18,0.03968973376152492,1.0,0.016131668304218895,1.0,0.037049901412272594,3.0,0.03968973376152492,0.04133777417222416,0.0345481867570504
general,8,8,model.layers.8.mlp,19,0.020887288925722572,14.0,0.006824315971233037,27.0,0.01887978768169318,26.0,0.020887288925722572,0.01748746795301736,0.017604970752892125
general,8,8,model.layers.8.mlp,20,0.02040816326530612,17.0,0.006681430602856625,28.0,0.018941281846733424,25.0,0.02040816326530612,0.01712132088260466,0.017662312657115802
general,8,8,model.layers.8.mlp,21,0.01392054283642391,37.0,0.005641474497079924,33.0,0.016581348007770447,29.0,0.01392054283642391,0.014456409241793153,0.015461728258913626
general,8,8,model.layers.8.mlp,22,0.00914223557443282,49.0,0.011478150210750543,6.0,0.05113789976711386,1.0,0.00914223557443282,0.029413026128412435,0.047684923418780174
general,8,8,model.layers.8.mlp,23,0.015992437584170724,27.0,0.007708127543331736,21.0,0.016691978475914266,28.0,0.015992437584170724,0.019752255604810295,0.015564888643388671
general,8,8,model.layers.8.mlp,24,0.019359266549259298,21.0,0.00845034362293458,16.0,0.025523486413354148,14.0,0.019359266549259298,0.021654201523050618,0.023800068061922267
general,8,8,model.layers.8.mlp,25,0.015137781000725162,33.0,0.0050808210935071995,39.0,0.013821984958962976,38.0,0.015137781000725162,0.013019721891873066,0.012888685246466457
general,8,8,model.layers.8.mlp,26,0.026429607375945303,7.0,0.01265772905767637,3.0,0.03384386554574961,5.0,0.026429607375945303,0.03243572428169643,0.031558631545177476
general,8,8,model.layers.8.mlp,27,0.005827203978037916,59.0,0.0017680531028242516,56.0,0.005504680137726651,55.0,0.005827203978037916,0.004530677082539235,0.005132988488142406
general,8,8,model.layers.8.mlp,28,0.019929037604889673,19.0,0.007253920514509738,25.0,0.024259501897006236,16.0,0.019929037604889673,0.01858833955900552,0.022621431372909576
general,8,8,model.layers.8.mlp,29,0.00822283228012017,52.0,0.002494771703097483,52.0,0.005540245258153152,54.0,0.00822283228012017,0.006392910350563542,0.005166152150546234
general,8,8,model.layers.8.mlp,30,0.013104734279498601,40.0,0.004753205265688128,41.0,0.01788463478173343,27.0,0.013104734279498601,0.012180198734674923,0.016677013405393185
general,8,8,model.layers.8.mlp,31,0.00951776649746193,45.0,0.0032844918880464624,47.0,0.009794304441241146,45.0,0.00951776649746193,0.008416586640518644,0.009132965165713564
general,8,8,model.layers.8.mlp,32,0.010411271107427744,44.0,0.00318623369596887,48.0,0.008152783857896811,49.0,0.010411271107427744,0.008164797744412202,0.007602284718069052
general,8,8,model.layers.8.mlp,33,0.023386511965192168,10.0,0.00792218371029408,20.0,0.015021653014923005,33.0,0.023386511965192168,0.020300779497267663,0.014007348305311893
general,8,8,model.layers.8.mlp,34,0.022661348803480783,13.0,0.008472309450429918,15.0,0.025750637705105273,12.0,0.022661348803480783,0.021710489465462057,0.02401188145279201
general,8,8,model.layers.8.mlp,35,0.014555060602921372,34.0,0.005266272365941935,37.0,0.012846020370564362,41.0,0.014555060602921372,0.013494945078668557,0.011978620561190553
general,8,8,model.layers.8.mlp,36,0.01225007769605304,42.0,0.004460201107330622,42.0,0.01424054914152858,36.0,0.01225007769605304,0.011429368783222382,0.013278986785684553
general,8,8,model.layers.8.mlp,37,0.01967005076142132,20.0,0.009312435961456283,13.0,0.025835802301025064,11.0,0.01967005076142132,0.02386333313506713,0.024091295493120633
general,8,8,model.layers.8.mlp,38,0.005904900031078421,58.0,0.0017031925793794674,57.0,0.004637012983123638,57.0,0.005904900031078421,0.004364470486898317,0.004323908686104015
general,8,8,model.layers.8.mlp,39,0.004584067129389827,61.0,0.0012776599972158915,60.0,0.003480782155609373,58.0,0.004584067129389827,0.0032740333757037554,0.0032457498505722698
general,8,8,model.layers.8.mlp,40,0.014192479022065678,36.0,0.004998079349522169,40.0,0.01652856536211899,30.0,0.014192479022065678,0.012807694253877643,0.015412509647527693
general,8,8,model.layers.8.mlp,41,0.00832642701750751,51.0,0.0034663770330467213,45.0,0.009903494258621845,44.0,0.00832642701750751,0.0088826715430539,0.009234782176259967
general,8,8,model.layers.8.mlp,42,0.00924583031182016,48.0,0.0026695498849127215,51.0,0.006701765574825918,51.0,0.00924583031182016,0.006840783495104998,0.006249243313893479
general,8,8,model.layers.8.mlp,43,0.004441624365482234,62.0,0.0012567817121296489,61.0,0.0034526311135886062,59.0,0.004441624365482234,0.003220532285939053,0.0032194996469261986
general,8,8,model.layers.8.mlp,44,0.02086139024137574,15.0,0.010774484980381747,8.0,0.031086292889289113,7.0,0.02086139024137574,0.027609867655446308,0.028987258032696934
general,8,8,model.layers.8.mlp,45,0.020602403397907386,16.0,0.010273178513156532,9.0,0.02411071585674033,17.0,0.020602403397907386,0.026325258206353445,0.022482691788996787
general,8,8,model.layers.8.mlp,46,0.007691909251010049,53.0,0.002439673769650627,53.0,0.007062661278316373,50.0,0.007691909251010049,0.0062517206182165965,0.006585770313662371
general,8,8,model.layers.8.mlp,47,0.009388273075727753,46.0,0.003058637150529628,50.0,0.009191362772128822,47.0,0.009388273075727753,0.007837828637370505,0.00857073583192105
general,8,8,model.layers.8.mlp,48,0.015694602714182118,28.0,0.008154595316870404,18.0,0.02007204339318815,23.0,0.015694602714182118,0.020896339629454565,0.018716721969839874
general,8,8,model.layers.8.mlp,49,0.013428467833834041,39.0,0.005675352707707449,32.0,0.014190597344862542,37.0,0.013428467833834041,0.014543222942265373,0.013232407876314044
general,8,8,model.layers.8.mlp,50,0.014477364549880866,35.0,0.005139624258650161,38.0,0.012852371922215316,40.0,0.014477364549880866,0.013170406366376921,0.011984543238020175
general,8,8,model.layers.8.mlp,51,0.01564280534548845,30.0,0.0054753587170115504,34.0,0.011107855837178158,42.0,0.01564280534548845,0.014030733702635596,0.010357821837714963
general,8,8,model.layers.8.mlp,52,0.02298508235781622,12.0,0.009389765285079768,12.0,0.02465514557089359,15.0,0.02298508235781622,0.024061491320355535,0.022990360061345385
general,8,8,model.layers.8.mlp,53,0.015681653372008702,29.0,0.007663430814902103,22.0,0.021094371708924073,22.0,0.015681653372008702,0.0196377192015557,0.019670019771797484
general,8,8,model.layers.8.mlp,54,0.00752356780275562,54.0,0.0024241067381902,54.0,0.005691499251239005,53.0,0.00752356780275562,0.0062118297390522425,0.0053071930440895775
general,8,8,model.layers.8.mlp,55,0.026520252771159224,6.0,0.011313564577560085,7.0,0.02881652266512655,9.0,0.026520252771159224,0.028991271626118312,0.02687074914573981
general,8,8,model.layers.8.mlp,56,0.03168704029835284,3.0,0.013582329793037138,2.0,0.03707495850402741,2.0,0.03168704029835284,0.0348050351103737,0.03457155192274683
general,8,8,model.layers.8.mlp,57,0.018983735626230187,22.0,0.007166904475940122,26.0,0.021953197583397175,21.0,0.018983735626230187,0.01836535894200315,0.02047085528207108
general,8,8,model.layers.8.mlp,58,0.024797990262094685,8.0,0.009001537936716564,14.0,0.027223711721247913,10.0,0.024797990262094685,0.02306664973599675,0.02538548932425038
general,8,8,model.layers.8.mlp,59,0.006306329638454367,56.0,0.0014876568489070755,58.0,0.0021223640942510565,61.0,0.006306329638454367,0.0038121551786308547,0.0019790560379293067
general,8,8,model.layers.8.mlp,60,0.0059178493732518385,57.0,0.00146906746121672,59.0,0.0019167725556003953,62.0,0.0059178493732518385,0.0037645194415296362,0.0017873466243485295
general,8,8,model.layers.8.mlp,61,0.020382264580959288,18.0,0.007938427294299699,19.0,0.022797932497339645,20.0,0.020382264580959288,0.020342404058020392,0.021258551293521687
general,8,8,model.layers.8.mlp,62,0.015280223764632757,32.0,0.005721193884835025,31.0,0.010202684575080329,43.0,0.015280223764632757,0.014660692021851711,0.00951377031212272
general,8,8,model.layers.8.mlp,63,0.024124624469076972,9.0,0.009460088812253962,11.0,0.028888580795212705,8.0,0.024124624469076972,0.02424169698975681,0.026937941706062132
general,9,9,model.layers.9.mlp,0,0.020382264580959288,16.0,0.007733627883656636,24.0,0.024976834565274494,29.0,0.020382264580959288,0.017906582047643886,0.015581069581171099
general,9,9,model.layers.9.mlp,1,0.011809800062156843,47.0,0.00569858311939941,41.0,0.020640499600024342,41.0,0.011809800062156843,0.01319460254849967,0.012875973519288077
general,9,9,model.layers.9.mlp,2,0.015487413239407439,32.0,0.006799188683246141,30.0,0.03178935569085742,15.0,0.015487413239407439,0.015742964601549014,0.019830862140092147
general,9,9,model.layers.9.mlp,3,0.006604164508442971,59.0,0.0021564574929749817,61.0,0.009578963828299264,54.0,0.006604164508442971,0.0049931007298420725,0.0059755571321177805
general,9,9,model.layers.9.mlp,4,0.0012949342173417591,64.0,0.00043486521353465246,64.0,0.0009439271010939326,64.0,0.0012949342173417591,0.0010068947902549697,0.0005888413843340062
general,9,9,model.layers.9.mlp,5,0.008986843468351808,51.0,0.003783130082616803,50.0,0.011596860551443863,52.0,0.008986843468351808,0.00875952790079902,0.007234363133685562
general,9,9,model.layers.9.mlp,6,0.02349010670257951,7.0,0.011789718465114472,7.0,0.04551377577100697,5.0,0.02349010670257951,0.027298127630414917,0.02839244121734388
general,9,9,model.layers.9.mlp,7,0.018154977727131462,23.0,0.009253076379266808,14.0,0.04340385504844188,7.0,0.018154977727131462,0.021424740609592693,0.027076228728402322
general,9,9,model.layers.9.mlp,8,0.00827462964881384,54.0,0.00888116216704004,19.0,0.0957107055400871,1.0,0.00827462964881384,0.0205636037077258,0.05970633143226274
general,9,9,model.layers.9.mlp,9,0.020265720501398528,17.5,0.009070166921067284,16.0,0.026901278695355767,22.0,0.020265720501398528,0.021001228737827896,0.016781577908898136
general,9,9,model.layers.9.mlp,10,0.021677198798301045,12.0,0.007944421423391692,23.0,0.02958426795808019,19.0,0.021677198798301045,0.018394657226740083,0.018455282488187157
general,9,9,model.layers.9.mlp,11,0.014982388894644151,34.0,0.006242973970203564,35.0,0.021719138393572028,39.0,0.014982388894644151,0.014455094982653625,0.013548850862944063
general,9,9,model.layers.9.mlp,12,0.007407023723194862,56.0,0.0023784805403760487,58.0,0.007380879826524968,58.0,0.007407023723194862,0.005507176914339761,0.004604346553475429
general,9,9,model.layers.9.mlp,13,0.01820677509582513,22.0,0.0076982701095190615,25.0,0.02493891602454038,30.0,0.01820677509582513,0.01782471401712298,0.01555741520575172
general,9,9,model.layers.9.mlp,14,0.014969439552470735,35.0,0.009775868131992644,11.0,0.025978539552353186,25.0,0.014969439552470735,0.022635222100924866,0.016205954014091938
general,9,9,model.layers.9.mlp,15,0.015163679685071998,33.0,0.004685916740585828,46.0,0.014862184645390988,49.0,0.015163679685071998,0.01084985647693902,0.009271340308671525
general,9,9,model.layers.9.mlp,16,0.013985289547290997,39.0,0.00595271395955273,37.0,0.01997383291052868,43.0,0.013985289547290997,0.013783021697765806,0.012460092954065348
general,9,9,model.layers.9.mlp,17,0.03691857453641355,1.0,0.01376070571689177,2.0,0.049318679673142796,4.0,0.03691857453641355,0.03186178720516584,0.030766019514221876
general,9,9,model.layers.9.mlp,18,0.03296902517352118,2.0,0.014737679206755672,1.0,0.043648619876647136,6.0,0.03296902517352118,0.03412388931530115,0.02722891812582467
general,9,9,model.layers.9.mlp,19,0.006189785558893608,60.0,0.002350697625576246,59.0,0.007934807649344023,55.0,0.006189785558893608,0.005442847850300266,0.004949898265712406
general,9,9,model.layers.9.mlp,20,0.018880140888842847,20.0,0.010076409212162022,9.0,0.0501627038444949,3.0,0.018880140888842847,0.02333110036035256,0.03129253937035733
general,9,9,model.layers.9.mlp,21,0.015992437584170724,29.0,0.006368648347663939,34.0,0.02224767822870674,36.0,0.015992437584170724,0.014746083712022994,0.013878565019721326
general,9,9,model.layers.9.mlp,22,0.010786802030456852,48.0,0.004590971759103388,48.0,0.022894361579985024,34.0,0.010786802030456852,0.010630019147485887,0.01428197956238161
general,9,9,model.layers.9.mlp,23,0.014088884284678338,37.0,0.005056945743874961,44.0,0.020933605113060846,40.0,0.014088884284678338,0.011708943750001739,0.013058818842674092
general,9,9,model.layers.9.mlp,24,0.015862944162436547,30.0,0.006814869527284264,28.0,0.02004737326929165,42.0,0.015862944162436547,0.015779272311794337,0.012505968961447933
general,9,9,model.layers.9.mlp,25,0.007173935564073345,57.0,0.002423891758876774,56.0,0.00754498526196177,57.0,0.007173935564073345,0.005612322871993756,0.004706718941838209
general,9,9,model.layers.9.mlp,26,0.020990883663109913,14.0,0.008965370828693153,17.0,0.030273605338356154,17.0,0.020990883663109913,0.020758581967825485,0.018885305502469148
general,9,9,model.layers.9.mlp,27,0.012651507303428986,42.0,0.0057230148860781625,39.0,0.02205426916734772,38.0,0.012651507303428986,0.013251172303494803,0.013757912419217111
general,9,9,model.layers.9.mlp,28,0.014373769812493525,36.0,0.006221779539068165,36.0,0.022621468476751217,35.0,0.014373769812493525,0.014406021012999464,0.01411174316118371
general,9,9,model.layers.9.mlp,29,0.017559307987154254,25.0,0.0067883259049971514,31.0,0.024209064660628794,32.0,0.017559307987154254,0.01571781272808068,0.015102118724714468
general,9,9,model.layers.9.mlp,30,0.017067232984564383,27.0,0.008457425294435668,21.0,0.02527909305868625,28.0,0.017067232984564383,0.019582475679580415,0.015769624724339487
general,9,9,model.layers.9.mlp,31,0.02262250077696053,9.0,0.01280120245770421,5.0,0.03780014656532753,11.0,0.02262250077696053,0.029640135983501424,0.023580518671156167
general,9,9,model.layers.9.mlp,32,0.023282917227804827,8.0,0.009908510368376412,10.0,0.03606941980499561,13.0,0.023282917227804827,0.02294234433702421,0.022500855273128204
general,9,9,model.layers.9.mlp,33,0.012599709934735316,43.0,0.005718702653967679,40.0,0.025347248424455487,27.0,0.012599709934735316,0.013241187683177339,0.015812141460942175
general,9,9,model.layers.9.mlp,34,0.00564591318761007,61.0,0.002387977567692686,57.0,0.00605974211558695,60.0,0.00564591318761007,0.0055291665033673715,0.0037801933347543703
general,9,9,model.layers.9.mlp,35,0.013933492178597327,40.0,0.0053535919047187405,42.0,0.022178964973604397,37.0,0.013933492178597327,0.01239580364269108,0.01383570026013378
general,9,9,model.layers.9.mlp,36,0.02187143893090231,11.0,0.00893698091347897,18.0,0.0283387140370423,20.0,0.02187143893090231,0.020692847444034556,0.017678280011749502
general,9,9,model.layers.9.mlp,37,0.025108774474256707,6.0,0.009535963864051332,12.0,0.03764901142175687,12.0,0.025108774474256707,0.022079743414582912,0.02348623742098491
general,9,9,model.layers.9.mlp,38,0.017818294830622604,24.0,0.00821032554241557,22.0,0.02969813704842621,18.0,0.017818294830622604,0.0190103364391017,0.01852631639823646
general,9,9,model.layers.9.mlp,39,0.0024474256707759244,62.0,0.0008715008449445769,62.0,0.0021090790560693057,62.0,0.0024474256707759244,0.002017888838118282,0.0013156874398525433
general,9,9,model.layers.9.mlp,40,0.019488759970993474,19.0,0.011178848423093857,8.0,0.031038083655530648,16.0,0.019488759970993474,0.025883708073067686,0.019362202998109083
general,9,9,model.layers.9.mlp,41,0.017054283642390967,28.0,0.006776337646813167,32.0,0.026540387362028718,24.0,0.017054283642390967,0.0156900548979899,0.01655644637907537
general,9,9,model.layers.9.mlp,42,0.014062985600331503,38.0,0.005304108725104889,43.0,0.019836312970521845,46.0,0.014062985600331503,0.012281229392537896,0.012374305151433866
general,9,9,model.layers.9.mlp,43,0.021262819848751682,13.0,0.009223061473359965,15.0,0.04022674621738425,10.0,0.021262819848751682,0.021355243552925538,0.02509428207161955
general,9,9,model.layers.9.mlp,44,0.011978141510411272,44.0,0.004593804427703823,47.0,0.019968858271401917,44.0,0.011978141510411272,0.010636577959659235,0.01245698967057389
general,9,9,model.layers.9.mlp,45,0.008935046099658138,53.0,0.0029360230668250805,54.0,0.010278853566291159,53.0,0.008935046099658138,0.0067981209764414055,0.006412162926911356
general,9,9,model.layers.9.mlp,46,0.0019165026416658034,63.0,0.0005325543427237646,63.0,0.0014058131078951077,63.0,0.0019165026416658034,0.0012330859690010334,0.0008769754948326992
general,9,9,model.layers.9.mlp,47,0.013156531648192272,41.0,0.005742729753703512,38.0,0.025719157365008634,26.0,0.013156531648192272,0.01329682046500485,0.016044146003610472
general,9,9,model.layers.9.mlp,48,0.027659794882419972,4.0,0.012079143850195534,6.0,0.04033957630022318,9.0,0.027659794882419972,0.027968268408144516,0.02516466782714707
general,9,9,model.layers.9.mlp,49,0.009362374391380919,50.0,0.0032790288843170517,52.0,0.014692993171024505,50.0,0.009362374391380919,0.007592322857646354,0.009165795143300163
general,9,9,model.layers.9.mlp,50,0.029006526468455404,3.0,0.013642928667739303,3.0,0.041176237929278575,8.0,0.029006526468455404,0.03158908409277083,0.025686594776062055
general,9,9,model.layers.9.mlp,51,0.0068502020097379055,58.0,0.0022579530205959287,60.0,0.007864921881793064,56.0,0.0068502020097379055,0.005228105312446074,0.004906302068440118
general,9,9,model.layers.9.mlp,52,0.011913394799544183,45.0,0.004754115766309697,45.0,0.01974186459381593,47.0,0.011913394799544183,0.011007765736094684,0.012315386287018216
general,9,9,model.layers.9.mlp,53,0.0184787112814669,21.0,0.006805106937286336,29.0,0.024317068535142594,31.0,0.0184787112814669,0.015756667834125472,0.015169493790975878
general,9,9,model.layers.9.mlp,54,0.01579819745156946,31.0,0.006671604783648866,33.0,0.017170324292943524,48.0,0.01579819745156946,0.01544755453004493,0.0107112058912212
general,9,9,model.layers.9.mlp,55,0.020265720501398528,17.5,0.008680864676136952,20.0,0.03526674887929743,14.0,0.020265720501398528,0.020099831270164778,0.02200013243287389
general,9,9,model.layers.9.mlp,56,0.010139334921785974,49.0,0.0033036756303092304,51.0,0.01210787798099835,51.0,0.010139334921785974,0.007649390379636785,0.0075531464489319855
general,9,9,model.layers.9.mlp,57,0.007678959908836631,55.0,0.0028130296078615457,55.0,0.0059187996849467085,61.0,0.007678959908836631,0.006513339694307526,0.003692270511187362
general,9,9,model.layers.9.mlp,58,0.021923236299595982,10.0,0.007478637126249611,26.0,0.024014620590670596,33.0,0.021923236299595982,0.017316171830396555,0.014980820464290511
general,9,9,model.layers.9.mlp,59,0.017170827721951724,26.0,0.006952620683822387,27.0,0.027875084678126185,21.0,0.017170827721951724,0.016098223834134902,0.017389058361893635
general,9,9,model.layers.9.mlp,60,0.020434061949652957,15.0,0.00951756416399047,13.0,0.02659433820206465,23.0,0.020434061949652957,0.022037140415867636,0.016590102036695458
general,9,9,model.layers.9.mlp,61,0.00897389412617839,52.0,0.002996482837265617,53.0,0.006180564942289718,59.0,0.00897389412617839,0.0069381106237663154,0.003855565130364809
general,9,9,model.layers.9.mlp,62,0.011900445457370765,46.0,0.004487187334086554,49.0,0.019873512791303553,45.0,0.011900445457370765,0.010389714810402528,0.012397511174378532
general,9,9,model.layers.9.mlp,63,0.02661089816637315,5.0,0.01353991563908241,4.0,0.05496104896195155,2.0,0.02661089816637315,0.03135056586078824,0.0342858469872284
general,10,10,model.layers.10.mlp,0,0.02128871853309852,13.0,0.012247371485872268,3.0,0.04768543026119541,13.0,0.02128871853309852,0.025958852100841305,0.022105763662086296
general,10,10,model.layers.10.mlp,1,0.02424116854863773,8.0,0.009800236669461566,20.0,0.04167862346332752,24.0,0.02424116854863773,0.020772040314875416,0.019321159419025992
general,10,10,model.layers.10.mlp,2,0.0133248730964467,34.0,0.005016694028896457,47.0,0.023455042268134985,44.0,0.0133248730964467,0.010633107559570518,0.01087316646245227
general,10,10,model.layers.10.mlp,3,0.014477364549880866,31.0,0.007835085473751684,27.0,0.04340778496457939,20.0,0.014477364549880866,0.016606814388310725,0.020122755111271592
general,10,10,model.layers.10.mlp,4,0.006746607272350565,57.5,0.010649468186703615,15.0,0.05575415382456387,6.0,0.006746607272350565,0.022572024530336597,0.02584622055152904
general,10,10,model.layers.10.mlp,5,0.019903138920542837,18.0,0.011653206601089039,8.0,0.0453522983630877,16.0,0.019903138920542837,0.02469949303057932,0.021024182515611577
general,10,10,model.layers.10.mlp,6,0.006746607272350565,57.5,0.0021140306931782867,58.0,0.008497658037370898,58.0,0.006746607272350565,0.004480782685832422,0.003939300101234738
general,10,10,model.layers.10.mlp,7,0.01559100797679478,27.0,0.0068739382551085155,31.0,0.03538231092247458,28.0,0.01559100797679478,0.014569619833979298,0.01640234760987706
general,10,10,model.layers.10.mlp,8,0.02444835802341241,7.0,0.011790704840787838,6.0,0.05494752467083064,7.0,0.02444835802341241,0.024990926704538213,0.02547228760518241
general,10,10,model.layers.10.mlp,9,0.020887288925722572,14.0,0.009501175152802238,22.0,0.04222022645321335,22.0,0.020887288925722572,0.020138166043243498,0.019572232915217935
general,10,10,model.layers.10.mlp,10,0.016678752719361856,24.0,0.005741111085931835,37.0,0.025493296131678448,37.0,0.016678752719361856,0.012168541939478101,0.011818049583859099
general,10,10,model.layers.10.mlp,11,0.011162332953485963,47.0,0.006354990838340412,34.0,0.029191370548673285,36.0,0.011162332953485963,0.013469687554180617,0.013532383681698193
general,10,10,model.layers.10.mlp,12,0.011252978348699885,45.5,0.0065079296510799755,33.0,0.03189081202130805,32.0,0.011252978348699885,0.013793848213875167,0.014783776714891774
general,10,10,model.layers.10.mlp,13,0.01903553299492386,19.0,0.010114422613112503,19.0,0.03242770932776118,31.0,0.01903553299492386,0.021437971486539968,0.01503266877484078
general,10,10,model.layers.10.mlp,14,0.01784419351496944,22.0,0.008936550954852119,25.0,0.04469145207402373,17.0,0.01784419351496944,0.01894141978107201,0.02071783083118728
general,10,10,model.layers.10.mlp,15,0.012224179011706205,41.0,0.005270268452003264,44.0,0.020105821012487365,49.0,0.012224179011706205,0.011170569900251445,0.009320551898132592
general,10,10,model.layers.10.mlp,16,0.008883248730964468,55.0,0.0029142975103271,57.0,0.013091019252588203,56.0,0.008883248730964468,0.006176984027609354,0.006068666594983594
general,10,10,model.layers.10.mlp,17,0.02778928830415415,4.5,0.011641686239057807,9.0,0.06406276009295328,4.0,0.02778928830415415,0.024675075107561152,0.02969788101730043
general,10,10,model.layers.10.mlp,18,0.014814047446389724,30.0,0.011494551867780742,11.0,0.05443642507765029,8.0,0.014814047446389724,0.02436321722137411,0.025235354714931713
general,10,10,model.layers.10.mlp,19,0.003030146068579716,64.0,0.000840246646525044,64.0,0.002061860601722694,64.0,0.003030146068579716,0.0017809403797812574,0.0009558266102705037
general,10,10,model.layers.10.mlp,20,0.004907800683725267,61.0,0.0015239504153501502,62.0,0.0036624018324788563,63.0,0.004907800683725267,0.0032300811228534996,0.001697797186706978
general,10,10,model.layers.10.mlp,21,0.009427121102248005,53.0,0.0045181949385877445,51.0,0.02295999857695945,46.0,0.009427121102248005,0.009576516423043384,0.010643676683717098
general,10,10,model.layers.10.mlp,22,0.009750854656583445,51.0,0.0036057595031984877,55.0,0.01214177008437688,57.0,0.009750854656583445,0.007642568673833787,0.005628618604350544
general,10,10,model.layers.10.mlp,23,0.018064332331917538,21.0,0.009331746162138714,23.0,0.04387593977203471,19.0,0.018064332331917538,0.019779053713279253,0.020339779881189592
general,10,10,model.layers.10.mlp,24,0.023852688283435203,9.0,0.011592519205493111,10.0,0.05425387899174562,9.0,0.023852688283435203,0.024570863379026968,0.02515073095018126
general,10,10,model.layers.10.mlp,25,0.004765357919817673,62.0,0.0015774423268672952,61.0,0.007399660009436567,60.0,0.004765357919817673,0.003343459623805041,0.003430295888123866
general,10,10,model.layers.10.mlp,26,0.010670257950896095,48.0,0.005685279693650938,38.0,0.03413855223245452,30.0,0.010670257950896095,0.012050204804324186,0.015825772427402015
general,10,10,model.layers.10.mlp,27,0.01300113954211126,35.0,0.005899386443981146,36.0,0.029915628577530922,34.0,0.01300113954211126,0.012504013645839683,0.013868131450536591
general,10,10,model.layers.10.mlp,28,0.01230187506474671,39.0,0.005536627821337926,40.0,0.024602534428299072,41.0,0.01230187506474671,0.011735130506762632,0.011405114907873473
general,10,10,model.layers.10.mlp,29,0.01262560861908215,38.0,0.006817651612516834,32.0,0.03625827715669928,27.0,0.01262560861908215,0.01445031777541303,0.01680842347925002
general,10,10,model.layers.10.mlp,30,0.01267740598777582,37.0,0.005234398521266058,45.0,0.023326698058129196,45.0,0.01267740598777582,0.01109454197638642,0.010813669321328769
general,10,10,model.layers.10.mlp,31,0.033953175178700924,2.0,0.016655345265882367,2.0,0.09190667783931217,2.0,0.033953175178700924,0.03530174984438265,0.042605619539447304
general,10,10,model.layers.10.mlp,32,0.02014917642183777,16.0,0.008965370828693153,24.0,0.046857513014200526,15.0,0.02014917642183777,0.019002504793759614,0.021721962092223407
general,10,10,model.layers.10.mlp,33,0.012004040194758106,42.0,0.004289166094737388,52.0,0.017183803982849778,51.0,0.012004040194758106,0.009091079536345187,0.007965978446242748
general,10,10,model.layers.10.mlp,34,0.018880140888842847,20.0,0.010656872327174842,14.0,0.053094277716999434,10.0,0.018880140888842847,0.0225877179375014,0.024613169024423547
general,10,10,model.layers.10.mlp,35,0.0054646223971822235,59.0,0.0019963737795245,59.0,0.008368753898635277,59.0,0.0054646223971822235,0.004231403590595272,0.0038795433912638677
general,10,10,model.layers.10.mlp,36,0.02258365275044028,10.0,0.010149021636732104,18.0,0.04754803877018603,14.0,0.02258365275044028,0.02151130566587884,0.022042072429506464
general,10,10,model.layers.10.mlp,37,0.02611882316378328,6.0,0.01167442632390837,7.0,0.06152365786367583,5.0,0.02611882316378328,0.024744469182966244,0.028520817216327255
general,10,10,model.layers.10.mlp,38,0.011783901377810007,44.0,0.005408550733903968,43.0,0.02938764983795658,35.0,0.011783901377810007,0.011463665386753833,0.013623373813419614
general,10,10,model.layers.10.mlp,39,0.015060084947684658,29.0,0.007144331648030405,29.0,0.03503270484534098,29.0,0.015060084947684658,0.015142730734061064,0.016240279043574668
general,10,10,model.layers.10.mlp,40,0.04867657722987672,1.0,0.01972412438166891,1.0,0.09266882863617013,1.0,0.04867657722987672,0.041806164549917306,0.04295893344052628
general,10,10,model.layers.10.mlp,41,0.021897337615249146,12.0,0.011003387365812441,13.0,0.05242504605379523,11.0,0.021897337615249146,0.023322172073157114,0.02430293009188285
general,10,10,model.layers.10.mlp,42,0.011991090852584688,43.0,0.004694452683913032,50.0,0.024004997504747903,42.0,0.011991090852584688,0.009950102604192932,0.011128111849726775
general,10,10,model.layers.10.mlp,43,0.009181083600953072,54.0,0.003299995690297058,56.0,0.014229828969769487,55.0,0.009181083600953072,0.006994488585297776,0.0065965900786599625
general,10,10,model.layers.10.mlp,44,0.016160779032425153,25.0,0.00553431995517909,42.0,0.020837775498627073,48.0,0.016160779032425153,0.011730238881130561,0.009659867550594581
general,10,10,model.layers.10.mlp,45,0.013700404019475811,33.0,0.005659431592671967,39.0,0.02488564245659836,39.0,0.013700404019475811,0.011995418597245002,0.011536356654674196
general,10,10,model.layers.10.mlp,46,0.010139334921785974,50.0,0.004831710652614472,49.0,0.016398101233275494,52.0,0.010139334921785974,0.010241027013017528,0.007601746453459948
general,10,10,model.layers.10.mlp,47,0.022324665906971925,11.0,0.010315352396113902,17.0,0.04426727376011484,18.0,0.022324665906971925,0.021863851155953455,0.020521192455346036
general,10,10,model.layers.10.mlp,48,0.005451673055008805,60.0,0.001678602739676137,60.0,0.004199846924481263,62.0,0.005451673055008805,0.0035578736470584355,0.001946943186230892
general,10,10,model.layers.10.mlp,49,0.020071480368797266,17.0,0.011032017552023982,12.0,0.04307413699527386,21.0,0.020071480368797266,0.023382855034422906,0.01996808432156908
general,10,10,model.layers.10.mlp,50,0.011252978348699885,45.5,0.005911222952061535,35.0,0.02270023632433011,47.0,0.011252978348699885,0.012529101654560877,0.010523257450137734
general,10,10,model.layers.10.mlp,51,0.013959390862944163,32.0,0.0051303548564889155,46.0,0.025475001479941403,38.0,0.013959390862944163,0.010874016771521455,0.0118095686443905
general,10,10,model.layers.10.mlp,52,0.016691702061535273,23.0,0.00752567965836398,28.0,0.03776245148740358,26.0,0.016691702061535273,0.015951014912475886,0.01750572078953946
general,10,10,model.layers.10.mlp,53,0.020382264580959288,15.0,0.010423600803344816,16.0,0.041474453822406575,25.0,0.020382264580959288,0.02209328850066863,0.019226511519144417
general,10,10,model.layers.10.mlp,54,0.03229565938050347,3.0,0.012166374868078577,4.0,0.06665759120014163,3.0,0.03229565938050347,0.025787176143726737,0.03090077932154858
general,10,10,model.layers.10.mlp,55,0.015241375738112503,28.0,0.008850533937797835,26.0,0.029957848872441795,33.0,0.015241375738112503,0.018759102862993433,0.013887703715187055
general,10,10,model.layers.10.mlp,56,0.004609965813736662,63.0,0.001483256095902828,63.0,0.00513058479793897,61.0,0.004609965813736662,0.003143827691160341,0.0023784098071528747
general,10,10,model.layers.10.mlp,57,0.01574640008287579,26.0,0.00704346841250777,30.0,0.023755109536376728,43.0,0.01574640008287579,0.01492894659136851,0.01101227008546975
general,10,10,model.layers.10.mlp,58,0.010437169791774578,49.0,0.005536223154395007,41.0,0.02463431209541906,40.0,0.010437169791774578,0.011734272797062762,0.011419846233463683
general,10,10,model.layers.10.mlp,59,0.009647259919196105,52.0,0.004892043964635347,48.0,0.016103262204850918,53.0,0.009647259919196105,0.010368906168582492,0.007465066510655349
general,10,10,model.layers.10.mlp,60,0.012871646120377086,36.0,0.009534281967069822,21.0,0.04174100031763065,23.0,0.012871646120377086,0.020208337418064097,0.0193500757566087
general,10,10,model.layers.10.mlp,61,0.008805552677923961,56.0,0.0036293187067815706,54.0,0.01603883340079513,54.0,0.008805552677923961,0.007692503460423083,0.007435198940882216
general,10,10,model.layers.10.mlp,62,0.02778928830415415,4.5,0.01209907369713431,5.0,0.05084009203042167,12.0,0.02778928830415415,0.025644528299267135,0.023568185351947473
general,10,10,model.layers.10.mlp,63,0.012263027038226458,40.0,0.004240214040486118,53.0,0.01861494130159825,50.0,0.012263027038226458,0.00898732346608906,0.008629417638527651
general,11,11,model.layers.11.mlp,0,0.021185123795711178,12.0,0.012073200304471407,9.0,0.08864979409040298,6.0,0.021185123795711178,0.025341799968102336,0.030727517449209794
general,11,11,model.layers.11.mlp,1,0.01267740598777582,41.0,0.004541602392067233,45.0,0.03174666269161066,40.0,0.01267740598777582,0.009532880798125871,0.011003930035255986
general,11,11,model.layers.11.mlp,2,0.013260126385579612,39.0,0.007295778251417953,28.0,0.0337314360746013,37.0,0.013260126385579612,0.01531393072229493,0.011691886046709085
general,11,11,model.layers.11.mlp,3,0.013894644152077074,34.0,0.005970569888409044,38.0,0.041117801498955525,32.0,0.013894644152077074,0.012532301626073416,0.014252125185354247
general,11,11,model.layers.11.mlp,4,0.009724955972236611,47.0,0.004180272749566197,47.0,0.028650528800422067,44.0,0.009724955972236611,0.008774445313591095,0.00993075768169621
general,11,11,model.layers.11.mlp,5,0.01069615663524293,44.0,0.006048910879389827,37.0,0.03492605398754178,36.0,0.01069615663524293,0.012696740355877529,0.012105960812946934
general,11,11,model.layers.11.mlp,6,0.04809385683207293,1.0,0.021748382242728945,1.0,0.1585041055324398,1.0,0.04809385683207293,0.04565012908971165,0.05494020283400406
general,11,11,model.layers.11.mlp,7,0.015759349425049207,27.0,0.006166668959779343,35.0,0.02403402713524064,46.0,0.015759349425049207,0.012943916054333688,0.008330600152548322
general,11,11,model.layers.11.mlp,8,0.02042111260747954,13.0,0.010084957801331193,19.0,0.06669833457162438,11.0,0.02042111260747954,0.021168453835180342,0.02311877044285986
general,11,11,model.layers.11.mlp,9,0.018789495493628922,18.0,0.01171787743690433,10.0,0.051620202479980705,23.0,0.018789495493628922,0.024595972780041647,0.01789243493129629
general,11,11,model.layers.11.mlp,10,0.008468869781415105,53.0,0.0029460765111882317,53.0,0.009587365208683972,57.0,0.008468869781415105,0.006183851816788499,0.0033231428765797427
general,11,11,model.layers.11.mlp,11,0.018180876411478298,20.5,0.008790832917875272,22.0,0.06169564165248286,18.0,0.018180876411478298,0.018452069355239457,0.02138475249568675
general,11,11,model.layers.11.mlp,12,0.016808246141096033,25.0,0.011342194763771626,12.0,0.058076409432575096,19.0,0.016808246141096033,0.02380741010287932,0.02013026541727855
general,11,11,model.layers.11.mlp,13,0.0012172381643012534,63.0,0.00044359084449134984,63.0,0.0023396081908322436,63.0,0.0012172381643012534,0.0009311027867746084,0.0008109477551047645
general,11,11,model.layers.11.mlp,14,0.008248730964467006,54.0,0.00249109176308531,59.0,0.009948341410264017,56.0,0.008248730964467006,0.005228833082386206,0.003448263331134764
general,11,11,model.layers.11.mlp,15,0.0233347145964985,8.0,0.010685559419675231,16.0,0.06568912235391111,12.0,0.0233347145964985,0.022429124219896495,0.022768960425274074
general,11,11,model.layers.11.mlp,16,0.009103387547912565,51.0,0.003560500034801357,51.0,0.01739903501290232,51.0,0.009103387547912565,0.007473534555286073,0.006030799703980878
general,11,11,model.layers.11.mlp,17,0.03122086398010981,4.0,0.01469044698701181,4.0,0.1076803369854542,4.0,0.03122086398010981,0.03083543382022637,0.0373238253693308
general,11,11,model.layers.11.mlp,18,0.017352118512379573,23.0,0.007543826441585517,25.0,0.044304924863558984,30.0,0.017352118512379573,0.015834587007219496,0.015356836028774457
general,11,11,model.layers.11.mlp,19,0.014412617839013778,32.0,0.005692652219517248,40.0,0.03815657876321569,34.0,0.014412617839013778,0.011948948927945085,0.013225715319239363
general,11,11,model.layers.11.mlp,20,0.014632756655961877,31.0,0.007355087250239563,26.0,0.05208145908792933,22.0,0.014632756655961877,0.015438421060112735,0.01805231427015692
general,11,11,model.layers.11.mlp,21,0.01683414482544287,24.0,0.006424492385786802,33.0,0.04637817014539401,28.0,0.01683414482544287,0.01348509068278345,0.01607545789617679
general,11,11,model.layers.11.mlp,22,0.013933492178597327,33.0,0.007309220781428053,27.0,0.05573966394113059,20.0,0.013933492178597327,0.01534214676261483,0.01932030992218173
general,11,11,model.layers.11.mlp,23,0.006254532269760697,61.0,0.0020610951987076556,61.0,0.006287874512881501,60.0,0.006254532269760697,0.004326264861316105,0.0021794836163519567
general,11,11,model.layers.11.mlp,24,0.016639904692841604,26.0,0.006939557529071273,32.0,0.046602239247419595,26.0,0.016639904692841604,0.014566218925708639,0.016153124035314107
general,11,11,model.layers.11.mlp,25,0.013130632963845437,40.0,0.005121863173608594,42.0,0.02917628840737351,43.0,0.013130632963845437,0.010750855509413466,0.010112994850574633
general,11,11,model.layers.11.mlp,26,0.013376670465140371,38.0,0.00706814045018388,30.0,0.03207910319989572,39.0,0.013376670465140371,0.0148361161016002,0.01111915953605704
general,11,11,model.layers.11.mlp,27,0.003405676991608826,62.0,0.001136431234137056,62.0,0.004372343875596675,62.0,0.003405676991608826,0.0023853835177686,0.0015155283112596304
general,11,11,model.layers.11.mlp,28,0.009841500051797368,46.0,0.003679067449076712,50.0,0.011316637275185743,55.0,0.009841500051797368,0.007722409055793477,0.003922537811932634
general,11,11,model.layers.11.mlp,29,0.009983942815704963,45.0,0.004619873830917202,44.0,0.01743063326144708,50.0,0.009983942815704963,0.009697173537128706,0.006041752191163573
general,11,11,model.layers.11.mlp,30,0.01885424220449601,17.0,0.008718068743201595,23.0,0.0650769320895397,14.0,0.01885424220449601,0.018299336433319702,0.02255676492923574
general,11,11,model.layers.11.mlp,31,0.020162125764011187,14.0,0.009955906984065835,21.0,0.06408395346435107,15.0,0.020162125764011187,0.0208975745393529,0.022212581749283165
general,11,11,model.layers.11.mlp,32,0.018996684968403604,16.0,0.0099693621599179,20.0,0.04810635636387051,24.0,0.018996684968403604,0.020925817123454853,0.0166744764582455
general,11,11,model.layers.11.mlp,33,0.007821402672744225,57.0,0.004434175964564125,46.0,0.018548854866082355,48.0,0.007821402672744225,0.009307391369605136,0.006429346705297176
general,11,11,model.layers.11.mlp,34,0.02295918367346939,10.0,0.010460855453777323,18.0,0.06324383448803597,17.0,0.02295918367346939,0.02195746775663753,0.021921382308054804
general,11,11,model.layers.11.mlp,35,0.009388273075727753,50.0,0.003912180899882161,49.0,0.024832637098173176,45.0,0.009388273075727753,0.008211717134116161,0.00860741186793818
general,11,11,model.layers.11.mlp,36,0.015539210608101109,30.0,0.007079281436956127,29.0,0.046510442526404946,27.0,0.015539210608101109,0.014859501173586871,0.016121305739787317
general,11,11,model.layers.11.mlp,37,0.007109188853206257,58.0,0.002520164553765669,57.0,0.006235096702620574,61.0,0.007109188853206257,0.005289857237320775,0.002161189934991909
general,11,11,model.layers.11.mlp,38,0.008676059256189786,52.0,0.0027961790234415466,54.0,0.012782835482348497,54.0,0.008676059256189786,0.005869215096250474,0.00443074689980316
general,11,11,model.layers.11.mlp,39,0.011835698746503677,42.0,0.005685368214544701,41.0,0.03142118508008358,41.0,0.011835698746503677,0.011933659709483879,0.010891113992194154
general,11,11,model.layers.11.mlp,40,0.013855796125556822,35.0,0.006314005664527867,34.0,0.03138600755164528,42.0,0.013855796125556822,0.013253177659006445,0.010878920866084852
general,11,11,model.layers.11.mlp,41,0.017649953382368175,22.0,0.012292276870694344,8.0,0.05213327724538689,21.0,0.017649953382368175,0.02580164444834874,0.018070275319630305
general,11,11,model.layers.11.mlp,42,0.015629856003315033,29.0,0.006107094398276443,36.0,0.0384554370912038,33.0,0.015629856003315033,0.01281886829709282,0.013329304668569734
general,11,11,model.layers.11.mlp,43,0.03255464622397182,3.0,0.016424659816734435,3.0,0.07532699607211568,9.0,0.03255464622397182,0.034475568459313814,0.0261096104052098
general,11,11,model.layers.11.mlp,44,0.01868590075624158,19.0,0.010852958752703175,14.0,0.13929830180606692,2.0,0.01868590075624158,0.022780497534792693,0.04828314654658163
general,11,11,model.layers.11.mlp,45,0.024163472495597225,7.0,0.014534372005464622,5.0,0.07825969255002659,8.0,0.024163472495597225,0.030507830462156577,0.02712613258806278
general,11,11,model.layers.11.mlp,46,0.015707552056355538,28.0,0.0070247146288718535,31.0,0.03372448437030879,38.0,0.015707552056355538,0.014744964754038083,0.011689476468467628
general,11,11,model.layers.11.mlp,47,0.013480265202527712,36.0,0.005702351580305346,39.0,0.03722187380098894,35.0,0.013480265202527712,0.011969308008777976,0.012901730776112322
general,11,11,model.layers.11.mlp,48,0.011317725059566974,43.0,0.004834846821422096,43.0,0.04130994325460677,31.0,0.011317725059566974,0.010148404560099656,0.014318724766437025
general,11,11,model.layers.11.mlp,49,0.019799544183155496,15.0,0.00857848393957837,24.0,0.04798875823362274,25.0,0.019799544183155496,0.018006346167044027,0.016633714958049595
general,11,11,model.layers.11.mlp,50,0.008041541489692324,55.0,0.0027819714199924894,55.0,0.01777669122929056,49.0,0.008041541489692324,0.005839393157116508,0.0061617017336803295
general,11,11,model.layers.11.mlp,51,0.006617113850616389,60.0,0.0023441913398846216,60.0,0.008342842108043355,59.0,0.006617113850616389,0.004920487238194198,0.0028917701285293427
general,11,11,model.layers.11.mlp,52,0.009699057287889775,48.0,0.0039221458233515485,48.0,0.01577725621976717,52.0,0.009699057287889775,0.008232633634372117,0.005468663754584314
general,11,11,model.layers.11.mlp,53,0.007989744120998654,56.0,0.002498565455687351,58.0,0.014955931838949542,53.0,0.007989744120998654,0.005244520457578172,0.00518397883791887
general,11,11,model.layers.11.mlp,54,0.018180876411478298,20.5,0.010695600218196415,15.0,0.06567703214634468,13.0,0.018180876411478298,0.022450199982844754,0.022764769754920307
general,11,11,model.layers.11.mlp,55,0.04325080285921475,2.0,0.01980887681452657,2.0,0.13842546958219668,3.0,0.04325080285921475,0.04157908269281307,0.047980608140662094
general,11,11,model.layers.11.mlp,56,0.013454366518180877,37.0,0.013711797923087382,6.0,0.07091442436847392,10.0,0.013454366518180877,0.028781237071104408,0.024580138448610865
general,11,11,model.layers.11.mlp,57,0.0278281363306744,5.0,0.013281434629292706,7.0,0.08667633189128666,7.0,0.0278281363306744,0.027877899080354835,0.030043482085327686
general,11,11,model.layers.11.mlp,58,0.027763389619807313,6.0,0.01153680162578991,11.0,0.09571326702391683,5.0,0.027763389619807313,0.02421589236485761,0.033175836591330214
general,11,11,model.layers.11.mlp,59,0.023114575779550398,9.0,0.01054813705502823,17.0,0.04545949121840097,29.0,0.023114575779550398,0.02214067294035149,0.015757028247816714
general,11,11,model.layers.11.mlp,60,0.0095695638661556,49.0,0.003479376958588004,52.0,0.019177169310087047,47.0,0.0095695638661556,0.0073032561934308045,0.0066471311146107095
general,11,11,model.layers.11.mlp,61,0.021897337615249146,11.0,0.01100506926279395,13.0,0.06377718278803035,16.0,0.021897337615249146,0.023099779417189593,0.022106249846245263
general,11,11,model.layers.11.mlp,62,0.006643012534963224,59.0,0.0026119860122824513,56.0,0.008715373919990214,58.0,0.006643012534963224,0.00548259163879094,0.0030208959530102155
general,11,11,model.layers.11.mlp,63,0.0008805552677923961,64.0,0.00026138955344193513,64.0,0.0016734056166264847,64.0,0.0008805552677923961,0.0005486599749880596,0.0005800306792823396
general,12,12,model.layers.12.mlp,0,0.01821972443799855,20.0,0.007932901061360458,33.0,0.05448891574745164,35.0,0.01821972443799855,0.015079582512152538,0.013797682408005515
general,12,12,model.layers.12.mlp,1,0.01515073034289858,29.0,0.00716513405806485,37.0,0.0561486926166354,32.0,0.01515073034289858,0.013620140904756682,0.014217971081307337
general,12,12,model.layers.12.mlp,2,0.02611882316378328,3.0,0.011891884222359629,8.0,0.09329025476467025,9.0,0.02611882316378328,0.022605179110261532,0.023622956877519502
general,12,12,model.layers.12.mlp,3,0.022557754066093443,6.0,0.011402452200740702,10.0,0.06756320971782179,20.0,0.022557754066093443,0.021674822044541804,0.017108354926214053
general,12,12,model.layers.12.mlp,4,0.014956490210297317,32.0,0.007137679935156169,38.0,0.059154707840022976,27.0,0.014956490210297317,0.01356795360171357,0.014979154209967248
general,12,12,model.layers.12.mlp,5,0.020084429710970682,14.0,0.009200937572840049,22.0,0.0981817792564257,8.0,0.020084429710970682,0.017489982069058056,0.02486158863413284
general,12,12,model.layers.12.mlp,6,0.01057961255568217,48.0,0.005124234268977261,51.0,0.05044985727158023,42.0,0.01057961255568217,0.009740612277016166,0.01277491208283084
general,12,12,model.layers.12.mlp,7,0.01849166062364032,18.0,0.012185634485393141,6.0,0.10050814522618051,7.0,0.01849166062364032,0.023163566425963247,0.02545067098923494
general,12,12,model.layers.12.mlp,8,0.0014503263234227702,64.0,0.0005226652943061742,64.0,0.0023393538723297715,64.0,0.0014503263234227702,0.0009935299042260826,0.0005923711515924896
general,12,12,model.layers.12.mlp,9,0.013894644152077074,37.0,0.007763902029323785,34.0,0.06118916296565593,25.0,0.013894644152077074,0.014758333724557818,0.015494318905607853
general,12,12,model.layers.12.mlp,10,0.014710452709002383,34.0,0.010429664484567622,14.0,0.06486735518029547,24.0,0.014710452709002383,0.019825658350279784,0.01642571068166037
general,12,12,model.layers.12.mlp,11,0.015565109292447943,28.0,0.006415336796203253,45.0,0.05507825045317402,33.0,0.015565109292447943,0.012194857822291391,0.01394691373312971
general,12,12,model.layers.12.mlp,12,0.011900445457370765,45.0,0.007000497841506526,39.0,0.041483780888997436,49.0,0.011900445457370765,0.013307185355093731,0.010504522359053263
general,12,12,model.layers.12.mlp,13,0.009271728996166994,49.0,0.00520738067990521,49.0,0.038480179286134016,51.0,0.009271728996166994,0.009898664565136136,0.009743950407345381
general,12,12,model.layers.12.mlp,14,0.021586553403087124,9.0,0.010218725517649954,15.0,0.07554358668454778,15.0,0.021586553403087124,0.019424686305871394,0.01912914585905983
general,12,12,model.layers.12.mlp,15,0.01559100797679478,27.0,0.008407271885197607,30.0,0.07687862871329945,14.0,0.01559100797679478,0.015981309878229547,0.019467205181059027
general,12,12,model.layers.12.mlp,16,0.014904692841603647,33.0,0.006814426922815446,42.0,0.05946812588298159,26.0,0.014904692841603647,0.012953484766896433,0.015058517921987593
general,12,12,model.layers.12.mlp,17,0.007355226354501192,58.0,0.003401820009809127,58.0,0.0132945872365496,60.0,0.007355226354501192,0.006466490018294883,0.0033664551756843134
general,12,12,model.layers.12.mlp,18,0.006863151351911323,61.0,0.002783653316973998,60.0,0.02345714076472035,56.0,0.006863151351911323,0.005291422337660889,0.005939816823876291
general,12,12,model.layers.12.mlp,19,0.04810680617424635,2.0,0.024319926852403397,2.0,0.22797966856302207,2.0,0.04810680617424635,0.04622953706641059,0.05772900816918993
general,12,12,model.layers.12.mlp,20,0.011304775717393556,47.0,0.009208430234205039,21.0,0.05444437083048696,36.0,0.011304775717393556,0.017504224803766965,0.01378640274481643
general,12,12,model.layers.12.mlp,21,0.02159950274526054,8.0,0.012373172321752305,5.0,0.10621100686522181,4.0,0.02159950274526054,0.02352005546517529,0.026894749525812715
general,12,12,model.layers.12.mlp,22,0.020330467212265616,13.0,0.00947035723593054,20.0,0.08787504910163085,11.0,0.020330467212265616,0.018002119559308395,0.02225171858276329
general,12,12,model.layers.12.mlp,23,0.007044442142339169,60.0,0.002401306285125091,61.0,0.010448560126972522,61.0,0.007044442142339169,0.004564622196017193,0.002645784234744275
general,12,12,model.layers.12.mlp,24,0.0133248730964467,40.0,0.00898051422444771,24.0,0.04566921844366831,44.0,0.0133248730964467,0.017070981246537123,0.011564358792311505
general,12,12,model.layers.12.mlp,25,0.02112037708484409,11.0,0.008995341474153113,23.0,0.07148867894469994,16.0,0.02112037708484409,0.017099166236319734,0.01810236218350467
general,12,12,model.layers.12.mlp,26,0.01693773956283021,24.0,0.010771481592914767,12.0,0.05684188837188396,30.0,0.01693773956283021,0.020475415513455875,0.014393502099796075
general,12,12,model.layers.12.mlp,27,0.01897078628405677,16.0,0.007583028551680825,35.0,0.06592213040520511,22.0,0.01897078628405677,0.014414512906766192,0.01669280084789875
general,12,12,model.layers.12.mlp,28,0.00924583031182016,50.0,0.004826462628198487,52.0,0.026725516246536612,55.0,0.00924583031182016,0.009174580759394731,0.006767434813142702
general,12,12,model.layers.12.mlp,29,0.012768051382989745,43.0,0.005352662435334223,48.0,0.028968697200195168,53.0,0.012768051382989745,0.010174829388264087,0.007335453059747566
general,12,12,model.layers.12.mlp,30,0.01509893297420491,31.0,0.008474686868719569,28.0,0.046621511288285934,43.0,0.01509893297420491,0.01610945843305351,0.011805498371787624
general,12,12,model.layers.12.mlp,31,0.004363928312441728,62.0,0.001528977137531726,62.0,0.007741359731582463,62.0,0.004363928312441728,0.002906419319523241,0.0019602669922367303
general,12,12,model.layers.12.mlp,32,0.018530508650160572,17.0,0.007200004967286724,36.0,0.05486551594958952,34.0,0.018530508650160572,0.013686426712283803,0.013893045105402043
general,12,12,model.layers.12.mlp,33,0.008533616492282192,55.0,0.003865517743026779,55.0,0.02688835231081928,54.0,0.008533616492282192,0.007347928999402575,0.00680866815883736
general,12,12,model.layers.12.mlp,34,0.017390966538899825,22.0,0.008458095524059878,29.0,0.06549072200481625,23.0,0.017390966538899825,0.016077920090541965,0.016583559619383573
general,12,12,model.layers.12.mlp,35,0.015137781000725162,30.0,0.008148278718808272,32.0,0.07051942769565768,18.0,0.015137781000725162,0.0154889920247176,0.017856928397120816
general,12,12,model.layers.12.mlp,36,0.012172381643012535,44.0,0.006234741527083549,46.0,0.05094631138282478,38.0,0.012172381643012535,0.011851565848657734,0.012900624185249052
general,12,12,model.layers.12.mlp,37,0.020731896819641563,12.0,0.00851428099991583,27.0,0.0705960872203442,17.0,0.020731896819641563,0.016184722572080677,0.017876340120783582
general,12,12,model.layers.12.mlp,38,0.0025380710659898475,63.0,0.0008928217344996375,63.0,0.003785353609716091,63.0,0.0025380710659898475,0.0016971570564024553,0.0009585271828665916
general,12,12,model.layers.12.mlp,39,0.007860250699264477,56.0,0.00520453536546281,50.0,0.04215384702706947,48.0,0.007860250699264477,0.009893255931702373,0.010674196496236094
general,12,12,model.layers.12.mlp,40,0.052250595669739976,1.0,0.03264438111856418,1.0,0.29447257370497665,1.0,0.052250595669739976,0.062053419654161404,0.07456634058715483
general,12,12,model.layers.12.mlp,41,0.01322127835905936,41.0,0.006861646496717342,41.0,0.050841341409351766,39.0,0.01322127835905936,0.013043244043526086,0.012874043690179738
general,12,12,model.layers.12.mlp,42,0.014645705998135295,35.0,0.006636917239135502,43.0,0.04091729116210737,50.0,0.014645705998135295,0.012616058155742056,0.010361075839117832
general,12,12,model.layers.12.mlp,43,0.008689008598363203,53.0,0.004271853937085621,53.0,0.04223728767302596,47.0,0.008689008598363203,0.008120329930485599,0.010695325335322607
general,12,12,model.layers.12.mlp,44,0.01166735729824925,46.0,0.01007473996102248,16.0,0.05676632069879451,31.0,0.01166735729824925,0.019150985415752157,0.014374366854777935
general,12,12,model.layers.12.mlp,45,0.021845540246555474,7.0,0.008206215643776545,31.0,0.05790491365409572,28.0,0.021845540246555474,0.015599123820614427,0.01466268134541768
general,12,12,model.layers.12.mlp,46,0.02134051590179219,10.0,0.01047853434084611,13.0,0.08269434569290261,12.0,0.02134051590179219,0.01991855463430102,0.02093986094523915
general,12,12,model.layers.12.mlp,47,0.018090231016264374,21.0,0.01443467218740288,3.0,0.10212121360057205,6.0,0.018090231016264374,0.02743874259897625,0.025859132138203445
general,12,12,model.layers.12.mlp,48,0.01902258365275044,15.0,0.009682529172439915,18.0,0.08868644422266159,10.0,0.01902258365275044,0.018405435344871414,0.02245718004283851
general,12,12,model.layers.12.mlp,49,0.013700404019475811,38.0,0.006947220909302807,40.0,0.0431530036269155,46.0,0.013700404019475811,0.013205911698842868,0.010927202915090794
general,12,12,model.layers.12.mlp,50,0.025937532373355433,5.0,0.011972906131837253,7.0,0.11671674198299371,3.0,0.025937532373355433,0.02275919295208429,0.029555011610848357
general,12,12,model.layers.12.mlp,51,0.017378017196726405,23.0,0.00892477767598156,25.0,0.06689460913897777,21.0,0.017378017196726405,0.016965032127162404,0.01693905189791642
general,12,12,model.layers.12.mlp,52,0.026054076452916193,4.0,0.0112651057111455,11.0,0.10572041443014693,5.0,0.026054076452916193,0.021413741299101348,0.026770521716944086
general,12,12,model.layers.12.mlp,53,0.018413964570599812,19.0,0.009836618756798405,17.0,0.08091282580496671,13.0,0.018413964570599812,0.018698342893273216,0.020488744506600255
general,12,12,model.layers.12.mlp,54,0.00752356780275562,57.0,0.003335884589797213,59.0,0.013370236984889124,59.0,0.00752356780275562,0.006341153952856476,0.0033856112037960145
general,12,12,model.layers.12.mlp,55,0.016614006008494768,26.0,0.009632799398907724,19.0,0.050722618500772414,41.0,0.016614006008494768,0.018310904451634642,0.012843980677094198
general,12,12,model.layers.12.mlp,56,0.01673055008805553,25.0,0.012979578381558842,4.0,0.06818618119151978,19.0,0.01673055008805553,0.024672767460949728,0.017266103753207994
general,12,12,model.layers.12.mlp,57,0.013635657308608723,39.0,0.008611559139241038,26.0,0.05224003572328392,37.0,0.013635657308608723,0.016369637739588338,0.013228221042853922
general,12,12,model.layers.12.mlp,58,0.008727856624883457,52.0,0.0036361853989692323,57.0,0.019343839490767477,57.0,0.008727856624883457,0.006911993144641257,0.004898246738512636
general,12,12,model.layers.12.mlp,59,0.008585413860975862,54.0,0.011664714317278307,9.0,0.01748365696064613,58.0,0.008585413860975862,0.022173353816909873,0.004427211346828688
general,12,12,model.layers.12.mlp,60,0.007251631617113851,59.0,0.00422957888739252,54.0,0.04488519938927197,45.0,0.007251631617113851,0.008039969656845286,0.011365829499408637
general,12,12,model.layers.12.mlp,61,0.01305293691080493,42.0,0.005643143748219465,47.0,0.05083505428017674,40.0,0.01305293691080493,0.010727002785109681,0.012872451663426678
general,12,12,model.layers.12.mlp,62,0.014425567181187196,36.0,0.006622930937920854,44.0,0.05684576276409976,29.0,0.014425567181187196,0.012589471717618757,0.014394483173333403
general,12,12,model.layers.12.mlp,63,0.008831451362270797,51.0,0.0036636901052457785,56.0,0.031134479352196154,52.0,0.008831451362270797,0.006964276601167635,0.007883872382986419
general,13,13,model.layers.13.mlp,0,0.0133248730964467,38.0,0.007031720425321144,37.0,0.07846121570581872,29.0,0.0133248730964467,0.01286744549133839,0.015058148466467759
general,13,13,model.layers.13.mlp,1,0.023023930384336477,12.0,0.010580560993829638,20.0,0.15742053037342799,5.0,0.023023930384336477,0.019361519460533185,0.03021189127276524
general,13,13,model.layers.13.mlp,2,0.0056070651610898165,57.0,0.011887432885987518,15.0,0.020630607407512682,56.0,0.0056070651610898165,0.021752982974348266,0.003959392503686338
general,13,13,model.layers.13.mlp,3,0.017119030353258055,20.0,0.007033370707697736,36.0,0.06717251449758545,34.0,0.017119030353258055,0.012870465366595326,0.012891639354188425
general,13,13,model.layers.13.mlp,4,0.006863151351911323,56.0,0.004328905653116259,54.0,0.029736010858855272,55.0,0.006863151351911323,0.007921526192656634,0.005706886673691105
general,13,13,model.layers.13.mlp,5,0.011240029006526469,46.0,0.00567974081486973,45.0,0.03450296481606825,51.0,0.011240029006526469,0.010393438720500374,0.0066217526973028915
general,13,13,model.layers.13.mlp,6,0.0012042888221278358,64.0,0.00037698519485522634,64.0,0.001856030775705891,64.0,0.0012042888221278358,0.0006898505845558651,0.00035620639735817856
general,13,13,model.layers.13.mlp,7,0.016847094167616285,23.0,0.007273281298560033,33.0,0.05304146989119506,40.0,0.016847094167616285,0.013309481178372912,0.010179632335751103
general,13,13,model.layers.13.mlp,8,0.025225318553817468,8.0,0.012001397213787164,14.0,0.14122261605422806,9.0,0.025225318553817468,0.021961527923126146,0.027103213992258256
general,13,13,model.layers.13.mlp,9,0.010113436237439138,51.0,0.0042834122366427535,55.0,0.030005658459889693,54.0,0.010113436237439138,0.007838277141033415,0.005758637001206131
general,13,13,model.layers.13.mlp,10,0.016523360613280844,26.0,0.012355329038737957,13.0,0.09497115788673546,23.0,0.016523360613280844,0.022609192817311167,0.01822670962495368
general,13,13,model.layers.13.mlp,11,0.0016704651403708691,63.0,0.0004882433124741013,63.0,0.004470317575593915,63.0,0.0016704651403708691,0.0008934434007285026,0.0008579360533737089
general,13,13,model.layers.13.mlp,12,0.009906246762664456,52.0,0.0057312726208821095,44.0,0.04103440244056074,47.0,0.009906246762664456,0.010487737507259126,0.00787525554663215
general,13,13,model.layers.13.mlp,13,0.011576711903035325,45.0,0.004380329969471926,53.0,0.04787126273660849,42.0,0.011576711903035325,0.00801562828255957,0.00918737461662447
general,13,13,model.layers.13.mlp,14,0.016134880348078317,28.0,0.007537592041496167,32.0,0.0951072752667155,22.0,0.016134880348078317,0.013793147176420684,0.018252833050370527
general,13,13,model.layers.13.mlp,15,0.01064435926654926,49.0,0.0048414479509284675,50.0,0.038899767963667425,48.0,0.01064435926654926,0.00885943465320279,0.007465579981634291
general,13,13,model.layers.13.mlp,16,0.016575157981974516,25.0,0.004923253902607998,49.0,0.03072926142753424,53.0,0.016575157981974516,0.009009132530881899,0.005897509701807941
general,13,13,model.layers.13.mlp,17,0.007782554646223972,54.0,0.003092686080023697,57.0,0.016606719128318237,58.0,0.007782554646223972,0.005659350365128952,0.003187134432287429
general,13,13,model.layers.13.mlp,18,0.015992437584170724,29.0,0.014298824230080675,7.0,0.10491827569572366,14.0,0.015992437584170724,0.026165622385703535,0.020135744240766824
general,13,13,model.layers.13.mlp,19,0.01794778825235678,17.0,0.009797024625602144,23.0,0.1007834922456314,16.0,0.01794778825235678,0.017927715085668827,0.01934220334915449
general,13,13,model.layers.13.mlp,20,0.013014088884284679,39.0,0.007045858476639387,35.0,0.07856731623794011,28.0,0.013014088884284679,0.01289331691307981,0.01507851110743225
general,13,13,model.layers.13.mlp,21,0.01386874546773024,34.0,0.006329117445677509,40.0,0.036777413679900645,50.0,0.01386874546773024,0.011581742278500047,0.007058261211259516
general,13,13,model.layers.13.mlp,22,0.02478504091992127,9.0,0.012535582870124573,12.0,0.14435011339251838,7.0,0.02478504091992127,0.022939041874110982,0.027703438177224152
general,13,13,model.layers.13.mlp,23,0.012081736247798612,43.0,0.006637824578296579,38.0,0.0469587123455451,44.0,0.012081736247798612,0.012146649863201386,0.00901223943488975
general,13,13,model.layers.13.mlp,24,0.012457267170827723,42.0,0.0066351784358651454,39.0,0.05816872278841051,36.0,0.012457267170827723,0.012141807649427332,0.01116364634390611
general,13,13,model.layers.13.mlp,25,0.004273282917227805,60.0,0.0012769296998423418,62.0,0.0065751424184503,62.0,0.004273282917227805,0.002336671869067095,0.001261890602057698
general,13,13,model.layers.13.mlp,26,0.014088884284678338,33.0,0.007561555912022169,31.0,0.07441939249454133,30.0,0.014088884284678338,0.013836999004864325,0.014282448352174001
general,13,13,model.layers.13.mlp,27,0.01591474153113022,30.0,0.009818686952890293,22.0,0.08396586819465922,25.0,0.01591474153113022,0.017967355287317355,0.01611459238831645
general,13,13,model.layers.13.mlp,28,0.017054283642390967,21.0,0.014937477186901093,6.0,0.10402970109395408,15.0,0.017054283642390967,0.02733430253973476,0.01996521045338394
general,13,13,model.layers.13.mlp,29,0.026222417901170622,7.0,0.01788183702504241,4.0,0.12631495442929527,12.0,0.026222417901170622,0.032722228599442835,0.024242159903091826
general,13,13,model.layers.13.mlp,30,0.016303221796332746,27.0,0.009320453425262871,24.0,0.08326827440714572,26.0,0.016303221796332746,0.017055630649401264,0.015980711327117383
general,13,13,model.layers.13.mlp,31,0.013700404019475811,35.0,0.006139227482712628,41.0,0.04763794087176865,43.0,0.013700404019475811,0.011234259927096509,0.009142595865114879
general,13,13,model.layers.13.mlp,32,0.020537656687040298,14.0,0.011262431115569642,18.0,0.08498300806013621,24.0,0.020537656687040298,0.020609283321005648,0.01630980021128649
general,13,13,model.layers.13.mlp,33,0.017701750751061847,19.0,0.009885355831736248,21.0,0.11960736268124629,13.0,0.017701750751061847,0.018089353619536282,0.02295484984186007
general,13,13,model.layers.13.mlp,34,0.018336268517559307,16.0,0.008699757564034497,27.0,0.07195409181191367,32.0,0.018336268517559307,0.01591981044069456,0.013809311868631874
general,13,13,model.layers.13.mlp,35,0.02134051590179219,13.0,0.011466870119716668,17.0,0.1370098387146569,10.0,0.02134051590179219,0.02098338917036402,0.02629470464066623
general,13,13,model.layers.13.mlp,36,0.02917486791670983,5.0,0.01290274224577204,10.0,0.15709109866012752,6.0,0.02917486791670983,0.023610912051964625,0.03014866727599414
general,13,13,model.layers.13.mlp,37,0.0168600435097897,22.0,0.009219956919157257,25.0,0.0961628709261274,21.0,0.0168600435097897,0.016871730659616772,0.018455421246551182
general,13,13,model.layers.13.mlp,38,0.01090334611001761,47.0,0.0052871759427121105,47.0,0.042752822513939935,45.0,0.01090334611001761,0.009675078662254501,0.008205051922585874
general,13,13,model.layers.13.mlp,39,0.014917642183777065,32.0,0.011582491052813892,16.0,0.0986706486318558,18.0,0.014917642183777065,0.02119496556480212,0.01893670985104263
general,13,13,model.layers.13.mlp,40,0.012470216513001139,41.0,0.005004465499715114,48.0,0.05523870533875798,37.0,0.012470216513001139,0.009157742790652377,0.010601322176872626
general,13,13,model.layers.13.mlp,41,0.026675644877240237,6.0,0.01300452862775821,9.0,0.1427423922210163,8.0,0.026675644877240237,0.023797172404018907,0.02739488695385372
general,13,13,model.layers.13.mlp,42,0.01902258365275044,15.0,0.010595846655306317,19.0,0.09975497078740583,17.0,0.01902258365275044,0.01938949091047052,0.01914481118947935
general,13,13,model.layers.13.mlp,43,0.029848233709727546,4.0,0.01925945608008035,3.0,0.17712985922052868,4.0,0.029848233709727546,0.03524315335559456,0.03399447349870019
general,13,13,model.layers.13.mlp,44,0.01359680928208847,37.0,0.005945265558634621,42.0,0.0540504591811769,39.0,0.01359680928208847,0.010879326235978537,0.010373275913574176
general,13,13,model.layers.13.mlp,45,0.004791256604164508,58.0,0.0014891933187059722,60.0,0.009642597494167786,60.0,0.004791256604164508,0.002725096092488528,0.0018505915739819518
general,13,13,model.layers.13.mlp,46,0.02455195276079975,10.0,0.012536929652293976,11.0,0.09727387215934812,20.0,0.02455195276079975,0.02294150637001032,0.018668642790033153
general,13,13,model.layers.13.mlp,47,0.011809800062156843,44.0,0.005576702494528903,46.0,0.05010042319649873,41.0,0.011809800062156843,0.010204887428596003,0.009615191454008977
general,13,13,model.layers.13.mlp,48,0.02352895472909976,11.0,0.013570822076847872,8.0,0.1367066673827174,11.0,0.02352895472909976,0.024833440862876248,0.026236520493427947
general,13,13,model.layers.13.mlp,49,0.010178182948306226,50.0,0.004694629725700559,51.0,0.041744240591572467,46.0,0.010178182948306226,0.008590769888964973,0.008011486526090513
general,13,13,model.layers.13.mlp,50,0.010760903346110018,48.0,0.005869643423676577,43.0,0.05929573870540023,35.0,0.010760903346110018,0.010740944212710478,0.011379941399360431
general,13,13,model.layers.13.mlp,51,0.004493421734175904,59.0,0.0025445330912345905,58.0,0.01673215039218755,57.0,0.004493421734175904,0.004656277393291349,0.003211206995740467
general,13,13,model.layers.13.mlp,52,0.0506448772402362,1.0,0.03362017854512522,1.0,0.48369383441467034,1.0,0.0506448772402362,0.06152204420423979,0.09282973129348322
general,13,13,model.layers.13.mlp,53,0.004117890811146794,61.0,0.001798845728012017,59.0,0.0137329548921509,59.0,0.004117890811146794,0.003291733452480718,0.0026356062901785643
general,13,13,model.layers.13.mlp,54,0.01665285403501502,24.0,0.008950695329091344,26.0,0.09751253843146952,19.0,0.01665285403501502,0.016379005035798193,0.01871444723146594
general,13,13,model.layers.13.mlp,55,0.01789599088366311,18.0,0.008622649542645421,28.0,0.07079302712404319,33.0,0.01789599088366311,0.015778709372654933,0.013586482228639053
general,13,13,model.layers.13.mlp,56,0.03153164819227183,3.0,0.01695969274448358,5.0,0.18209931385291125,3.0,0.03153164819227183,0.031034783629003998,0.03494820312140145
general,13,13,model.layers.13.mlp,57,0.013622707966435305,36.0,0.007158583511926344,34.0,0.054937916710674856,38.0,0.013622707966435305,0.01309959406281417,0.010543595314269795
general,13,13,model.layers.13.mlp,58,0.015733450740702374,31.0,0.008024469603037916,29.0,0.07861936985551045,27.0,0.015733450740702374,0.014684091370039998,0.015088501152762796
general,13,13,model.layers.13.mlp,59,0.012832798093856831,40.0,0.007931054768433388,30.0,0.07401023559850398,31.0,0.012832798093856831,0.014513150231932783,0.014203923628446679
general,13,13,model.layers.13.mlp,60,0.007031492800165752,55.0,0.0035218353729896145,56.0,0.03139284309310443,52.0,0.007031492800165752,0.006444656776771897,0.006024863212072769
general,13,13,model.layers.13.mlp,61,0.00800269346317207,53.0,0.0044909684408344554,52.0,0.038312513474249583,49.0,0.00800269346317207,0.008218087199210446,0.007352875058447665
general,13,13,model.layers.13.mlp,62,0.004040194758106288,62.0,0.001300880924526378,61.0,0.007035726777638819,61.0,0.004040194758106288,0.0023805005567041687,0.0013502852005813516
general,13,13,model.layers.13.mlp,63,0.03730705480161608,2.0,0.019652498332772196,2.0,0.24928948956086427,2.0,0.03730705480161608,0.035962386979288316,0.04784323198625983
general,14,14,model.layers.14.mlp,0,0.016031285610690976,28.0,0.008333407522272868,33.0,0.10844691226016323,29.0,0.016031285610690976,0.015116087893583369,0.016056378842820535
general,14,14,model.layers.14.mlp,1,0.02025277115922511,19.0,0.012005952878355498,15.0,0.1034918671268744,31.0,0.02025277115922511,0.021777770794286555,0.015322747242019439
general,14,14,model.layers.14.mlp,2,0.037812079146379365,3.0,0.018944280599295555,5.0,0.3055146332202298,1.0,0.037812079146379365,0.03436330334911481,0.045233733176664535
general,14,14,model.layers.14.mlp,3,0.0379156738837667,2.0,0.01959894319204522,3.0,0.2662049433063821,2.0,0.0379156738837667,0.035550805252291394,0.03941363871481056
general,14,14,model.layers.14.mlp,4,0.007096239511032839,53.0,0.0032143580485017613,53.0,0.026281125122625495,54.0,0.007096239511032839,0.005830570346252263,0.003891117714556201
general,14,14,model.layers.14.mlp,5,0.030586346213612347,5.0,0.01899194277766627,4.0,0.19951803783585986,8.0,0.030586346213612347,0.03444975846072741,0.02954014212763853
general,14,14,model.layers.14.mlp,6,0.0018906039573189683,63.0,0.000621049944803429,63.0,0.005871130169938416,63.0,0.0018906039573189683,0.0011265314370937274,0.0008692648622202702
general,14,14,model.layers.14.mlp,7,0.028514451465865533,7.0,0.01349508612931213,9.0,0.21045631055422895,6.0,0.028514451465865533,0.02447893103954702,0.031159635453837528
general,14,14,model.layers.14.mlp,8,0.005542318450222729,59.0,0.0021728338583212473,57.0,0.02512162038588492,55.0,0.005542318450222729,0.003941334621252233,0.0037194443405970746
general,14,14,model.layers.14.mlp,9,0.010294727027866985,44.0,0.010544191552334766,26.0,0.08727524649302823,37.0,0.010294727027866985,0.019126260877783175,0.012921754912955384
general,14,14,model.layers.14.mlp,10,0.013946441520770745,36.0,0.006544374967626645,40.0,0.11421172434612098,26.0,0.013946441520770745,0.011870935983247115,0.016909902515193545
general,14,14,model.layers.14.mlp,11,0.011265927690873303,40.0,0.004658174924772415,47.0,0.05153933795581738,46.0,0.011265927690873303,0.008449530566980031,0.0076307855915852514
general,14,14,model.layers.14.mlp,12,0.010398321765254325,43.0,0.003881796103097806,49.0,0.03256149496873506,53.0,0.010398321765254325,0.007041245843620044,0.004820973580625005
general,14,14,model.layers.14.mlp,13,0.01564280534548845,29.0,0.007410412808841811,37.0,0.07312999219613088,41.0,0.01564280534548845,0.01344185449311103,0.010827443907823617
general,14,14,model.layers.14.mlp,14,0.02885113436237439,6.0,0.013668479591432067,7.0,0.16262140889235954,14.0,0.02885113436237439,0.02479345193709972,0.02407731944331357
general,14,14,model.layers.14.mlp,15,0.02380089091474153,9.0,0.011275209738876515,20.0,0.1900424140575055,9.0,0.02380089091474153,0.020452265291948577,0.02813720494864072
general,14,14,model.layers.14.mlp,16,0.0165622086398011,26.0,0.008237020914806277,35.0,0.11730247727332554,24.0,0.0165622086398011,0.014941250838472938,0.017367511670442703
general,14,14,model.layers.14.mlp,17,0.007782554646223972,50.0,0.0038667570355394696,50.0,0.034925182379985195,52.0,0.007782554646223972,0.007013966262435305,0.005170935232368401
general,14,14,model.layers.14.mlp,18,0.017792396146275768,23.0,0.010987188042253704,22.0,0.1617088662019532,15.0,0.017792396146275768,0.019929818589351465,0.023942210652827582
general,14,14,model.layers.14.mlp,19,0.012988190199937842,38.0,0.014451886339779408,6.0,0.10213472885497923,33.0,0.012988190199937842,0.026214484717843285,0.015121812740690679
general,14,14,model.layers.14.mlp,20,0.0200973790531441,20.0,0.012671563608787424,11.0,0.18482323646187276,10.0,0.0200973790531441,0.02298513168204223,0.027364466555477418
general,14,14,model.layers.14.mlp,21,0.021962084326116234,14.0,0.011350338685997876,19.0,0.16318085445593788,13.0,0.021962084326116234,0.020588542770879445,0.024160149555518148
general,14,14,model.layers.14.mlp,22,0.007394074381021444,52.0,0.0030376418914051977,54.0,0.022137579746528153,58.0,0.007394074381021444,0.0055100223644394914,0.003277634740034709
general,14,14,model.layers.14.mlp,23,0.010488967160468248,42.0,0.004616598557847949,48.0,0.05017436792118666,47.0,0.010488967160468248,0.008374114596376605,0.007428691539035822
general,14,14,model.layers.14.mlp,24,0.005788355951517663,58.0,0.002996653556132161,55.0,0.041752547365290556,50.0,0.005788355951517663,0.005435673032915392,0.006181777831918739
general,14,14,model.layers.14.mlp,25,0.008637211229669532,48.0,0.0036961646274150523,52.0,0.0454037394685275,49.0,0.008637211229669532,0.006704526237056177,0.006722364211149586
general,14,14,model.layers.14.mlp,26,0.013467315860354294,37.0,0.010690080308178158,25.0,0.08163876953945498,39.0,0.013467315860354294,0.01939089059259313,0.012087232219600251
general,14,14,model.layers.14.mlp,27,0.014801098104216306,33.0,0.009576515917776533,30.0,0.06997543690390604,42.0,0.014801098104216306,0.017370980111138058,0.010360388333838478
general,14,14,model.layers.14.mlp,28,0.0008417072412721433,64.0,0.00028040889975914225,64.0,0.0033025718838714337,64.0,0.0008417072412721433,0.000508637740752913,0.0004889705406814635
general,14,14,model.layers.14.mlp,29,0.004506371076349321,61.0,0.0021316969344051073,58.0,0.017176982821559186,59.0,0.004506371076349321,0.003866715762648949,0.002543181154830231
general,14,14,model.layers.14.mlp,30,0.004739459235470838,60.0,0.0020229932768634105,59.0,0.025075618660438868,56.0,0.004739459235470838,0.0036695366330596986,0.0037126334400763364
general,14,14,model.layers.14.mlp,31,0.01671760074588211,25.0,0.009109179343533098,31.0,0.11470738059805302,25.0,0.01671760074588211,0.016523271570151793,0.016983288141312076
general,14,14,model.layers.14.mlp,32,0.011965192168237854,39.0,0.006031269929846939,43.0,0.06216450042827357,43.0,0.011965192168237854,0.010940207367253183,0.009203920597172174
general,14,14,model.layers.14.mlp,33,0.009983942815704963,45.0,0.007105363486011473,38.0,0.10276892417643363,32.0,0.009983942815704963,0.012888521134163068,0.015215710115262187
general,14,14,model.layers.14.mlp,34,0.005879001346731586,57.0,0.0020093484133818502,60.0,0.015207848444968496,60.0,0.005879001346731586,0.003644786018724333,0.0022516360394920273
general,14,14,model.layers.14.mlp,35,0.007536517144929038,51.0,0.005185844811036724,45.0,0.05616031849086686,45.0,0.007536517144929038,0.009406678571352793,0.008314956422729414
general,14,14,model.layers.14.mlp,36,0.002693463172070859,62.0,0.0007993120560803636,62.0,0.006227096234172611,62.0,0.002693463172070859,0.0014498836474537632,0.0009219683082051638
general,14,14,model.layers.14.mlp,37,0.040712731793224904,1.0,0.021872826812058103,1.0,0.2449396855771807,3.0,0.040712731793224904,0.039675435491245505,0.03626515779290883
general,14,14,model.layers.14.mlp,38,0.023075727753030146,11.0,0.011963080312629493,16.0,0.2100174085045187,7.0,0.023075727753030146,0.02170000363001364,0.031094652713082933
general,14,14,model.layers.14.mlp,39,0.02090023826789599,16.0,0.01275752688101335,10.0,0.145476334185214,18.0,0.02090023826789599,0.023141061699278775,0.02153886252417164
general,14,14,model.layers.14.mlp,40,0.020006733657930178,21.0,0.013635973454657878,8.0,0.10163121081492721,34.0,0.020006733657930178,0.024734488587563986,0.015047263117868089
general,14,14,model.layers.14.mlp,41,0.015176629027245417,31.0,0.006179782697898322,42.0,0.08391180600537594,38.0,0.015176629027245417,0.011209596815589171,0.012423772318896187
general,14,14,model.layers.14.mlp,42,0.010553713871335337,41.0,0.00467282513269029,46.0,0.05890777995961387,44.0,0.010553713871335337,0.008476104790063924,0.008721738702453748
general,14,14,model.layers.14.mlp,43,0.025484305397285818,8.0,0.012178774116126462,12.0,0.1714285476571054,12.0,0.025484305397285818,0.022091253725853455,0.02538128240160239
general,14,14,model.layers.14.mlp,44,0.023386511965192168,10.0,0.009701573810441054,29.0,0.21382898761301625,5.0,0.023386511965192168,0.01759782442329377,0.031658985591538694
general,14,14,model.layers.14.mlp,45,0.014503263234227702,34.0,0.006855374159102093,39.0,0.12839892916601334,21.0,0.014503263234227702,0.012435061894599888,0.019010424609934264
general,14,14,model.layers.14.mlp,46,0.02257070340826686,12.0,0.010708233414320678,24.0,0.14272867099467948,19.0,0.02257070340826686,0.019423818773203344,0.021132050378023508
general,14,14,model.layers.14.mlp,47,0.015241375738112503,30.0,0.011898921633413835,17.0,0.08753254692733294,36.0,0.015241375738112503,0.02158362527799281,0.012959850172317933
general,14,14,model.layers.14.mlp,48,0.021547705376566872,15.0,0.0107518109857363,23.0,0.1552852030728106,17.0,0.021547705376566872,0.019502864757447707,0.022991139141333203
general,14,14,model.layers.14.mlp,49,0.034095617942608514,4.0,0.02027666863908079,2.0,0.23135664789254068,4.0,0.034095617942608514,0.0367801411989287,0.03425408717452477
general,14,14,model.layers.14.mlp,50,0.015060084947684658,32.0,0.00903078776918445,32.0,0.1233210102160533,22.0,0.015060084947684658,0.016381075964716267,0.0182586006188731
general,14,14,model.layers.14.mlp,51,0.005982596084118927,55.0,0.0022557779357777375,56.0,0.022428184743064877,57.0,0.005982596084118927,0.0040917880776244865,0.0033206609896601143
general,14,14,model.layers.14.mlp,52,0.014231327048585932,35.0,0.012031393150931057,14.0,0.1334338424895003,20.0,0.014231327048585932,0.021823917271014237,0.019755881295402
general,14,14,model.layers.14.mlp,53,0.02036931523878587,18.0,0.01216230290696545,13.0,0.15847704208608515,16.0,0.02036931523878587,0.02206137636239487,0.02346371484989265
general,14,14,model.layers.14.mlp,54,0.006332228322801202,54.0,0.0037268940233929865,51.0,0.040392204873687575,51.0,0.006332228322801202,0.006760266730879104,0.005980368921826724
general,14,14,model.layers.14.mlp,55,0.018245623122345386,22.0,0.008294736537540143,34.0,0.10081019607508329,35.0,0.018245623122345386,0.015045942037570812,0.01492570572703294
general,14,14,model.layers.14.mlp,56,0.009038640837045479,47.0,0.005601159552891588,44.0,0.07499535552062088,40.0,0.009038640837045479,0.010160023961530802,0.011103624940490203
general,14,14,model.layers.14.mlp,57,0.01617372837459857,27.0,0.010013047220990235,28.0,0.10917981263486681,27.0,0.01617372837459857,0.01816281052745245,0.01616489024093259
general,14,14,model.layers.14.mlp,58,0.005956697399772092,56.0,0.0015061324240197348,61.0,0.00972722961207375,61.0,0.005956697399772092,0.002731995290042964,0.0014401893100273251
general,14,14,model.layers.14.mlp,59,0.02241531130218585,13.0,0.010052148164349814,27.0,0.11973193833000682,23.0,0.02241531130218585,0.018233736291609032,0.01772721160377389
general,14,14,model.layers.14.mlp,60,0.008585413860975862,49.0,0.011539254919131358,18.0,0.18054506818976265,11.0,0.008585413860975862,0.020931220646278913,0.026731051651367067
general,14,14,model.layers.14.mlp,61,0.009854449393970786,46.0,0.006363115791803714,41.0,0.04982969250368304,48.0,0.009854449393970786,0.011542147354353731,0.0073776597579928655
general,14,14,model.layers.14.mlp,62,0.017274422459339064,24.0,0.008026473968989563,36.0,0.10667973898808894,30.0,0.017274422459339064,0.014559336701886591,0.015794735583957973
general,14,14,model.layers.14.mlp,63,0.0207577955039884,17.0,0.011023013712544027,21.0,0.10890032805322576,28.0,0.0207577955039884,0.019994803288528568,0.01612351045214902
general,15,15,model.layers.15.mlp,0,0.01946286128664664,21.0,0.013178209782782878,14.0,0.2607746549829799,15.0,0.01946286128664664,0.023859998561666224,0.025844468500971957
general,15,15,model.layers.15.mlp,1,0.00435097897026831,54.0,0.0026350646738708175,53.0,0.05683281059081377,50.0,0.00435097897026831,0.004770954504806661,0.005632502066705285
general,15,15,model.layers.15.mlp,2,0.025134673158603543,11.0,0.01210741679137153,19.0,0.29894363383091904,7.0,0.025134673158603543,0.021921258804442404,0.029627263157968865
general,15,15,model.layers.15.mlp,3,0.03197192582616803,5.0,0.015563168155706127,9.0,0.28878184763073467,8.0,0.03197192582616803,0.028178119481392983,0.028620163892967752
general,15,15,model.layers.15.mlp,4,0.005671811871956905,51.0,0.003505288288776805,49.0,0.08181749086521777,45.0,0.005671811871956905,0.006346550472865394,0.008108646776400457
general,15,15,model.layers.15.mlp,5,0.011006940847404952,40.0,0.0069380842884822075,37.0,0.08593384055390847,43.0,0.011006940847404952,0.012561848981959856,0.0085166038682248
general,15,15,model.layers.15.mlp,6,0.008960944784004972,48.0,0.007582895770340179,35.0,0.09112484428958671,41.0,0.008960944784004972,0.013729321748236318,0.009031066182608535
general,15,15,model.layers.15.mlp,7,0.03768258572464519,3.0,0.01753041223826142,4.0,0.6271041064611633,1.0,0.03768258572464519,0.03173994174358978,0.06215010552817527
general,15,15,model.layers.15.mlp,8,0.002719361856417694,62.0,0.001581033745985704,60.0,0.02745791413580755,54.0,0.002719361856417694,0.0028625635444390757,0.0027212583102893453
general,15,15,model.layers.15.mlp,9,0.0028100072516316172,61.0,0.0013761916556260035,61.0,0.017409678856153063,63.0,0.0028100072516316172,0.0024916837313299664,0.0017254126818392378
general,15,15,model.layers.15.mlp,10,0.019372215891432714,22.0,0.010696169281084895,23.0,0.21189363327197283,20.0,0.019372215891432714,0.019366104187797394,0.021000040556132374
general,15,15,model.layers.15.mlp,11,0.0040790427846265406,56.5,0.002070092715266627,57.0,0.023986601593654216,59.0,0.0040790427846265406,0.0037480363435485635,0.0023772286051841228
general,15,15,model.layers.15.mlp,12,0.0028618046203252876,60.0,0.0011441325518944888,63.0,0.018377289893027476,62.0,0.0028618046203252876,0.0020715257605189836,0.0018213092442000462
general,15,15,model.layers.15.mlp,13,0.02014917642183777,19.0,0.011446946595698875,20.0,0.2847296049665765,9.0,0.02014917642183777,0.02072543492710805,0.028218560225237985
general,15,15,model.layers.15.mlp,14,0.01607013363721123,30.0,0.00669041547357363,38.0,0.10616145714828785,36.0,0.01607013363721123,0.012113428622526153,0.010521292552243175
general,15,15,model.layers.15.mlp,15,0.019967885631409926,20.0,0.008783409808641096,29.0,0.17109781684288147,26.0,0.019967885631409926,0.01590292982545355,0.016956909168452463
general,15,15,model.layers.15.mlp,16,0.01687299285196312,26.0,0.011014686425609266,22.0,0.1403694894324186,31.0,0.01687299285196312,0.019942800016402775,0.01391153158028503
general,15,15,model.layers.15.mlp,17,0.0252512172381643,10.0,0.012446227350791204,16.0,0.2554964012436752,16.0,0.0252512172381643,0.02253469716926434,0.025321359142378416
general,15,15,model.layers.15.mlp,18,0.0019035532994923859,64.0,0.0007922303845792759,64.0,0.011767683165759777,64.0,0.0019035532994923859,0.0014343841954364523,0.001166254124377027
general,15,15,model.layers.15.mlp,19,0.007225732932767015,49.0,0.004323271930520305,48.0,0.04850643311314517,52.0,0.007225732932767015,0.007827562601004768,0.004807303772557975
general,15,15,model.layers.15.mlp,20,0.011214130322179633,39.0,0.006417195734972288,39.0,0.09888339771744527,39.0,0.011214130322179633,0.011618746668186358,0.009799989411334446
general,15,15,model.layers.15.mlp,21,0.029317310680617426,7.0,0.01338787468112245,11.0,0.27829676198425857,12.0,0.029317310680617426,0.024239610379604492,0.027581023544999386
general,15,15,model.layers.15.mlp,22,0.00919403294312649,46.0,0.004917070085886512,45.0,0.07024034488501234,48.0,0.00919403294312649,0.008902672450255162,0.006961276129371505
general,15,15,model.layers.15.mlp,23,0.017883041541489692,24.0,0.010247856795349406,24.0,0.15117659222260912,28.0,0.017883041541489692,0.01855440552453883,0.014982585926674924
general,15,15,model.layers.15.mlp,24,0.009181083600953072,47.0,0.0032817350944978245,50.0,0.05233051375096467,51.0,0.009181083600953072,0.005941792999591511,0.005186295095912436
general,15,15,model.layers.15.mlp,25,0.012483165855174557,34.0,0.0043878668912837974,47.0,0.06666515455596202,49.0,0.012483165855174557,0.007944515942643133,0.006606951458324961
general,15,15,model.layers.15.mlp,26,0.04047964363410339,2.0,0.01840965233848933,3.0,0.3548631215467856,3.0,0.04047964363410339,0.0333318626397198,0.03516924897310694
general,15,15,model.layers.15.mlp,27,0.01617372837459857,29.0,0.008299801197247617,31.0,0.11025546967063211,35.0,0.01617372837459857,0.015027325250746201,0.010927035885249277
general,15,15,model.layers.15.mlp,28,0.016536309955454263,28.0,0.007677050386699731,34.0,0.1988769693410694,23.0,0.016536309955454263,0.013899794752380491,0.01971000429485565
general,15,15,model.layers.15.mlp,29,0.005594115818916399,52.0,0.0028939503506034392,51.0,0.07201394739144085,46.0,0.005594115818916399,0.0052396837158521945,0.007137051701248414
general,15,15,model.layers.15.mlp,30,0.0025769190925101003,63.0,0.0012940237167201906,62.0,0.026308273344129822,56.0,0.0025769190925101003,0.002342913379634004,0.002607321412434426
general,15,15,model.layers.15.mlp,31,0.018724748782761837,23.0,0.013263945429853414,13.0,0.23471307719938128,17.0,0.018724748782761837,0.024015228479045376,0.023261596226985797
general,15,15,model.layers.15.mlp,32,0.003897751994198695,58.0,0.002431264284743085,54.0,0.025476325654889664,57.0,0.003897751994198695,0.004401960758948425,0.002524869972318718
general,15,15,model.layers.15.mlp,33,0.003794157256811354,59.0,0.0021125321609052885,56.0,0.01984268578947807,61.0,0.003794157256811354,0.00382487569643391,0.001966539531590294
general,15,15,model.layers.15.mlp,34,0.00951776649746193,45.0,0.0053469876137518775,43.0,0.08989370011714015,42.0,0.00951776649746193,0.009681065856156502,0.008909051768335695
general,15,15,model.layers.15.mlp,35,0.010773852688283436,41.0,0.0075327297152601525,36.0,0.11173459979353649,34.0,0.010773852688283436,0.01363849287073448,0.011073627324025167
general,15,15,model.layers.15.mlp,36,0.02068009945094789,15.0,0.012156115928783474,17.0,0.2840926840084767,10.0,0.02068009945094789,0.022009431732917216,0.028155437205708754
general,15,15,model.layers.15.mlp,37,0.009970993473531545,43.0,0.005999434022696959,41.0,0.07138440063255853,47.0,0.009970993473531545,0.010862362150235267,0.007074659512939756
general,15,15,model.layers.15.mlp,38,0.009932145447011292,44.0,0.004835883780463328,46.0,0.09781110605328587,40.0,0.009932145447011292,0.00875567940927664,0.009693718316315526
general,15,15,model.layers.15.mlp,39,0.0040790427846265406,56.5,0.001802285397026831,59.0,0.024911354023546033,58.0,0.0040790427846265406,0.003263153925274004,0.0024688776001644676
general,15,15,model.layers.15.mlp,40,0.027595048171552884,9.0,0.017202644660338755,6.0,0.27187511797249164,14.0,0.027595048171552884,0.031146497408835523,0.026944596755757166
general,15,15,model.layers.15.mlp,41,0.02342535999171242,13.0,0.016090809588826013,8.0,0.2784266941111211,11.0,0.02342535999171242,0.02913344831913572,0.02759390066589974
general,15,15,model.layers.15.mlp,42,0.01487879415725681,32.5,0.007894919275014891,33.0,0.10195042567587537,38.0,0.01487879415725681,0.014294260423174648,0.010103951878348045
general,15,15,model.layers.15.mlp,43,0.01487879415725681,32.5,0.014677320603050865,10.0,0.2271474018024556,19.0,0.01487879415725681,0.02657423536658519,0.02251178846864676
general,15,15,model.layers.15.mlp,44,0.004894851341551849,53.0,0.0021195000198286802,55.0,0.027258365546732038,55.0,0.004894851341551849,0.0038374914543122846,0.0027014817440999964
general,15,15,model.layers.15.mlp,45,0.029472702786698435,6.0,0.017361081252873136,5.0,0.2721462281030854,13.0,0.029472702786698435,0.03143335707583859,0.02697146553727615
general,15,15,model.layers.15.mlp,46,0.017662902724541595,25.0,0.010213572337048716,25.0,0.1467009191066999,29.0,0.017662902724541595,0.018492331302074203,0.014539017540505218
general,15,15,model.layers.15.mlp,47,0.02030456852791878,17.0,0.009850269943200948,26.0,0.19760241462358671,25.0,0.02030456852791878,0.017834548891751463,0.019583687612542727
general,15,15,model.layers.15.mlp,48,0.03685382782554646,4.0,0.023075582325847534,1.0,0.30254096630372174,6.0,0.03685382782554646,0.04177982974771438,0.02998378225982307
general,15,15,model.layers.15.mlp,49,0.04558168445042992,1.0,0.02197762606589273,2.0,0.42739130709871015,2.0,0.04558168445042992,0.039791909141265965,0.042357265028776556
general,15,15,model.layers.15.mlp,50,0.004182637522013882,55.0,0.0019326007984888118,58.0,0.02287202685419962,60.0,0.004182637522013882,0.0034990983625456055,0.002266766981727298
general,15,15,model.layers.15.mlp,51,0.005995545426292344,50.0,0.0026550261354145086,52.0,0.039187014729670636,53.0,0.005995545426292344,0.00480709601807529,0.00388368865024171
general,15,15,model.layers.15.mlp,52,0.012444317828654305,36.0,0.006322785040312921,40.0,0.19793766455107942,24.0,0.012444317828654305,0.01144781001776807,0.019616913066111456
general,15,15,model.layers.15.mlp,53,0.01225007769605304,37.0,0.008826671234007563,28.0,0.12027543261732127,32.0,0.01225007769605304,0.015981257425638523,0.01192007954117326
general,15,15,model.layers.15.mlp,54,0.020447011291826377,16.0,0.011378747569975008,21.0,0.20859302517837483,21.0,0.020447011291826377,0.02060195619346363,0.020672928774833635
general,15,15,model.layers.15.mlp,55,0.022337615249145345,14.0,0.013353269334581865,12.0,0.23105269278699989,18.0,0.022337615249145345,0.024176955168290205,0.022898828266834863
general,15,15,model.layers.15.mlp,56,0.02470734486688076,12.0,0.012689065454068683,15.0,0.32718350093722603,4.0,0.02470734486688076,0.022974371213798698,0.032426018105792376
general,15,15,model.layers.15.mlp,57,0.011680306640422666,38.0,0.009831253758344233,27.0,0.10508949262736733,37.0,0.011680306640422666,0.017800118862877405,0.010415053879252126
general,15,15,model.layers.15.mlp,58,0.012457267170827723,35.0,0.00518922757376269,44.0,0.11680610390706321,33.0,0.012457267170827723,0.009395431131161593,0.011576246446742999
general,15,15,model.layers.15.mlp,59,0.02879933699368072,8.0,0.017160141985490263,7.0,0.31504148063629533,5.0,0.02879933699368072,0.031069543575388665,0.0312226647307259
general,15,15,model.layers.15.mlp,60,0.016031285610690976,31.0,0.008167304388046462,32.0,0.20847487169313367,22.0,0.016031285610690976,0.014787431234102514,0.02066121899411206
general,15,15,model.layers.15.mlp,61,0.020226872474878275,18.0,0.012109342120810888,18.0,0.16720794954041082,27.0,0.020226872474878275,0.021924744737540375,0.0165713979577168
general,15,15,model.layers.15.mlp,62,0.016808246141096033,27.0,0.008451544977921372,30.0,0.14428677218547944,30.0,0.016808246141096033,0.015302067150313459,0.014299759840916762
general,15,15,model.layers.15.mlp,63,0.010553713871335337,42.0,0.005683028733780949,42.0,0.0847679452582195,44.0,0.010553713871335337,0.010289489972384313,0.008401056043046652
math,0,0,model.layers.0.mlp,0,0.00933852140077821,49.0,0.0022832753222276265,57.0,0.0013470611746644,52.0,0.00933852140077821,0.00620480166985511,0.0054432019529335055
math,0,0,model.layers.0.mlp,1,0.007937743190661479,56.0,0.003552236594114786,49.0,0.002060727459534365,44.0,0.007937743190661479,0.009653204471802427,0.008326983171343864
math,0,0,model.layers.0.mlp,2,0.0071984435797665365,58.0,0.0040421707806420236,43.0,0.0021292856755278687,42.0,0.0071984435797665365,0.010984600834338967,0.008604013065905592
math,0,0,model.layers.0.mlp,3,0.007178988326848249,59.0,0.002164187895184825,59.0,0.0011419586182104475,57.0,0.007178988326848249,0.005881181535664276,0.004614423975482001
math,0,0,model.layers.0.mlp,4,0.010233463035019456,47.0,0.004068598765807393,41.0,0.0022965110571699847,39.0,0.010233463035019456,0.011056418895388656,0.009279737035280029
math,0,0,model.layers.0.mlp,5,0.012217898832684825,37.0,0.004603922209387159,35.0,0.0031917104693238376,26.0,0.012217898832684825,0.0125111605834807,0.012897056931471638
math,0,0,model.layers.0.mlp,6,0.11073929961089495,1.0,0.03559329021765564,1.0,0.039952650144406326,1.0,0.11073929961089495,0.09672478146992829,0.16144058442266448
math,0,0,model.layers.0.mlp,7,0.018190661478599223,16.0,0.00428241655520428,38.0,0.0011476994081172033,56.0,0.018190661478599223,0.01163746883000634,0.004637621347226919
math,0,0,model.layers.0.mlp,8,0.016264591439688714,23.0,0.006506813138375487,17.0,0.0029457062830720894,30.0,0.016264591439688714,0.017682267501160524,0.011903003734615945
math,0,0,model.layers.0.mlp,9,0.018618677042801558,12.0,0.005799337305447471,25.0,0.00402232306433211,14.0,0.018618677042801558,0.015759701620997144,0.016253394553188475
math,0,0,model.layers.0.mlp,10,0.016964980544747082,21.0,0.008492882873297665,8.0,0.0035431286020037728,22.0,0.016964980544747082,0.023079412859728587,0.014317066580681688
math,0,0,model.layers.0.mlp,11,0.013424124513618676,31.0,0.003201909046692607,52.0,0.0013336755012810695,54.0,0.013424124513618676,0.008701189211058205,0.0053891131521634685
math,0,0,model.layers.0.mlp,12,0.006517509727626459,61.0,0.0015105179961089495,63.0,0.001337623263669385,53.0,0.006517509727626459,0.004104833303878118,0.0054050652620942965
math,0,0,model.layers.0.mlp,13,0.011828793774319066,42.0,0.003704838734192607,47.0,0.0015618508146778619,49.0,0.011828793774319066,0.010067900853075684,0.006311123477197194
math,0,0,model.layers.0.mlp,14,0.010486381322957199,45.0,0.0053301883207684825,28.0,0.00371379364789228,19.0,0.010486381322957199,0.014484789053419884,0.015006689538086905
math,0,0,model.layers.0.mlp,15,0.015019455252918288,27.0,0.0062117354693579764,22.0,0.003621914674045975,21.0,0.015019455252918288,0.016880393808735853,0.014635425174389144
math,0,0,model.layers.0.mlp,16,0.011945525291828794,41.0,0.0047867521887159535,32.0,0.002435088036908018,36.0,0.011945525291828794,0.013008001130915032,0.009839698602674777
math,0,0,model.layers.0.mlp,17,0.012062256809338522,39.0,0.004151739573200389,40.0,0.002831894944382085,33.0,0.012062256809338522,0.011282354075225778,0.011443115117324494
math,0,0,model.layers.0.mlp,18,0.015953307392996108,25.0,0.006378169078307393,18.0,0.0032651911258465586,25.0,0.015953307392996108,0.017332677212614556,0.01319397741333985
math,0,0,model.layers.0.mlp,19,0.017042801556420233,19.0,0.005582973613813229,27.0,0.0029385772892473274,31.0,0.017042801556420233,0.01517173319595483,0.01187419691140759
math,0,0,model.layers.0.mlp,20,0.01649805447470817,22.0,0.004800868646643969,31.0,0.0029056845077744717,32.0,0.01649805447470817,0.013046362611403831,0.011741283829420005
math,0,0,model.layers.0.mlp,21,0.01877431906614786,10.0,0.004316748236867704,37.0,0.001907439599183283,46.0,0.01877431906614786,0.01173076518968771,0.0077075779086007825
math,0,0,model.layers.0.mlp,22,0.020972762645914397,8.0,0.00929208718385214,6.0,0.007803598762950081,5.0,0.020972762645914397,0.025251250917280824,0.03153276541949312
math,0,0,model.layers.0.mlp,23,0.010603112840466927,44.0,0.002058095969114786,60.0,0.0008065630414374607,62.0,0.010603112840466927,0.005592876680954382,0.003259158236380874
math,0,0,model.layers.0.mlp,24,0.020233463035019456,9.0,0.007335675310068093,11.0,0.003709454364813719,20.0,0.020233463035019456,0.019934700809107128,0.014989155372176854
math,0,0,model.layers.0.mlp,25,0.02445525291828794,4.0,0.012087981821498055,3.0,0.007947824876827953,4.0,0.02445525291828794,0.03284909579718745,0.032115553996203174
math,0,0,model.layers.0.mlp,26,0.014571984435797665,28.0,0.006314616518725681,20.0,0.004037128901290291,13.0,0.014571984435797665,0.017159973104626625,0.016313221947935903
math,0,0,model.layers.0.mlp,27,0.008910505836575875,51.0,0.002402419747081712,55.0,0.001127257109456605,58.0,0.008910505836575875,0.0065285766956226145,0.004555018149922579
math,0,0,model.layers.0.mlp,28,0.008287937743190662,55.0,0.001964220573929961,61.0,0.001085171723586112,60.0,0.008287937743190662,0.005337770254177593,0.00438495961147699
math,0,0,model.layers.0.mlp,29,0.021575875486381322,6.0,0.010206503070282102,4.0,0.00511440510299883,8.0,0.021575875486381322,0.02773617648181028,0.020666277351265746
math,0,0,model.layers.0.mlp,30,0.01519455252918288,26.0,0.00593022327942607,24.0,0.0030066868732411575,29.0,0.01519455252918288,0.01611538431155883,0.012149413974731436
math,0,0,model.layers.0.mlp,31,0.012003891050583658,40.0,0.00424287907344358,39.0,0.002039601712955111,45.0,0.012003891050583658,0.01153002570632237,0.008241618299131568
math,0,0,model.layers.0.mlp,32,0.008988326848249028,50.0,0.003545947835603113,50.0,0.0024612781648245072,35.0,0.008988326848249028,0.009636114767843084,0.009945527616311168
math,0,0,model.layers.0.mlp,33,0.018268482490272374,14.0,0.007040692637402724,14.0,0.004020629634769047,15.0,0.018268482490272374,0.019133085269310242,0.016246551746582367
math,0,0,model.layers.0.mlp,34,0.003715953307392996,64.0,0.0008102238874027238,64.0,0.0002849238119468615,64.0,0.003715953307392996,0.002201783762375256,0.0011513195382628395
math,0,0,model.layers.0.mlp,35,0.010622568093385213,43.0,0.0036007417315175095,48.0,0.002272479014130534,40.0,0.010622568093385213,0.009785017203549268,0.009182628406462253
math,0,0,model.layers.0.mlp,36,0.012587548638132296,35.0,0.005676944005350195,26.0,0.003497713118327731,23.0,0.012587548638132296,0.015427097775359404,0.014133551790048337
math,0,0,model.layers.0.mlp,37,0.008618677042801556,54.0,0.0034159168287937742,51.0,0.0021609713185709043,41.0,0.008618677042801556,0.009282755450931459,0.008732048345472443
math,0,0,model.layers.0.mlp,38,0.01301556420233463,33.0,0.0071437446802042805,12.0,0.006108472652385439,7.0,0.01301556420233463,0.019413129239931028,0.024683103407823318
math,0,0,model.layers.0.mlp,39,0.018715953307392997,11.0,0.004716150899805448,33.0,0.001557264470056801,50.0,0.018715953307392997,0.012816142097945482,0.0062925909855273895
math,0,0,model.layers.0.mlp,40,0.013715953307392996,29.0,0.005024471060311284,30.0,0.004440104766578526,10.0,0.013715953307392996,0.013654002266683334,0.017941565974307582
math,0,0,model.layers.0.mlp,41,0.039863813229571984,2.0,0.01931880015807393,2.0,0.02434291538097515,2.0,0.039863813229571984,0.05249884773574588,0.09836480111961526
math,0,0,model.layers.0.mlp,42,0.021186770428015565,7.0,0.007682146005593385,9.0,0.0037146301005137107,18.0,0.021186770428015565,0.020876235073163295,0.015010069474075068
math,0,0,model.layers.0.mlp,43,0.018540856031128403,13.0,0.004319788120136186,36.0,0.001273884984088431,55.0,0.018540856031128403,0.01173902607377682,0.005147511756420655
math,0,0,model.layers.0.mlp,44,0.012470817120622568,36.0,0.0063418804717898835,19.0,0.003994806369454944,16.0,0.012470817120622568,0.01723406290880082,0.016142205150575798
math,0,0,model.layers.0.mlp,45,0.012198443579766537,38.0,0.003803729936770428,45.0,0.0018503404945019153,47.0,0.012198443579766537,0.010336637738599502,0.007476851966855927
math,0,0,model.layers.0.mlp,46,0.016070038910505836,24.0,0.007392521127188716,10.0,0.003417090710382981,24.0,0.016070038910505836,0.020089179341573463,0.01380777293409965
math,0,0,model.layers.0.mlp,47,0.00669260700389105,60.0,0.0025885745987354086,54.0,0.0015676544266046252,48.0,0.00669260700389105,0.007034452585029409,0.006334574700028033
math,0,0,model.layers.0.mlp,48,0.012626459143968871,34.0,0.005277047361381323,29.0,0.003101095641430482,28.0,0.012626459143968871,0.014340378473437153,0.012530900726073818
math,0,0,model.layers.0.mlp,49,0.01698443579766537,20.0,0.0071098499817607,13.0,0.003173819157052133,27.0,0.01698443579766537,0.019321020382337465,0.01282476175458619
math,0,0,model.layers.0.mlp,50,0.005642023346303502,63.0,0.0023580184520914397,56.0,0.0013850100335559955,51.0,0.005642023346303502,0.006407916157396071,0.005596545621888847
math,0,0,model.layers.0.mlp,51,0.0057198443579766535,62.0,0.001525888405885214,62.0,0.001107729992137113,59.0,0.0057198443579766535,0.004146602399053675,0.004476113015450789
math,0,0,model.layers.0.mlp,52,0.013599221789883268,30.0,0.006844639165856031,15.0,0.004046851289875313,12.0,0.013599221789883268,0.018600309876088288,0.016352508155220703
math,0,0,model.layers.0.mlp,53,0.013073929961089494,32.0,0.00293495029790856,53.0,0.0008382657579062978,61.0,0.013073929961089494,0.00797572869645779,0.0033872625062106856
math,0,0,model.layers.0.mlp,54,0.01,48.0,0.002213149015077821,58.0,0.0007510259627194257,63.0,0.01,0.006014233400024483,0.00303474412585353
math,0,0,model.layers.0.mlp,55,0.017665369649805446,17.0,0.008753495865758755,7.0,0.004674871777282151,9.0,0.017665369649805446,0.02378762877879299,0.018890212015913448
math,0,0,model.layers.0.mlp,56,0.008715953307392997,53.0,0.004053247355301557,42.0,0.002072995963582501,43.0,0.008715953307392997,0.011014701430738657,0.008376557716620938
math,0,0,model.layers.0.mlp,57,0.007782101167315175,57.0,0.0039333239603599225,44.0,0.0067555060089794115,6.0,0.007782101167315175,0.010688809553423318,0.027297634430219438
math,0,0,model.layers.0.mlp,58,0.03309338521400778,3.0,0.010202551222033073,5.0,0.008911502921395729,3.0,0.03309338521400778,0.02772543733249444,0.036009582205796024
math,0,0,model.layers.0.mlp,59,0.010330739299610895,46.0,0.004692933791342412,34.0,0.0025034571925344868,34.0,0.010330739299610895,0.012753049595714914,0.010115964542504217
math,0,0,model.layers.0.mlp,60,0.018229571984435797,15.0,0.006515115819552529,16.0,0.0037775104472609344,17.0,0.018229571984435797,0.017704830040828904,0.015264156246564
math,0,0,model.layers.0.mlp,61,0.017490272373540856,18.0,0.00594008390077821,23.0,0.0043767933962062175,11.0,0.017490272373540856,0.01614218055432288,0.017685737522463663
math,0,0,model.layers.0.mlp,62,0.008832684824902723,52.0,0.0037063206772859924,46.0,0.0023443403834266887,38.0,0.008832684824902723,0.010071928034069125,0.00947300567592127
math,0,0,model.layers.0.mlp,63,0.02369649805447471,5.0,0.006302058000972763,21.0,0.0023807533984054386,37.0,0.02369649805447471,0.017125845327233498,0.009620143310033477
math,1,1,model.layers.1.mlp,0,0.011498054474708171,44.0,0.004523023315904669,31.0,0.003959029880189246,24.0,0.011498054474708171,0.014897087739274338,0.01092016730209048
math,1,1,model.layers.1.mlp,1,0.022782101167315175,12.0,0.007932252401507783,7.0,0.0072049488469320515,8.0,0.022782101167315175,0.026125768483175688,0.019873365241623524
math,1,1,model.layers.1.mlp,2,0.012373540856031129,41.0,0.003370546571011673,40.0,0.0025729781625509728,38.0,0.012373540856031129,0.011101275516557485,0.007097029537533799
math,1,1,model.layers.1.mlp,3,0.0077042801556420236,55.0,0.0017536516597762646,55.0,0.00108648358898578,56.0,0.0077042801556420236,0.0057758496508183155,0.0029968408730810807
math,1,1,model.layers.1.mlp,4,0.005700389105058366,60.0,0.001652955526507782,56.0,0.0012376770541680695,52.0,0.005700389105058366,0.005444195571779767,0.0034138768603655394
math,1,1,model.layers.1.mlp,5,0.028657587548638133,4.0,0.007620911357003891,8.0,0.006508402826431197,10.0,0.028657587548638133,0.025100331616533293,0.017952086719443972
math,1,1,model.layers.1.mlp,6,0.006089494163424125,58.0,0.001461347884241245,58.0,0.0012161252118197744,53.0,0.006089494163424125,0.004813114177986604,0.003354430548709915
math,1,1,model.layers.1.mlp,7,0.024221789883268483,7.0,0.009936960420719844,3.0,0.006537337157049068,9.0,0.024221789883268483,0.03272850058690257,0.018031896102217827
math,1,1,model.layers.1.mlp,8,0.01235408560311284,42.0,0.0030299656493190663,43.0,0.001738154915259274,48.0,0.01235408560311284,0.009979533814511256,0.004794341807461899
math,1,1,model.layers.1.mlp,9,0.012684824902723735,38.0,0.005948177589980545,19.0,0.07199728409719838,1.0,0.012684824902723735,0.01959099417753105,0.19858965742384405
math,1,1,model.layers.1.mlp,10,0.004961089494163424,62.0,0.0012165992825875487,61.0,0.0008098047521284235,60.0,0.004961089494163424,0.004007007037198947,0.0022336793716867783
math,1,1,model.layers.1.mlp,11,0.05122568093385214,1.0,0.016238562439202336,1.0,0.019422798268062133,3.0,0.05122568093385214,0.053483538005617594,0.05357378271463136
math,1,1,model.layers.1.mlp,12,0.014785992217898832,28.0,0.004652218354815175,30.0,0.005681313552281272,15.0,0.014785992217898832,0.01532260618030493,0.015670731559010068
math,1,1,model.layers.1.mlp,13,0.013735408560311285,34.0,0.004051290430447471,37.0,0.002921422624141558,34.0,0.013735408560311285,0.01334338224334073,0.00805814171178042
math,1,1,model.layers.1.mlp,14,0.012743190661478599,37.0,0.0031220361138132296,42.0,0.0017609239476171217,46.0,0.012743190661478599,0.010282778279986879,0.004857145486691146
math,1,1,model.layers.1.mlp,15,0.010894941634241245,47.0,0.002684539913667315,50.0,0.0015502527234387306,49.0,0.010894941634241245,0.008841835170926378,0.0042760523695929056
math,1,1,model.layers.1.mlp,16,0.013151750972762647,35.0,0.00286094813959144,48.0,0.0011977894897011003,54.0,0.013151750972762647,0.009422855571657118,0.0033038552413240077
math,1,1,model.layers.1.mlp,17,0.01624513618677043,23.0,0.006308441755836576,17.0,0.0040109959014977695,23.0,0.01624513618677043,0.020777564865593116,0.011063504852926533
math,1,1,model.layers.1.mlp,18,0.02988326848249027,3.0,0.007933829340953307,6.0,0.06351197060907861,2.0,0.02988326848249027,0.026130962311205916,0.17518467041815783
math,1,1,model.layers.1.mlp,19,0.027159533073929962,5.0,0.00815602580860895,4.0,0.006030663902425581,12.0,0.027159533073929962,0.026862791453537205,0.01663434243997603
math,1,1,model.layers.1.mlp,20,0.017976653696498056,21.0,0.004945301100437743,27.0,0.0031197407019799323,33.0,0.017976653696498056,0.01628790727903109,0.008605161222762371
math,1,1,model.layers.1.mlp,21,0.01830739299610895,17.0,0.006027841530885214,18.0,0.005886778298055151,14.0,0.01830739299610895,0.01985337635741947,0.016237463679360974
math,1,1,model.layers.1.mlp,22,0.005525291828793774,61.0,0.0011841485286964981,62.0,0.0006865900275859156,63.0,0.005525291828793774,0.0039001268170106755,0.0018938169693295467
math,1,1,model.layers.1.mlp,23,0.013910505836575875,32.0,0.005121462335846303,26.0,0.0028514334953712583,36.0,0.013910505836575875,0.016868114188624564,0.007865091136607019
math,1,1,model.layers.1.mlp,24,0.018326848249027236,16.0,0.00686485438959144,13.0,0.004307230040720929,21.0,0.018326848249027236,0.022610172669125746,0.011880605622257687
math,1,1,model.layers.1.mlp,25,0.024260700389105057,6.0,0.005738501641536965,23.0,0.004657909544293518,20.0,0.024260700389105057,0.01890040277823493,0.012847882698793334
math,1,1,model.layers.1.mlp,26,0.005992217898832685,59.0,0.001311139652237354,60.0,0.000805917546327012,61.0,0.005992217898832685,0.0043183864140472145,0.002222957316290965
math,1,1,model.layers.1.mlp,27,0.01614785992217899,24.0,0.005317325814688716,25.0,0.0032897707677884786,32.0,0.01614785992217899,0.017513212660475206,0.009074154087480541
math,1,1,model.layers.1.mlp,28,0.007898832684824903,54.0,0.001978546023832685,53.0,0.001536429104638007,50.0,0.007898832684824903,0.006516564619418183,0.004237922768505629
math,1,1,model.layers.1.mlp,29,0.0195136186770428,15.0,0.005844403574902724,21.0,0.0033212606730628107,31.0,0.0195136186770428,0.01924920274739736,0.009161012495810172
math,1,1,model.layers.1.mlp,30,0.010311284046692607,48.0,0.004318838156614786,34.0,0.003875415719436764,25.0,0.010311284046692607,0.01422458087372202,0.010689534886606579
math,1,1,model.layers.1.mlp,31,0.015447470817120623,26.0,0.004143797878161479,36.0,0.002415371339855143,39.0,0.015447470817120623,0.013648065962366899,0.006662303626420671
math,1,1,model.layers.1.mlp,32,0.02319066147859922,11.0,0.008009389439445526,5.0,0.005304569566064308,16.0,0.02319066147859922,0.026379828022967483,0.01463156098337676
math,1,1,model.layers.1.mlp,33,0.006556420233463035,57.0,0.0013970543531128404,59.0,0.0009005916918037234,58.0,0.006556420233463035,0.0046013561773325575,0.002484096418312272
math,1,1,model.layers.1.mlp,34,0.013832684824902724,33.0,0.003823014196254864,38.0,0.002117800636630114,41.0,0.013832684824902724,0.012591528703784473,0.0058415162209811584
math,1,1,model.layers.1.mlp,35,0.023715953307392994,10.0,0.007137721911478599,10.0,0.007905147607920235,5.0,0.023715953307392994,0.023508892647078884,0.021804719094992753
math,1,1,model.layers.1.mlp,36,0.009163424124513618,51.0,0.0022100141354571986,52.0,0.001153301572724307,55.0,0.009163424124513618,0.007278930967517549,0.0031811444987910743
math,1,1,model.layers.1.mlp,37,0.02178988326848249,13.0,0.006909312682392996,12.0,0.007791404673387568,6.0,0.02178988326848249,0.022756601073833333,0.02149098267164753
math,1,1,model.layers.1.mlp,38,0.0073151750972762645,56.0,0.0014650527419747081,57.0,0.0008146206892171606,59.0,0.0073151750972762645,0.00482531654504557,0.002246963140770845
math,1,1,model.layers.1.mlp,39,0.014357976653696498,31.0,0.005755220999513619,22.0,0.004983283545140626,18.0,0.014357976653696498,0.018955469870603595,0.013745359765784074
math,1,1,model.layers.1.mlp,40,0.018054474708171207,20.0,0.006632322318822957,15.0,0.006320172536697833,11.0,0.018054474708171207,0.02184430205151201,0.017432892291158665
math,1,1,model.layers.1.mlp,41,0.014708171206225681,29.0,0.004368635244406615,33.0,0.0036498137833079476,27.0,0.014708171206225681,0.014388593202242783,0.010067258480325844
math,1,1,model.layers.1.mlp,42,0.020389105058365758,14.0,0.0070196794443093385,11.0,0.005889117524375711,13.0,0.020389105058365758,0.023120106459707846,0.016243915952657974
math,1,1,model.layers.1.mlp,43,0.004824902723735408,63.0,0.0010798805325875486,64.0,0.0006750266178935071,64.0,0.004824902723735408,0.0035567084046024574,0.001861921688858039
math,1,1,model.layers.1.mlp,44,0.00970817120622568,49.0,0.002925716652480545,45.0,0.001937231949099307,43.0,0.00970817120622568,0.009636177978344365,0.005343454742025851
math,1,1,model.layers.1.mlp,45,0.018073929961089495,19.0,0.004818461971060312,29.0,0.003715649045974828,26.0,0.018073929961089495,0.015870148291925176,0.010248851472663916
math,1,1,model.layers.1.mlp,46,0.011400778210116732,46.0,0.0036501018360894943,39.0,0.0029165848828707226,35.0,0.011400778210116732,0.01202202233145809,0.008044797800357549
math,1,1,model.layers.1.mlp,47,0.048132295719844356,2.0,0.013505536387402723,2.0,0.010588627912191102,4.0,0.048132295719844356,0.04448200826682209,0.02920654599737061
math,1,1,model.layers.1.mlp,48,0.015175097276264591,27.0,0.004927232794260701,28.0,0.003526993062825518,29.0,0.015175097276264591,0.016228397273528136,0.009728482856897787
math,1,1,model.layers.1.mlp,49,0.011439688715953307,45.0,0.0029210238326848248,46.0,0.0020049220335158855,42.0,0.011439688715953307,0.009620721646736342,0.005530163877569514
math,1,1,model.layers.1.mlp,50,0.009591439688715953,50.0,0.0027726965284533074,49.0,0.002333659610714662,40.0,0.009591439688715953,0.009132188930688427,0.006436918676127115
math,1,1,model.layers.1.mlp,51,0.009046692607003892,52.0,0.002441178258754864,51.0,0.0015207565733112017,51.0,0.009046692607003892,0.008040296095755666,0.004194693323587222
math,1,1,model.layers.1.mlp,52,0.01254863813229572,39.0,0.002967249057636187,44.0,0.0018104985247616174,45.0,0.01254863813229572,0.009772969641887435,0.004993886732079879
math,1,1,model.layers.1.mlp,53,0.014474708171206226,30.0,0.006652005562986381,14.0,0.005148734702848275,17.0,0.014474708171206226,0.021909131037527847,0.01420172265698956
math,1,1,model.layers.1.mlp,54,0.012062256809338522,43.0,0.0031731061527237353,41.0,0.0017385196626360313,47.0,0.012062256809338522,0.010450983216676618,0.004795347887864858
math,1,1,model.layers.1.mlp,55,0.015700389105058367,25.0,0.004171536812986381,35.0,0.0028146011109829875,37.0,0.015700389105058367,0.013739427274705819,0.007763496601625738
math,1,1,model.layers.1.mlp,56,0.004474708171206225,64.0,0.0010829774136673152,63.0,0.0007104320035602333,62.0,0.004474708171206225,0.003566908331938926,0.001959580142210557
math,1,1,model.layers.1.mlp,57,0.012392996108949417,40.0,0.0028997826483463033,47.0,0.0019158480875194072,44.0,0.012392996108949417,0.009550761408931607,0.005284471770670735
math,1,1,model.layers.1.mlp,58,0.01301556420233463,36.0,0.0044420484253404665,32.0,0.003418441130217991,30.0,0.01301556420233463,0.014630387798734283,0.009429064741623855
math,1,1,model.layers.1.mlp,59,0.018190661478599223,18.0,0.005886201969844358,20.0,0.007425193846921512,7.0,0.018190661478599223,0.01938687047831902,0.02048086564453002
math,1,1,model.layers.1.mlp,60,0.023735408560311283,9.0,0.006373609253404669,16.0,0.004259435606953699,22.0,0.023735408560311283,0.020992201373348254,0.011748774535187972
math,1,1,model.layers.1.mlp,61,0.009027237354085603,53.0,0.0019220231943093385,54.0,0.0010281503471230601,57.0,0.009027237354085603,0.0063304003014673,0.002835940657702116
math,1,1,model.layers.1.mlp,62,0.023832684824902722,8.0,0.007430519668044747,9.0,0.0049149636686544014,19.0,0.023832684824902722,0.024473255102185124,0.013556913478722437
math,1,1,model.layers.1.mlp,63,0.017607003891050584,22.0,0.005597204067363813,24.0,0.0035986704353228615,28.0,0.017607003891050584,0.018435023271478387,0.009926190104161058
math,2,2,model.layers.2.mlp,0,0.017140077821011672,22.0,0.0063480172361381326,17.0,0.007075489977454397,17.0,0.017140077821011672,0.019539122807017546,0.006624653107283075
math,2,2,model.layers.2.mlp,1,0.01859922178988327,16.0,0.005589794351896887,22.0,0.006646210100168384,19.0,0.01859922178988327,0.017205321637426902,0.006222726133742223
math,2,2,model.layers.2.mlp,2,0.004610894941634241,64.0,0.0012318556967412452,61.0,0.0012404686728572103,59.0,0.004610894941634241,0.003791637426900585,0.0011614283497419873
math,2,2,model.layers.2.mlp,3,0.011906614785992219,44.0,0.0035330093324416343,40.0,0.003628833889236478,37.0,0.011906614785992219,0.010874561403508771,0.003397611441291806
math,2,2,model.layers.2.mlp,4,0.04717898832684825,1.0,0.013555048486138132,3.0,0.013301898088262702,4.0,0.04717898832684825,0.041722280701754384,0.01245432624227617
math,2,2,model.layers.2.mlp,5,0.011926070038910505,43.0,0.0025743821437256807,50.0,0.0023163795134900607,48.0,0.011926070038910505,0.00792391812865497,0.0021687841818143106
math,2,2,model.layers.2.mlp,6,0.01850194552529183,17.0,0.005657184764105059,20.0,0.00632607398098081,21.0,0.01850194552529183,0.017412748538011696,0.005922988483984076
math,2,2,model.layers.2.mlp,7,0.012023346303501945,42.0,0.0033732254681420235,42.0,0.002603334768562929,44.0,0.012023346303501945,0.010382748538011697,0.0024374551895080584
math,2,2,model.layers.2.mlp,8,0.0361284046692607,3.0,0.010144394455252918,4.0,0.009620892370866198,9.0,0.0361284046692607,0.031224327485380118,0.009007867263268353
math,2,2,model.layers.2.mlp,9,0.0172568093385214,21.0,0.004736176130836576,29.0,0.004015319016888912,32.0,0.0172568093385214,0.014577894736842106,0.0037594704658935963
math,2,2,model.layers.2.mlp,10,0.009416342412451362,52.0,0.0017719859557392996,58.0,0.001090526487605813,61.0,0.009416342412451362,0.005454152046783626,0.0010210401975993626
math,2,2,model.layers.2.mlp,11,0.00894941634241245,53.0,0.002735267965710117,48.0,0.00311106552525717,42.0,0.00894941634241245,0.008419122807017544,0.002912834300455201
math,2,2,model.layers.2.mlp,12,0.026653696498054474,5.0,0.00929410110651751,6.0,0.01075765393935289,6.0,0.026653696498054474,0.028607134502923976,0.010072196529638778
math,2,2,model.layers.2.mlp,13,0.015894941634241246,28.0,0.00595051450024319,19.0,0.008046008186117684,11.0,0.015894941634241246,0.01831561403508772,0.007533331727022876
math,2,2,model.layers.2.mlp,14,0.019630350194552528,14.0,0.009289807271400777,7.0,0.008287081760191268,10.0,0.019630350194552528,0.02859391812865497,0.007759044547853551
math,2,2,model.layers.2.mlp,15,0.013346303501945525,36.0,0.005571023072714008,23.0,0.007192038325484161,14.0,0.013346303501945525,0.017147543859649124,0.0067337752144988735
math,2,2,model.layers.2.mlp,16,0.028599221789883267,4.0,0.009658165126459143,5.0,0.010518859481649176,7.0,0.028599221789883267,0.029727719298245615,0.009848617604183495
math,2,2,model.layers.2.mlp,17,0.006556420233463035,57.0,0.0018146013193093386,57.0,0.0014126079170040584,56.0,0.006556420233463035,0.0055853216374269,0.0013225992060722869
math,2,2,model.layers.2.mlp,18,0.009922178988326848,51.0,0.0031255509788424124,44.0,0.003453730892114602,40.0,0.009922178988326848,0.009620409356725146,0.0032336656767335535
math,2,2,model.layers.2.mlp,19,0.014922178988326849,31.0,0.005248301465223736,25.0,0.004624258177318694,27.0,0.014922178988326849,0.01615421052631579,0.004329609172066826
math,2,2,model.layers.2.mlp,20,0.01916342412451362,15.0,0.006351209113570039,16.0,0.010144181768717933,8.0,0.01916342412451362,0.01954894736842105,0.009497813648117023
math,2,2,model.layers.2.mlp,21,0.014474708171206226,32.0,0.0051850148954280155,26.0,0.0058112427663304465,22.0,0.014474708171206226,0.015959415204678362,0.005440961342863468
math,2,2,model.layers.2.mlp,22,0.022996108949416342,10.0,0.00715599920963035,12.0,0.006994085239992995,18.0,0.022996108949416342,0.02202608187134503,0.006548435326084938
math,2,2,model.layers.2.mlp,23,0.015719844357976652,29.0,0.004889766232976654,28.0,0.005436041852611512,23.0,0.015719844357976652,0.015050643274853802,0.0050896675233762356
math,2,2,model.layers.2.mlp,24,0.024396887159533073,8.0,0.006406117005107004,15.0,0.005269271385808863,24.0,0.024396887159533073,0.01971795321637427,0.00493352335602845
math,2,2,model.layers.2.mlp,25,0.011245136186770428,47.0,0.003565517084143969,38.0,0.003918376425534834,33.0,0.011245136186770428,0.010974619883040935,0.003668704873533459
math,2,2,model.layers.2.mlp,26,0.0171011673151751,23.0,0.008167824355544747,10.0,0.007264022032806382,13.0,0.0171011673151751,0.02514046783625731,0.006801172255821159
math,2,2,model.layers.2.mlp,27,0.007120622568093385,55.0,0.0019766460967898833,55.0,0.0013732914622974536,57.0,0.007120622568093385,0.006084093567251462,0.0012857879216708677
math,2,2,model.layers.2.mlp,28,0.011361867704280156,46.0,0.003070510092412451,45.0,0.002754411886406316,43.0,0.011361867704280156,0.009450994152046784,0.0025789059584794874
math,2,2,model.layers.2.mlp,29,0.021653696498054476,11.0,0.00664560280885214,14.0,0.007973395904330428,12.0,0.021653696498054476,0.020455087719298246,0.00746534616281437
math,2,2,model.layers.2.mlp,30,0.017626459143968872,20.0,0.019154171479815175,1.0,0.7562026745985454,1.0,0.017626459143968872,0.05895631578947368,0.7080188671000508
math,2,2,model.layers.2.mlp,31,0.007101167315175097,56.0,0.002218050826848249,53.0,0.0019306565645777762,52.0,0.007101167315175097,0.006827134502923976,0.0018076387713615507
math,2,2,model.layers.2.mlp,32,0.021459143968871594,12.0,0.007177183396157588,11.0,0.007180858254432678,15.0,0.021459143968871594,0.022091286549707604,0.006723307516478405
math,2,2,model.layers.2.mlp,33,0.016206225680933852,26.0,0.005656291798394941,21.0,0.0065217521780891645,20.0,0.016206225680933852,0.01741,0.006106198435610321
math,2,2,model.layers.2.mlp,34,0.040875486381322955,2.0,0.01692585629711819,2.0,0.017987013192492237,2.0,0.040875486381322955,0.05209758771929825,0.01684091465270588
math,2,2,model.layers.2.mlp,35,0.006206225680933852,59.0,0.0014824180751459143,60.0,0.0012611090620899942,58.0,0.006206225680933852,0.004562865497076024,0.0011807535723205216
math,2,2,model.layers.2.mlp,36,0.012626459143968871,38.0,0.003561717230058366,39.0,0.00408542374330156,31.0,0.012626459143968871,0.010962923976608188,0.0038251082514242983
math,2,2,model.layers.2.mlp,37,0.006361867704280155,58.0,0.001713696194066148,59.0,0.0015481865394440142,55.0,0.006361867704280155,0.0052747368421052635,0.0014495390145222947
math,2,2,model.layers.2.mlp,38,0.018171206225680935,18.0,0.005458965375729572,24.0,0.00447487685380047,28.0,0.018171206225680935,0.016802631578947368,0.004189746144606062
math,2,2,model.layers.2.mlp,39,0.012392996108949417,40.0,0.005001367947470817,27.0,0.00487923560700296,26.0,0.012392996108949417,0.015394152046783625,0.00456833992106474
math,2,2,model.layers.2.mlp,40,0.015933852140077823,27.0,0.0028535906721181906,47.0,0.0022090696726095814,49.0,0.015933852140077823,0.008783318713450292,0.0020683119215049715
math,2,2,model.layers.2.mlp,41,0.013968871595330739,34.0,0.0038215322531614786,36.0,0.0033830281876114556,41.0,0.013968871595330739,0.011762631578947368,0.0031674680151479173
math,2,2,model.layers.2.mlp,42,0.0050389105058365755,63.0,0.0012113174854085603,62.0,0.0009658108568290097,62.0,0.0050389105058365755,0.0037284210526315788,0.0009042712114818009
math,2,2,model.layers.2.mlp,43,0.007237354085603113,54.0,0.0020221113509241244,54.0,0.002126395383465615,50.0,0.007237354085603113,0.006224035087719298,0.0019909054820618833
math,2,2,model.layers.2.mlp,44,0.01,50.0,0.003845015351410506,35.0,0.003758552539731278,36.0,0.01,0.011834912280701755,0.0035190646641514497
math,2,2,model.layers.2.mlp,45,0.01642023346303502,25.0,0.002717408651507782,49.0,0.0012147845559778844,60.0,0.01642023346303502,0.008364152046783625,0.0011373807763252182
math,2,2,model.layers.2.mlp,46,0.014221789883268483,33.0,0.0033647897920719844,43.0,0.0017215916846338877,54.0,0.014221789883268483,0.010356783625730994,0.0016118951110698674
math,2,2,model.layers.2.mlp,47,0.015,30.0,0.004419591287694553,32.0,0.003886125652474652,35.0,0.015,0.013603450292397661,0.0036385090588766365
math,2,2,model.layers.2.mlp,48,0.012490272373540856,39.0,0.004474385183608949,30.0,0.005248408579495862,25.0,0.012490272373540856,0.013772105263157895,0.004913989888366358
math,2,2,model.layers.2.mlp,49,0.010642023346303502,48.0,0.002999148832684825,46.0,0.0025722916578649314,46.0,0.010642023346303502,0.009231345029239765,0.002408390087246517
math,2,2,model.layers.2.mlp,50,0.005972762645914397,60.0,0.0019636505958171204,56.0,0.0018433294649659892,53.0,0.005972762645914397,0.006044093567251462,0.0017258759897539682
math,2,2,model.layers.2.mlp,51,0.005175097276264591,61.5,0.0010960869102626459,63.0,0.0007852901001587684,63.0,0.005175097276264591,0.0033737426900584794,0.0007352528967904898
math,2,2,model.layers.2.mlp,52,0.013132295719844358,37.0,0.00427648878283074,33.0,0.0035745661336102374,39.0,0.013132295719844358,0.013162982456140351,0.00334680152465279
math,2,2,model.layers.2.mlp,53,0.013715953307392996,35.0,0.003807643786478599,37.0,0.004170262612083543,29.0,0.013715953307392996,0.011719883040935672,0.00390454134757535
math,2,2,model.layers.2.mlp,54,0.01706225680933852,24.0,0.004444689323929961,31.0,0.003918324976884089,34.0,0.01706225680933852,0.013680701754385965,0.003668656703093658
math,2,2,model.layers.2.mlp,55,0.005175097276264591,61.5,0.0010675690053501944,64.0,0.0006229384120278322,64.0,0.005175097276264591,0.0032859649122807017,0.0005832459518755301
math,2,2,model.layers.2.mlp,56,0.011634241245136187,45.0,0.003425739451605058,41.0,0.003590034574545659,38.0,0.011634241245136187,0.01054438596491228,0.003361284345720191
math,2,2,model.layers.2.mlp,57,0.023171206225680935,9.0,0.006778388709873541,13.0,0.007163297152617794,16.0,0.023171206225680935,0.020863801169590645,0.006706865374934005
math,2,2,model.layers.2.mlp,58,0.024649805447470818,7.0,0.009190650079036964,8.0,0.013356351576136708,3.0,0.024649805447470818,0.028288713450292397,0.012505310056654593
math,2,2,model.layers.2.mlp,59,0.012140077821011673,41.0,0.0024582301039640076,52.0,0.0025929562244854203,45.0,0.012140077821011673,0.00756640350877193,0.002427737946675233
math,2,2,model.layers.2.mlp,60,0.01784046692607004,19.0,0.003945293500729572,34.0,0.0024673935515871306,47.0,0.01784046692607004,0.012143567251461988,0.0023101758903618292
math,2,2,model.layers.2.mlp,61,0.010408560311284046,49.0,0.0024892274136673154,51.0,0.001956348270322794,51.0,0.010408560311284046,0.007661812865497076,0.00183169345009581
math,2,2,model.layers.2.mlp,62,0.025505836575875487,6.0,0.00912358265442607,9.0,0.01251905535445603,5.0,0.025505836575875487,0.028082280701754385,0.01172136477027191
math,2,2,model.layers.2.mlp,63,0.020038910505836578,13.0,0.006125060797665369,18.0,0.00412936617196302,30.0,0.020038910505836578,0.018852865497076023,0.003866250751449213
math,3,3,model.layers.3.mlp,0,0.02245136186770428,11.0,0.007485389561040856,15.0,0.008950037919075485,16.0,0.02245136186770428,0.021605499352328018,0.01741273432796868
math,3,3,model.layers.3.mlp,1,0.017198443579766538,24.0,0.006319138345087549,21.0,0.007953383280725332,19.0,0.017198443579766538,0.018239283113954022,0.015473694226547343
math,3,3,model.layers.3.mlp,2,0.017431906614785993,22.0,0.0056730301556420235,25.0,0.006617615018257372,25.0,0.017431906614785993,0.016374384840488875,0.012874892066333752
math,3,3,model.layers.3.mlp,3,0.005447470817120622,50.0,0.0014837480240758754,50.0,0.0013975768642144908,53.0,0.005447470817120622,0.004282625067376147,0.00271905380284649
math,3,3,model.layers.3.mlp,4,0.012957198443579766,39.0,0.003932165004863813,39.0,0.005647926474359713,31.0,0.012957198443579766,0.011349628202118406,0.010988315813983204
math,3,3,model.layers.3.mlp,5,0.006926070038910506,47.0,0.0019951703854571984,47.0,0.0017889826810023664,49.0,0.006926070038910506,0.005758772087846487,0.003480552867294351
math,3,3,model.layers.3.mlp,6,0.01669260700389105,25.0,0.0034903749696011672,42.0,0.0027992197220369536,43.0,0.01669260700389105,0.010074464866543818,0.005446018194130146
math,3,3,model.layers.3.mlp,7,0.011867704280155641,43.0,0.004618171662208171,33.0,0.00459113081706985,40.0,0.011867704280155641,0.013329687659289166,0.008932268433433081
math,3,3,model.layers.3.mlp,8,0.004474708171206225,58.0,0.0013716713278210117,53.0,0.001777382656236103,50.0,0.004474708171206225,0.003959131818481188,0.003457984454592736
math,3,3,model.layers.3.mlp,9,0.016284046692607003,26.0,0.004674371504134241,32.0,0.0051774449466731294,32.0,0.016284046692607003,0.01349190041233736,0.010072971105737592
math,3,3,model.layers.3.mlp,10,0.014552529182879378,34.0,0.004238338247811284,35.0,0.004819249243580587,35.0,0.014552529182879378,0.012233353190411723,0.00937608393366462
math,3,3,model.layers.3.mlp,11,0.01406614785992218,36.0,0.004602155277237354,34.0,0.005055914726470695,33.0,0.01406614785992218,0.0132834586698302,0.009836528148027407
math,3,3,model.layers.3.mlp,12,0.027490272373540858,5.0,0.01058019972033074,4.0,0.011724318207933746,8.0,0.027490272373540858,0.030538223340419036,0.022810231641164327
math,3,3,model.layers.3.mlp,13,0.004688715953307393,56.5,0.001259803623540856,56.0,0.001112245857092309,57.0,0.004688715953307393,0.0036362417948342094,0.0021639284427671765
math,3,3,model.layers.3.mlp,14,0.001867704280155642,64.0,0.0003359640989785992,64.0,0.00012943139667568387,64.0,0.001867704280155642,0.0009697120054601756,0.00025181508105212797
math,3,3,model.layers.3.mlp,15,0.012470817120622568,41.0,0.003072467017266537,44.0,0.002060004362568317,47.0,0.012470817120622568,0.008868233725215873,0.004007838738136193
math,3,3,model.layers.3.mlp,16,0.003482490272373541,61.0,0.0008776522981517509,61.0,0.0007579941403280205,60.0,0.003482490272373541,0.002533217009570059,0.0014747144880311552
math,3,3,model.layers.3.mlp,17,0.0040077821011673155,60.0,0.0010043014348249026,59.0,0.0009002245558925872,59.0,0.0040077821011673155,0.0028987715098470214,0.0017514306831998804
math,3,3,model.layers.3.mlp,18,0.015214007782101167,31.0,0.004222720847519455,36.0,0.004747638374509051,37.0,0.015214007782101167,0.012188275812789811,0.009236761502920503
math,3,3,model.layers.3.mlp,19,0.02036964980544747,16.0,0.0091215687317607,8.0,0.011458769939289019,10.0,0.02036964980544747,0.026328094980118517,0.022293594561526086
math,3,3,model.layers.3.mlp,20,0.03396887159533074,4.0,0.01402583140807393,3.0,0.01780627386579254,3.0,0.03396887159533074,0.04048354316523584,0.03464297235381157
math,3,3,model.layers.3.mlp,21,0.0024319066147859923,63.0,0.0005548166950389105,63.0,0.000641605423524222,61.0,0.0024319066147859923,0.001601398517414921,0.0012482745753958943
math,3,3,model.layers.3.mlp,22,0.02595330739299611,6.0,0.0075733941816634245,13.0,0.008004008031772732,18.0,0.02595330739299611,0.02185951202038726,0.015572187143379478
math,3,3,model.layers.3.mlp,23,0.019649805447470817,18.0,0.003950081316877432,38.0,0.003305747774556453,42.0,0.019649805447470817,0.011401341057468118,0.0064314931706536535
math,3,3,model.layers.3.mlp,24,0.005116731517509728,53.0,0.0017007766901750972,49.0,0.0020188286500450237,48.0,0.005116731517509728,0.004909047068075779,0.0039277293855931395
math,3,3,model.layers.3.mlp,25,0.008073929961089495,45.0,0.0021004073443579765,46.0,0.0024899465829887743,46.0,0.008073929961089495,0.00606252341953477,0.004844312251237432
math,3,3,model.layers.3.mlp,26,0.0032684824902723736,62.0,0.0008433396157587549,62.0,0.000629446073598319,62.0,0.0032684824902723736,0.002434178391583231,0.0012246179683764655
math,3,3,model.layers.3.mlp,27,0.004980544747081712,54.0,0.0013019820038910506,55.0,0.0016692033047690001,51.0,0.004980544747081712,0.0037579836176087154,0.0032475162617313594
math,3,3,model.layers.3.mlp,28,0.018268482490272374,20.0,0.00661448200389105,19.0,0.010389234364496595,12.0,0.018268482490272374,0.0190917500666701,0.020212761051482644
math,3,3,model.layers.3.mlp,29,0.015252918287937744,30.0,0.005196319461332685,28.0,0.005879165430477157,30.0,0.015252918287937744,0.014998428049842418,0.011438202456426145
math,3,3,model.layers.3.mlp,30,0.020544747081712063,15.0,0.006931028848492218,16.0,0.008472068991642517,17.0,0.020544747081712063,0.020005416962726875,0.016482822519139816
math,3,3,model.layers.3.mlp,31,0.025661478599221788,8.0,0.009286501398346303,7.0,0.016175143990071368,5.0,0.025661478599221788,0.02680414937809396,0.03146952980114815
math,3,3,model.layers.3.mlp,32,0.015719844357976652,28.0,0.005330625303988327,27.0,0.0067298121443054556,24.0,0.015719844357976652,0.015386082529659078,0.01309317703516869
math,3,3,model.layers.3.mlp,33,0.02188715953307393,14.0,0.008791057423394942,9.0,0.014020736338099617,6.0,0.02188715953307393,0.025374121669764778,0.02727802486931184
math,3,3,model.layers.3.mlp,34,0.014863813229571985,32.0,0.006894075267509727,18.0,0.010281874296556187,13.0,0.014863813229571985,0.019898755771151914,0.02000388681459314
math,3,3,model.layers.3.mlp,35,0.03928015564202335,3.0,0.009511965740515564,6.0,0.00983076219428838,14.0,0.03928015564202335,0.027454919743348495,0.019126226266118932
math,3,3,model.layers.3.mlp,36,0.005252918287937744,51.0,0.0014589349768968872,51.0,0.001304832167256667,54.0,0.005252918287937744,0.004211005778843037,0.0025386144814652273
math,3,3,model.layers.3.mlp,37,0.018540856031128403,19.0,0.005719198382782101,24.0,0.006058019746370352,29.0,0.018540856031128403,0.01650764278163394,0.011786172231997833
math,3,3,model.layers.3.mlp,38,0.019785992217898833,17.0,0.006597724647373541,20.0,0.006742236557115841,23.0,0.019785992217898833,0.01904338236951374,0.013117349334929248
math,3,3,model.layers.3.mlp,39,0.005214007782101167,52.0,0.008614174215710117,10.0,0.10820989282214688,1.0,0.005214007782101167,0.024863573755336557,0.21052761255391916
math,3,3,model.layers.3.mlp,40,0.01784046692607004,21.0,0.006909065691877432,17.0,0.0069434142392491086,20.0,0.01784046692607004,0.019942023473029882,0.013508750305894629
math,3,3,model.layers.3.mlp,41,0.008171206225680934,44.0,0.0030196870440175098,45.0,0.0046804190060333985,38.0,0.008171206225680934,0.00871589193077102,0.009105982950299435
math,3,3,model.layers.3.mlp,42,0.015700389105058367,29.0,0.005907671145428016,23.0,0.006850171296744959,22.0,0.015700389105058367,0.017051642277995698,0.013327341623555714
math,3,3,model.layers.3.mlp,43,0.0070233463035019456,46.0,0.001318302377188716,54.0,0.0011697715422290772,56.0,0.0070233463035019456,0.003805090025610202,0.0022758474627063
math,3,3,model.layers.3.mlp,44,0.004747081712062257,55.0,0.0012520139226653696,57.0,0.0012610475245703752,55.0,0.004747081712062257,0.003613757944682161,0.0024534293283256536
math,3,3,model.layers.3.mlp,45,0.01414396887159533,35.0,0.003998662451361868,37.0,0.004578057525222868,41.0,0.01414396887159533,0.011541563508294429,0.008906833707928923
math,3,3,model.layers.3.mlp,46,0.013443579766536965,38.0,0.004696448656371596,31.0,0.00612311265811846,27.0,0.013443579766536965,0.0135556229339878,0.011912813659570776
math,3,3,model.layers.3.mlp,47,0.0138715953307393,37.0,0.004845706924854086,30.0,0.0060846787766491855,28.0,0.0138715953307393,0.01398643543836461,0.011838038672775388
math,3,3,model.layers.3.mlp,48,0.012879377431906616,40.0,0.003735389561040856,40.0,0.004672161879648494,39.0,0.012879377431906616,0.0107816642118141,0.009089918309081955
math,3,3,model.layers.3.mlp,49,0.023385214007782103,10.0,0.00808508253283074,11.0,0.010626430209972516,11.0,0.023385214007782103,0.023336426782082302,0.02067423711206639
math,3,3,model.layers.3.mlp,50,0.017412451361867705,23.0,0.005617875273589494,26.0,0.006476279441484681,26.0,0.017412451361867705,0.01621518821368059,0.012599916823582235
math,3,3,model.layers.3.mlp,51,0.015778210116731518,27.0,0.004910418439931907,29.0,0.0048811984665199015,34.0,0.015778210116731518,0.014173215910603335,0.009496609161671454
math,3,3,model.layers.3.mlp,52,0.07422178988326848,1.0,0.033593617005107004,1.0,0.050503924236223394,2.0,0.07422178988326848,0.09696313926315817,0.09825784239091327
math,3,3,model.layers.3.mlp,53,0.00443579766536965,59.0,0.001207270640807393,58.0,0.0010016041436750832,58.0,0.00443579766536965,0.003484612902955151,0.0019486696049002181
math,3,3,model.layers.3.mlp,54,0.02237354085603113,12.0,0.006275364026021401,22.0,0.006929523933258502,21.0,0.02237354085603113,0.01811293484383129,0.013481726039613798
math,3,3,model.layers.3.mlp,55,0.005972762645914397,49.0,0.0009327881809338521,60.0,0.000547234075006228,63.0,0.005972762645914397,0.002692358797719436,0.001064670524242811
math,3,3,model.layers.3.mlp,56,0.02235408560311284,13.0,0.0075048828125,14.0,0.011593415533058374,9.0,0.02235408560311284,0.021661763816367047,0.02255555411677449
math,3,3,model.layers.3.mlp,57,0.01198443579766537,42.0,0.003490127979085603,43.0,0.004777956420577454,36.0,0.01198443579766537,0.010073751963978021,0.009295746736983818
math,3,3,model.layers.3.mlp,58,0.0063424124513618675,48.0,0.0018611305325875486,48.0,0.0026178206775902776,44.0,0.0063424124513618675,0.005371885349254531,0.005093097525317647
math,3,3,model.layers.3.mlp,59,0.025894941634241244,7.0,0.010562853386429961,5.0,0.016480212837805545,4.0,0.025894941634241244,0.030488155644836548,0.03206305609068632
math,3,3,model.layers.3.mlp,60,0.004688715953307393,56.5,0.0014525512220330738,52.0,0.0014878629342243365,52.0,0.004688715953307393,0.004192579989450139,0.002894709745850609
math,3,3,model.layers.3.mlp,61,0.044785992217898835,2.0,0.02028168318336576,2.0,0.012059372658859431,7.0,0.044785992217898835,0.0585401587063692,0.02346209638097037
math,3,3,model.layers.3.mlp,62,0.024182879377431906,9.0,0.008004316634241245,12.0,0.008982493629251473,15.0,0.024182879377431906,0.023103307643066794,0.017475878491583396
math,3,3,model.layers.3.mlp,63,0.014708171206225681,33.0,0.0036395762402723734,41.0,0.002540331313002434,45.0,0.014708171206225681,0.010505112854943906,0.004942338195467724
math,4,4,model.layers.4.mlp,0,0.00013618677042801557,63.0,3.155778818093385e-05,63.0,5.089505695183453e-05,63.0,0.00013618677042801557,9.3650533309059e-05,8.399956046099941e-05
math,4,4,model.layers.4.mlp,1,0.012918287937743191,35.0,0.00404517266536965,34.0,0.00637858163058062,34.0,0.012918287937743191,0.012004408397289806,0.01052750670542405
math,4,4,model.layers.4.mlp,2,0.01509727626459144,31.0,0.005492670081468871,24.0,0.006637798747199983,31.0,0.01509727626459144,0.016299985267378473,0.010955330646766731
math,4,4,model.layers.4.mlp,3,0.00044747081712062257,62.0,0.0001240272373540856,62.0,0.00015991210763556483,62.0,0.00044747081712062257,0.00036806181904969123,0.00026392635273974854
math,4,4,model.layers.4.mlp,4,0.0026848249027237353,56.0,0.0007619847397859922,56.0,0.0009019123675874235,55.0,0.0026848249027237353,0.0022612572479790006,0.0014885579659215233
math,4,4,model.layers.4.mlp,5,0.020544747081712063,15.0,0.0067398771887159535,15.0,0.011332883275610463,15.0,0.020544747081712063,0.020001182894755463,0.018704315721819353
math,4,4,model.layers.4.mlp,6,0.012529182879377432,36.0,0.003905860514956226,35.0,0.0038038782270965873,43.0,0.012529182879377432,0.011590987244075673,0.0062780968970261
math,4,4,model.layers.4.mlp,7,0.01754863813229572,23.0,0.007041747096911479,13.0,0.009487554048068444,20.0,0.01754863813229572,0.02089700860124612,0.01565869885246289
math,4,4,model.layers.4.mlp,8,0.03365758754863813,4.0,0.012527244953793775,3.0,0.021357416447962303,3.0,0.03365758754863813,0.037175709656508904,0.035249269804514614
math,4,4,model.layers.4.mlp,9,0.026906614785992218,6.0,0.009912926343628404,8.0,0.01915212423971887,6.0,0.026906614785992218,0.02941748748079558,0.03160955335118941
math,4,4,model.layers.4.mlp,10,0.011400778210116732,38.0,0.003847979237597276,36.0,0.007024629022128851,29.0,0.011400778210116732,0.011419219423650599,0.01159377325815399
math,4,4,model.layers.4.mlp,11,0.024766536964980546,9.0,0.006198454979328793,18.0,0.006609406046830263,32.0,0.024766536964980546,0.018394464503600584,0.010908470018363968
math,4,4,model.layers.4.mlp,12,0.003151750972762646,55.0,0.0009415088460603113,54.0,0.0009276152732655232,54.0,0.003151750972762646,0.002794010944088151,0.0015309792325206382
math,4,4,model.layers.4.mlp,13,0.006906614785992218,47.0,0.0018074765928988326,46.0,0.0030742244376050823,46.0,0.006906614785992218,0.005363846981230595,0.0050738424708252905
math,4,4,model.layers.4.mlp,14,0.013657587548638132,34.0,0.014881501550340468,2.0,0.07479754889985467,2.0,0.013657587548638132,0.04416217475820994,0.1234493408091457
math,4,4,model.layers.4.mlp,15,0.0020038910505836578,59.0,0.000660376641536965,57.0,0.0008068671081838441,58.0,0.0020038910505836578,0.0019597262111717474,0.0013316908654218045
math,4,4,model.layers.4.mlp,16,0.004513618677042802,51.0,0.0010133640868190661,53.0,0.0008329574146275391,57.0,0.004513618677042802,0.00300724773937705,0.0013747515161965389
math,4,4,model.layers.4.mlp,17,0.10941634241245136,1.0,0.046399714250972765,1.0,0.08154151654892858,1.0,0.10941634241245136,0.13769526432200538,0.1345798975314128
math,4,4,model.layers.4.mlp,18,0.006303501945525292,49.0,0.0013852748054474708,48.0,0.001682547199239063,50.0,0.006303501945525292,0.004110925758356478,0.0027769538665556493
math,4,4,model.layers.4.mlp,19,0.005252918287937744,50.0,0.0011395952395428016,51.0,0.0016167881597804652,51.0,0.005252918287937744,0.0033818498726132856,0.002668422100571239
math,4,4,model.layers.4.mlp,20,0.0036575875486381322,54.0,0.0011494748601653696,50.0,0.001996792192762928,47.0,0.0036575875486381322,0.003411168522415038,0.0032955983659233383
math,4,4,model.layers.4.mlp,21,0.047470817120622566,2.0,0.012071509454036965,4.0,0.01783467488530081,8.0,0.047470817120622566,0.03582327417036538,0.029435173886294144
math,4,4,model.layers.4.mlp,22,0.010175097276264592,42.0,0.0028115690357490273,44.0,0.004678883794622663,40.0,0.010175097276264592,0.008343580295409077,0.007722246633270148
math,4,4,model.layers.4.mlp,23,0.02011673151750973,16.0,0.0059668538728112844,21.0,0.011061016154196475,16.0,0.02011673151750973,0.01770716769382489,0.0182556136263647
math,4,4,model.layers.4.mlp,24,0.014844357976653696,32.0,0.004552301191634241,31.0,0.007247773416427323,28.0,0.014844357976653696,0.013509357244421295,0.011962061106974875
math,4,4,model.layers.4.mlp,25,0.007159533073929961,46.0,0.001519799139713035,47.0,0.0012333698721479348,52.0,0.007159533073929961,0.004510138642820531,0.002035610791128728
math,4,4,model.layers.4.mlp,26,0.017023346303501944,24.0,0.0042740948747568095,32.0,0.006792381126940947,30.0,0.017023346303501944,0.012683755342407718,0.011210460569610607
math,4,4,model.layers.4.mlp,27,0.016264591439688714,26.0,0.007022491336332684,14.0,0.0162001804526214,10.0,0.016264591439688714,0.02083986542514213,0.026737528532425017
math,4,4,model.layers.4.mlp,28,0.009727626459143969,43.0,0.0031242400291828796,40.0,0.003628054291067884,44.0,0.009727626459143969,0.00927145917961569,0.005987908925355079
math,4,4,model.layers.4.mlp,29,0.02083657587548638,14.0,0.006061983219844358,19.0,0.009384503504877425,21.0,0.02083657587548638,0.017989472462204455,0.015488619460636985
math,4,4,model.layers.4.mlp,30,0.004357976653696498,52.0,0.0010711788667315176,52.0,0.0016890053500345245,49.0,0.004357976653696498,0.0031788182227361506,0.0027876126978980133
math,4,4,model.layers.4.mlp,31,0.022509727626459145,12.0,0.006336294686284047,17.0,0.00997798463713798,19.0,0.022509727626459145,0.01880351605035388,0.016468128223127643
math,4,4,model.layers.4.mlp,32,0.0016926070038910505,61.0,0.0005091614482003891,60.0,0.0005532549075231478,61.0,0.0016926070038910505,0.0015109817231483877,0.0009131175371080932
math,4,4,model.layers.4.mlp,33,0.012451361867704281,37.0,0.003692470209143969,37.0,0.0062773265124295005,35.0,0.012451361867704281,0.010957732599367246,0.010360390566283665
math,4,4,model.layers.4.mlp,34,0.025817120622568093,7.0,0.009955560706468872,7.0,0.01885123201845221,7.0,0.025817120622568093,0.02954400873109391,0.03111294688592006
math,4,4,model.layers.4.mlp,35,0.013949416342412452,33.0,0.004712617035505837,30.0,0.007750039160947391,27.0,0.013949416342412452,0.013985108719473578,0.012791023766634137
math,4,4,model.layers.4.mlp,36,0.015797665369649806,27.0,0.004996599130593385,27.0,0.008240353702803066,25.0,0.015797665369649806,0.01482785075521741,0.013600261607599525
math,4,4,model.layers.4.mlp,37,0.010311284046692607,41.0,0.0033210154730058364,38.0,0.005074900454091423,39.0,0.010311284046692607,0.009855407748840207,0.008375850879397434
math,4,4,model.layers.4.mlp,38,0.011264591439688715,39.0,0.0030610294564688716,41.0,0.005248038173301674,37.0,0.011264591439688715,0.009083876202903324,0.008661605394352484
math,4,4,model.layers.4.mlp,39,0.015622568093385214,28.0,0.004736214129377432,29.0,0.00890771354653724,23.0,0.015622568093385214,0.014055135186884685,0.014701703219032306
math,4,4,model.layers.4.mlp,40,0.01527237354085603,30.0,0.00502010122811284,26.0,0.009167958504379027,22.0,0.01527237354085603,0.014897595312534269,0.015131223557158454
math,4,4,model.layers.4.mlp,41,0.019591439688715954,18.0,0.0090478515625,9.0,0.012894197929694031,14.0,0.019591439688715954,0.026850301398539063,0.021281181777956258
math,4,4,model.layers.4.mlp,42,0.019941634241245135,17.0,0.006027537542558366,20.0,0.010221527327823268,18.0,0.019941634241245135,0.017887251862030266,0.016870082365558675
math,4,4,model.layers.4.mlp,43,0.019221789883268482,19.0,0.004943192181420234,28.0,0.008206435634758221,26.0,0.019221789883268482,0.014669360900231397,0.013544281656341204
math,4,4,model.layers.4.mlp,44,0.0024319066147859923,57.0,0.000617761277966926,58.0,0.0008937734182822565,56.0,0.0024319066147859923,0.0018332613428922657,0.0014751250668308437
math,4,4,model.layers.4.mlp,45,0.02468871595330739,10.0,0.00863931025048638,11.0,0.013878215566451448,12.0,0.02468871595330739,0.025637918847217753,0.022905250084859195
math,4,4,model.layers.4.mlp,46,0.018638132295719843,21.0,0.004138744072227626,33.0,0.00647382967444028,33.0,0.018638132295719843,0.012282089840123711,0.010684708490787079
math,4,4,model.layers.4.mlp,47,0.015428015564202334,29.0,0.003005342594844358,42.0,0.00319050631576475,45.0,0.015428015564202334,0.00891862050565537,0.005265759471021112
math,4,4,model.layers.4.mlp,48,0.02227626459143969,13.0,0.006731821498054475,16.0,0.01544271137000058,11.0,0.02227626459143969,0.019977276918763266,0.025487366457487955
math,4,4,model.layers.4.mlp,49,0.035252918287937744,3.0,0.011349328185797666,6.0,0.016325359660769714,9.0,0.035252918287937744,0.03368013725187612,0.026944130098334754
math,4,4,model.layers.4.mlp,50,0.00963035019455253,44.0,0.002793994710603113,45.0,0.003881541314292047,42.0,0.00963035019455253,0.008291426927973267,0.006406275655026835
math,4,4,model.layers.4.mlp,51,0.003793774319066148,53.0,0.0008907997932879378,55.0,0.0010675883003245996,53.0,0.003793774319066148,0.0026435273357787717,0.001761997202703579
math,4,4,model.layers.4.mlp,52,0.02857976653696498,5.0,0.011512588916585603,5.0,0.020893697826778843,5.0,0.02857976653696498,0.03416462793985008,0.03448392710347678
math,4,4,model.layers.4.mlp,53,0.002217898832684825,58.0,0.0005374893604085604,59.0,0.0008057010034642795,59.0,0.002217898832684825,0.0015950473132530277,0.0013297662721555542
math,4,4,model.layers.4.mlp,54,0.00011673151750972762,64.0,2.6712974221789884e-05,64.0,2.7039586222125398e-05,64.0,0.00011673151750972762,7.927311850243043e-05,4.462738611050829e-05
math,4,4,model.layers.4.mlp,55,0.0019844357976653696,60.0,0.0004871792923151751,61.0,0.000662858120314342,60.0,0.0019844357976653696,0.0014457477273394888,0.0010940117584916464
math,4,4,model.layers.4.mlp,56,0.0064591439688715955,48.0,0.0013576308669747082,49.0,0.001957917625486764,48.0,0.0064591439688715955,0.00402888992093042,0.003231437978650373
math,4,4,model.layers.4.mlp,57,0.008910505836575875,45.0,0.003198014196254864,39.0,0.005224019033899567,38.0,0.008910505836575875,0.009490390558808392,0.00862196309364069
math,4,4,model.layers.4.mlp,58,0.024066147859922178,11.0,0.00834107870257782,12.0,0.013851562543601842,13.0,0.024066147859922178,0.02475289029733678,0.022861260700851968
math,4,4,model.layers.4.mlp,59,0.01916342412451362,20.0,0.005619851197714008,23.0,0.008503124444865067,24.0,0.01916342412451362,0.016677406501557187,0.014033950617047094
math,4,4,model.layers.4.mlp,60,0.01634241245136187,25.0,0.0053135639591439686,25.0,0.01067433250205526,17.0,0.01634241245136187,0.015768471975684015,0.01761741300802066
math,4,4,model.layers.4.mlp,61,0.011050583657587548,40.0,0.002907363357247082,43.0,0.004197749299529926,41.0,0.011050583657587548,0.008627858434448375,0.006928159966884013
math,4,4,model.layers.4.mlp,62,0.025544747081712064,8.0,0.008903989086819067,10.0,0.02101076518979054,4.0,0.025544747081712064,0.02642337675181047,0.03467714050427162
math,4,4,model.layers.4.mlp,63,0.01850194552529183,22.0,0.0057579093962791825,22.0,0.00563975895425225,36.0,0.01850194552529183,0.01708710644152725,0.00930811952350313
math,5,5,model.layers.5.mlp,0,0.10449416342412451,1.0,0.04482484572592412,1.0,0.0978414602316771,1.0,0.10449416342412451,0.13041697348254042,0.1465761204006477
math,5,5,model.layers.5.mlp,1,0.007723735408560311,45.0,0.0023136931541828795,45.0,0.0038618690140748303,44.0,0.007723735408560311,0.006731642995065389,0.005785459213693301
math,5,5,model.layers.5.mlp,2,0.00048638132295719845,63.0,0.00011099373784046692,63.0,0.00014968812407686552,64.0,0.00048638132295719845,0.00032293401416653257,0.00022424751680202564
math,5,5,model.layers.5.mlp,3,0.0003891050583657588,64.0,9.598431420233464e-05,64.0,0.00020535738551663053,63.0,0.0003891050583657588,0.0002792644025281278,0.00030764553997225143
math,5,5,model.layers.5.mlp,4,0.012626459143968871,32.0,0.003963019820038911,29.0,0.009420237712243188,21.0,0.012626459143968871,0.011530325256242502,0.014112441636121844
math,5,5,model.layers.5.mlp,5,0.0028015564202334632,57.0,0.0006795849039396887,56.0,0.0003837066656884516,62.0,0.0028015564202334632,0.001977238403410254,0.0005748302845777909
math,5,5,model.layers.5.mlp,6,0.027295719844357975,9.0,0.010559300522859923,7.0,0.02205267076826281,7.0,0.027295719844357975,0.030722069289522504,0.033037067497059036
math,5,5,model.layers.5.mlp,7,0.013968871595330739,24.0,0.003802247993677043,33.0,0.00856824695948033,25.0,0.013968871595330739,0.011062562909806829,0.01283607577995512
math,5,5,model.layers.5.mlp,8,0.013754863813229571,25.0,0.0038327798212548637,31.0,0.010354281611131787,20.0,0.013754863813229571,0.011151394638797862,0.015511731166948576
math,5,5,model.layers.5.mlp,9,0.011070038910505836,37.0,0.002895070829280156,41.0,0.005732061575358944,39.0,0.011070038910505836,0.008423149471185878,0.008587191417874215
math,5,5,model.layers.5.mlp,10,0.05509727626459144,2.0,0.02112794868677043,2.0,0.04802829798093566,2.0,0.05509727626459144,0.061471335349837536,0.07195110918032484
math,5,5,model.layers.5.mlp,11,0.01330739299610895,27.0,0.0037238000060797667,34.0,0.007729273105641747,29.0,0.01330739299610895,0.010834320091509395,0.011579210517293947
math,5,5,model.layers.5.mlp,12,0.0071400778210116735,47.0,0.00194087047057393,49.0,0.0036189699036717877,45.0,0.0071400778210116735,0.005646923008761064,0.0054215724813475
math,5,5,model.layers.5.mlp,13,0.012334630350194553,33.0,0.0035698869163424125,35.0,0.006983555710733169,33.0,0.012334630350194553,0.01038651309925279,0.01046205259260479
math,5,5,model.layers.5.mlp,14,0.04344357976653696,4.0,0.017542083383998056,3.0,0.03763092257633283,3.0,0.04344357976653696,0.05103833346148614,0.056374819276769364
math,5,5,model.layers.5.mlp,15,0.008852140077821011,42.0,0.002472280064445525,44.0,0.004734668907372404,43.0,0.008852140077821011,0.007193048372718256,0.007092999206889749
math,5,5,model.layers.5.mlp,16,0.013190661478599222,28.0,0.004135856183122568,27.0,0.008618967105210523,24.0,0.013190661478599222,0.012033189125957145,0.012912059541539253
math,5,5,model.layers.5.mlp,17,0.012879377431906616,31.0,0.0038149775048638133,32.0,0.005730179390554762,40.0,0.012879377431906616,0.01109959916271535,0.008584371720111929
math,5,5,model.layers.5.mlp,18,0.012957198443579766,29.5,0.0034019333657587547,37.0,0.007334915268513943,31.0,0.012957198443579766,0.009897855672817982,0.010988423731416955
math,5,5,model.layers.5.mlp,19,0.03754863813229572,5.0,0.014838639196254864,5.0,0.027036642035621613,5.0,0.03754863813229572,0.043172717791547036,0.040503546133293
math,5,5,model.layers.5.mlp,20,0.020214007782101168,15.0,0.006499821406857976,15.0,0.011792283633049823,15.0,0.020214007782101168,0.01891109768101648,0.017665999480217187
math,5,5,model.layers.5.mlp,21,0.033521400778210114,6.0,0.01109939278331712,6.0,0.021461748817087612,8.0,0.033521400778210114,0.032293456694642675,0.03215180835581413
math,5,5,model.layers.5.mlp,22,0.015992217898832685,21.0,0.005905011247568094,18.0,0.014433467471645964,11.0,0.015992217898832685,0.01718050966637909,0.021622752368099518
math,5,5,model.layers.5.mlp,23,0.020233463035019456,14.0,0.006319005350194552,16.0,0.012723481472480157,14.0,0.020233463035019456,0.018385017055747244,0.019061025334348638
math,5,5,model.layers.5.mlp,24,0.010622568093385213,38.0,0.0027899098674610896,42.0,0.0056849661127370615,41.0,0.010622568093385213,0.008117185799769966,0.008516637787713305
math,5,5,model.layers.5.mlp,25,0.0017509727626459145,60.0,0.000496773923881323,59.0,0.0007443270594577381,59.0,0.0017509727626459145,0.0014453535892523669,0.0011150750655826286
math,5,5,model.layers.5.mlp,26,0.004591439688715953,53.0,0.0012321976836089494,53.0,0.0010740384784190108,57.0,0.004591439688715953,0.00358505400355537,0.0016090151655024506
math,5,5,model.layers.5.mlp,27,0.006750972762645914,49.0,0.002268930873054475,46.0,0.005779928674029933,38.0,0.006750972762645914,0.006601408052001994,0.008658901034650324
math,5,5,model.layers.5.mlp,28,0.006381322957198444,50.0,0.0019611046935797665,48.0,0.0026200839616213325,51.0,0.006381322957198444,0.005705794067488786,0.003925143199100347
math,5,5,model.layers.5.mlp,29,0.002821011673151751,56.0,0.0008076399866245136,54.0,0.00156723082645394,54.0,0.002821011673151751,0.0023498120520720873,0.002347865759259649
math,5,5,model.layers.5.mlp,30,0.017198443579766538,20.0,0.005190486685311284,21.0,0.00878237410973946,23.0,0.017198443579766538,0.015101615040433362,0.013156859289145513
math,5,5,model.layers.5.mlp,31,0.00821011673151751,44.0,0.002996697926799611,39.0,0.0032670686518635732,48.0,0.00821011673151751,0.008718831436570469,0.004894389831660513
math,5,5,model.layers.5.mlp,32,0.04795719844357977,3.0,0.01683669747081712,4.0,0.03337665296308261,4.0,0.04795719844357977,0.048986027548449364,0.05000150541195142
math,5,5,model.layers.5.mlp,33,0.02970817120622568,8.0,0.00915124559216926,10.0,0.018441920902594517,9.0,0.02970817120622568,0.026625362215935394,0.027627809440263718
math,5,5,model.layers.5.mlp,34,0.012198443579766537,34.0,0.0034737126094357977,36.0,0.007915833397018306,28.0,0.012198443579766537,0.010106695916830506,0.011858696163420241
math,5,5,model.layers.5.mlp,35,0.010408560311284046,39.0,0.004102322470817121,28.0,0.008207093371723413,27.0,0.010408560311284046,0.01193562347463843,0.012295032221970228
math,5,5,model.layers.5.mlp,36,0.0056031128404669265,51.0,0.0013971493494649805,52.0,0.0026774834919764375,50.0,0.0056031128404669265,0.004064977507662497,0.00401113333510556
math,5,5,model.layers.5.mlp,37,0.020408560311284046,13.0,0.0071128328672178985,13.0,0.013642879943671393,13.0,0.020408560311284046,0.020694642009514114,0.020438374575563942
math,5,5,model.layers.5.mlp,38,0.01875486381322957,18.0,0.004515138618677043,24.0,0.007312715978358042,32.0,0.01875486381322957,0.013136703628662809,0.010955167013671784
math,5,5,model.layers.5.mlp,39,0.01764591439688716,19.0,0.005356426313229572,20.0,0.007384723764681167,30.0,0.01764591439688716,0.015584412999990105,0.011063041752385722
math,5,5,model.layers.5.mlp,40,0.014591439688715954,23.0,0.003954337153453307,30.0,0.006080957465163696,36.0,0.014591439688715954,0.011505063215079527,0.00910987174000166
math,5,5,model.layers.5.mlp,41,0.013463035019455253,26.0,0.00438639956225681,25.0,0.00697899951545181,34.0,0.013463035019455253,0.01276213997238201,0.010455226964424793
math,5,5,model.layers.5.mlp,42,0.002626459143968872,58.0,0.0004898771887159533,60.0,0.0007052573648640153,60.0,0.002626459143968872,0.001425287679094467,0.0010565448244637212
math,5,5,model.layers.5.mlp,43,0.008229571984435798,43.0,0.002953284593871595,40.0,0.003569780375793982,47.0,0.008229571984435798,0.00859252123075559,0.0053478817356902315
math,5,5,model.layers.5.mlp,44,0.0013035019455252918,62.0,0.00031793379134241245,62.0,0.000514216046736862,61.0,0.0013035019455252918,0.0009250218748823615,0.0007703461600018622
math,5,5,model.layers.5.mlp,45,0.01933852140077821,16.0,0.005721858280642023,19.0,0.011724591649459958,16.0,0.01933852140077821,0.016647629848411723,0.0175645902380275
math,5,5,model.layers.5.mlp,46,0.003093385214007782,54.0,0.0006789769272859922,57.0,0.001212751906553595,56.0,0.003093385214007782,0.0019754695077489515,0.0018168215095134398
math,5,5,model.layers.5.mlp,47,0.0072568093385214005,46.0,0.00211627173516537,47.0,0.0036113609275001497,46.0,0.0072568093385214005,0.006157249407046827,0.005410173487456579
math,5,5,model.layers.5.mlp,48,0.0014980544747081712,61.0,0.0003929049124513619,61.0,0.000880826196781856,58.0,0.0014980544747081712,0.0011431488211167227,0.0013195641844043326
math,5,5,model.layers.5.mlp,49,0.0022762645914396885,59.0,0.000654296875,58.0,0.00127588550752239,55.0,0.0022762645914396885,0.0019036633994979543,0.0019114018466733357
math,5,5,model.layers.5.mlp,50,0.011459143968871596,36.0,0.003157925735651751,38.0,0.005954256298651027,37.0,0.011459143968871596,0.009187920454752118,0.008920060944111158
math,5,5,model.layers.5.mlp,51,0.009688715953307394,40.0,0.0067892942910992215,14.0,0.009133446318630115,22.0,0.009688715953307394,0.01975331312775412,0.013682799951088105
math,5,5,model.layers.5.mlp,52,0.015933852140077823,22.0,0.005067713399805447,22.0,0.01098433121632973,18.0,0.015933852140077823,0.014744408672829093,0.016455607378231603
math,5,5,model.layers.5.mlp,53,0.007003891050583658,48.0,0.001728515625,51.0,0.002687138564855672,49.0,0.007003891050583658,0.00502908092106176,0.00402559758289451
math,5,5,model.layers.5.mlp,54,0.021147859922178987,11.0,0.0071910338642996105,12.0,0.014065583137222766,12.0,0.021147859922178987,0.020922166213949146,0.02107162549030923
math,5,5,model.layers.5.mlp,55,0.026089494163424126,10.0,0.009618912633754863,9.0,0.015140083411324348,10.0,0.026089494163424126,0.027986029925402906,0.02268133247111584
math,5,5,model.layers.5.mlp,56,0.019221789883268482,17.0,0.006242172300583658,17.0,0.011562936653306976,17.0,0.019221789883268482,0.018161472866550146,0.01732241517110414
math,5,5,model.layers.5.mlp,57,0.020894941634241247,12.0,0.009870899957441634,8.0,0.02318165942098844,6.0,0.020894941634241247,0.028719181899023366,0.03472840342255558
math,5,5,model.layers.5.mlp,58,0.012957198443579766,29.5,0.004259560432879377,26.0,0.008217014359592928,26.0,0.012957198443579766,0.012393104115042783,0.012309894836540903
math,5,5,model.layers.5.mlp,59,0.009202334630350195,41.0,0.002754058244163424,43.0,0.005097587762059868,42.0,0.009202334630350195,0.008012876233742536,0.00763668730817498
math,5,5,model.layers.5.mlp,60,0.02990272373540856,7.0,0.009100042558365759,11.0,0.010620660489635244,19.0,0.02990272373540856,0.026476388034460077,0.015910792898808045
math,5,5,model.layers.5.mlp,61,0.012140077821011673,35.0,0.004663674914883269,23.0,0.006192582780748954,35.0,0.012140077821011673,0.013568866949914769,0.00927709742999282
math,5,5,model.layers.5.mlp,62,0.005466926070038911,52.0,0.0017470019151264592,50.0,0.0016152767389143023,52.0,0.005466926070038911,0.005082866404763238,0.002419843256660787
math,5,5,model.layers.5.mlp,63,0.002879377431906615,55.0,0.0006888375486381323,55.0,0.0015995023999696575,53.0,0.002879377431906615,0.002004158784255701,0.002396211747084826
math,6,6,model.layers.6.mlp,0,0.02142023346303502,13.0,0.0064766422969357975,16.0,0.014039499399031184,18.0,0.02142023346303502,0.018071506098972283,0.01745952713831642
math,6,6,model.layers.6.mlp,1,0.012334630350194553,31.0,0.0041783385517996105,29.0,0.005643322445771109,37.0,0.012334630350194553,0.011658644581644123,0.007018038078979517
math,6,6,model.layers.6.mlp,2,0.02291828793774319,11.0,0.007006284958657587,12.0,0.01626382242380877,12.0,0.02291828793774319,0.019549346027867173,0.020225696152730586
math,6,6,model.layers.6.mlp,3,0.040311284046692604,5.0,0.0134912109375,6.0,0.02762536938958131,6.0,0.040311284046692604,0.037643965740535267,0.0343549205605361
math,6,6,model.layers.6.mlp,4,0.01227626459143969,32.0,0.0066889211454280156,14.0,0.013110998935040797,21.0,0.01227626459143969,0.018663818956365208,0.016304843585276188
math,6,6,model.layers.6.mlp,5,0.05706225680933852,3.0,0.016873423060554473,4.0,0.04922931383555965,4.0,0.05706225680933852,0.047081211802235255,0.061221594622665985
math,6,6,model.layers.6.mlp,6,0.01556420233463035,25.0,0.00519521750364786,25.0,0.012863559045680302,22.0,0.01556420233463035,0.014495999701431485,0.01599712723865989
math,6,6,model.layers.6.mlp,7,0.003035019455252918,50.0,0.0008387607915856031,51.0,0.001823650025672022,50.0,0.003035019455252918,0.00234035941245194,0.0022678919104629383
math,6,6,model.layers.6.mlp,8,0.006614785992217899,43.0,0.002055702061040856,44.0,0.0035688946948383106,45.0,0.006614785992217899,0.005735940110718451,0.004438278887822942
math,6,6,model.layers.6.mlp,9,0.010038910505836576,38.0,0.003361825905885214,36.0,0.01569108139520605,14.0,0.010038910505836576,0.009380363246343093,0.01951343517761302
math,6,6,model.layers.6.mlp,10,0.022976653696498053,10.0,0.006613665035262646,15.0,0.012118014222453077,23.0,0.022976653696498053,0.018453834956711275,0.015069967394565642
math,6,6,model.layers.6.mlp,11,0.002256809338521401,54.0,0.0006051457624027237,54.0,0.0012177648920029518,53.0,0.002256809338521401,0.001688513095929661,0.0015144129128622414
math,6,6,model.layers.6.mlp,12,0.018132295719844357,19.0,0.00512226030520428,27.0,0.013155485206077072,20.0,0.018132295719844357,0.014292430259706897,0.016360166729952837
math,6,6,model.layers.6.mlp,13,0.013501945525291829,29.0,0.003669348097033074,31.0,0.007753421152264228,29.0,0.013501945525291829,0.010238429648362416,0.009642157684916839
math,6,6,model.layers.6.mlp,14,0.00048638132295719845,62.0,0.00010844783560311284,62.0,0.0002207327248521352,62.0,0.00048638132295719845,0.0003025974930635303,0.0002745033060179004
math,6,6,model.layers.6.mlp,15,0.0007198443579766537,61.0,0.0001841789275291829,61.0,0.0003325120165422269,61.0,0.0007198443579766537,0.00051390681460369,0.00041351207843179556
math,6,6,model.layers.6.mlp,16,0.020622568093385214,14.0,0.006168227140077821,20.0,0.012051594659744069,24.0,0.020622568093385214,0.01721094809180685,0.014987367999482294
math,6,6,model.layers.6.mlp,17,0.02007782101167315,15.0,0.007619980392752918,10.0,0.023309540396070666,7.0,0.02007782101167315,0.021261714917748933,0.028987753876392665
math,6,6,model.layers.6.mlp,18,0.0538715953307393,4.0,0.021846045111867704,3.0,0.07267378807067872,2.0,0.0538715953307393,0.06095611265490495,0.0903771522759444
math,6,6,model.layers.6.mlp,19,0.0019455252918287938,55.0,0.00053701437864786,55.0,0.0007847354746630219,56.0,0.0019455252918287938,0.0014984089245691458,0.0009758973540911378
math,6,6,model.layers.6.mlp,20,0.02357976653696498,8.0,0.010890400808608949,7.0,0.020549281009904143,10.0,0.02357976653696498,0.03038703322030635,0.025555094185913056
math,6,6,model.layers.6.mlp,21,0.016186770428015564,23.0,0.005187788788910506,26.0,0.011098186195128623,25.0,0.016186770428015564,0.014475271667130883,0.013801708846777555
math,6,6,model.layers.6.mlp,22,0.005447470817120622,46.0,0.002124004438229572,43.0,0.005270222542582783,39.0,0.005447470817120622,0.005926521397958007,0.006554050888277451
math,6,6,model.layers.6.mlp,23,0.01585603112840467,24.0,0.005520390017023346,24.0,0.006614325004792863,31.0,0.01585603112840467,0.015403315064743035,0.00822557725461315
math,6,6,model.layers.6.mlp,24,0.01038910505836576,37.0,0.003253207076848249,38.0,0.006572750630545709,33.0,0.01038910505836576,0.00907728863740052,0.008173875345962704
math,6,6,model.layers.6.mlp,25,0.010447470817120623,36.0,0.002707871017752918,40.0,0.004901517750224251,41.0,0.010447470817120623,0.007555660073384663,0.006095529459183239
math,6,6,model.layers.6.mlp,26,0.02933852140077821,7.0,0.01078009104450389,8.0,0.023167307418608014,8.0,0.02933852140077821,0.030079240465448805,0.02881087288801896
math,6,6,model.layers.6.mlp,27,0.009941634241245136,39.0,0.002362369285019455,41.0,0.005018262835618123,40.0,0.009941634241245136,0.006591620933342565,0.0062407136946581905
math,6,6,model.layers.6.mlp,28,0.0009727626459143969,59.0,0.00025060037694552527,59.0,0.00047012341973382677,58.0,0.0009727626459143969,0.000699239827173785,0.0005846456751703899
math,6,6,model.layers.6.mlp,29,0.011634241245136187,34.0,0.0033609139409046694,37.0,0.005687219579975892,36.0,0.011634241245136187,0.009377818628321535,0.007072628572853936
math,6,6,model.layers.6.mlp,30,0.014494163424124514,27.0,0.004556861016536965,28.0,0.00967459940202969,26.0,0.014494163424124514,0.012714820099216777,0.012031335734359116
math,6,6,model.layers.6.mlp,31,0.015214007782101167,26.0,0.00352252173516537,33.0,0.0062471016905187166,34.0,0.015214007782101167,0.00982874614689168,0.007768898192264645
math,6,6,model.layers.6.mlp,32,0.013618677042801557,28.0,0.006239531401994163,18.0,0.008915785580061753,28.0,0.013618677042801557,0.017409905413367364,0.011087674558057271
math,6,6,model.layers.6.mlp,33,0.00443579766536965,48.0,0.0010467078064202336,49.0,0.0020564072112397,49.0,0.00443579766536965,0.0029205853342424686,0.0025573488406963234
math,6,6,model.layers.6.mlp,34,0.0016536964980544747,56.0,0.0004612642874513619,56.0,0.0008661462911603979,55.0,0.0016536964980544747,0.001287046590153537,0.0010771398784568227
math,6,6,model.layers.6.mlp,35,0.021848249027237355,12.0,0.007277328550583657,11.0,0.01893158732250275,11.0,0.021848249027237355,0.0203056277090242,0.02354332966113115
math,6,6,model.layers.6.mlp,36,0.03315175097276265,6.0,0.013510875182392997,5.0,0.03016946505015926,5.0,0.03315175097276265,0.037698834066625095,0.03751875895433232
math,6,6,model.layers.6.mlp,37,0.003346303501945525,49.0,0.001051039640077821,48.0,0.0022151785468544944,48.0,0.003346303501945525,0.0029326722698448664,0.002754796937965699
math,6,6,model.layers.6.mlp,38,0.013287937743190661,30.0,0.0034933198565175096,34.0,0.0061804661491037804,35.0,0.013287937743190661,0.009747265357326396,0.007686030205975136
math,6,6,model.layers.6.mlp,39,0.0046303501945525296,47.0,0.0011922992157101168,47.0,0.00243446288985501,47.0,0.0046303501945525296,0.0033268229988090126,0.0030274990357263636
math,6,6,model.layers.6.mlp,40,0.018521400778210118,17.0,0.005969114785992218,22.0,0.009473383046309772,27.0,0.018521400778210118,0.016655373157100157,0.01178110299289773
math,6,6,model.layers.6.mlp,41,0.00033073929961089494,63.0,8.587670233463036e-05,63.0,0.00021191768029320564,63.0,0.00033073929961089494,0.00023961819702998546,0.000263540913034521
math,6,6,model.layers.6.mlp,42,0.0013618677042801556,57.0,0.000266122780885214,58.0,0.000459145873147226,59.0,0.0013618677042801556,0.0007425513464157094,0.000570993993789634
math,6,6,model.layers.6.mlp,43,0.012198443579766537,33.0,0.0034484055812256807,35.0,0.007124070402249288,30.0,0.012198443579766537,0.009621942919764695,0.008859496837325372
math,6,6,model.layers.6.mlp,44,0.00556420233463035,45.0,0.0018476980483949415,46.0,0.003429665287760909,46.0,0.00556420233463035,0.005155555150301574,0.004265133140796709
math,6,6,model.layers.6.mlp,45,0.0008949416342412451,60.0,0.00021794063107976653,60.0,0.00042372986906233465,60.0,0.0008949416342412451,0.0006081106942767618,0.0005269506367669787
math,6,6,model.layers.6.mlp,46,0.00122568093385214,58.0,0.00028422908560311286,57.0,0.0005470642644607604,57.0,0.00122568093385214,0.0007930726167187129,0.0006803293408321148
math,6,6,model.layers.6.mlp,47,0.018287937743190662,18.0,0.006737369285019455,13.0,0.01595529372126212,13.0,0.018287937743190662,0.018799001788760445,0.01984200973329639
math,6,6,model.layers.6.mlp,48,0.01706225680933852,21.0,0.00567679201118677,23.0,0.014049787822284587,17.0,0.01706225680933852,0.015839717055440124,0.017472321825640933
math,6,6,model.layers.6.mlp,49,0.010505836575875487,35.0,0.0036788287329766536,30.0,0.003952039978847429,44.0,0.010505836575875487,0.010264883073211523,0.004914758518181898
math,6,6,model.layers.6.mlp,50,0.005622568093385214,44.0,0.0020024851045719843,45.0,0.004282669025520406,43.0,0.005622568093385214,0.005587451046585488,0.005325928934521734
math,6,6,model.layers.6.mlp,51,0.0028015564202334632,52.0,0.0006765070221303502,52.0,0.0015005570592119535,52.0,0.0028015564202334632,0.0018876294561165248,0.0018660933665278184
math,6,6,model.layers.6.mlp,52,0.0026653696498054476,53.0,0.000628704857733463,53.0,0.0011115622769765816,54.0,0.0026653696498054476,0.0017542490614865596,0.001382339297805779
math,6,6,model.layers.6.mlp,53,0.006906614785992218,42.0,0.0029191049063715955,39.0,0.005631256570264059,38.0,0.006906614785992218,0.008145057222627889,0.007003032951312541
math,6,6,model.layers.6.mlp,54,0.0030155642023346305,51.0,0.0009642129742217899,50.0,0.0015574020863391082,51.0,0.0030155642023346305,0.0026904034290424254,0.0019367858652841045
math,6,6,model.layers.6.mlp,55,0.019221789883268482,16.0,0.006157454553745136,21.0,0.01424212572175705,16.0,0.019221789883268482,0.017180889791427203,0.01771151331531741
math,6,6,model.layers.6.mlp,56,0.00896887159533074,41.0,0.002301951605058366,42.0,0.004867846581374625,42.0,0.00896887159533074,0.006423039989414389,0.0060536559799657785
math,6,6,model.layers.6.mlp,57,0.09363813229571985,1.0,0.03707012250729572,2.0,0.07082564795527477,3.0,0.09363813229571985,0.10343522372652736,0.0880788044799729
math,6,6,model.layers.6.mlp,58,0.009299610894941635,40.0,0.003526530581225681,32.0,0.006597290911099327,32.0,0.009299610894941635,0.009839931863611442,0.008204393648797444
math,6,6,model.layers.6.mlp,59,0.017529182879377433,20.0,0.0062913994102626455,17.0,0.013363056609602754,19.0,0.017529182879377433,0.017554630563343443,0.016618302611439123
math,6,6,model.layers.6.mlp,60,0.00011673151750972762,64.0,2.9524866245136186e-05,64.0,6.969748535972625e-05,64.0,0.00011673151750972762,8.238200844791978e-05,8.667582101926831e-05
math,6,6,model.layers.6.mlp,61,0.08844357976653697,2.0,0.04371576331468872,1.0,0.10754766271272058,1.0,0.08844357976653697,0.12197827935261948,0.1337463169039219
math,6,6,model.layers.6.mlp,62,0.023560311284046693,9.0,0.010285388041099222,9.0,0.02196130285003306,9.0,0.023560311284046693,0.02869889121450483,0.02731108511813444
math,6,6,model.layers.6.mlp,63,0.016614785992217898,22.0,0.006178182757782101,19.0,0.014415144869325689,15.0,0.016614785992217898,0.017238726838542183,0.01792667999730263
math,7,7,model.layers.7.mlp,0,0.007276264591439689,45.0,0.0021505084204766537,46.0,0.0035028499051754577,49.0,0.007276264591439689,0.005955449539654784,0.004031712574817913
math,7,7,model.layers.7.mlp,1,0.015953307392996108,29.0,0.004917543166342413,33.0,0.011246266494929096,33.0,0.015953307392996108,0.01361825878353699,0.012944235486757986
math,7,7,model.layers.7.mlp,2,0.0025486381322957197,57.5,0.0007548030155642023,57.0,0.00038323633880118916,61.0,0.0025486381322957197,0.0020902923368119274,0.00044109762282107786
math,7,7,model.layers.7.mlp,3,0.012626459143968871,36.0,0.003778023923881323,37.0,0.00897941775533012,36.0,0.012626459143968871,0.010462563468268944,0.010335136377159243
math,7,7,model.layers.7.mlp,4,0.07961089494163424,1.0,0.02685814764713035,1.0,0.07343148700921916,1.0,0.07961089494163424,0.07437884991198021,0.08451822304039537
math,7,7,model.layers.7.mlp,5,0.020603112840466925,19.0,0.006796856000729572,24.0,0.02087791188681636,13.0,0.020603112840466925,0.018822680513695865,0.024030073274236292
math,7,7,model.layers.7.mlp,6,0.006089494163424125,47.0,0.001523228508025292,51.0,0.0036415417648938842,48.0,0.006089494163424125,0.0042183096938990805,0.004191344226184275
math,7,7,model.layers.7.mlp,7,0.005583657587548638,50.0,0.0016371671327821012,49.0,0.0024429911250386255,54.0,0.005583657587548638,0.0045338423948621575,0.0028118355926225248
math,7,7,model.layers.7.mlp,8,0.0025486381322957197,57.5,0.0006143604085603113,58.0,0.0015450490924170974,56.0,0.0025486381322957197,0.0017013615838489349,0.0017783216590026843
math,7,7,model.layers.7.mlp,9,0.020252918287937745,20.0,0.007711138892266537,19.0,0.016122642972358006,23.0,0.020252918287937745,0.021354623924692232,0.018556850613243588
math,7,7,model.layers.7.mlp,10,0.016439688715953308,27.0,0.005328345391536965,31.0,0.011029456235787284,34.0,0.016439688715953308,0.01475590228199016,0.012694691066701604
math,7,7,model.layers.7.mlp,11,0.0003501945525291829,62.0,8.150687013618677e-05,62.0,0.00019213275396870268,62.0,0.0003501945525291829,0.0002257187405588796,0.00022114108830798275
math,7,7,model.layers.7.mlp,12,0.008891050583657587,40.0,0.003642217138861868,38.0,0.008312479937122953,39.0,0.008891050583657587,0.010086470797519556,0.009567503831923833
math,7,7,model.layers.7.mlp,13,0.017568093385214006,25.0,0.007818750759970816,18.0,0.015413276601858176,26.0,0.017568093385214006,0.021652635800339198,0.01774038362392968
math,7,7,model.layers.7.mlp,14,0.01217898832684825,37.5,0.004630084204766537,35.0,0.013961894561460509,29.0,0.01217898832684825,0.012822192456111384,0.016069870932395144
math,7,7,model.layers.7.mlp,15,0.028657587548638133,7.0,0.008342199659533074,15.0,0.01998316024759864,14.0,0.028657587548638133,0.02310223417356477,0.023000231421794054
math,7,7,model.layers.7.mlp,16,0.01634241245136187,28.0,0.006218556207441634,28.0,0.018034101867258318,18.0,0.01634241245136187,0.017221182372639646,0.020756902876810705
math,7,7,model.layers.7.mlp,17,0.031108949416342412,6.0,0.007227740454766537,22.0,0.01324136880353267,30.0,0.031108949416342412,0.020015938163377645,0.015240559703722224
math,7,7,model.layers.7.mlp,18,0.023365758754863814,14.0,0.007509765625,20.0,0.01806993493136265,17.0,0.023365758754863814,0.02079695657476599,0.02079814604139228
math,7,7,model.layers.7.mlp,19,0.018424124513618675,24.0,0.007457954614542801,21.0,0.018962569385187172,16.0,0.018424124513618675,0.02065347522150164,0.021825551054345516
math,7,7,model.layers.7.mlp,20,0.014883268482490272,32.0,0.004741723917801557,34.0,0.011246454397412125,32.0,0.014883268482490272,0.013131358731058699,0.012944451758886163
math,7,7,model.layers.7.mlp,21,0.013521400778210117,33.0,0.005824207350437744,30.0,0.009124795337595365,35.0,0.013521400778210117,0.01612910354302657,0.010502463166026052
math,7,7,model.layers.7.mlp,22,0.003073929961089494,55.0,0.0008724084995136187,54.0,0.0019047661206833583,55.0,0.003073929961089494,0.002415979750345602,0.0021923490097305685
math,7,7,model.layers.7.mlp,23,0.02303501945525292,15.0,0.010144071467655643,9.0,0.02756309019452403,9.0,0.02303501945525292,0.028092196792647187,0.03172458436597971
math,7,7,model.layers.7.mlp,24,0.019630350194552528,23.0,0.008512908104328793,14.0,0.018969075869957296,15.0,0.019630350194552528,0.02357498076655347,0.0218330398926274
math,7,7,model.layers.7.mlp,25,0.03731517509727626,3.0,0.013574047756566147,3.0,0.028560728406975704,7.0,0.03731517509727626,0.03759090440816599,0.032872846676710615
math,7,7,model.layers.7.mlp,26,0.02153696498054475,17.0,0.008312199811527237,16.0,0.02209271209713086,12.0,0.02153696498054475,0.02301915494481361,0.02542828484949678
math,7,7,model.layers.7.mlp,27,0.0014785992217898833,59.0,0.00034286083414396886,60.0,0.0004558694829388815,60.0,0.0014785992217898833,0.0009494919328963965,0.0005246969686382741
math,7,7,model.layers.7.mlp,28,0.00023346303501945524,63.0,5.6465831712062254e-05,63.0,0.0001338661244639163,63.0,0.00023346303501945524,0.0001563720505689954,0.0001540773233091976
math,7,7,model.layers.7.mlp,29,0.0340272373540856,4.0,0.013060345482733464,4.0,0.03583232096660926,4.0,0.0340272373540856,0.03616829757664362,0.04124230924440761
math,7,7,model.layers.7.mlp,30,0.0032490272373540854,54.0,0.0008212434642509728,55.0,0.00257159121247581,52.0,0.0032490272373540854,0.00227428731017659,0.0029598518090402275
math,7,7,model.layers.7.mlp,31,0.00754863813229572,44.0,0.002759834022373541,42.0,0.00638864157090855,43.0,0.00754863813229572,0.007642868124378287,0.007353203036013697
math,7,7,model.layers.7.mlp,32,0.02803501945525292,8.0,0.0115083140807393,6.0,0.03103583014892697,6.0,0.02803501945525292,0.03187022340472886,0.03572164096910516
math,7,7,model.layers.7.mlp,33,0.005077821011673152,51.0,0.0013472382660505836,52.0,0.0024450185813792483,53.0,0.005077821011673152,0.003730936105601434,0.0028141691557053467
math,7,7,model.layers.7.mlp,34,0.015797665369649806,30.0,0.006724715770914397,25.0,0.0150289401699017,27.0,0.015797665369649806,0.018622901013019395,0.017298019815137834
math,7,7,model.layers.7.mlp,35,0.021206225680933853,18.0,0.006666654000486381,27.0,0.015926287944214818,24.0,0.021206225680933853,0.018462109294803093,0.018330849768924233
math,7,7,model.layers.7.mlp,36,0.011809338521400778,39.0,0.003625573777966926,39.0,0.008392504096495038,38.0,0.011809338521400778,0.010040379977769071,0.009659610093500436
math,7,7,model.layers.7.mlp,37,0.02622568093385214,11.0,0.01146015093020428,7.0,0.022597072052584547,11.0,0.02622568093385214,0.031736844148944066,0.026008793415288545
math,7,7,model.layers.7.mlp,38,0.04324902723735408,2.0,0.015358041251215954,2.0,0.03975037723199867,2.0,0.04324902723735408,0.042531356226580365,0.04575191631911421
math,7,7,model.layers.7.mlp,39,0.02,22.0,0.008159977656857977,17.0,0.017008105233485598,20.0,0.02,0.02259760283540621,0.01957600057095095
math,7,7,model.layers.7.mlp,40,0.006556420233463035,46.0,0.001978603021643969,47.0,0.005076314664304488,45.0,0.006556420233463035,0.005479388195930602,0.005842740117288533
math,7,7,model.layers.7.mlp,41,0.017315175097276266,26.0,0.006194541129620623,29.0,0.015655042911781877,25.0,0.017315175097276266,0.01715467689756589,0.018018651976349387
math,7,7,model.layers.7.mlp,42,0.005836575875486381,49.0,0.002756661144212062,43.0,0.006740698882519967,42.0,0.005836575875486381,0.007634081404174713,0.007758414200837855
math,7,7,model.layers.7.mlp,43,0.0013035019455252918,60.0,0.000430922452577821,59.0,0.0009487451986927931,58.0,0.0013035019455252918,0.0011933628798638574,0.0010919873963815346
math,7,7,model.layers.7.mlp,44,0.012898832684824902,34.5,0.003313016780155642,41.0,0.008670162671618888,37.0,0.012898832684824902,0.009174809115080463,0.009979189749819388
math,7,7,model.layers.7.mlp,45,0.012898832684824902,34.5,0.004994395215223735,32.0,0.00751879899882157,40.0,0.012898832684824902,0.013831086826791225,0.008653992403810649
math,7,7,model.layers.7.mlp,46,0.027334630350194553,9.0,0.009715428927529184,11.0,0.0278756338288348,8.0,0.027334630350194553,0.026905147723708056,0.032084316051533314
math,7,7,model.layers.7.mlp,47,0.002821011673151751,56.0,0.0007695084508754864,56.0,0.001403455812527512,57.0,0.002821011673151751,0.0021310164172763965,0.001615350529067284
math,7,7,model.layers.7.mlp,48,0.023404669260700388,12.5,0.00983121048151751,10.0,0.023704356284456957,10.0,0.023404669260700388,0.02722578408850195,0.027283256176293996
math,7,7,model.layers.7.mlp,49,0.004727626459143969,52.0,0.0016119741001945525,50.0,0.0030035018193234728,50.0,0.004727626459143969,0.004464074784143958,0.003456972574121292
math,7,7,model.layers.7.mlp,50,0.0010700389105058367,61.0,0.0002684786904182879,61.0,0.0007149145094105242,59.0,0.0010700389105058367,0.0007435038514772792,0.0008228527900243598
math,7,7,model.layers.7.mlp,51,3.891050583657588e-05,64.0,7.0487293287937745e-06,64.0,1.5696501105675902e-05,64.0,3.891050583657588e-05,1.952019877560474e-05,1.8066369556655876e-05
math,7,7,model.layers.7.mlp,52,0.015466926070038911,31.0,0.007104644181663424,23.0,0.016705454161774786,22.0,0.015466926070038911,0.019675044988533594,0.019227655033851074
math,7,7,model.layers.7.mlp,53,0.008054474708171206,42.0,0.002308050370865759,45.0,0.005373833865391141,44.0,0.008054474708171206,0.006391733874553206,0.0061851789704345265
math,7,7,model.layers.7.mlp,54,0.03151750972762646,5.0,0.011259081651264592,8.0,0.037360596359935716,3.0,0.03151750972762646,0.031180018640474455,0.043001324699781636
math,7,7,model.layers.7.mlp,55,0.02019455252918288,21.0,0.006670415856031129,26.0,0.01468187155368727,28.0,0.02019455252918288,0.018472527082828885,0.01689855054234686
math,7,7,model.layers.7.mlp,56,0.02167315175097276,16.0,0.008529437469601168,13.0,0.017027798914259974,19.0,0.02167315175097276,0.023620755895757718,0.019598667617091062
math,7,7,model.layers.7.mlp,57,0.005992217898832685,48.0,0.0016692948990758756,48.0,0.004515796918929319,47.0,0.005992217898832685,0.004622814513809725,0.0051975950201210135
math,7,7,model.layers.7.mlp,58,0.008715953307392997,41.0,0.0034257964494163423,40.0,0.006997072646966936,41.0,0.008715953307392997,0.00948713229549014,0.008053495451235444
math,7,7,model.layers.7.mlp,59,0.007743190661478599,43.0,0.0023552255593385215,44.0,0.004615064512662851,46.0,0.007743190661478599,0.006522377145603951,0.005311850102914048
math,7,7,model.layers.7.mlp,60,0.004377431906614786,53.0,0.0010842313655155642,53.0,0.0029450677758524856,51.0,0.004377431906614786,0.003002585400343492,0.003389716118881416
math,7,7,model.layers.7.mlp,61,0.027120622568093385,10.0,0.012924918683122568,5.0,0.03156356340716321,5.0,0.027120622568093385,0.035793257207715014,0.03632905175488764
math,7,7,model.layers.7.mlp,62,0.01217898832684825,37.5,0.003807548790126459,36.0,0.012385768340719349,31.0,0.01217898832684825,0.010544327319744118,0.014255780099021545
math,7,7,model.layers.7.mlp,63,0.023404669260700388,12.5,0.009216945069309338,12.0,0.016923284840549013,21.0,0.023404669260700388,0.025524685580108213,0.01947837393719249
math,8,8,model.layers.8.mlp,0,0.015155642023346303,27.0,0.004494163424124514,30.0,0.012929565676919217,32.0,0.015155642023346303,0.011201018274388581,0.011169475771802682
math,8,8,model.layers.8.mlp,1,0.02103112840466926,17.0,0.007279285475437743,23.0,0.017768274392599263,26.0,0.02103112840466926,0.01814251106161166,0.015349495512378877
math,8,8,model.layers.8.mlp,2,0.00754863813229572,41.0,0.003426841409289883,39.0,0.009108845127115918,40.0,0.00754863813229572,0.008540880610358518,0.007868866402685418
math,8,8,model.layers.8.mlp,3,0.001245136186770428,61.0,0.00028903590102140076,61.0,0.0005993770265857534,61.0,0.001245136186770428,0.0007203779889080825,0.0005177843822376472
math,8,8,model.layers.8.mlp,4,0.0020622568093385213,59.0,0.0005159441877431906,59.0,0.0012055167654377013,59.0,0.0020622568093385213,0.0012859123556686971,0.001041410874929459
math,8,8,model.layers.8.mlp,5,0.001264591439688716,60.0,0.00033649607855058367,60.0,0.0009227224378502323,60.0,0.001264591439688716,0.0008386652574476468,0.0007971130795263192
math,8,8,model.layers.8.mlp,6,0.019046692607003892,21.0,0.008582787420963035,18.0,0.02502727239280359,16.0,0.019046692607003892,0.02139129125375034,0.02162033277921625
math,8,8,model.layers.8.mlp,7,0.004980544747081712,50.0,0.0012244839798151751,55.0,0.0013675173425662843,58.0,0.004980544747081712,0.003051839939994545,0.001181358462224356
math,8,8,model.layers.8.mlp,8,0.0005642023346303502,62.0,0.00011849844965953307,62.0,0.0002609887075563349,62.0,0.0005642023346303502,0.00029533934903173015,0.00022546055440735992
math,8,8,model.layers.8.mlp,9,0.011245136186770428,33.0,0.0035776196194066147,38.0,0.012706299360392158,33.0,0.011245136186770428,0.008916672349001424,0.010976602493966267
math,8,8,model.layers.8.mlp,10,0.02328793774319066,13.0,0.00959117369892996,11.0,0.022068477511869793,21.0,0.02328793774319066,0.023904540564293725,0.01906431592898912
math,8,8,model.layers.8.mlp,11,0.09126459143968872,1.0,0.04598877903088521,1.0,0.1456115080688714,1.0,0.09126459143968872,0.11462003174531019,0.12578954715967228
math,8,8,model.layers.8.mlp,12,0.018715953307392997,22.0,0.006754107642266537,24.0,0.02026698469187963,24.0,0.018715953307392997,0.016833585250174258,0.017508058672654803
math,8,8,model.layers.8.mlp,13,0.010505836575875487,34.0,0.003943906553988327,34.0,0.013633464767311334,31.0,0.010505836575875487,0.00982958678061642,0.011777553725261214
math,8,8,model.layers.8.mlp,14,0.04019455252918288,3.0,0.013438620956955253,5.0,0.02995131538535834,9.0,0.04019455252918288,0.033493717231869564,0.025874070319900595
math,8,8,model.layers.8.mlp,15,0.012198443579766537,31.0,0.0036654722458657587,36.0,0.010170460682550756,37.0,0.012198443579766537,0.009135631648331666,0.008785965207215692
math,8,8,model.layers.8.mlp,16,0.00490272373540856,52.0,0.0016496496534533073,49.0,0.0026892551930498055,54.0,0.00490272373540856,0.004111500666727278,0.0023231693525935615
math,8,8,model.layers.8.mlp,17,0.02536964980544747,9.0,0.008686542436770427,15.0,0.025402128677887676,14.0,0.02536964980544747,0.021649884838015578,0.02194416022236299
math,8,8,model.layers.8.mlp,18,0.027295719844357975,7.0,0.008509089250972763,19.0,0.01987492841505355,25.0,0.027295719844357975,0.02120760978270752,0.01716937265685079
math,8,8,model.layers.8.mlp,19,0.0003696498054474708,63.0,8.665567242217899e-05,63.0,0.0002177245485875393,63.0,0.0003696498054474708,0.00021597607358244688,0.00018808590567866997
math,8,8,model.layers.8.mlp,20,0.0243579766536965,10.0,0.008632109526994164,17.0,0.03467927817936537,5.0,0.0243579766536965,0.021514219095675365,0.029958419879446592
math,8,8,model.layers.8.mlp,21,0.01142023346303502,32.0,0.004932096607490272,29.0,0.014344775852990058,28.0,0.01142023346303502,0.012292500075764464,0.012392034685892851
math,8,8,model.layers.8.mlp,22,0.00632295719844358,45.0,0.011781523589494164,7.0,0.05345437313332168,4.0,0.00632295719844358,0.02936365427160045,0.046177678394515115
math,8,8,model.layers.8.mlp,23,0.014571984435797665,28.0,0.0062869155824416345,27.0,0.013655341000872363,30.0,0.014571984435797665,0.015669180152741158,0.011796451967231893
math,8,8,model.layers.8.mlp,24,0.008443579766536966,39.0,0.0030463050218871596,41.0,0.008870808637559647,41.0,0.008443579766536966,0.007592451586507864,0.007663233601913935
math,8,8,model.layers.8.mlp,25,0.012762645914396888,29.0,0.004385601592898833,32.0,0.01548050161581559,27.0,0.012762645914396888,0.010930444434342516,0.013373155143321434
math,8,8,model.layers.8.mlp,26,0.006147859922178988,46.0,0.0027840010943579767,43.0,0.008838974410225908,42.0,0.006147859922178988,0.0069386989726338754,0.0076357329387205086
math,8,8,model.layers.8.mlp,27,0.006556420233463035,44.0,0.0018259248844844358,48.0,0.0063398501010256516,44.0,0.006556420233463035,0.004550839849077189,0.0054768121273149895
math,8,8,model.layers.8.mlp,28,0.018171206225680935,24.0,0.006674880684581712,25.0,0.022232717935445245,20.0,0.018171206225680935,0.016636124117344,0.01920619845449045
math,8,8,model.layers.8.mlp,29,0.019396887159533072,19.0,0.00865876550340467,16.0,0.02420683463723743,17.0,0.019396887159533072,0.02158065505955087,0.020911580462081036
math,8,8,model.layers.8.mlp,30,0.016731517509727626,26.0,0.006671308821741245,26.0,0.023119891135145253,19.0,0.016731517509727626,0.01662722179289026,0.019972601581018597
math,8,8,model.layers.8.mlp,31,0.01254863813229572,30.0,0.004281390594601167,33.0,0.012595071201194585,34.0,0.01254863813229572,0.010670714383125739,0.010880515721962993
math,8,8,model.layers.8.mlp,32,0.018560311284046692,23.0,0.008905433031371595,13.0,0.03219647502157011,6.0,0.018560311284046692,0.022195436327544928,0.02781359843608956
math,8,8,model.layers.8.mlp,33,0.005272373540856031,49.0,0.0011368973431420233,56.0,0.0017355076110548546,56.0,0.005272373540856031,0.0028335435797193684,0.0014992545533111233
math,8,8,model.layers.8.mlp,34,0.026653696498054474,8.0,0.009733915217655643,8.0,0.02506474755269544,15.0,0.026653696498054474,0.02426030207291572,0.021652706479997525
math,8,8,model.layers.8.mlp,35,0.022645914396887158,14.0,0.009671559612110895,10.0,0.03192049187908841,7.0,0.022645914396887158,0.02410489021729248,0.027575184625417005
math,8,8,model.layers.8.mlp,36,0.004396887159533074,56.0,0.001300101076118677,54.0,0.0041594519758966645,50.0,0.004396887159533074,0.003240304042791769,0.0035932295971618866
math,8,8,model.layers.8.mlp,37,0.03700389105058366,5.0,0.020732554869892995,3.0,0.06880442641588501,3.0,0.03700389105058366,0.051672737294299484,0.05943814301642683
math,8,8,model.layers.8.mlp,38,0.004766536964980545,53.0,0.0015912838946984436,50.0,0.0050455066990759585,47.0,0.004766536964980545,0.003966032896930024,0.004358666504351224
math,8,8,model.layers.8.mlp,39,0.004474708171206225,54.0,0.0013128495865758756,52.0,0.0033395047062565845,52.0,0.004474708171206225,0.0032720777646452707,0.0028849009965539467
math,8,8,model.layers.8.mlp,40,0.009552529182879377,36.0,0.0031824917923151752,40.0,0.00985742391373397,39.0,0.009552529182879377,0.007931876382701458,0.008515541846342551
math,8,8,model.layers.8.mlp,41,0.00990272373540856,35.0,0.0044346387098735405,31.0,0.012365779884246537,35.0,0.00990272373540856,0.011052661984422826,0.010682437621481416
math,8,8,model.layers.8.mlp,42,0.03760700389105058,4.0,0.012478340831712063,6.0,0.029400118400382626,10.0,0.03760700389105058,0.031100365184713763,0.025397907274442136
math,8,8,model.layers.8.mlp,43,0.004455252918287938,55.0,0.0011069734922178988,57.0,0.0036774702549908413,51.0,0.004455252918287938,0.002758962936024487,0.0031768596054212125
math,8,8,model.layers.8.mlp,44,0.0072568093385214005,43.0,0.0036960610712548636,35.0,0.011155173511240733,36.0,0.0072568093385214005,0.009211869639664211,0.00963662998258939
math,8,8,model.layers.8.mlp,45,0.02764591439688716,6.0,0.014526690175097277,4.0,0.031500013023035074,8.0,0.02764591439688716,0.036205564142194745,0.02721194517000151
math,8,8,model.layers.8.mlp,46,0.00011673151750972762,64.0,3.0455830496108948e-05,64.0,7.548574111804887e-05,64.0,0.00011673151750972762,7.590652180501257e-05,6.520993648222174e-05
math,8,8,model.layers.8.mlp,47,0.008696498054474708,38.0,0.0027459455556906615,45.0,0.008029332354606821,43.0,0.008696498054474708,0.006843851334969846,0.00693630671280998
math,8,8,model.layers.8.mlp,48,0.004961089494163424,51.0,0.002508283681906615,46.0,0.0056699262623193195,46.0,0.004961089494163424,0.006251515289268721,0.004898084405722538
math,8,8,model.layers.8.mlp,49,0.003696498054474708,57.0,0.0013083467594844358,53.0,0.003285196432807566,53.0,0.003696498054474708,0.003260855153498803,0.002837985658509755
math,8,8,model.layers.8.mlp,50,0.01916342412451362,20.0,0.007533571710846304,22.0,0.020379061661805625,23.0,0.01916342412451362,0.018776280798254386,0.017604878707561323
math,8,8,model.layers.8.mlp,51,0.02073929961089494,18.0,0.005849780368433852,28.0,0.01393910198128177,29.0,0.02073929961089494,0.014579687168530472,0.012041584825895792
math,8,8,model.layers.8.mlp,52,0.00933852140077821,37.0,0.0035919640685797664,37.0,0.010116871182556745,38.0,0.00933852140077821,0.00895242370518532,0.008739670796655975
math,8,8,model.layers.8.mlp,53,0.01811284046692607,25.0,0.00801096637889105,21.0,0.023171712062702104,18.0,0.01811284046692607,0.019966114343728216,0.02001736817328332
math,8,8,model.layers.8.mlp,54,0.07657587548638133,2.0,0.028096406098005837,2.0,0.0731126597512093,2.0,0.07657587548638133,0.07002601562263236,0.06315990050315189
math,8,8,model.layers.8.mlp,55,0.02237354085603113,15.0,0.009691432848978599,9.0,0.025854526094889363,12.0,0.02237354085603113,0.02415442123526381,0.022334973194329
math,8,8,model.layers.8.mlp,56,0.024124513618677044,11.0,0.008880429991488328,14.0,0.021197459248369306,22.0,0.024124513618677044,0.02213312005636876,0.01831186858202731
math,8,8,model.layers.8.mlp,57,0.02385214007782101,12.0,0.00921329720938716,12.0,0.028469081759916668,11.0,0.02385214007782101,0.022962740930993725,0.024593611797069002
math,8,8,model.layers.8.mlp,58,0.0029377431906614784,58.0,0.0007394326057879378,58.0,0.0017044331278318562,57.0,0.0029377431906614784,0.0018429232202927539,0.0014724102109601534
math,8,8,model.layers.8.mlp,59,0.006070038910505836,47.0,0.00132333718385214,51.0,0.0017413648162834376,55.0,0.006070038910505836,0.003298216504530715,0.0015043144225693706
math,8,8,model.layers.8.mlp,60,0.00811284046692607,40.0,0.002768193701361868,44.0,0.004765671143735893,49.0,0.00811284046692607,0.006899301451647119,0.004116924706245863
math,8,8,model.layers.8.mlp,61,0.00575875486381323,48.0,0.001927304991488327,47.0,0.004896811994249255,48.0,0.00575875486381323,0.004803514334636482,0.004230213473177716
math,8,8,model.layers.8.mlp,62,0.007470817120622568,42.0,0.002921080830496109,42.0,0.0057429357075969535,45.0,0.007470817120622568,0.007280349349940904,0.004961155142243641
math,8,8,model.layers.8.mlp,63,0.022023346303501945,16.0,0.00815811572835603,20.0,0.025605583144533033,13.0,0.022023346303501945,0.020332861699548444,0.02211991861925307
math,9,9,model.layers.9.mlp,0,0.015505836575875486,25.0,0.005157712943822957,35.0,0.01522860057275119,40.0,0.015505836575875486,0.011436208956277687,0.008801402533823577
math,9,9,model.layers.9.mlp,1,0.024494163424124513,10.0,0.013693382174124514,4.0,0.05043818158398342,5.0,0.024494163424124513,0.03036236827584708,0.02915085579098131
math,9,9,model.layers.9.mlp,2,0.015389105058365759,26.0,0.00618126063959144,28.0,0.026450393311244505,23.0,0.015389105058365759,0.013705723652620724,0.015287061841176123
math,9,9,model.layers.9.mlp,3,0.007412451361867705,50.0,0.002100787329766537,53.0,0.007214651630198445,52.0,0.007412451361867705,0.004658080652721071,0.0041697234644332976
math,9,9,model.layers.9.mlp,4,0.0001945525291828794,63.0,5.682681785019455e-05,63.0,0.00011997858258072968,63.0,0.0001945525291828794,0.00012600223593937636,6.934188047587769e-05
math,9,9,model.layers.9.mlp,5,0.10961089494163424,1.0,0.07081710162329767,1.0,0.2759483269123716,1.0,0.10961089494163424,0.15702292482405816,0.1594849304824961
math,9,9,model.layers.9.mlp,6,0.0064007782101167315,54.0,0.0019228591622081712,55.0,0.00432980647303367,56.0,0.0064007782101167315,0.004263560111239206,0.002502420986135276
math,9,9,model.layers.9.mlp,7,0.02978599221789883,3.0,0.016374236229328792,2.0,0.08239827883382715,3.0,0.02978599221789883,0.03630663223363839,0.04762226290237055
math,9,9,model.layers.9.mlp,8,0.01272373540856031,36.0,0.014067876793531128,3.0,0.11975235349009473,2.0,0.01272373540856031,0.031192736070096844,0.06921113088519619
math,9,9,model.layers.9.mlp,9,0.008929961089494164,44.0,0.003475137554717899,45.0,0.00868613884606714,49.0,0.008929961089494164,0.007705430616327447,0.005020172673365171
math,9,9,model.layers.9.mlp,10,0.016809338521400777,23.0,0.005588445403696498,31.0,0.01924048356334987,35.0,0.016809338521400777,0.01239127304553934,0.01112007895784379
math,9,9,model.layers.9.mlp,11,0.007684824902723735,49.0,0.0030842275656614787,48.0,0.010010994842080291,46.0,0.007684824902723735,0.006838664984614752,0.005785876052645209
math,9,9,model.layers.9.mlp,12,0.019552529182879377,20.0,0.007261730149562257,24.0,0.02013750857416294,33.0,0.019552529182879377,0.016101451220536602,0.011638516496825546
math,9,9,model.layers.9.mlp,13,0.02521400778210117,8.0,0.011974632174124514,9.0,0.034914264549077256,15.0,0.02521400778210117,0.026551379886672975,0.02017877447115415
math,9,9,model.layers.9.mlp,14,0.00867704280155642,46.0,0.005592169260700389,30.0,0.01494615784646936,41.0,0.00867704280155642,0.012399529962371208,0.008638164151223602
math,9,9,model.layers.9.mlp,15,0.006809338521400778,52.0,0.0018852786053015565,56.0,0.005346907544808629,55.0,0.006809338521400778,0.004180232654640046,0.0030902567434334632
math,9,9,model.layers.9.mlp,16,0.019027237354085604,21.0,0.008575719692363813,18.0,0.028881527904406595,18.0,0.019027237354085604,0.019014963302638667,0.01669214132081063
math,9,9,model.layers.9.mlp,17,0.013190661478599222,35.0,0.004322676009241245,41.0,0.012125426003209348,42.0,0.013190661478599222,0.009584679610984631,0.007007916100924888
math,9,9,model.layers.9.mlp,18,0.0023151750972762648,62.0,0.0005424861685311284,62.0,0.0012756704971020323,62.0,0.0023151750972762648,0.0012028558484710845,0.0007372765141406175
math,9,9,model.layers.9.mlp,19,5.836575875486381e-05,64.0,1.4116457928015564e-05,64.0,3.240524388936707e-05,64.0,5.836575875486381e-05,3.1300455133051366e-05,1.872868057143613e-05
math,9,9,model.layers.9.mlp,20,0.008190661478599221,47.0,0.0042632082928015565,42.0,0.02006450761732888,34.0,0.008190661478599221,0.0094528217044349,0.011596325436433531
math,9,9,model.layers.9.mlp,21,0.023151750972762647,13.0,0.01012818807757782,12.0,0.040851753156936586,9.0,0.023151750972762647,0.022457255078993838,0.023610358813268183
math,9,9,model.layers.9.mlp,22,0.008696498054474708,45.0,0.0034747575693093386,46.0,0.015604385514435602,39.0,0.008696498054474708,0.007704588073793582,0.009018588251060916
math,9,9,model.layers.9.mlp,23,0.013560311284046693,34.0,0.0048220718324416345,38.0,0.019211540572374248,36.0,0.013560311284046693,0.010691991136115526,0.011103351293808458
math,9,9,model.layers.9.mlp,24,0.006595330739299611,53.0,0.002436390442607004,51.0,0.008158104637717458,51.0,0.006595330739299611,0.005402214218629846,0.004714994164209828
math,9,9,model.layers.9.mlp,25,0.0027042801556420235,61.0,0.000726285110651751,61.0,0.0021519139803337214,59.0,0.0027042801556420235,0.0016103936721011502,0.0012437033244518233
math,9,9,model.layers.9.mlp,26,0.020058365758754863,17.5,0.009962685432879377,13.0,0.03608200980647529,14.0,0.020058365758754863,0.02209028567836933,0.02085367536032146
math,9,9,model.layers.9.mlp,27,0.01614785992217899,24.0,0.007637630714980545,22.0,0.028625490210863403,19.0,0.01614785992217899,0.016934936422161664,0.016544163783811097
math,9,9,model.layers.9.mlp,28,0.030428015564202333,2.0,0.01252078520184825,7.0,0.03872199479707948,12.0,0.030428015564202333,0.027762366270595848,0.022379460377438248
math,9,9,model.layers.9.mlp,29,0.014085603112840466,33.0,0.005696114269212062,29.0,0.020319430997399506,32.0,0.014085603112840466,0.012630007472509733,0.011743658953559137
math,9,9,model.layers.9.mlp,30,0.014105058365758755,32.0,0.007274744649805448,23.0,0.024090844765015614,28.0,0.014105058365758755,0.01613030830232145,0.01392335567170589
math,9,9,model.layers.9.mlp,31,0.005311284046692607,56.0,0.0026155535627431906,50.0,0.00831780558024399,50.0,0.005311284046692607,0.005799473023346769,0.004807293668257631
math,9,9,model.layers.9.mlp,32,0.0211284046692607,15.0,0.008571311861624513,19.0,0.028302879972448607,20.0,0.0211284046692607,0.019005189809245843,0.01635771050097288
math,9,9,model.layers.9.mlp,33,0.012431906614785992,37.0,0.006311918622324903,26.0,0.027004198473715133,22.0,0.012431906614785992,0.013995431902889896,0.015607134728827741
math,9,9,model.layers.9.mlp,34,0.009552529182879377,41.0,0.004899322866001946,36.0,0.011789708926056146,43.0,0.009552529182879377,0.010863280033250098,0.006813887692379517
math,9,9,model.layers.9.mlp,35,0.014357976653696498,31.0,0.005567736198929961,33.0,0.026392976067061553,24.0,0.014357976653696498,0.012345354477443745,0.015253877421109237
math,9,9,model.layers.9.mlp,36,0.015330739299610895,27.0,0.005585975498540856,32.0,0.01728139018502217,38.0,0.015330739299610895,0.012385796519069223,0.009987816716041795
math,9,9,model.layers.9.mlp,37,0.02536964980544747,7.0,0.01033307620987354,10.0,0.0405504723235327,10.0,0.02536964980544747,0.02291155401325336,0.02343623290604213
math,9,9,model.layers.9.mlp,38,0.020058365758754863,17.5,0.008922551374027237,16.0,0.03207285527821181,16.0,0.020058365758754863,0.019783994000423126,0.018536575856990426
math,9,9,model.layers.9.mlp,39,0.0029377431906614784,60.0,0.0007430994649805447,60.0,0.0016246116671580749,60.0,0.0029377431906614784,0.0016476761792246367,0.0009389478156902766
math,9,9,model.layers.9.mlp,40,0.009299610894941635,42.5,0.004175583657587549,43.0,0.010962248100149029,45.0,0.009299610894941635,0.009258531396125837,0.006335654924044262
math,9,9,model.layers.9.mlp,41,0.028657587548638133,4.0,0.01347331362475681,5.0,0.04648415800198507,6.0,0.028657587548638133,0.029874409767359684,0.02686561933690631
math,9,9,model.layers.9.mlp,42,0.021926070038910506,14.0,0.009665270853599221,14.0,0.03864495012082942,13.0,0.021926070038910506,0.021430827637113896,0.022334932240691514
math,9,9,model.layers.9.mlp,43,0.019727626459143967,19.0,0.008721406098005837,17.0,0.0387955817081585,11.0,0.019727626459143967,0.019337994110122162,0.022421990091349455
math,9,9,model.layers.9.mlp,44,0.027976653696498054,6.0,0.012370424975680933,8.0,0.05702688828516563,4.0,0.027976653696498054,0.027428972189945822,0.032958813034154905
math,9,9,model.layers.9.mlp,45,0.00980544747081712,40.0,0.002932518391293774,49.0,0.011075607437336028,44.0,0.00980544747081712,0.006502279877969509,0.006401171197373766
math,9,9,model.layers.9.mlp,46,0.004260700389105058,58.0,0.0009420028270914397,59.0,0.0024869053402067623,58.0,0.004260700389105058,0.0020887050685758006,0.0014373123031304813
math,9,9,model.layers.9.mlp,47,0.007723735408560311,48.0,0.003982703064202335,44.0,0.02272641371196346,30.0,0.007723735408560311,0.00883085680593642,0.013134779802886498
math,9,9,model.layers.9.mlp,48,0.011575875486381323,39.0,0.004580325115515564,39.0,0.017363456200069027,37.0,0.011575875486381323,0.010155965576071185,0.010035246946372128
math,9,9,model.layers.9.mlp,49,0.01715953307392996,22.0,0.006488117856274319,25.0,0.025950092230325544,26.0,0.01715953307392996,0.01438611887584268,0.014997911752811876
math,9,9,model.layers.9.mlp,50,0.028424124513618677,5.0,0.012870580769698443,6.0,0.04283259291593203,8.0,0.028424124513618677,0.028537968800144444,0.024755189422662208
math,9,9,model.layers.9.mlp,51,0.007159533073929961,51.0,0.0019870386977140077,54.0,0.007191253259836004,53.0,0.007159533073929961,0.004405865545208852,0.004156200325835532
math,9,9,model.layers.9.mlp,52,0.01527237354085603,28.0,0.00532752842290856,34.0,0.02077232662341938,31.0,0.01527237354085603,0.011812741214661554,0.012005410957058486
math,9,9,model.layers.9.mlp,53,0.020622568093385214,16.0,0.0077410817424610895,21.0,0.02755355021137208,21.0,0.020622568093385214,0.017164318627006167,0.015924633750006724
math,9,9,model.layers.9.mlp,54,0.02470817120622568,9.0,0.009035806025048639,15.0,0.022791598028709916,29.0,0.02470817120622568,0.02003511380264132,0.013172453219287238
math,9,9,model.layers.9.mlp,55,0.023346303501945526,12.0,0.010214178775535019,11.0,0.043149104340994865,7.0,0.023346303501945526,0.022647922454407284,0.024938117883174647
math,9,9,model.layers.9.mlp,56,0.0038910505836575876,59.0,0.0010318883754863813,58.0,0.003543106609745248,57.0,0.0038910505836575876,0.0022880085049613538,0.002047746104025969
math,9,9,model.layers.9.mlp,57,0.004280155642023347,57.0,0.0010837183852140078,57.0,0.0015471983709687853,61.0,0.004280155642023347,0.0024029313065804174,0.0008942066342549192
math,9,9,model.layers.9.mlp,58,0.02379377431906615,11.0,0.008145652206955253,20.0,0.029183440681561423,17.0,0.02379377431906615,0.018061373662811277,0.016866632461290002
math,9,9,model.layers.9.mlp,59,0.014961089494163424,29.0,0.006283001732733463,27.0,0.026152360296666854,25.0,0.014961089494163424,0.013931314416062837,0.01511481301784298
math,9,9,model.layers.9.mlp,60,0.005933852140077821,55.0,0.002326916646400778,52.0,0.00559109573582267,54.0,0.005933852140077821,0.005159477714623598,0.003231385834898793
math,9,9,model.layers.9.mlp,61,0.01443579766536965,30.0,0.004383587670233463,40.0,0.009943912388169811,47.0,0.01443579766536965,0.009719739179163047,0.005747105603778145
math,9,9,model.layers.9.mlp,62,0.011770428015564202,38.0,0.004884009454036965,37.0,0.02482482580475306,27.0,0.011770428015564202,0.010829325569135375,0.01434756159608234
math,9,9,model.layers.9.mlp,63,0.009299610894941635,42.5,0.003169762281128405,47.0,0.008957429849452081,48.0,0.009299610894941635,0.007028321308987561,0.0051769658936738185
math,10,10,model.layers.10.mlp,0,0.01941634241245136,22.0,0.010704701939445525,16.0,0.050300556926875725,15.0,0.01941634241245136,0.022675338340463307,0.022947250676127445
math,10,10,model.layers.10.mlp,1,0.021459143968871594,15.0,0.008723249027237354,23.0,0.03755986622799232,24.0,0.021459143968871594,0.01847810655912294,0.01713491297817102
math,10,10,model.layers.10.mlp,2,0.027198443579766536,6.0,0.011329777936527237,11.0,0.058165637602601995,10.0,0.027198443579766536,0.023999411612424436,0.02653532184035395
math,10,10,model.layers.10.mlp,3,0.008988326848249028,46.0,0.004846675887645914,44.0,0.024370907191404573,39.0,0.008988326848249028,0.010266518040448024,0.011118074047148202
math,10,10,model.layers.10.mlp,4,0.013073929961089494,36.0,0.01763500881566148,3.0,0.07759099871268069,3.0,0.013073929961089494,0.03735552786002091,0.035397224334103534
math,10,10,model.layers.10.mlp,5,0.015778210116731518,29.0,0.010163393725680933,19.0,0.04511873438200598,20.0,0.015778210116731518,0.021528706985100253,0.020583289158381275
math,10,10,model.layers.10.mlp,6,0.02056420233463035,18.0,0.010330720300340468,18.0,0.046104209061262676,18.0,0.02056420233463035,0.021883148119026138,0.021032865383407064
math,10,10,model.layers.10.mlp,7,0.011750972762645914,40.0,0.0050874536417801555,40.0,0.02633922724640323,36.0,0.011750972762645914,0.010776547845176393,0.01201602700179571
math,10,10,model.layers.10.mlp,8,0.008813229571984436,47.0,0.00499338825389105,43.0,0.029206850535674782,34.0,0.008813229571984436,0.010577292928170936,0.01332424453424327
math,10,10,model.layers.10.mlp,9,0.008793774319066147,48.0,0.0035478667619163423,53.0,0.016009190321432477,51.0,0.008793774319066147,0.007515303057331467,0.007303436102343813
math,10,10,model.layers.10.mlp,10,0.016089494163424124,28.0,0.005406774379863814,37.0,0.023991597113906176,40.0,0.016089494163424124,0.011452952084746323,0.010945031759664377
math,10,10,model.layers.10.mlp,11,0.006070038910505836,56.0,0.003360343962791829,54.0,0.01243790963396488,55.0,0.006070038910505836,0.007118081075743129,0.005674208153848773
math,10,10,model.layers.10.mlp,12,0.01340466926070039,34.0,0.007452292831955253,29.0,0.033184481214456524,29.0,0.01340466926070039,0.015785891315115656,0.01513885045233979
math,10,10,model.layers.10.mlp,13,0.021653696498054476,14.0,0.013266981547908561,6.0,0.051570643631864616,13.0,0.021653696498054476,0.02810291188463418,0.023526667680240664
math,10,10,model.layers.10.mlp,14,0.01717898832684825,26.0,0.007985545355058367,24.0,0.038862439602729414,22.0,0.01717898832684825,0.016915458625879575,0.01772915048925056
math,10,10,model.layers.10.mlp,15,0.013501945525291829,33.0,0.005061861624513619,41.0,0.021158645679514695,45.0,0.013501945525291829,0.010722337307263578,0.009652631621574813
math,10,10,model.layers.10.mlp,16,0.05023346303501946,2.0,0.020038074537937742,2.0,0.08839666977002927,2.0,0.05023346303501946,0.04244584505102964,0.0403268008164718
math,10,10,model.layers.10.mlp,17,0.02801556420233463,5.0,0.012130502188715954,10.0,0.07177030780436,5.0,0.02801556420233463,0.02569555349834546,0.03274180933391445
math,10,10,model.layers.10.mlp,18,0.005680933852140078,57.0,0.004045305660262646,48.0,0.017760238022423904,50.0,0.005680933852140078,0.00856900781132801,0.008102268819025678
math,10,10,model.layers.10.mlp,19,0.0001556420233463035,64.0,4.12664153696498e-05,64.0,0.00011458988783424466,64.0,0.0001556420233463035,8.741298318235779e-05,5.227621803282217e-05
math,10,10,model.layers.10.mlp,20,0.005019455252918288,59.0,0.0030379643421692606,57.0,0.008614366972956675,58.0,0.005019455252918288,0.006435197328672112,0.003929897607932272
math,10,10,model.layers.10.mlp,21,0.009747081712062258,44.0,0.004636011977140078,46.0,0.025152712872520033,38.0,0.009747081712062258,0.009820277176025379,0.011474735922098368
math,10,10,model.layers.10.mlp,22,0.06276264591439688,1.0,0.022135726988083658,1.0,0.07550404633993305,4.0,0.06276264591439688,0.04688921762663488,0.034445150993917685
math,10,10,model.layers.10.mlp,23,0.018463035019455253,24.0,0.01246323641172179,8.0,0.0602512551791937,9.0,0.018463035019455253,0.02640037098198848,0.027486786242908425
math,10,10,model.layers.10.mlp,24,0.013852140077821012,30.0,0.005443366974708171,36.0,0.025195433889381617,37.0,0.013852140077821012,0.011530464702430127,0.011494225366012219
math,10,10,model.layers.10.mlp,25,0.00048638132295719845,63.0,0.00014409046692607003,63.0,0.0006002912864610843,63.0,0.00048638132295719845,0.0003052210241505532,0.0002738545151526442
math,10,10,model.layers.10.mlp,26,0.010739299610894941,43.0,0.00584683548151751,33.0,0.03529641110609478,28.0,0.010739299610894941,0.01238511576636224,0.0161023186044774
math,10,10,model.layers.10.mlp,27,0.01367704280155642,31.0,0.006301469023589495,32.0,0.03574775905924549,27.0,0.01367704280155642,0.01334814766073178,0.016308224766474037
math,10,10,model.layers.10.mlp,28,0.012879377431906616,37.0,0.004996276142996109,42.0,0.02185223566418956,43.0,0.012879377431906616,0.010583410227178174,0.00996904925623288
math,10,10,model.layers.10.mlp,29,0.006653696498054475,52.0,0.0037920643847276264,50.0,0.020634851191294334,47.0,0.006653696498054475,0.008032577031936829,0.009413675153529338
math,10,10,model.layers.10.mlp,30,0.02235408560311284,11.0,0.012592355453550584,7.0,0.09266728508797137,1.0,0.02235408560311284,0.026673878640233094,0.04227506712264
math,10,10,model.layers.10.mlp,31,0.013365758754863814,35.0,0.005563556359435798,35.0,0.02782628957631523,35.0,0.013365758754863814,0.011785057028218155,0.012694428875260538
math,10,10,model.layers.10.mlp,32,0.023501945525291827,8.0,0.00977749954401751,20.0,0.04530280907330346,19.0,0.023501945525291827,0.02071128290525823,0.020667264532460625
math,10,10,model.layers.10.mlp,33,0.01151750972762646,41.0,0.0039048630532587548,49.0,0.014786203257768535,52.0,0.01151750972762646,0.008271513901712914,0.006745506082516085
math,10,10,model.layers.10.mlp,34,0.007490272373540856,51.0,0.003697638010700389,51.0,0.020681341975086625,46.0,0.007490272373540856,0.007832557452555466,0.009434884375354901
math,10,10,model.layers.10.mlp,35,0.019844357976653695,20.0,0.010657203763375487,17.0,0.06325115719657928,8.0,0.019844357976653695,0.022574724869949544,0.028855349690363737
math,10,10,model.layers.10.mlp,36,0.02480544747081712,7.0,0.011116207137645915,15.0,0.05127694062221839,14.0,0.02480544747081712,0.02354701320360635,0.02339267956960239
math,10,10,model.layers.10.mlp,37,0.0283852140077821,4.0,0.013348317424610895,5.0,0.06649473533556155,7.0,0.0283852140077821,0.028275202391541947,0.030335078846266274
math,10,10,model.layers.10.mlp,38,0.020058365758754863,19.0,0.009680489269212063,21.0,0.05658655435658615,11.0,0.020058365758754863,0.02050578995308092,0.02581493977505244
math,10,10,model.layers.10.mlp,39,0.02233463035019455,12.0,0.011291912390564202,12.0,0.04998983455539214,16.0,0.02233463035019455,0.023919202553730864,0.02280549828639784
math,10,10,model.layers.10.mlp,40,0.01651750972762646,27.0,0.00521828261794747,39.0,0.022216011027185834,42.0,0.01651750972762646,0.011053677588359505,0.010135004564771713
math,10,10,model.layers.10.mlp,41,0.013618677042801557,32.0,0.006829325753891051,31.0,0.02986127000838402,33.0,0.013618677042801557,0.014466285281245337,0.013622792474963473
math,10,10,model.layers.10.mlp,42,0.019630350194552528,21.0,0.008888181693822958,22.0,0.044522817626537516,21.0,0.019630350194552528,0.018827476774134932,0.0203114303161478
math,10,10,model.layers.10.mlp,43,0.012859922178988327,38.0,0.007014758633268482,30.0,0.03172198481133012,30.0,0.012859922178988327,0.01485908027013107,0.014471655621390613
math,10,10,model.layers.10.mlp,44,0.021070038910505837,16.0,0.007656449492339494,27.0,0.03126287178306728,31.0,0.021070038910505837,0.016218348134077912,0.014262207011039457
math,10,10,model.layers.10.mlp,45,0.018093385214007784,25.0,0.007733216044503891,26.0,0.031245354676061102,32.0,0.018093385214007784,0.016380959625122257,0.014254215659250337
math,10,10,model.layers.10.mlp,46,0.005505836575875486,58.0,0.0017632082928015565,60.0,0.004683189560235243,60.0,0.005505836575875486,0.003734933007023726,0.002136483795970092
math,10,10,model.layers.10.mlp,47,0.023346303501945526,9.0,0.01128896750364786,13.0,0.05230891928134725,12.0,0.023346303501945526,0.02391296451855901,0.02386347103654122
math,10,10,model.layers.10.mlp,48,0.00867704280155642,50.0,0.0035577843810797667,52.0,0.009987628849563895,56.0,0.00867704280155642,0.007536311149974741,0.004556383405540565
math,10,10,model.layers.10.mlp,49,0.006478599221789883,54.0,0.0031693252979085604,56.0,0.013463169749144913,54.0,0.006478599221789883,0.006713453942724977,0.006141934602791947
math,10,10,model.layers.10.mlp,50,0.0062256809338521405,55.0,0.0032733843020428016,55.0,0.01450453399452254,53.0,0.0062256809338521405,0.0069338779339265305,0.006617007799666806
math,10,10,model.layers.10.mlp,51,0.012782101167315174,39.0,0.004668139743433852,45.0,0.021229088654314034,44.0,0.012782101167315174,0.009888332127480888,0.00968476789798707
math,10,10,model.layers.10.mlp,52,0.01859922178988327,23.0,0.007760214007782101,25.0,0.038179403998044675,23.0,0.01859922178988327,0.01643814832176228,0.017417547791407542
math,10,10,model.layers.10.mlp,53,0.021731517509727627,13.0,0.011176548820525291,14.0,0.04899881802644247,17.0,0.021731517509727627,0.023674832556547034,0.022353393854491577
math,10,10,model.layers.10.mlp,54,0.006517509727626459,53.0,0.001963042619163424,59.0,0.009030996068210454,57.0,0.006517509727626459,0.004158234000169232,0.00411996493266697
math,10,10,model.layers.10.mlp,55,0.004202334630350194,60.0,0.002124821406857977,58.0,0.006160228747570097,59.0,0.004202334630350194,0.00450092348073911,0.00281031308457041
math,10,10,model.layers.10.mlp,56,0.02085603112840467,17.0,0.005650554018725681,34.0,0.02033529332871567,48.0,0.02085603112840467,0.011969340660811165,0.009277016043082696
math,10,10,model.layers.10.mlp,57,0.0027042801556420235,61.0,0.001003408469114786,61.0,0.0029969079624354144,61.0,0.0027042801556420235,0.0021254796872973583,0.0013671975514558043
math,10,10,model.layers.10.mlp,58,0.00877431906614786,49.0,0.004621420537451362,47.0,0.020193251711153333,49.0,0.00877431906614786,0.009789368717883551,0.009212216271394602
math,10,10,model.layers.10.mlp,59,0.022665369649805447,10.0,0.012204219357976654,9.0,0.037183181784960086,25.0,0.022665369649805447,0.025851705604582824,0.016963068512261346
math,10,10,model.layers.10.mlp,60,0.009455252918287938,45.0,0.007559961697470817,28.0,0.03670114853038862,26.0,0.009455252918287938,0.016013961930076252,0.01674316363242152
math,10,10,model.layers.10.mlp,61,0.010914396887159533,42.0,0.005356958292801557,38.0,0.02382659990963769,41.0,0.010914396887159533,0.011347428676871489,0.010869759586978228
math,10,10,model.layers.10.mlp,62,0.03122568093385214,3.0,0.014511604754377431,4.0,0.07160354219058145,6.0,0.03122568093385214,0.030739347020588635,0.03266573040800717
math,10,10,model.layers.10.mlp,63,0.0017898832684824903,62.0,0.0005136072774805447,62.0,0.002065566748032774,62.0,0.0017898832684824903,0.0010879535793594283,0.0009423171601119188
math,11,11,model.layers.11.mlp,0,0.019785992217898833,17.0,0.009862103295233463,20.0,0.061167312540432825,18.0,0.019785992217898833,0.020286705784162383,0.020775496105999006
math,11,11,model.layers.11.mlp,1,0.05215953307392996,3.0,0.0220073109192607,3.0,0.12815781519454741,4.0,0.05215953307392996,0.04526984035296065,0.043528840485964886
math,11,11,model.layers.11.mlp,2,0.008560311284046693,38.0,0.004439331529669261,34.0,0.02172583326871293,36.0,0.008560311284046693,0.009131866694631277,0.007379185805741716
math,11,11,model.layers.11.mlp,3,0.009494163424124513,37.0,0.003709645549610895,39.0,0.025566998054545213,35.0,0.009494163424124513,0.0076308760490124295,0.008683838580829854
math,11,11,model.layers.11.mlp,4,0.022315175097276263,12.0,0.010735993737840467,15.0,0.06897039670424703,15.0,0.022315175097276263,0.022084330263042885,0.023425815989726848
math,11,11,model.layers.11.mlp,5,0.0038521400778210118,55.0,0.002723431420233463,44.0,0.017760314029942225,39.0,0.0038521400778210118,0.005602197654157897,0.006032296003302115
math,11,11,model.layers.11.mlp,6,0.004046692607003891,54.0,0.001302532982733463,57.0,0.006782131830542004,55.0,0.004046692607003891,0.002679357800648112,0.0023035531165875264
math,11,11,model.layers.11.mlp,7,0.02575875486381323,7.0,0.01102261673151751,13.0,0.04739771635152023,27.0,0.02575875486381323,0.02267392420356796,0.016098648617974512
math,11,11,model.layers.11.mlp,8,0.021556420233463033,14.0,0.010527457745622568,17.0,0.06911701130959774,14.0,0.021556420233463033,0.021655364129461868,0.023475613684541916
math,11,11,model.layers.11.mlp,9,0.003793774319066148,56.0,0.0017881353356031127,53.0,0.007282380939457667,53.0,0.003793774319066148,0.0036782595324445014,0.0024734628769262188
math,11,11,model.layers.11.mlp,10,0.005116731517509728,50.0,0.0017326574659533075,55.0,0.006415339501045557,56.0,0.005116731517509728,0.0035641395333504268,0.0021789719915278538
math,11,11,model.layers.11.mlp,11,0.020525291828793774,16.0,0.010707152845330739,16.0,0.07386729237634385,10.0,0.020525291828793774,0.022025003496390555,0.025089048077941965
math,11,11,model.layers.11.mlp,12,0.005428015564202335,48.0,0.00368910733827821,40.0,0.018901688055305628,38.0,0.005428015564202335,0.0075886282000327395,0.0064199640343890006
math,11,11,model.layers.11.mlp,13,0.0014785992217898833,63.0,0.00036222109071011675,63.0,0.0015400072132103174,63.0,0.0014785992217898833,0.000745101980386485,0.0005230639132643335
math,11,11,model.layers.11.mlp,14,0.0035214007782101166,58.0,0.002017817515807393,52.0,0.008895637339655064,51.0,0.0035214007782101166,0.004150724145132265,0.003021405898587079
math,11,11,model.layers.11.mlp,15,0.03252918287937743,5.0,0.017463293409533075,5.0,0.1376397739217439,3.0,0.03252918287937743,0.03592263078332651,0.04674939062021998
math,11,11,model.layers.11.mlp,16,0.006828793774319066,43.0,0.0024900063837548637,47.0,0.011816763556652959,48.0,0.006828793774319066,0.0051220338497504295,0.004013567296985211
math,11,11,model.layers.11.mlp,17,0.01142023346303502,32.0,0.0050299618494649805,33.0,0.041687056688946976,29.0,0.01142023346303502,0.010346814780876998,0.014159021345580426
math,11,11,model.layers.11.mlp,18,0.022684824902723735,10.0,0.00895479313594358,24.0,0.05082451909432615,24.0,0.022684824902723735,0.018420335730485144,0.017262563200491618
math,11,11,model.layers.11.mlp,19,0.00784046692607004,40.0,0.002641183578550584,45.0,0.014097278927550706,45.0,0.00784046692607004,0.005433010847281784,0.004788145028783361
math,11,11,model.layers.11.mlp,20,0.01830739299610895,22.0,0.009763592078064202,21.0,0.06934197552937015,13.0,0.01830739299610895,0.02008406462138746,0.023552022849466094
math,11,11,model.layers.11.mlp,21,0.010291828793774318,34.0,0.003896237384484436,38.0,0.027402968021682263,33.0,0.010291828793774318,0.008014702251444933,0.00930742633250316
math,11,11,model.layers.11.mlp,22,0.02252918287937743,11.0,0.012769162664153696,8.0,0.09952292030423532,6.0,0.02252918287937743,0.026266632818883372,0.03380298982191739
math,11,11,model.layers.11.mlp,23,0.003073929961089494,60.0,0.0008369558608949416,61.0,0.002615670828503857,61.0,0.003073929961089494,0.0017216486986617065,0.0008884133838025992
math,11,11,model.layers.11.mlp,24,0.019377431906614787,20.0,0.007906869376215953,25.0,0.047419335517438,26.0,0.019377431906614787,0.01626471837773419,0.01610599157418242
math,11,11,model.layers.11.mlp,25,0.0063424124513618675,46.0,0.0021979495987354087,50.0,0.011477546611880513,49.0,0.0063424124513618675,0.004521262402464773,0.003898352159642854
math,11,11,model.layers.11.mlp,26,0.008307392996108949,39.0,0.0043590406128404665,35.0,0.020461525515823514,37.0,0.008307392996108949,0.008966705353476634,0.006949763297117102
math,11,11,model.layers.11.mlp,27,0.012587548638132296,30.0,0.0032819339737354086,41.0,0.01414506601220439,44.0,0.012587548638132296,0.006751057754626877,0.004804375926462303
math,11,11,model.layers.11.mlp,28,0.005019455252918288,51.0,0.0022917679961089493,48.0,0.0071245656403122245,54.0,0.005019455252918288,0.004714250263946465,0.0024198608630941424
math,11,11,model.layers.11.mlp,29,0.005311284046692607,49.0,0.00206275079036965,51.0,0.005678920718018647,57.0,0.005311284046692607,0.004243153527960172,0.001928847130327734
math,11,11,model.layers.11.mlp,30,0.0161284046692607,26.0,0.007568910353842413,26.0,0.051436361524381524,23.0,0.0161284046692607,0.015569524355855626,0.017470375665927268
math,11,11,model.layers.11.mlp,31,0.021653696498054476,13.0,0.010474031797178988,18.0,0.06937834547651417,12.0,0.021653696498054476,0.021545465007046617,0.023564375912955137
math,11,11,model.layers.11.mlp,32,0.011556420233463035,31.0,0.006945183304961089,29.0,0.03871844295629731,30.0,0.011556420233463035,0.014286495092068165,0.013150730798204979
math,11,11,model.layers.11.mlp,33,0.017801556420233462,24.0,0.010990583961575876,14.0,0.05402608715606571,22.0,0.017801556420233462,0.02260803162874857,0.018349976755824685
math,11,11,model.layers.11.mlp,34,0.02468871595330739,8.0,0.011613608037451362,11.0,0.06550208429418185,16.0,0.02468871595330739,0.023889614851451618,0.022247802636237324
math,11,11,model.layers.11.mlp,35,0.004688715953307393,53.0,0.0017819605727140077,54.0,0.010974895659587727,50.0,0.004688715953307393,0.003665557820216565,0.003727626612478548
math,11,11,model.layers.11.mlp,36,0.01585603112840467,27.0,0.0072279494467412456,27.0,0.04677406287378838,28.0,0.01585603112840467,0.014868155347724713,0.0158868245266423
math,11,11,model.layers.11.mlp,37,0.010214007782101167,35.0,0.005119220421935798,32.0,0.014896292955495041,43.0,0.010214007782101167,0.010530422916405753,0.005059530383750906
math,11,11,model.layers.11.mlp,38,0.0020038910505836578,62.0,0.0002652108159046693,64.0,0.0002900892768620517,64.0,0.0020038910505836578,0.0005455483107377364,9.85289101569702e-05
math,11,11,model.layers.11.mlp,39,0.006439688715953308,45.0,0.003038458323200389,42.0,0.016909970444000184,41.0,0.006439688715953308,0.0062502194709314765,0.005743476548518609
math,11,11,model.layers.11.mlp,40,0.0036575875486381322,57.0,0.0009530414032101167,60.0,0.0031720769706867083,60.0,0.0036575875486381322,0.001960440888546911,0.001077396897384835
math,11,11,model.layers.11.mlp,41,0.005972762645914397,47.0,0.00392329234557393,37.0,0.01757274161053075,40.0,0.005972762645914397,0.008070355292099029,0.005968586974619516
math,11,11,model.layers.11.mlp,42,0.014649805447470817,29.0,0.005525614816391051,30.0,0.03585186286427167,31.0,0.014649805447470817,0.011366390991961321,0.01217709600756339
math,11,11,model.layers.11.mlp,43,0.03521400778210117,4.0,0.01766143680082685,4.0,0.09098033945848041,7.0,0.03521400778210117,0.03633021895817312,0.030901499667697396
math,11,11,model.layers.11.mlp,44,0.01799610894941634,23.0,0.009701777951726654,22.0,0.058992372542503745,20.0,0.01799610894941634,0.019956910711437948,0.020036777081391073
math,11,11,model.layers.11.mlp,45,0.017315175097276266,25.0,0.01042307575389105,19.0,0.06052582800388336,19.0,0.017315175097276266,0.021440646569522537,0.020557615690175075
math,11,11,model.layers.11.mlp,46,0.006478599221789883,44.0,0.0025296958596789884,46.0,0.012429195190218172,47.0,0.006478599221789883,0.005203676547732458,0.004221579885570236
math,11,11,model.layers.11.mlp,47,0.08496108949416342,2.0,0.03591943169382296,2.0,0.19351443873305266,2.0,0.08496108949416342,0.07388757964633079,0.06572723733277608
math,11,11,model.layers.11.mlp,48,0.0032684824902723736,59.0,0.0010319073747568094,58.0,0.005664623286937461,58.0,0.0032684824902723736,0.002122671065341262,0.0019239910035597548
math,11,11,model.layers.11.mlp,49,0.011011673151750972,33.0,0.005375235590953307,31.0,0.03431010821450081,32.0,0.011011673151750972,0.01105705544647173,0.011653438576945566
math,11,11,model.layers.11.mlp,50,0.006984435797665369,42.0,0.0022785255046206226,49.0,0.013653660697231961,46.0,0.006984435797665369,0.004687009976491476,0.004637469963397007
math,11,11,model.layers.11.mlp,51,0.015486381322957198,28.0,0.013563503161478599,7.0,0.06344182916188518,17.0,0.015486381322957198,0.027900620162076582,0.021548036360743362
math,11,11,model.layers.11.mlp,52,0.019474708171206227,18.0,0.011096086910262646,12.0,0.07794799073660884,9.0,0.019474708171206227,0.022825055037984664,0.026475058503647717
math,11,11,model.layers.11.mlp,53,0.020992217898832686,15.0,0.007215618920233463,28.0,0.04887337082438896,25.0,0.020992217898832686,0.01484279100546031,0.016599855103621875
math,11,11,model.layers.11.mlp,54,0.01914396887159533,21.0,0.009523441299854085,23.0,0.05756742020989206,21.0,0.01914396887159533,0.01959006572119941,0.019552791592935305
math,11,11,model.layers.11.mlp,55,0.007723735408560311,41.0,0.0029547095391536963,43.0,0.015385181074708352,42.0,0.007723735408560311,0.006077945170929189,0.005225581380519342
math,11,11,model.layers.11.mlp,56,0.01941634241245136,19.0,0.017167075784289883,6.0,0.08742887111025562,8.0,0.01941634241245136,0.0353133003361088,0.029695242374795233
math,11,11,model.layers.11.mlp,57,0.08937743190661479,1.0,0.05046356319917315,1.0,0.35919445958118956,1.0,0.08937743190661479,0.10380538803896956,0.1220005062572039
math,11,11,model.layers.11.mlp,58,0.027859922178988326,6.0,0.011950503100680934,10.0,0.10117703671585261,5.0,0.027859922178988326,0.02458262027060783,0.03436481095874938
math,11,11,model.layers.11.mlp,59,0.002879377431906615,61.0,0.0009760305204280156,59.0,0.0035188881357124343,59.0,0.002879377431906615,0.002007730340226305,0.001195191413920872
math,11,11,model.layers.11.mlp,60,0.010175097276264592,36.0,0.00434349920963035,36.0,0.026546983575078766,34.0,0.010175097276264592,0.008934736120853704,0.009016690957698987
math,11,11,model.layers.11.mlp,61,0.023073929961089493,9.0,0.012025170233463035,9.0,0.07339161091741421,11.0,0.023073929961089493,0.024736213283087182,0.024927482727311986
math,11,11,model.layers.11.mlp,62,0.0010894941634241246,64.0,0.0004368122264105058,62.0,0.0017578413062058534,62.0,0.0010894941634241246,0.0008985386640999567,0.0005970513284837133
math,11,11,model.layers.11.mlp,63,0.0049221789883268485,52.0,0.001499080435311284,56.0,0.007595539260003353,52.0,0.0049221789883268485,0.003083663071411195,0.0025798271947104516
math,12,12,model.layers.12.mlp,0,0.01085603112840467,35.0,0.005098245227383269,38.0,0.03638299396761661,34.0,0.01085603112840467,0.009565752638496726,0.008835446439201939
math,12,12,model.layers.12.mlp,1,0.009299610894941635,39.0,0.004228439627918288,42.0,0.027835298345246666,42.0,0.009299610894941635,0.007933750873777403,0.006759677003699436
math,12,12,model.layers.12.mlp,2,0.09657587548638133,1.0,0.05637210831104086,1.0,0.47288433253069334,1.0,0.09657587548638133,0.10577004827418514,0.11483783318468894
math,12,12,model.layers.12.mlp,3,0.004377431906614786,54.0,0.0017428600741731517,57.0,0.009023019505613973,58.0,0.004377431906614786,0.003270099339966312,0.0021911997026051538
math,12,12,model.layers.12.mlp,4,0.020505836575875486,15.0,0.010075674094114785,21.0,0.09307455689990567,11.0,0.020505836575875486,0.018904819550996856,0.022602737506251497
math,12,12,model.layers.12.mlp,5,0.016848249027237354,20.0,0.008252276112597276,27.0,0.08013435156892709,19.0,0.016848249027237354,0.015483608276371073,0.019460266844933728
math,12,12,model.layers.12.mlp,6,0.020466926070038912,16.0,0.011542474768968872,13.0,0.14705230237908865,5.0,0.020466926070038912,0.021656953236185602,0.03571099021120166
math,12,12,model.layers.12.mlp,7,0.01717898832684825,19.0,0.010290536843385214,18.0,0.08511499921171582,15.0,0.01717898832684825,0.019307962950162686,0.020669794722698975
math,12,12,model.layers.12.mlp,8,0.0004085603112840467,63.0,0.0001102337670233463,63.0,0.0005412632284925141,63.0,0.0004085603112840467,0.00020682978176320997,0.0001314433405099017
math,12,12,model.layers.12.mlp,9,0.023638132295719844,12.0,0.012377948686770428,9.0,0.09149868720236455,12.0,0.023638132295719844,0.02322453903819446,0.022220044638254464
math,12,12,model.layers.12.mlp,10,0.011089494163424125,33.0,0.005065737475680934,39.0,0.027800493759867748,43.0,0.011089494163424125,0.0095047588852053,0.006751224866686528
math,12,12,model.layers.12.mlp,11,0.02756809338521401,8.0,0.011264154456468872,15.0,0.08398996609310232,16.0,0.02756809338521401,0.021134745467649017,0.02039658549009197
math,12,12,model.layers.12.mlp,12,0.004727626459143969,53.0,0.002008213384606031,54.0,0.010863275769445683,54.0,0.004727626459143969,0.003767977338414411,0.0026380976590504924
math,12,12,model.layers.12.mlp,13,0.007120622568093385,45.0,0.003629316634241245,47.0,0.02654235957197642,44.0,0.007120622568093385,0.0068096263756524346,0.006445692638076183
math,12,12,model.layers.12.mlp,14,0.02470817120622568,9.0,0.012140001823929962,10.0,0.0837995014858617,17.0,0.02470817120622568,0.02277808330106891,0.020350332016907873
math,12,12,model.layers.12.mlp,15,0.021264591439688715,14.0,0.009992039305690661,22.0,0.08614729031514565,13.0,0.021264591439688715,0.018747896989927973,0.02092048197405979
math,12,12,model.layers.12.mlp,16,0.012937743190661478,27.0,0.006893581286478599,30.0,0.06861394544055953,22.0,0.012937743190661478,0.012934311795289992,0.016662588033903393
math,12,12,model.layers.12.mlp,17,0.0057198443579766535,49.0,0.003839429565904669,44.0,0.0213705247802957,48.0,0.0057198443579766535,0.007203857771122848,0.005189735821136702
math,12,12,model.layers.12.mlp,18,0.0014785992217898833,60.0,0.0005451080678501945,60.0,0.0041231466650035135,60.0,0.0014785992217898833,0.0010227771921006994,0.0010012876222346553
math,12,12,model.layers.12.mlp,19,0.012081712062256809,32.0,0.004277191755836576,41.0,0.03263580971190901,39.0,0.012081712062256809,0.00802522367970715,0.007925459597036237
math,12,12,model.layers.12.mlp,20,0.002509727626459144,59.0,0.001748103872811284,56.0,0.009943723047753716,57.0,0.002509727626459144,0.003279938192046051,0.002414788416612576
math,12,12,model.layers.12.mlp,21,0.01642023346303502,22.0,0.00873639652237354,24.0,0.07559628830113764,20.0,0.01642023346303502,0.016391955341022633,0.01835821859195181
math,12,12,model.layers.12.mlp,22,0.02455252918287938,10.0,0.011389929626702334,14.0,0.10784146201285871,9.0,0.02455252918287938,0.021370735325503626,0.02618881399337081
math,12,12,model.layers.12.mlp,23,0.007237354085603113,44.0,0.005435140290612841,35.0,0.026274023093138223,45.0,0.007237354085603113,0.010197863236605178,0.006380528331131868
math,12,12,model.layers.12.mlp,24,0.005,52.0,0.0036626033560311286,46.0,0.019087264519257303,49.0,0.005,0.006872081697549908,0.004635256336542363
math,12,12,model.layers.12.mlp,25,0.033073929961089495,5.0,0.01732794260700389,4.0,0.14878574530438227,4.0,0.033073929961089495,0.03251213021734987,0.036131949028815114
math,12,12,model.layers.12.mlp,26,0.006770428015564202,46.0,0.0037297847762645915,45.0,0.018684388658879794,50.0,0.006770428015564202,0.0069981330778178695,0.0045374197459313445
math,12,12,model.layers.12.mlp,27,0.009649805447470816,38.0,0.004020283621108949,43.0,0.033060182590428956,38.0,0.009649805447470816,0.0075431912238295,0.008028516641812438
math,12,12,model.layers.12.mlp,28,0.01083657587548638,36.0,0.006698857763861868,31.0,0.04259953474140353,31.0,0.01083657587548638,0.012568955291792725,0.01034510540494833
math,12,12,model.layers.12.mlp,29,0.007723735408560311,43.0,0.004528609101410506,40.0,0.032291241360081775,40.0,0.007723735408560311,0.0084969538593129,0.007841782722617287
math,12,12,model.layers.12.mlp,30,0.016089494163424124,23.0,0.011105757538910506,16.0,0.058944270286114764,25.0,0.016089494163424124,0.02083754796841429,0.014314350915550177
math,12,12,model.layers.12.mlp,31,0.0009143968871595331,62.0,0.00023110712548638133,61.0,0.0010866893509018747,61.0,0.0009143968871595331,0.00043362245180415137,0.0002638976210833703
math,12,12,model.layers.12.mlp,32,0.03482490272373541,4.0,0.014910760426799612,6.0,0.10749821700010782,10.0,0.03482490272373541,0.027976811536752764,0.02610545848589435
math,12,12,model.layers.12.mlp,33,0.012198443579766537,31.0,0.005893516688959144,33.0,0.03588961328745816,35.0,0.012198443579766537,0.011057907241227585,0.008715631160185677
math,12,12,model.layers.12.mlp,34,0.016070038910505836,24.0,0.008515302012402724,25.0,0.06329676141534799,23.0,0.016070038910505836,0.01597711939300842,0.015371333809362333
math,12,12,model.layers.12.mlp,35,0.0033657587548638133,58.0,0.0012779099282587548,59.0,0.008281956360265902,59.0,0.0033657587548638133,0.0023977211222294494,0.0020112358509601453
math,12,12,model.layers.12.mlp,36,0.00575875486381323,48.0,0.0029150390625,51.0,0.02207090731492766,47.0,0.00575875486381323,0.005469439259935806,0.005359820569445241
math,12,12,model.layers.12.mlp,37,0.0,64.0,0.0,64.0,0.0,64.0,0.0,0.0,0.0
math,12,12,model.layers.12.mlp,38,0.0010311284046692606,61.0,0.00022094251580739299,62.0,0.000983506567515288,62.0,0.0010311284046692606,0.00041455076389596154,0.00023884014624027714
math,12,12,model.layers.12.mlp,39,0.009163424124513618,41.0,0.006071178866731517,32.0,0.04476174640284438,29.0,0.009163424124513618,0.011391251827450918,0.010870188781590795
math,12,12,model.layers.12.mlp,40,0.0039494163424124516,57.0,0.001777286752188716,55.0,0.010739538479407937,56.0,0.0039494163424124516,0.0033346935427506857,0.0026080486147185833
math,12,12,model.layers.12.mlp,41,0.017490272373540856,18.0,0.010310524075875486,17.0,0.08538862345283597,14.0,0.017490272373540856,0.019345464661712993,0.020736243138929817
math,12,12,model.layers.12.mlp,42,0.012451361867704281,29.0,0.005891711758268483,34.0,0.0343224191943959,37.0,0.012451361867704281,0.011054520679823328,0.00833504512371463
math,12,12,model.layers.12.mlp,43,0.0870817120622568,2.0,0.04391688959143969,2.0,0.39117963931903765,2.0,0.0870817120622568,0.08240052875987365,0.09499621593500496
math,12,12,model.layers.12.mlp,44,0.009202334630350195,40.0,0.0072524585055933856,29.0,0.05322685908714621,27.0,0.009202334630350195,0.013607667146500827,0.01292590332203045
math,12,12,model.layers.12.mlp,45,0.015486381322957198,25.0,0.005170575449902724,36.0,0.04382568767330526,30.0,0.015486381322957198,0.009701464630770517,0.01064287112938901
math,12,12,model.layers.12.mlp,46,0.023657587548638132,11.0,0.011549922482976654,12.0,0.08327515962522782,18.0,0.023657587548638132,0.021670927257980012,0.020222997954472396
math,12,12,model.layers.12.mlp,47,0.0122568093385214,30.0,0.009485233767023347,23.0,0.0722261424287284,21.0,0.0122568093385214,0.01779698619562711,0.017539793825301964
math,12,12,model.layers.12.mlp,48,0.021303501945525292,13.0,0.011655159441877432,11.0,0.1145154347957804,8.0,0.021303501945525292,0.021868381611855645,0.027809558265067674
math,12,12,model.layers.12.mlp,49,0.015214007782101167,26.0,0.008275778210116732,26.0,0.06165885085261749,24.0,0.015214007782101167,0.015527704870655992,0.014973574596305566
math,12,12,model.layers.12.mlp,50,0.029766536964980543,6.0,0.01284812363205253,8.0,0.11777063358618592,7.0,0.029766536964980543,0.02410672045999628,0.028600068649869494
math,12,12,model.layers.12.mlp,51,0.0088715953307393,42.0,0.003437623495257782,49.0,0.02943926457359169,41.0,0.0088715953307393,0.006449955730512843,0.007149192987827764
math,12,12,model.layers.12.mlp,52,0.027918287937743192,7.0,0.01328087001459144,7.0,0.1337972489219695,6.0,0.027918287937743192,0.024918675292678223,0.03249206009859536
math,12,12,model.layers.12.mlp,53,0.011070038910505836,34.0,0.005160828824173152,37.0,0.03742375717552719,33.0,0.011070038910505836,0.009683177199187525,0.009088191103029514
math,12,12,model.layers.12.mlp,54,0.016536964980544747,21.0,0.010264032861138132,19.0,0.0557373020899435,26.0,0.016536964980544747,0.019258233969542266,0.013535553113623392
math,12,12,model.layers.12.mlp,55,0.01830739299610895,17.0,0.01023302605179961,20.0,0.052854724932273535,28.0,0.01830739299610895,0.01920005640941859,0.012835532216329208
math,12,12,model.layers.12.mlp,56,0.005058365758754864,51.0,0.0035381581347276266,48.0,0.018609805435290134,51.0,0.005058365758754864,0.006638587200730015,0.004519307545547945
math,12,12,model.layers.12.mlp,57,0.0042412451361867705,55.0,0.0027372058912937744,52.0,0.01621045127684968,53.0,0.0042412451361867705,0.005135773841579438,0.003936635180144318
math,12,12,model.layers.12.mlp,58,0.012490272373540856,28.0,0.0079814985104572,28.0,0.03964648313559447,32.0,0.012490272373540856,0.01497555276970281,0.009627970104908195
math,12,12,model.layers.12.mlp,59,0.010583657587548638,37.0,0.01669357596668288,5.0,0.03437635262188744,36.0,0.010583657587548638,0.03132187865180491,0.008348142613995618
math,12,12,model.layers.12.mlp,60,0.006420233463035019,47.0,0.0029368882234922177,50.0,0.023943449481452023,46.0,0.006420233463035019,0.005510434476934718,0.005814559012141824
math,12,12,model.layers.12.mlp,61,0.0056614785992217895,50.0,0.002370823960359922,53.0,0.018138217721931665,52.0,0.0056614785992217895,0.004448337524529844,0.004404784590497212
math,12,12,model.layers.12.mlp,62,0.004027237354085603,56.0,0.0015542353173638131,58.0,0.010840466254416143,55.0,0.004027237354085603,0.0029161858492139595,0.002632558470919712
math,12,12,model.layers.12.mlp,63,0.04891050583657588,3.0,0.026481373115272374,3.0,0.2322922847846139,3.0,0.04891050583657588,0.04968655948283001,0.056411136540359584
math,13,13,model.layers.13.mlp,0,0.019591439688715954,20.0,0.01111318625364786,14.0,0.11129840854540873,13.0,0.019591439688715954,0.021786577417211895,0.025070025265129758
math,13,13,model.layers.13.mlp,1,0.02470817120622568,13.0,0.010491853112840467,16.0,0.16963736808717483,6.0,0.02470817120622568,0.020568499877151203,0.03821090669163055
math,13,13,model.layers.13.mlp,2,0.010953307392996109,35.5,0.014782657845938716,8.0,0.029594619895697567,42.0,0.010953307392996109,0.028980304319742915,0.0066662037507422755
math,13,13,model.layers.13.mlp,3,0.02303501945525292,15.0,0.00886844145184825,23.0,0.08889875614225633,20.0,0.02303501945525292,0.01738592171955019,0.02002449173939166
math,13,13,model.layers.13.mlp,4,0.0049221789883268485,55.5,0.005649243069066148,34.0,0.03518148361013093,37.0,0.0049221789883268485,0.011074922048792046,0.007924647751013284
math,13,13,model.layers.13.mlp,5,0.02472762645914397,12.0,0.013277592640442606,10.0,0.08210071085028148,22.0,0.02472762645914397,0.026029735610725763,0.0184932284495507
math,13,13,model.layers.13.mlp,6,0.0002529182879377432,64.0,7.445814080739299e-05,64.0,0.0004017670435200406,64.0,0.0002529182879377432,0.00014596966270671966,9.04982385946201e-05
math,13,13,model.layers.13.mlp,7,0.0016342412451361868,61.0,0.0004013215892509728,61.0,0.0020765672444369543,61.0,0.0016342412451361868,0.0007867612108583923,0.00046774786776520243
math,13,13,model.layers.13.mlp,8,0.02830739299610895,9.0,0.013383485074173153,9.0,0.13091293706040438,9.0,0.02830739299610895,0.026237329873317217,0.029488208165147817
math,13,13,model.layers.13.mlp,9,0.008132295719844357,41.0,0.001859268604085603,54.0,0.011494818049182225,55.0,0.008132295719844357,0.0036449582017044108,0.002589213832230988
math,13,13,model.layers.13.mlp,10,0.010914396887159533,37.0,0.006657942834995136,30.0,0.05274044670483482,30.0,0.010914396887159533,0.013052403127535042,0.011879813455239039
math,13,13,model.layers.13.mlp,11,0.005350194552529183,52.0,0.0018169762281128406,55.0,0.01564430792044109,51.0,0.005350194552529183,0.00356204713531371,0.0035238886157200745
math,13,13,model.layers.13.mlp,12,0.016634241245136187,23.0,0.010747583292801557,15.0,0.08194772467075155,23.0,0.016634241245136187,0.021069839928192908,0.018458768231869635
math,13,13,model.layers.13.mlp,13,0.0222568093385214,16.0,0.009079950829888132,22.0,0.1028776607253672,16.0,0.0222568093385214,0.01780057016815508,0.023173247374423465
math,13,13,model.layers.13.mlp,14,0.004785992217898833,57.0,0.001528282313959144,56.0,0.013174662675838989,53.0,0.004785992217898833,0.002996084128212764,0.002967599720961783
math,13,13,model.layers.13.mlp,15,0.006673151750972763,45.0,0.0026430265077821012,49.0,0.018623526300437718,49.0,0.006673151750972763,0.005181457442831637,0.004194959128164841
math,13,13,model.layers.13.mlp,16,0.005642023346303502,50.0,0.0014262182332198444,57.0,0.008091737059767607,56.0,0.005642023346303502,0.0027959950677227162,0.0018226680433116496
math,13,13,model.layers.13.mlp,17,0.005856031128404669,48.0,0.001876149455860895,53.0,0.0069175360911319225,57.0,0.005856031128404669,0.003678051859605641,0.001558178655415089
math,13,13,model.layers.13.mlp,18,0.005175097276264591,53.0,0.004322030034046693,40.0,0.03322191241882191,38.0,0.005175097276264591,0.008473019329210364,0.007483253305962485
math,13,13,model.layers.13.mlp,19,0.02980544747081712,7.0,0.012402590740515564,12.0,0.08946012248788826,19.0,0.02980544747081712,0.024314359282293353,0.02015093980501916
math,13,13,model.layers.13.mlp,20,0.025583657587548637,11.0,0.007884858721425097,26.0,0.05554426233128351,29.0,0.025583657587548637,0.015457680726058094,0.012511374404874325
math,13,13,model.layers.13.mlp,21,0.0038910505836575876,58.0,0.0013384796023832685,58.0,0.006645571362183716,58.0,0.0038910505836575876,0.0026239899892895363,0.00149691845668391
math,13,13,model.layers.13.mlp,22,0.02686770428015564,10.0,0.012435763466682879,11.0,0.13415895959282664,8.0,0.02686770428015564,0.024379391951618673,0.030219376453738442
math,13,13,model.layers.13.mlp,23,0.006614785992217899,46.0,0.003287272768725681,46.0,0.0228330323297226,48.0,0.006614785992217899,0.006444454455519098,0.005143152582924185
math,13,13,model.layers.13.mlp,24,0.013190661478599222,30.0,0.006564551921206226,31.0,0.05083479431584651,31.0,0.013190661478599222,0.012869317167587383,0.011450564248867862
math,13,13,model.layers.13.mlp,25,0.0008560311284046692,63.0,0.00020823200389105058,63.0,0.0010682320583191363,63.0,0.0008560311284046692,0.0004082233996595171,0.0002406198349202457
math,13,13,model.layers.13.mlp,26,0.007159533073929961,43.0,0.003602261673151751,44.0,0.03210689520557567,39.0,0.007159533073929961,0.007061966840825223,0.007232095090202976
math,13,13,model.layers.13.mlp,27,0.08747081712062257,1.0,0.05751652936527237,1.0,0.544800714871299,1.0,0.08747081712062257,0.11275688998504156,0.12271664855577706
math,13,13,model.layers.13.mlp,28,0.0057198443579766535,49.0,0.004557468993190661,37.0,0.03174666962502996,40.0,0.0057198443579766535,0.008934579946781599,0.007150954088067779
math,13,13,model.layers.13.mlp,29,0.0049221789883268485,55.5,0.002311565235894942,51.0,0.011753525793088549,54.0,0.0049221789883268485,0.004531652202826169,0.002647487888084807
math,13,13,model.layers.13.mlp,30,0.015038910505836577,24.0,0.008257386916342412,24.0,0.06477354372521783,24.0,0.015038910505836577,0.016187994622848603,0.014590274909822022
math,13,13,model.layers.13.mlp,31,0.012821011673151752,31.0,0.007886046175826849,25.0,0.08774741217320067,21.0,0.012821011673151752,0.015460008642342649,0.019765150902713805
math,13,13,model.layers.13.mlp,32,0.039319066147859925,5.0,0.020382417315175098,4.0,0.14227758897417714,7.0,0.039319066147859925,0.039958217441124995,0.03204810200667967
math,13,13,model.layers.13.mlp,33,0.018540856031128403,21.0,0.010426077638618678,17.0,0.09983463585608664,17.0,0.018540856031128403,0.020439551938317146,0.02248780441659216
math,13,13,model.layers.13.mlp,34,0.02132295719844358,18.0,0.009965022343142024,19.0,0.09884945643087305,18.0,0.02132295719844358,0.019535687226680514,0.022265892231111865
math,13,13,model.layers.13.mlp,35,0.020972762645914397,19.0,0.010146370379377432,18.0,0.11439804151364337,12.0,0.020972762645914397,0.01989120660165771,0.025768219227126684
math,13,13,model.layers.13.mlp,36,0.023618677042801555,14.0,0.009416057423394941,21.0,0.10670191364065683,14.0,0.023618677042801555,0.018459482216665723,0.02403466236192925
math,13,13,model.layers.13.mlp,37,0.017490272373540856,22.0,0.009670381657344358,20.0,0.1170347760762686,11.0,0.017490272373540856,0.018958066014826518,0.026362145078954888
math,13,13,model.layers.13.mlp,38,0.013852140077821012,26.0,0.006428232155885214,32.0,0.055754961976745246,28.0,0.013852140077821012,0.012602072378120499,0.012558834611216131
math,13,13,model.layers.13.mlp,39,0.007509727626459144,42.0,0.004926795811040856,36.0,0.04019226292343919,35.0,0.007509727626459144,0.009658617781268948,0.009053328435889164
math,13,13,model.layers.13.mlp,40,0.006964980544747082,44.0,0.00248276766172179,50.0,0.025181788679226828,45.0,0.006964980544747082,0.004867281861068131,0.005672211190259806
math,13,13,model.layers.13.mlp,41,0.029494163424124514,8.0,0.015132291919990272,7.0,0.17494775772094726,5.0,0.029494163424124514,0.02966573599056721,0.03940707475931717
math,13,13,model.layers.13.mlp,42,0.011147859922178989,34.0,0.004173598233827821,41.0,0.029286013371401725,43.0,0.011147859922178989,0.008182029793641023,0.006596689968270497
math,13,13,model.layers.13.mlp,43,0.0056031128404669265,51.0,0.001964163576118677,52.0,0.013348109774900318,52.0,0.0056031128404669265,0.0038505970146168376,0.003006668771566014
math,13,13,model.layers.13.mlp,44,0.013346303501945525,29.0,0.005924979480787938,33.0,0.05979037819669404,25.0,0.013346303501945525,0.01161548283339593,0.01346781424454265
math,13,13,model.layers.13.mlp,45,0.01254863813229572,32.0,0.003470444734922179,45.0,0.017549745178408196,50.0,0.01254863813229572,0.0068035495099093716,0.0039530893637151855
math,13,13,model.layers.13.mlp,46,0.030330739299610894,6.0,0.01737342686040856,6.0,0.10298228069038243,15.0,0.030330739299610894,0.03405931482272387,0.02319681307675872
math,13,13,model.layers.13.mlp,47,0.009143968871595331,38.0,0.0041129620622568095,42.0,0.026099428819775117,44.0,0.009143968871595331,0.00806315707648652,0.005878910116223846
math,13,13,model.layers.13.mlp,48,0.008268482490272374,40.0,0.004010878982247082,43.0,0.029838420282542008,41.0,0.008268482490272374,0.00786303076933592,0.006721119916550207
math,13,13,model.layers.13.mlp,49,0.010953307392996109,35.5,0.004487133694066148,39.0,0.03945240531450116,36.0,0.010953307392996109,0.008796692809414853,0.008886675118999127
math,13,13,model.layers.13.mlp,50,0.008404669260700388,39.0,0.0045561010457198445,38.0,0.0424535840077159,33.0,0.008404669260700388,0.008931898187221793,0.00956269220358633
math,13,13,model.layers.13.mlp,51,0.014571984435797665,25.0,0.0071742005107003895,27.0,0.04061641365637575,34.0,0.014571984435797665,0.014064488011408057,0.00914886861233836
math,13,13,model.layers.13.mlp,52,0.0020038910505836578,60.0,0.0006614785992217899,60.0,0.005547094988683782,60.0,0.0020038910505836578,0.0012967797338089187,0.0012494860738070618
math,13,13,model.layers.13.mlp,53,0.04714007782101167,2.0,0.02281020108827821,3.0,0.1847113918376804,4.0,0.04714007782101167,0.044717707466553104,0.04160633849709215
math,13,13,model.layers.13.mlp,54,0.021809338521400778,17.0,0.011777752234314202,13.0,0.1228499368007081,10.0,0.021809338521400778,0.023089409733360655,0.027672013101218737
math,13,13,model.layers.13.mlp,55,0.0416147859922179,3.0,0.025475152754134242,2.0,0.21507395013297115,2.0,0.0416147859922179,0.04994214755566276,0.04844552077763982
math,13,13,model.layers.13.mlp,56,0.006245136186770428,47.0,0.0026558320160505835,48.0,0.02321183686126531,47.0,0.006245136186770428,0.005206561692044275,0.005228478503576921
math,13,13,model.layers.13.mlp,57,0.011926070038910505,33.0,0.005593195221303502,35.0,0.042938961277676,32.0,0.011926070038910505,0.010965044400161062,0.009672023689813779
math,13,13,model.layers.13.mlp,58,0.013501945525291829,28.0,0.00689510122811284,29.0,0.058801480963072424,26.0,0.013501945525291829,0.013517334567886313,0.013245064620756284
math,13,13,model.layers.13.mlp,59,0.013599221789883268,27.0,0.006985043774319066,28.0,0.05813759190331173,27.0,0.013599221789883268,0.013693660258943627,0.01309552325966258
math,13,13,model.layers.13.mlp,60,0.00245136186770428,59.0,0.0008710975498540856,59.0,0.00645552572457243,59.0,0.00245136186770428,0.0017077221396887955,0.0014541105765110431
math,13,13,model.layers.13.mlp,61,0.0050972762645914394,54.0,0.0029200168713521403,47.0,0.02381141047185497,46.0,0.0050972762645914394,0.005724476507032011,0.005363532775800906
math,13,13,model.layers.13.mlp,62,0.0011478599221789883,62.0,0.0002810752067120623,62.0,0.0013616440766980212,62.0,0.0011478599221789883,0.0005510270962192424,0.0003067110469149818
math,13,13,model.layers.13.mlp,63,0.04056420233463035,4.0,0.01869033279122082,5.0,0.19169977663787888,3.0,0.04056420233463035,0.03664101122895561,0.04318047586161651
math,14,14,model.layers.14.mlp,0,0.01566147859922179,30.0,0.008238710633511673,26.0,0.10853981068625988,23.0,0.01566147859922179,0.016288415076864828,0.017294906604265293
math,14,14,model.layers.14.mlp,1,0.03056420233463035,6.0,0.017121382538910507,5.0,0.15084865306601913,14.0,0.03056420233463035,0.033849979431149174,0.02403646505057229
math,14,14,model.layers.14.mlp,2,0.018073929961089495,25.0,0.0068202061040856035,36.0,0.13129527184749856,20.0,0.018073929961089495,0.01348394826263758,0.02092079809082958
math,14,14,model.layers.14.mlp,3,0.018249027237354085,24.0,0.007616883511673151,30.0,0.10141651871603287,26.0,0.018249027237354085,0.015059026314822482,0.01615986989689443
math,14,14,model.layers.14.mlp,4,0.018813229571984436,21.0,0.005296056131444553,42.0,0.03516996359546825,48.0,0.018813229571984436,0.010470614198835443,0.0056040381111152416
math,14,14,model.layers.14.mlp,5,0.011634241245136187,41.0,0.004665061861624514,44.0,0.042244712619929924,44.0,0.011634241245136187,0.009223101446518861,0.006731339908060157
math,14,14,model.layers.14.mlp,6,0.0014980544747081712,61.0,0.000386958140807393,63.0,0.0035032945569851057,62.0,0.0014980544747081712,0.0007650389842804998,0.0005582205440308398
math,14,14,model.layers.14.mlp,7,0.013132295719844358,36.0,0.00616450328307393,39.0,0.08645796709023561,35.0,0.013132295719844358,0.012187585252597386,0.0137763504152634
math,14,14,model.layers.14.mlp,8,0.04035019455252918,3.0,0.020245451574659533,3.0,0.24860184919509443,4.0,0.04035019455252918,0.040026447503237694,0.039612615281823825
math,14,14,model.layers.14.mlp,9,0.017704280155642023,27.0,0.013395530611624514,7.0,0.10576603492410266,24.0,0.017704280155642023,0.02648375121823969,0.01685292874891091
math,14,14,model.layers.14.mlp,10,0.017859922178988328,26.0,0.008328102200875487,25.0,0.1429840770676906,16.0,0.017859922178988328,0.01646514745870996,0.022783310963484342
math,14,14,model.layers.14.mlp,11,0.02188715953307393,16.0,0.012724965611320525,9.0,0.16823681040960528,11.0,0.02188715953307393,0.02515800480635075,0.026807121783582983
math,14,14,model.layers.14.mlp,12,0.011848249027237355,40.0,0.004307638086697471,47.0,0.026424881938830424,51.0,0.011848249027237355,0.00851645363919442,0.004210582847632172
math,14,14,model.layers.14.mlp,13,0.015350194552529183,31.0,0.006446870440175097,38.0,0.051899116424271106,42.0,0.015350194552529183,0.012745841715717963,0.008269688013333583
math,14,14,model.layers.14.mlp,14,0.001206225680933852,63.0,0.00045575449902723734,61.0,0.004057073351937973,61.0,0.001206225680933852,0.000901053427354084,0.0006464605407433535
math,14,14,model.layers.14.mlp,15,0.026731517509727628,8.0,0.011654570464494163,16.0,0.18060127020809902,10.0,0.026731517509727628,0.023041770698449097,0.028777294534715413
math,14,14,model.layers.14.mlp,16,0.018560311284046692,23.0,0.007792132782101167,29.0,0.09599361889093302,29.0,0.018560311284046692,0.01540550442112205,0.0152957763868137
math,14,14,model.layers.14.mlp,17,0.012470817120622568,39.0,0.008136798546935798,27.0,0.08987878153760145,34.0,0.012470817120622568,0.016086928892759138,0.014321428447034863
math,14,14,model.layers.14.mlp,18,0.015116731517509727,33.5,0.008756345756322958,23.0,0.09883204519516763,27.0,0.015116731517509727,0.017311810133904267,0.015748055762689207
math,14,14,model.layers.14.mlp,19,0.004980544747081712,53.0,0.005111658712305447,43.0,0.03360557363191004,49.0,0.004980544747081712,0.010106049664935782,0.005354765718420583
math,14,14,model.layers.14.mlp,20,0.021556420233463033,17.0,0.012266403970087549,13.0,0.21335774132249885,6.0,0.021556420233463033,0.024251401493891968,0.033996762903297846
math,14,14,model.layers.14.mlp,21,0.025583657587548637,10.0,0.012445586089494164,12.0,0.14292408760419614,17.0,0.025583657587548637,0.024605655073739238,0.022773752146661125
math,14,14,model.layers.14.mlp,22,0.006673151750972763,49.0,0.00591543234739786,41.0,0.04338858923559523,43.0,0.006673151750972763,0.011695157375913279,0.006913607032994795
math,14,14,model.layers.14.mlp,23,0.014941634241245135,35.0,0.006065146598370623,40.0,0.07137090189215738,37.0,0.014941634241245135,0.011991151248163995,0.011372353375988525
math,14,14,model.layers.14.mlp,24,0.009922178988326848,44.0,0.007314491123540856,33.0,0.09182052719917742,32.0,0.009922178988326848,0.014461178793154665,0.014630829298702692
math,14,14,model.layers.14.mlp,25,0.033929961089494164,4.0,0.013602907648346303,6.0,0.156396245130769,12.0,0.033929961089494164,0.026893747806515905,0.02492042722105872
math,14,14,model.layers.14.mlp,26,0.0032879377431906617,57.0,0.0018304087123054474,56.0,0.010877762694303164,56.0,0.0032879377431906617,0.0036188255896581543,0.001733280062604254
math,14,14,model.layers.14.mlp,27,0.003443579766536965,56.0,0.0019520420415856032,55.0,0.011796928460959795,55.0,0.003443579766536965,0.0038593018295247894,0.0018797414023435976
math,14,14,model.layers.14.mlp,28,0.006108949416342413,51.0,0.0019855567546206224,54.0,0.024667815893076737,52.0,0.006108949416342413,0.00392556238671391,0.003930609140596007
math,14,14,model.layers.14.mlp,29,0.008093385214007782,47.0,0.0037688662755350193,49.0,0.040717066176206684,46.0,0.008093385214007782,0.0074512701071703475,0.006487922286438342
math,14,14,model.layers.14.mlp,30,0.0029766536964980547,58.0,0.000938715953307393,58.0,0.008266313581615106,57.0,0.0029766536964980547,0.0018558966040816485,0.001317167594559855
math,14,14,model.layers.14.mlp,31,0.017392996108949416,28.0,0.009482820859678989,21.0,0.14310627039304502,15.0,0.017392996108949416,0.018748094105128968,0.022802781442899295
math,14,14,model.layers.14.mlp,32,0.0013229571984435798,62.0,0.000407724343385214,62.0,0.0031176891714218527,63.0,0.0013229571984435798,0.0008060949871193365,0.0004967775666822309
math,14,14,model.layers.14.mlp,33,0.002490272373540856,59.0,0.0007479062803988327,59.0,0.005914004512334148,59.0,0.002490272373540856,0.0014786546676585591,0.0009423469144761514
math,14,14,model.layers.14.mlp,34,0.012762645914396888,38.0,0.006957874817607004,35.0,0.06424551652099372,39.0,0.012762645914396888,0.013756127399481321,0.010236983102772507
math,14,14,model.layers.14.mlp,35,0.010155642023346304,43.0,0.006733322440418288,37.0,0.06908658487555581,38.0,0.010155642023346304,0.01331217415377939,0.011008366658056474
math,14,14,model.layers.14.mlp,36,0.002412451361867704,60.0,0.0006229670780642023,60.0,0.004828311504093126,60.0,0.002412451361867704,0.0012316425224909563,0.0007693508583773609
math,14,14,model.layers.14.mlp,37,0.030953307392996107,5.0,0.01176672315783074,15.0,0.12605111052843848,21.0,0.030953307392996107,0.02326350316391813,0.02008518505946904
math,14,14,model.layers.14.mlp,38,0.0222568093385214,14.0,0.009830374513618676,20.0,0.1911393739833906,9.0,0.0222568093385214,0.019435228103235863,0.030456452803256557
math,14,14,model.layers.14.mlp,39,0.008171206225680934,46.0,0.004390436907222762,46.0,0.05296116602559962,41.0,0.008171206225680934,0.008680151773111757,0.00843891669125313
math,14,14,model.layers.14.mlp,40,0.006556420233463035,50.0,0.002455636703550584,53.0,0.016512098006237343,54.0,0.006556420233463035,0.004854938070372186,0.002631064040491284
math,14,14,model.layers.14.mlp,41,0.008482490272373541,45.0,0.0028826833049610894,52.0,0.02882267009191476,50.0,0.008482490272373541,0.005699234297095454,0.004592650237488574
math,14,14,model.layers.14.mlp,42,0.022392996108949417,13.0,0.012970564430325876,8.0,0.21279565521715216,7.0,0.022392996108949417,0.025643568104335136,0.03390719920649331
math,14,14,model.layers.14.mlp,43,0.02585603112840467,9.0,0.01091299094114786,19.0,0.13418178044404502,19.0,0.02585603112840467,0.02157562440128032,0.021380738975874808
math,14,14,model.layers.14.mlp,44,0.029182879377431907,7.0,0.012602558061770429,10.0,0.25277014765757994,3.0,0.029182879377431907,0.02491599788751277,0.04027679860913559
math,14,14,model.layers.14.mlp,45,0.024494163424124513,11.0,0.011055694461332685,18.0,0.19608142489125294,8.0,0.024494163424124513,0.02185775764677209,0.031243927079695692
math,14,14,model.layers.14.mlp,46,0.01519455252918288,32.0,0.0069967093263618675,34.0,0.09649155642735818,28.0,0.01519455252918288,0.013832905505430619,0.01537511854830064
math,14,14,model.layers.14.mlp,47,0.005311284046692607,52.0,0.004584941938229572,45.0,0.041204414576408,45.0,0.005311284046692607,0.009064699649655755,0.006565577158064968
math,14,14,model.layers.14.mlp,48,0.016167315175097275,29.0,0.007324085755107004,32.0,0.09290954377632661,30.0,0.016167315175097275,0.014480147943597128,0.014804354937573887
math,14,14,model.layers.14.mlp,49,0.01877431906614786,22.0,0.00860074173151751,24.0,0.09189853086313848,31.0,0.01877431906614786,0.017004171832669068,0.01464325852696896
math,14,14,model.layers.14.mlp,50,0.015116731517509727,33.5,0.007507200723492218,31.0,0.07598098976602814,36.0,0.015116731517509727,0.014842176996992104,0.012106932132962015
math,14,14,model.layers.14.mlp,51,0.01159533073929961,42.0,0.003754673820525292,50.0,0.036435018773208795,47.0,0.01159533073929961,0.007423210789585159,0.005805614021464923
math,14,14,model.layers.14.mlp,52,0.0466147859922179,1.0,0.030107497872081713,1.0,0.34531285378719584,1.0,0.0466147859922179,0.059524292584270756,0.05502270105081256
math,14,14,model.layers.14.mlp,53,0.02153696498054475,18.0,0.01143684832502432,17.0,0.15130903013949265,13.0,0.02153696498054475,0.022611321234101752,0.024109822267966784
math,14,14,model.layers.14.mlp,54,0.012821011673151752,37.0,0.009088320008511673,22.0,0.10300847786409846,25.0,0.012821011673151752,0.0179681427392135,0.016413535207433667
math,14,14,model.layers.14.mlp,55,0.00017509727626459145,64.0,5.420491853112841e-05,64.0,0.0005926010673612008,64.0,0.00017509727626459145,0.00010716630933138243,9.442599953693597e-05
math,14,14,model.layers.14.mlp,56,0.007373540856031128,48.0,0.004223100832928015,48.0,0.05547051844429877,40.0,0.007373540856031128,0.008349318520592952,0.008838760909187473
math,14,14,model.layers.14.mlp,57,0.022023346303501945,15.0,0.012467530246838521,11.0,0.1347482990383638,18.0,0.022023346303501945,0.024649039962374972,0.02147100895254396
math,14,14,model.layers.14.mlp,58,0.004844357976653697,54.0,0.0011740694157344358,57.0,0.007706619254983817,58.0,0.004844357976653697,0.0023212042300341544,0.0012279850075917844
math,14,14,model.layers.14.mlp,59,0.020719844357976653,19.0,0.008136437560797665,28.0,0.0899402577589458,33.0,0.020719844357976653,0.016086215201950412,0.014331224166225925
math,14,14,model.layers.14.mlp,60,0.020486381322957197,20.0,0.021033161326605057,2.0,0.3423196627843241,2.0,0.020486381322957197,0.04158379597322687,0.054545761220937336
math,14,14,model.layers.14.mlp,61,0.003988326848249027,55.0,0.0028961347884241245,51.0,0.024288220327883844,53.0,0.003988326848249027,0.005725828670389046,0.0038701237776135604
math,14,14,model.layers.14.mlp,62,0.040680933852140076,2.0,0.01892540126459144,4.0,0.24327231208637995,5.0,0.040680933852140076,0.03741663046642202,0.0387633983359272
math,14,14,model.layers.14.mlp,63,0.023482490272373542,12.0,0.011919382295719844,14.0,0.11938118457794189,22.0,0.023482490272373542,0.023565319250661087,0.019022388417003485
math,15,15,model.layers.15.mlp,0,0.008482490272373541,42.0,0.005730901933365759,38.0,0.11788352968163991,35.0,0.008482490272373541,0.011797203691410341,0.012271061870639728
math,15,15,model.layers.15.mlp,1,0.00970817120622568,38.0,0.00941529745257782,23.0,0.3492528180667862,7.0,0.00970817120622568,0.019381623199063117,0.036355400542950514
math,15,15,model.layers.15.mlp,2,0.0311284046692607,7.0,0.014863813229571985,5.0,0.38151988537858894,5.0,0.0311284046692607,0.030597527987598384,0.039714234304007265
math,15,15,model.layers.15.mlp,3,0.05007782101167315,2.0,0.023801022540734434,2.0,0.49873153167012135,2.0,0.05007782101167315,0.048994994896377105,0.0519153566108069
math,15,15,model.layers.15.mlp,4,0.012120622568093386,34.0,0.006143357095087548,36.0,0.1334557094462651,27.0,0.012120622568093386,0.012646252866039622,0.013892044732863956
math,15,15,model.layers.15.mlp,5,0.005136186770428016,51.0,0.002082339038180934,55.0,0.029492973265480903,51.0,0.005136186770428016,0.004286546528561603,0.003070065009651694
math,15,15,model.layers.15.mlp,6,0.003385214007782101,59.0,0.002149567956590467,52.0,0.028128930460154314,53.0,0.003385214007782101,0.004424938923624743,0.0029280752532916034
math,15,15,model.layers.15.mlp,7,0.03159533073929961,6.0,0.01261106973492218,9.0,0.48314431068034486,3.0,0.03159533073929961,0.025960199661291605,0.05029280803533214
math,15,15,model.layers.15.mlp,8,0.004941634241245136,54.0,0.0016224996960116731,57.0,0.01844146913591526,59.0,0.004941634241245136,0.0033399558438892327,0.0019196609514785699
math,15,15,model.layers.15.mlp,9,0.005116731517509728,52.0,0.0022967268056906616,50.0,0.02199745638361237,56.0,0.005116731517509728,0.004727869062373239,0.00228982071548921
math,15,15,model.layers.15.mlp,10,0.018287937743190662,22.0,0.009329534745865758,24.0,0.1843077164540495,21.0,0.018287937743190662,0.019205078541350805,0.01918547398395564
math,15,15,model.layers.15.mlp,11,0.00575875486381323,49.0,0.0030005547786964982,48.0,0.03279094173286676,49.0,0.00575875486381323,0.00617671639178232,0.0034133663615878306
math,15,15,model.layers.15.mlp,12,0.018171206225680935,24.0,0.007471216105301557,30.0,0.12115499158777615,33.0,0.018171206225680935,0.01537968355445643,0.012611604027513159
math,15,15,model.layers.15.mlp,13,0.01943579766536965,20.0,0.010185242886673152,20.0,0.264472174050743,13.0,0.01943579766536965,0.020966574961090462,0.02753017677366614
math,15,15,model.layers.15.mlp,14,0.0062256809338521405,47.0,0.0021487224890564204,53.0,0.03594944851871595,48.0,0.0062256809338521405,0.004423198507747872,0.003742150478356836
math,15,15,model.layers.15.mlp,15,0.01801556420233463,25.0,0.007100540339250973,33.0,0.12484927797131966,30.0,0.01801556420233463,0.014616638301473,0.012996160011735479
math,15,15,model.layers.15.mlp,16,0.00784046692607004,44.0,0.0033740234375,45.0,0.04266356735145999,47.0,0.00784046692607004,0.006945510883729796,0.004441055302685841
math,15,15,model.layers.15.mlp,17,0.06317120622568094,1.0,0.028447227626459144,1.0,0.5513491709965213,1.0,0.06317120622568094,0.05855932323869962,0.05739257899636821
math,15,15,model.layers.15.mlp,18,0.004649805447470817,55.0,0.0015262873905642024,58.0,0.023977160797044924,54.0,0.004649805447470817,0.0031419004281481723,0.0024958976408104663
math,15,15,model.layers.15.mlp,19,0.002159533073929961,60.0,0.0007507561709630351,60.0,0.01085835012944292,60.0,0.002159533073929961,0.0015454501881927332,0.0011302977321030736
math,15,15,model.layers.15.mlp,20,0.016089494163424124,30.0,0.009732927255593386,21.0,0.1544638448141892,25.0,0.016089494163424124,0.02003547202219879,0.016078882279913772
math,15,15,model.layers.15.mlp,21,0.02517509727626459,10.0,0.011317618403453307,15.0,0.2665725562730188,12.0,0.02517509727626459,0.023297598032493094,0.02774881563077488
math,15,15,model.layers.15.mlp,22,0.012821011673151752,32.0,0.006444153544503891,34.0,0.08825773474771224,40.0,0.012821011673151752,0.013265449813514438,0.009187170816623113
math,15,15,model.layers.15.mlp,23,0.02367704280155642,13.0,0.01351676495622568,8.0,0.21073901714517912,18.0,0.02367704280155642,0.027824595725346964,0.021936834814245146
math,15,15,model.layers.15.mlp,24,0.013715953307392996,31.0,0.00724116343932393,31.0,0.11512297953149224,36.0,0.013715953307392996,0.014906114438836241,0.01198370296833209
math,15,15,model.layers.15.mlp,25,0.008657587548638133,41.0,0.003101744892996109,47.0,0.05683905519863975,46.0,0.008657587548638133,0.006385018750438893,0.005916649805913007
math,15,15,model.layers.15.mlp,26,0.031011673151750973,8.0,0.011753290673638133,12.0,0.20753960185013856,19.0,0.031011673151750973,0.02419444020041534,0.021603792334593058
math,15,15,model.layers.15.mlp,27,0.016964980544747082,27.0,0.007875710572714007,28.0,0.11905516781231773,34.0,0.016964980544747082,0.01621234544251472,0.012393023301811459
math,15,15,model.layers.15.mlp,28,0.02151750972762646,17.5,0.009663237931663423,22.0,0.21754962798686342,16.0,0.02151750972762646,0.019892014821381608,0.022645783954475838
math,15,15,model.layers.15.mlp,29,0.009844357976653697,37.0,0.007192914792071984,32.0,0.29321216330917893,8.0,0.009844357976653697,0.014806793402447138,0.03052186006737325
math,15,15,model.layers.15.mlp,30,0.001517509727626459,61.0,0.00036887083535992217,62.0,0.005294619464688728,61.0,0.001517509727626459,0.0007593297584148277,0.0005511423284334164
math,15,15,model.layers.15.mlp,31,0.008793774319066147,40.0,0.005262265928988327,39.0,0.09047156495342923,39.0,0.008793774319066147,0.010832504859524679,0.009417619018325333
math,15,15,model.layers.15.mlp,32,0.0010700389105058367,63.0,0.0003025063837548638,64.0,0.0037505298644188315,64.0,0.0010700389105058367,0.0006227168896977021,0.000390410637841068
math,15,15,model.layers.15.mlp,33,0.0014980544747081712,62.0,0.00044074507538910504,61.0,0.004475730959079609,63.0,0.0014980544747081712,0.0009072846631834752,0.00046590029721308503
math,15,15,model.layers.15.mlp,34,0.03558365758754864,4.0,0.013809961697470816,7.0,0.21854635157009972,15.0,0.03558365758754864,0.02842814848516451,0.022749537691667533
math,15,15,model.layers.15.mlp,35,0.005214007782101167,50.0,0.003352867749878405,46.0,0.06523997667234695,43.0,0.005214007782101167,0.006901961376338866,0.006791142005566771
math,15,15,model.layers.15.mlp,36,0.008190661478599221,43.0,0.004484701787451362,42.0,0.12137116260565672,32.0,0.008190661478599221,0.00923186979937092,0.012634106305331065
math,15,15,model.layers.15.mlp,37,0.005856031128404669,48.0,0.002264390047422179,51.0,0.02925128678403476,52.0,0.005856031128404669,0.004661303043891548,0.0030449067048814492
math,15,15,model.layers.15.mlp,38,0.024902723735408562,11.0,0.010334083171206225,19.0,0.1780380131112926,23.0,0.024902723735408562,0.02127296637635813,0.018532830499006538
math,15,15,model.layers.15.mlp,39,0.03264591439688716,5.0,0.01632248221668288,4.0,0.2635200075092019,14.0,0.03264591439688716,0.03360023425606598,0.02743106119260101
math,15,15,model.layers.15.mlp,40,0.010953307392996109,36.0,0.005110974738570039,41.0,0.0836647429911543,41.0,0.010953307392996109,0.010521068193737541,0.008709064280720507
math,15,15,model.layers.15.mlp,41,0.00782101167315175,45.0,0.003829150960603113,43.0,0.062483842679034875,44.0,0.00782101167315175,0.007882402172054659,0.006504242802200167
math,15,15,model.layers.15.mlp,42,0.0008560311284046692,64.0,0.0003431458232003891,63.0,0.004782397102289163,62.0,0.0008560311284046692,0.0007063741831949627,0.0004978226465617828
math,15,15,model.layers.15.mlp,43,0.007178988326848249,46.0,0.00628436968020428,35.0,0.09950980744009352,37.0,0.007178988326848249,0.0129365307680203,0.010358453018250734
math,15,15,model.layers.15.mlp,44,0.003929961089494163,56.0,0.002572254225437743,49.0,0.03041957628866114,50.0,0.003929961089494163,0.0052950490858876265,0.0031665195615104124
math,15,15,model.layers.15.mlp,45,0.019941634241245135,19.0,0.009225399744649806,25.0,0.12994040207640206,29.0,0.019941634241245135,0.01899071405997704,0.013526119532402103
math,15,15,model.layers.15.mlp,46,0.01642023346303502,28.0,0.008648809885700388,26.0,0.13394810542522237,26.0,0.01642023346303502,0.01780378954241983,0.013943300591413127
math,15,15,model.layers.15.mlp,47,0.017431906614785993,26.0,0.007737452881809339,29.0,0.13171483577921234,28.0,0.017431906614785993,0.015927738558559803,0.013710828845156287
math,15,15,model.layers.15.mlp,48,0.04552529182879377,3.0,0.0210020595209144,3.0,0.28378760608717624,9.0,0.04552529182879377,0.043233260137438494,0.029540812714219628
math,15,15,model.layers.15.mlp,49,0.003501945525291829,58.0,0.0012241229936770428,59.0,0.019678820366989314,58.0,0.003501945525291829,0.0025198875268950473,0.002048462774372975
math,15,15,model.layers.15.mlp,50,0.004961089494163424,53.0,0.0017131262159533075,56.0,0.020209839541160644,57.0,0.004961089494163424,0.0035265127817021985,0.0021037391065149647
math,15,15,model.layers.15.mlp,51,0.030447470817120622,9.0,0.014299667892752919,6.0,0.2168532649552312,17.0,0.030447470817120622,0.029436220827329957,0.02257329618736653
math,15,15,model.layers.15.mlp,52,0.018463035019455253,21.0,0.012364098218628404,10.0,0.38436183261500256,4.0,0.018463035019455253,0.025451802672899416,0.0400100662193334
math,15,15,model.layers.15.mlp,53,0.018210116731517508,23.0,0.010911470999513619,17.0,0.15585234628113329,24.0,0.018210116731517508,0.02246153353361935,0.016223418055643927
math,15,15,model.layers.15.mlp,54,0.022412451361867706,14.0,0.01157963734192607,13.0,0.20257006997728164,20.0,0.022412451361867706,0.02383697051244668,0.021086489932428547
math,15,15,model.layers.15.mlp,55,0.02178988326848249,16.0,0.011470030550826849,14.0,0.18159275429721936,22.0,0.02178988326848249,0.02361134221595968,0.018902860554472482
math,15,15,model.layers.15.mlp,56,0.023813229571984437,12.0,0.011901104997568093,11.0,0.3723680408641058,6.0,0.023813229571984437,0.024498719650349277,0.03876157492427045
math,15,15,model.layers.15.mlp,57,0.0035992217898832683,57.0,0.002087193351775292,54.0,0.022921171128054075,55.0,0.0035992217898832683,0.004296539253427685,0.0023859746125643815
math,15,15,model.layers.15.mlp,58,0.02151750972762646,17.5,0.01081867856274319,18.0,0.27351452230015616,11.0,0.02151750972762646,0.02227051800232406,0.028471438162123712
math,15,15,model.layers.15.mlp,59,0.00924124513618677,39.0,0.003541179018725681,44.0,0.0588298853965121,45.0,0.00924124513618677,0.007289604791251489,0.006123884867486112
math,15,15,model.layers.15.mlp,60,0.021828793774319066,15.0,0.010949887524319066,16.0,0.27938603412316465,10.0,0.021828793774319066,0.02254061490222686,0.02908263198240471
math,15,15,model.layers.15.mlp,61,0.011439688715953307,35.0,0.005221018512889105,40.0,0.07140838162908295,42.0,0.011439688715953307,0.010747596031014836,0.0074332408557766915
math,15,15,model.layers.15.mlp,62,0.01217898832684825,33.0,0.005969209782344358,37.0,0.09834651086117042,38.0,0.01217898832684825,0.01228776630587324,0.010237359899199923
math,15,15,model.layers.15.mlp,63,0.016381322957198442,29.0,0.008147628131079767,27.0,0.12475105857106962,31.0,0.016381322957198442,0.016772094476891902,0.012985935883389303
coding,0,0,model.layers.0.mlp,0,0.03409510192786643,5.0,0.00849717921980214,11.0,0.005165481585801368,11.0,0.03409510192786643,0.024625055523278924,0.02167546620896474
coding,0,0,model.layers.0.mlp,1,0.010227377548196661,37.0,0.002858715340633936,40.0,0.0013800189218615905,41.0,0.010227377548196661,0.008284634484854267,0.005790854736713237
coding,0,0,model.layers.0.mlp,2,0.0036205147126648833,60.0,0.0012080130371679273,61.0,0.0006017908231441072,61.0,0.0036205147126648833,0.003500854500488892,0.002525243084358323
coding,0,0,model.layers.0.mlp,3,0.00469283276450512,55.0,0.0014742121200765612,59.0,0.0008783170532188796,57.0,0.00469283276450512,0.004272306652703669,0.0036856063256781087
coding,0,0,model.layers.0.mlp,4,0.008359468683700766,47.0,0.0035729634784902225,32.0,0.001946780548501681,34.0,0.008359468683700766,0.010354544933620721,0.008169107815873003
coding,0,0,model.layers.0.mlp,5,0.004923438797158934,54.0,0.0016227886142595241,56.0,0.001143416263023576,50.0,0.004923438797158934,0.004702885357008646,0.00479801934442542
coding,0,0,model.layers.0.mlp,6,0.0908587768656028,1.0,0.024322124108563555,2.0,0.025963308252363274,1.0,0.0908587768656028,0.07048617442617679,0.10894759788592458
coding,0,0,model.layers.0.mlp,7,0.00957015035513329,41.0,0.002165895097315746,50.0,0.0006455520167775,59.0,0.00957015035513329,0.006276822654829184,0.0027088744182637396
coding,0,0,model.layers.0.mlp,8,0.022968360852319895,12.0,0.007608478969450466,13.0,0.003890941849208804,17.0,0.022968360852319895,0.022049578127502464,0.01632722470744963
coding,0,0,model.layers.0.mlp,9,0.0025366663591919565,63.0,0.0005407531304768932,63.0,0.0002845388854082446,63.0,0.0025366663591919565,0.0015671172183055894,0.0011939860579032679
coding,0,0,model.layers.0.mlp,10,0.004577529748178212,57.0,0.002377786909936814,49.0,0.0009847944446877792,55.0,0.004577529748178212,0.006890890866849728,0.004132408247718993
coding,0,0,model.layers.0.mlp,11,0.010838483534729269,31.5,0.002421014280999216,48.0,0.001189956520084,47.0,0.010838483534729269,0.007016164958992722,0.004993312223223525
coding,0,0,model.layers.0.mlp,12,0.0011414998616363803,64.0,0.0002954189390969468,64.0,0.0002823772027259735,64.0,0.0011414998616363803,0.000856132086862099,0.001184915174742467
coding,0,0,model.layers.0.mlp,13,0.01761830089475141,20.0,0.00516050810436076,21.0,0.0025604619123038193,25.0,0.01761830089475141,0.014955292257702153,0.010744246153550576
coding,0,0,model.layers.0.mlp,14,0.011299695600036897,29.0,0.0030147459946614705,37.0,0.0011881967795932522,48.0,0.011299695600036897,0.008736815546283147,0.004985927975518801
coding,0,0,model.layers.0.mlp,15,0.011541831934323402,28.0,0.002749154955002998,44.0,0.001314290727639636,43.0,0.011541831934323402,0.00796712551987606,0.005515045167136924
coding,0,0,model.layers.0.mlp,16,0.003597454109399502,61.0,0.0011772505527338345,62.0,0.0005844931115870787,62.0,0.003597454109399502,0.0034117039874035416,0.0024526581847475314
coding,0,0,model.layers.0.mlp,17,0.0132829074808597,26.0,0.004230573513599991,26.0,0.0032767346775704406,20.0,0.0132829074808597,0.012260316626596796,0.013749879967562086
coding,0,0,model.layers.0.mlp,18,0.018033391753528274,18.0,0.007402521208548566,14.0,0.004600504776635587,14.0,0.018033391753528274,0.021452706958086598,0.019304702605899497
coding,0,0,model.layers.0.mlp,19,0.010884604741260032,30.0,0.0025726872917339267,47.0,0.001269754032067389,45.0,0.010884604741260032,0.007455717452133158,0.00532815966112937
coding,0,0,model.layers.0.mlp,20,0.005788211419610737,51.0,0.0014857086415286875,58.0,0.001211539291607565,46.0,0.005788211419610737,0.004305623883252769,0.0050838781515080735
coding,0,0,model.layers.0.mlp,21,0.07217968822064386,2.0,0.02503909718098538,1.0,0.017561295113652828,3.0,0.07217968822064386,0.07256398180911844,0.07369095262442715
coding,0,0,model.layers.0.mlp,22,0.008382529286966147,46.0,0.004195036763646112,28.0,0.004093329791663791,16.0,0.008382529286966147,0.01215733016272514,0.017176487827435066
coding,0,0,model.layers.0.mlp,23,0.01934784613965501,14.0,0.003951943324243612,30.0,0.002002627007301064,33.0,0.01934784613965501,0.01145283879120258,0.008403451508806442
coding,0,0,model.layers.0.mlp,24,0.018909694677612766,15.0,0.006133039502813393,18.0,0.002665174978101136,24.0,0.018909694677612766,0.017773714591224014,0.011183644587486666
coding,0,0,model.layers.0.mlp,25,0.032838299049903145,6.0,0.0129273598203579,5.0,0.004408665570271443,15.0,0.032838299049903145,0.03746383889418904,0.01849970424010714
coding,0,0,model.layers.0.mlp,26,0.009754635181256341,38.0,0.0032553059205216307,34.0,0.00204322679823433,32.0,0.009754635181256341,0.009433964726940332,0.008573816920404076
coding,0,0,model.layers.0.mlp,27,0.01590028595148049,21.0,0.006790120315094318,16.0,0.0057209257574056295,10.0,0.01590028595148049,0.01967795258210821,0.024006228824723204
coding,0,0,model.layers.0.mlp,28,0.009604741260031363,40.0,0.002155119219715663,51.0,0.0009000384208502535,56.0,0.009604741260031363,0.00624559386968179,0.0037767538328922503
coding,0,0,model.layers.0.mlp,29,0.029978784244995848,7.0,0.011994385013346324,6.0,0.004832717318824215,12.0,0.029978784244995848,0.03476005263404524,0.02027911612918893
coding,0,0,model.layers.0.mlp,30,0.009685453371460198,39.0,0.00400494442754935,29.0,0.0024069618757069523,29.0,0.009685453371460198,0.01160643742410622,0.010100127149143347
coding,0,0,model.layers.0.mlp,31,0.014954801217599853,23.0,0.004461280886795499,24.0,0.0021080257725522105,31.0,0.014954801217599853,0.012928912842777522,0.0088457272843987
coding,0,0,model.layers.0.mlp,32,0.006872059773083664,50.0,0.0026623736711327366,45.0,0.0016524926341362912,38.0,0.006872059773083664,0.007715631008767424,0.006934212746056563
coding,0,0,model.layers.0.mlp,33,0.015219998155151739,22.0,0.006746679002888341,17.0,0.004697434034429786,13.0,0.015219998155151739,0.019552058482736584,0.01971143851562634
coding,0,0,model.layers.0.mlp,34,0.013329028687390462,25.0,0.002900670324895074,38.0,0.001146279076026156,49.0,0.013329028687390462,0.008406221165584874,0.004810032320460525
coding,0,0,model.layers.0.mlp,35,0.0037588783322571716,59.0,0.0016130824423773176,57.0,0.0010137111455416528,53.0,0.0037588783322571716,0.004674756608004411,0.004253748913022252
coding,0,0,model.layers.0.mlp,36,0.03832672262706392,4.0,0.02105542300713149,3.0,0.01976438061972571,2.0,0.03832672262706392,0.061019186156321965,0.0829355708946004
coding,0,0,model.layers.0.mlp,37,0.008567014113089199,44.0,0.002660448200840559,46.0,0.00167735901251181,37.0,0.008567014113089199,0.007710050943709739,0.007038557391423113
coding,0,0,model.layers.0.mlp,38,0.007183377917166313,49.0,0.002794713158524352,43.0,0.00305726419910603,23.0,0.007183377917166313,0.008099154427615201,0.012828934870613753
coding,0,0,model.layers.0.mlp,39,0.018563785628632045,16.0,0.004913011981424684,22.0,0.0014427884314929128,39.0,0.018563785628632045,0.014238041790053543,0.006054249032553309
coding,0,0,model.layers.0.mlp,40,0.04798911539525874,3.0,0.015492559172066692,4.0,0.014397845833671674,5.0,0.04798911539525874,0.044897856093320095,0.060416442429581975
coding,0,0,model.layers.0.mlp,41,0.023775481966608246,10.0,0.01156658154661701,7.0,0.016224866054801636,4.0,0.023775481966608246,0.033520266600497756,0.06808301028165845
coding,0,0,model.layers.0.mlp,42,0.010734710820035052,34.0,0.004270434126666129,25.0,0.0024394247563724733,28.0,0.010734710820035052,0.012375833762878692,0.010236348343861243
coding,0,0,model.layers.0.mlp,43,0.008659256526150724,43.0,0.0020432843019267135,54.0,0.0006379949292942048,60.0,0.008659256526150724,0.005921493248904447,0.0026771632618765766
coding,0,0,model.layers.0.mlp,44,0.010423392675952403,35.0,0.00421824374769394,27.0,0.0023785465846322537,30.0,0.010423392675952403,0.012224584631051973,0.009980890506581205
coding,0,0,model.layers.0.mlp,45,0.010826953233096577,33.0,0.0028984971332787564,39.0,0.0010117839151348573,54.0,0.010826953233096577,0.008399923197420353,0.004245661841784943
coding,0,0,model.layers.0.mlp,46,0.0035398026012360482,62.0,0.0014022715955343142,60.0,0.0007113077274966356,58.0,0.0035398026012360482,0.004063821064086428,0.002984799452951085
coding,0,0,model.layers.0.mlp,47,0.005303938751037727,53.0,0.0021181411820576975,52.0,0.0014185068394405292,40.0,0.005303938751037727,0.00613843051500672,0.005952358275749914
coding,0,0,model.layers.0.mlp,48,0.004554469144912831,58.0,0.0017315495356171016,55.0,0.0010661565696191947,52.0,0.004554469144912831,0.005018077452869335,0.0044738211364006705
coding,0,0,model.layers.0.mlp,49,0.018540725025366665,17.0,0.009216280443599529,10.0,0.007658130639198246,7.0,0.018540725025366665,0.026709030346547494,0.03213515509377758
coding,0,0,model.layers.0.mlp,50,0.008324877778802694,48.0,0.0028167941365533624,42.0,0.0013065671198346327,44.0,0.008324877778802694,0.008163145700001867,0.005482635255842531
coding,0,0,model.layers.0.mlp,51,0.013882483165759617,24.0,0.004810252672147403,23.0,0.0032698752322646483,21.0,0.013882483165759617,0.013940242528553944,0.013721096267055507
coding,0,0,model.layers.0.mlp,52,0.026658057374780924,9.0,0.009775714013928604,9.0,0.006009974349150963,9.0,0.026658057374780924,0.028330283985500446,0.025219138575548077
coding,0,0,model.layers.0.mlp,53,0.028110875380499955,8.0,0.007752618999919288,12.0,0.0038707104625214555,18.0,0.028110875380499955,0.022467299839803185,0.016242329479150393
coding,0,0,model.layers.0.mlp,54,0.02171155797435661,13.0,0.011050364087290149,8.0,0.007909780936744333,6.0,0.02171155797435661,0.0320242544217284,0.033191133598459426
coding,0,0,model.layers.0.mlp,55,0.008497832303293054,45.0,0.003128281181538834,36.0,0.0013669091654172911,42.0,0.008497832303293054,0.009065843592930143,0.0057358433930280225
coding,0,0,model.layers.0.mlp,56,0.009374135227377548,42.0,0.0032439219996713863,35.0,0.0017377106677653187,36.0,0.009374135227377548,0.009400973815985248,0.007291805852844077
coding,0,0,model.layers.0.mlp,57,0.0046582418596070475,56.0,0.0038245244831542295,31.0,0.006614947448785362,8.0,0.0046582418596070475,0.011083575538613333,0.02775773517310496
coding,0,0,model.layers.0.mlp,58,0.010838483534729269,31.5,0.002834900313335947,41.0,0.0025022967903500343,27.0,0.010838483534729269,0.008215617890719744,0.010500172853799573
coding,0,0,model.layers.0.mlp,59,0.013017710543307814,27.0,0.005778516507788719,19.0,0.0035601975488196483,19.0,0.013017710543307814,0.01674629734946257,0.014939350839774112
coding,0,0,model.layers.0.mlp,60,0.010319619961258186,36.0,0.0034040625756676045,33.0,0.0018332658144680186,35.0,0.010319619961258186,0.009865065542595737,0.0076927756983547575
coding,0,0,model.layers.0.mlp,61,0.017929619038834055,19.0,0.005698975442619454,20.0,0.0031943699810095525,22.0,0.017929619038834055,0.016515785188249206,0.013404260073760799
coding,0,0,model.layers.0.mlp,62,0.005523014482058851,52.0,0.0020890451865314547,53.0,0.0011089482416333791,51.0,0.005523014482058851,0.006054109531912816,0.004653384150102647
coding,0,0,model.layers.0.mlp,63,0.02299142145558528,11.0,0.006883995436883129,15.0,0.0025219920678680183,26.0,0.02299142145558528,0.019950005227639896,0.010582818453290373
coding,1,1,model.layers.1.mlp,0,0.008071211142883498,34.0,0.00217068062289572,39.0,0.0016454057361645052,38.0,0.008071211142883498,0.006988784761819412,0.00540961823716264
coding,1,1,model.layers.1.mlp,1,0.014608892168619131,17.0,0.004009617352527442,21.0,0.0029707752843754678,18.0,0.014608892168619131,0.012909477496826893,0.009767050037354938
coding,1,1,model.layers.1.mlp,2,0.00453140854164745,54.0,0.0012983074598168988,48.0,0.0009940113527285373,46.0,0.00453140854164745,0.0041800674385808565,0.0032680218765989482
coding,1,1,model.layers.1.mlp,3,0.0040586661747071305,56.0,0.0008809308088218338,58.0,0.0005288356815463678,58.0,0.0040586661747071305,0.002836269761646574,0.0017386587906422291
coding,1,1,model.layers.1.mlp,4,0.010884604741260032,27.0,0.0034126314814708052,28.0,0.0021009705117139505,33.0,0.010884604741260032,0.010987404892200087,0.006907383477586472
coding,1,1,model.layers.1.mlp,5,0.0008186514159210405,64.0,0.00020484301494327092,64.0,0.00018074698818366626,64.0,0.0008186514159210405,0.0006595183677877482,0.0005942438281938899
coding,1,1,model.layers.1.mlp,6,0.0036205147126648833,59.0,0.0009741190669391661,56.0,0.0006076576324885412,55.0,0.0036205147126648833,0.003136301314626533,0.00199780257137285
coding,1,1,model.layers.1.mlp,7,0.012602619684530946,25.0,0.004087807210474126,19.0,0.0028723172321826283,21.0,0.012602619684530946,0.013161219776175953,0.009443348434138547
coding,1,1,model.layers.1.mlp,8,0.005442302370630016,47.0,0.0015021708495237985,43.0,0.0009004399219929716,48.0,0.005442302370630016,0.004836431777235055,0.002960386071606283
coding,1,1,model.layers.1.mlp,9,0.007955908126556591,35.0,0.0037116986800687208,27.0,0.05258805232122369,1.0,0.007955908126556591,0.011950290108143502,0.17289430846211218
coding,1,1,model.layers.1.mlp,10,0.005004150908587769,50.0,0.0011454183625818652,52.0,0.0007438739846672627,54.0,0.005004150908587769,0.0036878213744965314,0.0024456425458848317
coding,1,1,model.layers.1.mlp,11,0.04389585831565354,5.0,0.011447596490608569,6.0,0.01746014588302093,5.0,0.04389585831565354,0.036857005618032825,0.05740391048622609
coding,1,1,model.layers.1.mlp,12,0.014009316483719215,20.0,0.004705117490170418,17.0,0.00480800494036214,12.0,0.014009316483719215,0.015148729422021804,0.015807329850678675
coding,1,1,model.layers.1.mlp,13,0.003228484457153399,60.0,0.0007867404053477539,60.0,0.0005343357417565817,57.0,0.003228484457153399,0.002533011673116203,0.00175674139808957
coding,1,1,model.layers.1.mlp,14,0.0036435753159302646,58.0,0.0008041371983384836,59.0,0.0004333975893168605,62.0,0.0036435753159302646,0.002589022880143032,0.0014248859424642309
coding,1,1,model.layers.1.mlp,15,0.051794114934046676,4.0,0.014461284039612351,4.0,0.00901685990637139,8.0,0.051794114934046676,0.046559959335501166,0.02964482784966452
coding,1,1,model.layers.1.mlp,16,0.013721058942901947,22.0,0.003876512181043031,24.0,0.002179413170691797,30.0,0.013721058942901947,0.012480928319956897,0.00716528025602317
coding,1,1,model.layers.1.mlp,17,0.013063831749838576,24.0,0.0049090934804792,16.0,0.0032546569001090757,17.0,0.013063831749838576,0.01580545629276032,0.010700370696153337
coding,1,1,model.layers.1.mlp,18,0.07280232450880915,3.0,0.023110552892376166,3.0,0.02816026167460071,3.0,0.07280232450880915,0.07440739010052852,0.09258279691749038
coding,1,1,model.layers.1.mlp,19,0.007102665805737478,39.0,0.00237534347687598,34.0,0.001904596106494862,35.0,0.007102665805737478,0.007647723078272254,0.006261761221363258
coding,1,1,model.layers.1.mlp,20,0.010100544230237063,29.0,0.002781797869488516,32.0,0.002418626049998589,26.0,0.010100544230237063,0.00895635514302788,0.007951743026888843
coding,1,1,model.layers.1.mlp,21,0.035778525966239275,8.0,0.010489027566789271,7.0,0.010963989028784635,7.0,0.035778525966239275,0.03377076998425034,0.03604642532754282
coding,1,1,model.layers.1.mlp,22,0.006295544691449128,42.0,0.0014721177488815607,44.0,0.0009788025572439664,47.0,0.006295544691449128,0.0047396719639311025,0.003218019755170592
coding,1,1,model.layers.1.mlp,23,0.024928512129877317,10.0,0.007814763272097822,11.0,0.004340858388300059,14.0,0.024928512129877317,0.02516063298174428,0.014271487078334026
coding,1,1,model.layers.1.mlp,24,0.021815330689050824,13.0,0.006746453801684577,13.0,0.0038900688839029114,15.0,0.021815330689050824,0.021721073578587376,0.012789421548531773
coding,1,1,model.layers.1.mlp,25,0.10114380592196291,1.0,0.0444003653123847,1.0,0.04399221012286843,2.0,0.10114380592196291,0.14295267265087502,0.14463366508524614
coding,1,1,model.layers.1.mlp,26,0.01428604372290379,18.5,0.004019053282965132,20.0,0.0028690969800500453,22.0,0.01428604372290379,0.012939857685492577,0.009432761176368746
coding,1,1,model.layers.1.mlp,27,0.03791163176828706,6.0,0.01148392144477562,5.0,0.011269701693573678,6.0,0.03791163176828706,0.03697395846843318,0.03705152016246751
coding,1,1,model.layers.1.mlp,28,0.006998893091043261,40.0,0.0024999698230386957,33.0,0.0016885657176497722,37.0,0.006998893091043261,0.008048973589193252,0.005551515775153816
coding,1,1,model.layers.1.mlp,29,0.01962457337883959,14.0,0.005433801025187944,14.0,0.002861254772855373,23.0,0.01962457337883959,0.017494819552464656,0.009406978266945568
coding,1,1,model.layers.1.mlp,30,0.02336039110783138,11.0,0.008996146266920718,10.0,0.005619416390493692,9.0,0.02336039110783138,0.028964247103971354,0.018475016052324066
coding,1,1,model.layers.1.mlp,31,0.017110967622913014,16.0,0.005192678096318374,15.0,0.0029212110627763205,19.0,0.017110967622913014,0.01671849334711028,0.009604097209866611
coding,1,1,model.layers.1.mlp,32,0.009304953417581405,30.0,0.003255260880280878,29.0,0.0021900062238545495,29.0,0.009304953417581405,0.010480730051159983,0.0072001071514915405
coding,1,1,model.layers.1.mlp,33,0.004762014574301264,53.0,0.0012302066157988192,51.0,0.0008886966283221206,49.0,0.004762014574301264,0.003960808033986513,0.0029217775179772704
coding,1,1,model.layers.1.mlp,34,0.011553362235956093,26.0,0.0038682810770454754,25.0,0.00239508982327534,27.0,0.011553362235956093,0.012454427224593393,0.007874362719699154
coding,1,1,model.layers.1.mlp,35,0.002006272484088184,62.0,0.00044025709329743564,63.0,0.0004615083938354045,61.0,0.002006272484088184,0.0014174641964673025,0.001517306138554775
coding,1,1,model.layers.1.mlp,36,0.004024075269809058,57.0,0.0010483228635792363,55.0,0.0007852986187362003,51.0,0.004024075269809058,0.0033752099581908063,0.0025818347634040673
coding,1,1,model.layers.1.mlp,37,0.005119453924914676,49.0,0.0014177091380523014,47.0,0.001563720246344824,40.0,0.005119453924914676,0.00456449646078959,0.005141059968689501
coding,1,1,model.layers.1.mlp,38,0.0023291209298035237,61.0,0.0005806587837837838,61.0,0.00046158422777042125,60.0,0.0023291209298035237,0.0018695054524009785,0.001517555458603226
coding,1,1,model.layers.1.mlp,39,0.0019716815791901115,63.0,0.0005674619932432432,62.0,0.00033890726612622246,63.0,0.0019716815791901115,0.001827016692119138,0.0011142290848073528
coding,1,1,model.layers.1.mlp,40,0.00876302924084494,32.0,0.0023165884828140852,37.0,0.002113051747563206,32.0,0.00876302924084494,0.007458553836676142,0.006947103087370951
coding,1,1,model.layers.1.mlp,41,0.007875196015127756,36.0,0.002324616905728254,36.0,0.0019152734939621642,34.0,0.007875196015127756,0.007484402374287876,0.006296865383636943
coding,1,1,model.layers.1.mlp,42,0.01428604372290379,18.5,0.003957269332712619,22.0,0.0023819088933103015,28.0,0.01428604372290379,0.012740936330828364,0.007831027633674811
coding,1,1,model.layers.1.mlp,43,0.004416105525320542,55.0,0.0011241931491271563,53.0,0.0007847857657421719,52.0,0.004416105525320542,0.003619484076602957,0.0025801486510680627
coding,1,1,model.layers.1.mlp,44,0.030659072041324602,9.0,0.009130321144123005,9.0,0.004491090272149414,13.0,0.030659072041324602,0.029396240335642355,0.014765406067925734
coding,1,1,model.layers.1.mlp,45,0.013225255972696246,23.0,0.003792838673784706,26.0,0.0028548173076518623,24.0,0.013225255972696246,0.012211530728101643,0.009385813742961843
coding,1,1,model.layers.1.mlp,46,0.004773544875933954,52.0,0.00110005158008371,54.0,0.0005842640747449081,56.0,0.004773544875933954,0.003541757197725597,0.001920891318530698
coding,1,1,model.layers.1.mlp,47,0.0809311871598561,2.0,0.024964296601155338,2.0,0.019087288044506462,4.0,0.0809311871598561,0.08037575580462356,0.06275348337135934
coding,1,1,model.layers.1.mlp,48,0.035801586569504655,7.0,0.010288542195138825,8.0,0.005269335925451241,10.0,0.035801586569504655,0.03312528160812562,0.017324052720579193
coding,1,1,model.layers.1.mlp,49,0.009051286781662208,31.0,0.002352947217161701,35.0,0.002140992751212569,31.0,0.009051286781662208,0.007575615446701793,0.007038965027307151
coding,1,1,model.layers.1.mlp,50,0.005626787196753067,46.0,0.0014382925280762844,46.0,0.0011373646522968108,43.0,0.005626787196753067,0.004630767325802563,0.0037393260702440105
coding,1,1,model.layers.1.mlp,51,0.01934784613965501,15.0,0.004425293734434093,18.0,0.002620895874188534,25.0,0.01934784613965501,0.014247800939288003,0.008616747715833362
coding,1,1,model.layers.1.mlp,52,0.00567290840328383,45.0,0.0012395975059957568,50.0,0.0010839914890158585,45.0,0.00567290840328383,0.003991043209818471,0.0035638505439870433
coding,1,1,model.layers.1.mlp,53,0.010400332072687021,28.0,0.0039473379596266485,23.0,0.002898934615207064,20.0,0.010400332072687021,0.012708961000991689,0.00953085869222855
coding,1,1,model.layers.1.mlp,54,0.005776681117978046,43.0,0.00146601479625957,45.0,0.0007519930506707717,53.0,0.005776681117978046,0.0047200227249611735,0.0024723356870086075
coding,1,1,model.layers.1.mlp,55,0.00713725671063555,38.0,0.0020087159171490176,40.0,0.0015824710802580502,39.0,0.00713725671063555,0.006467318611739213,0.005202707288174021
coding,1,1,model.layers.1.mlp,56,0.005165575131445438,48.0,0.0012791878776173785,49.0,0.0008276355898351552,50.0,0.005165575131445438,0.004118509490663992,0.002721026481245651
coding,1,1,model.layers.1.mlp,57,0.0048081357808320265,51.0,0.0009649364878557098,57.0,0.0004945854639989975,59.0,0.0048081357808320265,0.003106736823150559,0.0016260539799267046
coding,1,1,model.layers.1.mlp,58,0.005707499308181902,44.0,0.0019513459104902684,41.0,0.001405888760664973,41.0,0.005707499308181902,0.006282608514780188,0.004622155685954684
coding,1,1,model.layers.1.mlp,59,0.007494696061248962,37.0,0.0028555174835404942,31.0,0.0037304648459260065,16.0,0.007494696061248962,0.009193704898629595,0.01226468962643621
coding,1,1,model.layers.1.mlp,60,0.01395166497555576,21.0,0.0032416699876337517,30.0,0.0016987785757462176,36.0,0.01395166497555576,0.010436972428583038,0.0055850926991901145
coding,1,1,model.layers.1.mlp,61,0.022772345724564155,12.0,0.006962838378320727,12.0,0.005160125362654254,11.0,0.022772345724564155,0.02241775148501752,0.016964999971939506
coding,1,1,model.layers.1.mlp,62,0.00873996863757956,33.0,0.0021829315683804537,38.0,0.0011131281606848197,44.0,0.00873996863757956,0.007028228252592997,0.003659643494604832
coding,1,1,model.layers.1.mlp,63,0.0063301355963472005,41.0,0.0016666578087526519,42.0,0.0012505670567685284,42.0,0.0063301355963472005,0.005366018646003933,0.004111502839937513
coding,2,2,model.layers.2.mlp,0,0.007794483903698921,33.0,0.001701631555697122,36.0,0.0014480926802942161,36.0,0.007794483903698921,0.005041544090099723,0.0018801377853067919
coding,2,2,model.layers.2.mlp,1,0.003459090489807213,54.0,0.0009092273400747164,52.0,0.0012122533022024108,44.0,0.003459090489807213,0.0026938321092857542,0.0015739346451020032
coding,2,2,model.layers.2.mlp,2,0.004104787381237893,48.0,0.0008567216794172585,54.0,0.0005369848710801887,56.0,0.004104787381237893,0.002538269877086821,0.0006971967747608755
coding,2,2,model.layers.2.mlp,3,0.009547089751867908,25.0,0.003002540089417489,25.0,0.002283815182137232,27.0,0.009547089751867908,0.008895837757832807,0.0029652019356393076
coding,2,2,model.layers.2.mlp,4,0.0008993635273498755,63.0,0.00020069931279402268,63.0,0.0001639366396800331,63.0,0.0008993635273498755,0.0005946260404704672,0.00021284788940168642
coding,2,2,model.layers.2.mlp,5,0.07524674845493957,2.0,0.028070085812468292,2.0,0.03198691697019942,3.0,0.07524674845493957,0.08316522737406883,0.041530360625069984
coding,2,2,model.layers.2.mlp,6,0.007021953694308643,37.0,0.0015473349509385666,39.0,0.0014105201895997243,38.0,0.007021953694308643,0.004584398632707061,0.0018313553693716119
coding,2,2,model.layers.2.mlp,7,0.002075454293884328,60.0,0.0007257333992482243,55.0,0.0004969229216398475,58.0,0.002075454293884328,0.0021501816405073244,0.0006451821586241982
coding,2,2,model.layers.2.mlp,8,0.001671893736740153,61.0,0.000382920866819251,62.0,0.0003434239895549573,62.0,0.001671893736740153,0.0011345067189339753,0.00044588611483892965
coding,2,2,model.layers.2.mlp,9,0.015600498109030532,17.0,0.0035751141499861636,20.0,0.003020223552448241,21.0,0.015600498109030532,0.010592243399547532,0.003921321126958345
coding,2,2,model.layers.2.mlp,10,0.007586938474310488,34.0,0.0014988040915275343,41.0,0.0007514059449111434,52.0,0.007586938474310488,0.004440612825120228,0.0009755913612135374
coding,2,2,model.layers.2.mlp,11,0.005200166036343511,44.0,0.001277161066783507,45.0,0.0012698689141131978,42.0,0.005200166036343511,0.0037839353688466264,0.001648740139564577
coding,2,2,model.layers.2.mlp,12,0.007932847523291209,32.0,0.0019642048992251637,33.0,0.0019245223743472853,29.0,0.007932847523291209,0.005819488694999343,0.002498712467729284
coding,2,2,model.layers.2.mlp,13,0.008347938382068074,30.0,0.002252304799199797,28.0,0.0023453909346740874,26.0,0.008347938382068074,0.006673062633031063,0.003045149096880203
coding,2,2,model.layers.2.mlp,14,0.03492528364542016,8.0,0.01300650678342058,10.0,0.01027883291684353,11.0,0.03492528364542016,0.03853529701377228,0.013345569947833907
coding,2,2,model.layers.2.mlp,15,0.019405497647818466,15.0,0.006674152955216309,13.0,0.007755091968645811,12.0,0.019405497647818466,0.019773984723742092,0.010068859291394113
coding,2,2,model.layers.2.mlp,16,0.01733004335393414,16.0,0.006053656078486763,15.0,0.006659688056752357,14.0,0.01733004335393414,0.0179355947671574,0.00864663658911147
coding,2,2,model.layers.2.mlp,17,0.004681302462872429,45.0,0.001429104318962734,42.0,0.0012548637704661045,43.0,0.004681302462872429,0.004234108382205496,0.0016292581423631792
coding,2,2,model.layers.2.mlp,18,0.005384650862466562,41.0,0.001596980556308228,38.0,0.0016848571421904115,32.0,0.005384650862466562,0.00473148717694148,0.0021875420123196815
coding,2,2,model.layers.2.mlp,19,0.011149801678811917,22.0,0.003766805414629647,19.0,0.0031302621573163028,20.0,0.011149801678811917,0.011160180659027404,0.004064190255205616
coding,2,2,model.layers.2.mlp,20,0.00600728715063186,39.0,0.0015113027583364082,40.0,0.002039704420625718,28.0,0.00600728715063186,0.004477643508744679,0.002648259606765328
coding,2,2,model.layers.2.mlp,21,0.003989484364910986,49.0,0.0010523314450062264,48.0,0.0012935879840016002,41.0,0.003989484364910986,0.0031178167562976016,0.0016795359029410325
coding,2,2,model.layers.2.mlp,22,0.022783876026196845,13.0,0.004819136859635873,17.0,0.004533928092825117,15.0,0.022783876026196845,0.014277997415325004,0.005886646372283655
coding,2,2,model.layers.2.mlp,23,0.0038626510469513885,50.0,0.0008654369660029056,53.0,0.0008671288183097272,50.0,0.0038626510469513885,0.002564091272695222,0.0011258406856260784
coding,2,2,model.layers.2.mlp,24,0.042339267595240294,7.0,0.013094912330972985,9.0,0.013677848582887505,6.0,0.042339267595240294,0.038797222378462795,0.01775869755599266
coding,2,2,model.layers.2.mlp,25,0.003516741997970667,52.0,0.0006768759980917351,56.0,0.0005047015398026019,57.0,0.003516741997970667,0.002005428364609582,0.0006552815632578137
coding,2,2,model.layers.2.mlp,26,0.006918180979614426,38.0,0.0034712738749308183,21.0,0.002719326855056555,24.0,0.006918180979614426,0.010284588476678442,0.0035306505173084224
coding,2,2,model.layers.2.mlp,27,0.00922424130615257,26.0,0.002086207651364035,31.0,0.0013939881723584774,39.0,0.00922424130615257,0.006180954872540721,0.0018098909488234074
coding,2,2,model.layers.2.mlp,28,0.014666543676782585,19.0,0.0037917689680668294,18.0,0.002898012071685722,23.0,0.014666543676782585,0.01123414194334759,0.0037626472893603122
coding,2,2,model.layers.2.mlp,29,0.012233650032284845,20.0,0.003407755875409326,22.0,0.0036509741321391655,18.0,0.012233650032284845,0.010096399209718505,0.004740259040338396
coding,2,2,model.layers.2.mlp,30,0.021665436767825848,14.0,0.015672528714054286,5.0,0.4648650758502426,1.0,0.021665436767825848,0.046434108635748914,0.6035597072405421
coding,2,2,model.layers.2.mlp,31,0.0031247117424591827,55.0,0.0010008954900666452,49.0,0.000854067259226137,51.0,0.0031247117424591827,0.002965423816841301,0.0011088821503732894
coding,2,2,model.layers.2.mlp,32,0.03185822341112444,10.0,0.013375949358194585,8.0,0.013549048141209954,8.0,0.03185822341112444,0.03962987064414907,0.01759146891071495
coding,2,2,model.layers.2.mlp,33,0.010942256249423485,23.0,0.0032437981390093166,23.0,0.0035546680105017314,19.0,0.010942256249423485,0.00961063003471343,0.004615219544793054
coding,2,2,model.layers.2.mlp,34,0.04575223687851674,6.0,0.01507451254749043,7.0,0.012669897400555427,9.0,0.04575223687851674,0.04466232386822388,0.01645001950697292
coding,2,2,model.layers.2.mlp,35,0.033599298957660735,9.0,0.01091705623472235,11.0,0.012072198437254496,10.0,0.033599298957660735,0.03234473418007494,0.01567399431160182
coding,2,2,model.layers.2.mlp,36,0.002801863296743843,56.0,0.00060893279491629,57.0,0.0005676627573020706,55.0,0.002801863296743843,0.0018041282339880157,0.0007370275492989968
coding,2,2,model.layers.2.mlp,37,0.0020869845955170186,59.0,0.0004732040294080343,60.0,0.0003742971585972614,60.0,0.0020869845955170186,0.0014019950264122184,0.00048597043572425194
coding,2,2,model.layers.2.mlp,38,0.02318743658334102,12.0,0.006243849755125219,14.0,0.00443566479623873,16.0,0.02318743658334102,0.018499095016797584,0.005759065769650309
coding,2,2,model.layers.2.mlp,39,0.007068074900839406,36.0,0.002442712416981828,26.0,0.0029408228184593832,22.0,0.007068074900839406,0.007237196741219774,0.003818230819145165
coding,2,2,model.layers.2.mlp,40,0.11923484918365465,1.0,0.05389053264498634,1.0,0.05163020197397976,2.0,0.11923484918365465,0.15966529032623097,0.0670343099687363
coding,2,2,model.layers.2.mlp,41,0.008394059588598837,29.0,0.001744340963990868,35.0,0.0013643874494794791,40.0,0.008394059588598837,0.005168082272971384,0.0017714587142609812
coding,2,2,model.layers.2.mlp,42,0.0053385296559357994,43.0,0.0013993439798853887,43.0,0.0011141090168030146,46.0,0.0053385296559357994,0.004145935322007815,0.001446508561190131
coding,2,2,model.layers.2.mlp,43,0.010446453279217784,24.0,0.00220386402027027,29.0,0.0014239147555651056,37.0,0.010446453279217784,0.006529543713254136,0.001848746265639509
coding,2,2,model.layers.2.mlp,44,0.0034706207914399043,53.0,0.0011142054757402454,47.0,0.0009977042190672154,48.0,0.0034706207914399043,0.0033011353207267544,0.0012953738571809899
coding,2,2,model.layers.2.mlp,45,0.04637487316668204,5.0,0.015598696499400424,6.0,0.014492296450099166,5.0,0.04637487316668204,0.046215360714554746,0.01881613968669665
coding,2,2,model.layers.2.mlp,46,0.008543953509823817,28.0,0.002347474827910248,27.0,0.0018392715556035896,30.0,0.008543953509823817,0.006955029604196704,0.0023880266754940814
coding,2,2,model.layers.2.mlp,47,0.007967438428189281,31.0,0.001834545306158334,34.0,0.0015013377617650472,35.0,0.007967438428189281,0.00543533705361596,0.0019492687814904811
coding,2,2,model.layers.2.mlp,48,0.00535005995756849,42.0,0.0012558345127871046,46.0,0.0009400503796335186,49.0,0.00535005995756849,0.0037207496798513915,0.0012205187298383942
coding,2,2,model.layers.2.mlp,49,0.007390923346554746,35.0,0.002098728838293285,30.0,0.001729827496895721,31.0,0.007390923346554746,0.006218052278117649,0.002245929478985781
coding,2,2,model.layers.2.mlp,50,0.0054884235771607785,40.0,0.0016477409076365189,37.0,0.001553231903443163,34.0,0.0054884235771607785,0.004881878457823486,0.00201664577878686
coding,2,2,model.layers.2.mlp,51,0.0015796513236786274,62.0,0.0004866935815134674,59.0,0.00037436640974570275,59.0,0.0015796513236786274,0.0014419614759456352,0.00048606034827103307
coding,2,2,model.layers.2.mlp,52,0.004600590351443594,46.0,0.0013743691663880178,44.0,0.0011119829116568016,47.0,0.004600590351443594,0.00407194067671139,0.0014437481228042964
coding,2,2,model.layers.2.mlp,53,0.002121575500415091,58.0,0.0005071643709355687,58.0,0.0006241076366013569,54.0,0.002121575500415091,0.0015026117307467635,0.0008103130176960248
coding,2,2,model.layers.2.mlp,54,0.011726316760446453,21.0,0.003100209851489715,24.0,0.002683308564855674,25.0,0.011726316760446453,0.009185210865723338,0.003483886004725524
coding,2,2,model.layers.2.mlp,55,0.0035628632045014296,51.0,0.0009442573873201272,51.0,0.0007154971470520452,53.0,0.0035628632045014296,0.0027976181063629323,0.0009289690085156997
coding,2,2,model.layers.2.mlp,56,0.008601605017987271,27.0,0.001969463347333041,32.0,0.0016288079981840841,33.0,0.008601605017987271,0.005835068270902603,0.002114770348658632
coding,2,2,model.layers.2.mlp,57,0.00035743935061341203,64.0,9.368370076561203e-05,64.0,0.00010959640387217175,64.0,0.00035743935061341203,0.00027756332230219295,0.00014229499455238473
coding,2,2,model.layers.2.mlp,58,0.004150908587768656,47.0,0.0009610236169403191,50.0,0.0011288350065380608,45.0,0.004150908587768656,0.002847292599981678,0.0014656281176271368
coding,2,2,model.layers.2.mlp,59,0.002559726962457338,57.0,0.0004063755721912185,61.0,0.00036788908269463563,61.0,0.002559726962457338,0.0012039976324382383,0.00047765048093158436
coding,2,2,model.layers.2.mlp,60,0.06320911355041048,4.0,0.026392770356747534,3.0,0.028323025459755437,4.0,0.06320911355041048,0.07819572631215559,0.03677333024725542
coding,2,2,model.layers.2.mlp,61,0.0656650677981736,3.0,0.017577832238435107,4.0,0.013637205975685334,7.0,0.0656650677981736,0.052079086064046,0.017705929040182842
coding,2,2,model.layers.2.mlp,62,0.03142007194908219,11.0,0.0092817239134132,12.0,0.007753607972400752,13.0,0.03142007194908219,0.027499619518066003,0.01006693253805052
coding,2,2,model.layers.2.mlp,63,0.015450604187805554,18.0,0.004968895660138594,16.0,0.003740574263215626,17.0,0.015450604187805554,0.014721698399293656,0.004856591782225516
coding,3,3,model.layers.3.mlp,0,0.002075454293884328,55.0,0.0005629692292281616,57.0,0.0006190439694211507,56.0,0.002075454293884328,0.0016365205851291843,0.0013764219575920385
coding,3,3,model.layers.3.mlp,1,0.0002075454293884328,62.0,4.3227371062401994e-05,62.0,4.187665961166665e-05,64.0,0.0002075454293884328,0.00012565959010162487,9.311124354220434e-05
coding,3,3,model.layers.3.mlp,2,0.0020178027857208746,57.0,0.0005320153237708699,58.0,0.000581170745402198,57.0,0.0020178027857208746,0.0015465392844807428,0.0012922122088188882
coding,3,3,model.layers.3.mlp,3,0.005142514528180057,44.5,0.001100637103213495,50.0,0.0008194120558724942,51.0,0.005142514528180057,0.0031994915221837785,0.0018219331771750558
coding,3,3,model.layers.3.mlp,4,0.01053869569227931,32.0,0.003830312154090951,28.0,0.005374473255286082,20.0,0.01053869569227931,0.011134506758449994,0.011949947603857838
coding,3,3,model.layers.3.mlp,5,0.013363619592288534,23.0,0.0032671965440803433,31.0,0.002305935157076199,36.0,0.013363619592288534,0.009497560652437422,0.005127163723040517
coding,3,3,model.layers.3.mlp,6,0.012395074255142514,28.0,0.005486115264822203,20.0,0.004797118616718811,25.0,0.012395074255142514,0.015947835329440885,0.010666220371065809
coding,3,3,model.layers.3.mlp,7,0.003286135965316853,54.0,0.00119541302981736,48.0,0.0014319423358990866,44.0,0.003286135965316853,0.0034749999279887734,0.003183872181131365
coding,3,3,model.layers.3.mlp,8,0.004496817636749377,49.0,0.0013193074720678443,45.0,0.0017214264286330304,43.0,0.004496817636749377,0.0038351542572120554,0.0038275296292205386
coding,3,3,model.layers.3.mlp,9,0.05992297758509363,3.0,0.020558989473555254,3.0,0.02487135054979165,5.0,0.05992297758509363,0.05976385162126075,0.055300551661480096
coding,3,3,model.layers.3.mlp,10,0.0020293330873535653,56.0,0.00036821522821349506,59.0,0.00020349618872101346,60.0,0.0020293330873535653,0.0010703814159711473,0.00045246644225256915
coding,3,3,model.layers.3.mlp,11,0.012279771238815608,29.0,0.004276041636639839,26.0,0.0037291970953775523,32.0,0.012279771238815608,0.012430217848362164,0.008291735352927805
coding,3,3,model.layers.3.mlp,12,0.005073332718383913,46.5,0.0016833452179515266,39.0,0.001764441284787203,41.0,0.005073332718383913,0.004893391961818862,0.003923171611757948
coding,3,3,model.layers.3.mlp,13,0.0061802416751222215,38.0,0.0014782995219248685,42.0,0.0009721297861456861,48.0,0.0061802416751222215,0.004297335401321183,0.0021614955469663245
coding,3,3,model.layers.3.mlp,14,0.023798542569873626,16.0,0.005652032251694954,18.0,0.004043811354049072,28.0,0.023798542569873626,0.016430146884571766,0.008991268819366295
coding,3,3,model.layers.3.mlp,15,0.07970897518679089,1.0,0.028184122072024028,2.0,0.02944685606573376,4.0,0.07970897518679089,0.08192969269012731,0.06547402328921458
coding,3,3,model.layers.3.mlp,16,0.004358454017157089,50.0,0.0010394386760907664,51.0,0.0007545792042986404,52.0,0.004358454017157089,0.0030215910605525384,0.0016777796680745617
coding,3,3,model.layers.3.mlp,17,0.005453832672262706,42.0,0.0013788844505234757,44.0,0.0010722037133308103,46.0,0.005453832672262706,0.004008341256750398,0.0023840063177099154
coding,3,3,model.layers.3.mlp,18,0.005523014482058851,40.0,0.0016312449194608432,40.0,0.0018705613227328651,40.0,0.005523014482058851,0.004741939259708881,0.0041591256918946
coding,3,3,model.layers.3.mlp,19,0.035801586569504655,6.0,0.013369418523285444,8.0,0.013778114096725375,10.0,0.035801586569504655,0.03886416430709881,0.030635140173765577
coding,3,3,model.layers.3.mlp,20,0.013109952956369339,26.0,0.003450341423041002,29.0,0.0038013188530076816,31.0,0.013109952956369339,0.010029952742305339,0.008452095481974963
coding,3,3,model.layers.3.mlp,21,0.0007264090028595148,61.0,0.00016113146129277743,61.0,0.00019467060842749136,61.0,0.0007264090028595148,0.00046840029548170145,0.00043284308251633846
coding,3,3,model.layers.3.mlp,22,0.00469283276450512,48.0,0.0009385147566241583,52.0,0.0006220629348555083,55.0,0.00469283276450512,0.0027282107776453062,0.0013831345184412245
coding,3,3,model.layers.3.mlp,23,0.005142514528180057,44.5,0.0008948595032746057,53.0,0.0005029769998645815,58.0,0.005142514528180057,0.0026013073572691667,0.0011183512334749575
coding,3,3,model.layers.3.mlp,24,0.0039779540632782955,52.0,0.0012383251191944932,47.0,0.0011002283696091744,45.0,0.0039779540632782955,0.003599743011572335,0.0024463181310235625
coding,3,3,model.layers.3.mlp,25,0.00014989392122497926,64.0,3.575069109745411e-05,64.0,4.97337599781406e-05,62.0,0.00014989392122497926,0.00010392529267326359,0.0001105812230616425
coding,3,3,model.layers.3.mlp,26,0.010331150262890876,33.0,0.0026630154945634626,35.0,0.0017344873365382131,42.0,0.010331150262890876,0.007741239572447091,0.0038565700872732855
coding,3,3,model.layers.3.mlp,27,0.003597454109399502,53.0,0.0008248894892652892,54.0,0.0009026865763271023,50.0,0.003597454109399502,0.0023979083750103763,0.00200709107245162
coding,3,3,model.layers.3.mlp,28,0.005292408449405037,43.0,0.0013854490656131815,43.0,0.0021115739320149425,38.0,0.005292408449405037,0.004027424231751504,0.004695008543289789
coding,3,3,model.layers.3.mlp,29,0.035294253297666264,7.0,0.01633063982184243,6.0,0.02076287610363052,6.0,0.035294253297666264,0.047472271749943507,0.046165506787059
coding,3,3,model.layers.3.mlp,30,0.019520800664145375,18.0,0.005633982375213311,19.0,0.0072120498515684086,15.0,0.019520800664145375,0.016377676886412635,0.016035732945156436
coding,3,3,model.layers.3.mlp,31,0.04775850936260492,4.0,0.018014733833796467,4.0,0.029900042292223063,3.0,0.04775850936260492,0.05236784041474277,0.06648166653239394
coding,3,3,model.layers.3.mlp,32,0.005073332718383913,46.5,0.00158278162041094,41.0,0.0020244482974429464,39.0,0.005073332718383913,0.004601059114932274,0.004501287834555366
coding,3,3,model.layers.3.mlp,33,0.007909786920025828,36.0,0.0025591752195081173,36.0,0.004273015025378747,27.0,0.007909786920025828,0.007439381604247772,0.009500894922781649
coding,3,3,model.layers.3.mlp,34,0.0017756664514343694,59.0,0.0005732271440595886,56.0,0.0006472608628648859,54.0,0.0017756664514343694,0.0016663397793418907,0.0014391612033152598
coding,3,3,model.layers.3.mlp,35,0.02739599667927313,12.0,0.008423076763703763,13.0,0.009239313992893395,13.0,0.02739599667927313,0.02448542086895816,0.02054328170710928
coding,3,3,model.layers.3.mlp,36,0.021192694400885528,17.0,0.00514768289580643,22.0,0.003993443460387119,29.0,0.021192694400885528,0.014964031047051088,0.008879277622910901
coding,3,3,model.layers.3.mlp,37,0.024790148510285027,13.0,0.009670792773095195,10.0,0.010540805519941207,11.0,0.024790148510285027,0.028112462681818527,0.023437101215800536
coding,3,3,model.layers.3.mlp,38,0.028929526796420996,11.0,0.0076886731181106446,15.0,0.006281646034361504,19.0,0.028929526796420996,0.02235054986463199,0.013967013586451579
coding,3,3,model.layers.3.mlp,39,0.013340558989023152,24.0,0.007831653362380085,14.0,0.06643471895092451,1.0,0.013340558989023152,0.022766185570573753,0.14771520348710165
coding,3,3,model.layers.3.mlp,40,0.00551148418042616,41.0,0.002349422818322802,37.0,0.0023109406591411523,35.0,0.00551148418042616,0.006829642910730432,0.005138293276499241
coding,3,3,model.layers.3.mlp,41,0.00890139286043723,34.0,0.002839595758434416,34.0,0.003901109167426816,30.0,0.00890139286043723,0.0082545486873139,0.008673975649953897
coding,3,3,model.layers.3.mlp,42,0.03236555668296283,9.0,0.012831716869119545,9.0,0.01687832235652201,8.0,0.03236555668296283,0.037301095172917284,0.03752834151757709
coding,3,3,model.layers.3.mlp,43,0.07591550594963564,2.0,0.03226006680908991,1.0,0.0464351032946055,2.0,0.07591550594963564,0.09377823985708783,0.10324677879911139
coding,3,3,model.layers.3.mlp,44,0.030301632690711188,10.0,0.009154124911360806,12.0,0.010063668214882249,12.0,0.030301632690711188,0.026610537625342087,0.02237620361254379
coding,3,3,model.layers.3.mlp,45,0.015508255695969007,21.0,0.0063201141427797255,17.0,0.00810682752697398,14.0,0.015508255695969007,0.018372224196348166,0.01802523886142118
coding,3,3,model.layers.3.mlp,46,0.008198044460843096,35.0,0.003072532623547182,32.0,0.005220246962675825,22.0,0.008198044460843096,0.008931683342284547,0.011607031000073991
coding,3,3,model.layers.3.mlp,47,0.006341665897979891,37.0,0.0018618734722350336,38.0,0.0022381688527004845,37.0,0.006341665897979891,0.005412363777672278,0.004976487787347584
coding,3,3,model.layers.3.mlp,48,0.0011760907665344525,60.0,0.00031590098857923625,60.0,0.00035141758396005113,59.0,0.0011760907665344525,0.0009183067987239087,0.0007813643339403667
coding,3,3,model.layers.3.mlp,49,0.01101143805921963,31.0,0.004080262970148049,27.0,0.005110636423593209,23.0,0.01101143805921963,0.011861100033020421,0.011363315916446107
coding,3,3,model.layers.3.mlp,50,0.0018448482612305138,58.0,0.0005924255466804261,55.0,0.0006704644561459928,53.0,0.0018448482612305138,0.0017221484798168245,0.0014907535567905952
coding,3,3,model.layers.3.mlp,51,0.019509270362512682,19.0,0.005465205333052762,21.0,0.0052530747582228265,21.0,0.019509270362512682,0.015887051307867894,0.01168002242046128
coding,3,3,model.layers.3.mlp,52,0.04658241859607047,5.0,0.01423251339676921,7.0,0.014086517637731097,9.0,0.04658241859607047,0.041373133632673094,0.03132086433328908
coding,3,3,model.layers.3.mlp,53,0.004254681302462872,51.0,0.001168692906990822,49.0,0.0010027049040441946,47.0,0.004254681302462872,0.0033973260005828983,0.002229478219781673
coding,3,3,model.layers.3.mlp,54,0.014009316483719215,22.0,0.002976551870503182,33.0,0.0030679036185768034,34.0,0.014009316483719215,0.008652672572285523,0.006821373138217839
coding,3,3,model.layers.3.mlp,55,0.02404067890416013,15.0,0.005115062501441288,23.0,0.003147284333726355,33.0,0.02404067890416013,0.014869205354807168,0.006997873297719221
coding,3,3,model.layers.3.mlp,56,0.01312148325800203,25.0,0.004623223072421825,25.0,0.006340280751132534,18.0,0.01312148325800203,0.013439455186628223,0.01409738576617946
coding,3,3,model.layers.3.mlp,57,0.011115210773913845,30.0,0.003356229839988239,30.0,0.004455211686176431,26.0,0.011115210773913845,0.009756375546663405,0.009906002632265319
coding,3,3,model.layers.3.mlp,58,0.00016142422285766995,63.0,3.7856322352642746e-05,63.0,4.2948139747749915e-05,63.0,0.00016142422285766995,0.00011004624691890149,9.549364101197981e-05
coding,3,3,model.layers.3.mlp,59,0.01297158933677705,27.0,0.004923179815774606,24.0,0.0070047942725134866,16.0,0.01297158933677705,0.014311412941438638,0.015574907633973137
coding,3,3,model.layers.3.mlp,60,0.00584586292777419,39.0,0.0012993208652338345,46.0,0.0009645605855842609,49.0,0.00584586292777419,0.003777054290441963,0.0021446657022884006
coding,3,3,model.layers.3.mlp,61,0.01835624019924361,20.0,0.009188141553189281,11.0,0.004921026139579986,24.0,0.01835624019924361,0.026709422132166,0.01094172428290657
coding,3,3,model.layers.3.mlp,62,0.03520201088460474,8.0,0.016566374811911956,5.0,0.0190305708959175,7.0,0.03520201088460474,0.04815754040026196,0.04231378858459141
coding,3,3,model.layers.3.mlp,63,0.024098330412323586,14.0,0.007367446121062402,16.0,0.006616405028663936,17.0,0.024098330412323586,0.021416760652227935,0.014711338146611897
coding,4,4,model.layers.4.mlp,0,0.0002882575408172678,63.0,5.751638744119546e-05,63.0,7.991932766176482e-05,63.0,0.0002882575408172678,0.00017562372596083636,0.00015010231802225593
coding,4,4,model.layers.4.mlp,1,0.0013951664975555762,54.0,0.0002908135744799834,53.0,0.00034003197520039377,55.0,0.0013951664975555762,0.0008879862902095773,0.0006386388521094106
coding,4,4,model.layers.4.mlp,2,0.013259846877594317,19.0,0.004736656918757495,18.0,0.009852369666682344,14.0,0.013259846877594317,0.014463170822765353,0.018504454031946293
coding,4,4,model.layers.4.mlp,3,0.0012106816714325247,57.0,0.00025666181192925006,57.0,0.00026179413537034117,57.0,0.0012106816714325247,0.0007837054051588301,0.0004916946590195166
coding,4,4,model.layers.4.mlp,4,0.021930633705377733,12.0,0.0058058446738654184,15.0,0.006583866263034379,20.0,0.021930633705377733,0.017727887986995042,0.012365639408435495
coding,4,4,model.layers.4.mlp,5,0.002628908772253482,49.0,0.0006234132323182824,47.0,0.0009782128893378453,45.0,0.002628908772253482,0.0019035645238491983,0.0018372529712747674
coding,4,4,model.layers.4.mlp,6,0.05698275066875749,6.0,0.024002833841867677,4.0,0.029969093533704097,6.0,0.05698275066875749,0.07329158350283276,0.056287140295687633
coding,4,4,model.layers.4.mlp,7,0.009028226178396827,26.0,0.002780835134342427,23.0,0.0033669391589079625,24.0,0.009028226178396827,0.008491156160934802,0.0063236939946602864
coding,4,4,model.layers.4.mlp,8,0.008036620237985426,27.0,0.0020603095129312333,27.0,0.0035600843303714466,23.0,0.008036620237985426,0.00629106328458967,0.006686454027804874
coding,4,4,model.layers.4.mlp,9,0.00535005995756849,35.5,0.0010309373306486948,42.0,0.0011156046131299152,44.0,0.00535005995756849,0.003147921197689173,0.0020952983880923766
coding,4,4,model.layers.4.mlp,10,0.0030439996310303477,46.0,0.0008707967546524768,45.0,0.0015381484345452457,38.0,0.0030439996310303477,0.002658939085196022,0.0028889087563984043
coding,4,4,model.layers.4.mlp,11,0.01169172585554838,22.0,0.002368553660582511,25.0,0.002060444565099353,31.0,0.01169172585554838,0.007232273053222773,0.003869871211713623
coding,4,4,model.layers.4.mlp,12,0.010100544230237063,24.0,0.002012679458335255,28.0,0.0013121047244747345,43.0,0.010100544230237063,0.006145627035409103,0.002464359578513275
coding,4,4,model.layers.4.mlp,13,0.001233742274697906,56.0,0.00028611812938151464,55.0,0.0004811365311655564,53.0,0.001233742274697906,0.0008736489578435497,0.0009036576098185685
coding,4,4,model.layers.4.mlp,14,0.007287150631860529,28.0,0.008437388300202932,11.0,0.05112605010899063,3.0,0.007287150631860529,0.02576318918108338,0.09602356347590975
coding,4,4,model.layers.4.mlp,15,0.004612120653076285,39.0,0.0011097690120261045,40.0,0.0009707700869725008,46.0,0.004612120653076285,0.0033886302238152134,0.0018232741013279642
coding,4,4,model.layers.4.mlp,16,0.004001014666543677,42.0,0.0008910986431717553,43.0,0.0006977911443999279,49.0,0.004001014666543677,0.0027209299970807886,0.0013105724401625799
coding,4,4,model.layers.4.mlp,17,0.11116363804077115,1.0,0.0411005596339994,2.0,0.055416828943193976,2.0,0.11116363804077115,0.12549872728669578,0.10408238814296067
coding,4,4,model.layers.4.mlp,18,0.0007725302093902777,59.0,0.00015344084018425422,59.0,0.00017515818077544094,59.0,0.0007725302093902777,0.00046852476775025785,0.0003289773540917004
coding,4,4,model.layers.4.mlp,19,0.06458121944470067,4.0,0.018400807517468407,6.0,0.026195573824356538,7.0,0.06458121944470067,0.056186045763217715,0.04919981771618697
coding,4,4,model.layers.4.mlp,20,0.003954893460012914,43.0,0.0010653931148245088,41.0,0.0014259013125772417,40.0,0.003954893460012914,0.0032531303992240513,0.0026780892501329003
coding,4,4,model.layers.4.mlp,21,0.09799603357623836,2.0,0.04152211376732428,1.0,0.0833483606387236,1.0,0.09799603357623836,0.12678592404717381,0.15654263494527373
coding,4,4,model.layers.4.mlp,22,0.00043815146204224703,62.0,0.0001168118643921225,62.0,0.00021459484869247762,58.0,0.00043815146204224703,0.00035667982245844097,0.000403046236333476
coding,4,4,model.layers.4.mlp,23,0.016718937367401532,16.0,0.004119065137556498,19.0,0.007425729388427981,18.0,0.016718937367401532,0.012577381840482668,0.013946803943675909
coding,4,4,model.layers.4.mlp,24,0.0017064846416382253,51.0,0.0004820656967761277,50.0,0.0008403484060701964,47.0,0.0017064846416382253,0.0014719661229121626,0.0015783196304063984
coding,4,4,model.layers.4.mlp,25,0.0857623835439535,3.0,0.02831986772762257,3.0,0.03649907095187507,4.0,0.0857623835439535,0.08647345409389891,0.06855156713432059
coding,4,4,model.layers.4.mlp,26,0.004831196384097408,38.0,0.001140689137302832,39.0,0.001606730064714805,36.0,0.004831196384097408,0.003483043448460565,0.0030177169178704747
coding,4,4,model.layers.4.mlp,27,0.014977861820865234,17.0,0.005166025533852966,17.0,0.01085358797079874,13.0,0.014977861820865234,0.01577422875509476,0.020384915150566073
coding,4,4,model.layers.4.mlp,28,0.006030347753897242,32.0,0.0015234523632794484,32.0,0.001566350771810596,37.0,0.006030347753897242,0.004651793901981847,0.002941877622892007
coding,4,4,model.layers.4.mlp,29,0.0006111059865326077,60.0,0.0001282971257840605,60.0,0.00015607721010509447,61.0,0.0006111059865326077,0.0003917495563034004,0.0002931399914470202
coding,4,4,model.layers.4.mlp,30,0.0031593026473572547,45.0,0.0008036079755096393,46.0,0.001312905440934964,42.0,0.0031593026473572547,0.002453781142203009,0.002465863462495729
coding,4,4,model.layers.4.mlp,31,0.0005765150816345356,61.0,0.00012518934917212434,61.0,0.0001670585143044914,60.0,0.0005765150816345356,0.00038226009891005846,0.0003137647797612193
coding,4,4,model.layers.4.mlp,32,0.006987362789410571,29.0,0.0016729634424580296,31.0,0.0015136564092722814,39.0,0.006987362789410571,0.0051083193196224085,0.0028429084974611603
coding,4,4,model.layers.4.mlp,33,0.01851766442210128,14.0,0.005257175721076238,16.0,0.008590366521254203,17.0,0.01851766442210128,0.01605255178987412,0.01613419388308909
coding,4,4,model.layers.4.mlp,34,0.04366525228299972,7.0,0.015778148078619363,7.0,0.024693235510302343,8.0,0.04366525228299972,0.048177872039721216,0.04637816655881532
coding,4,4,model.layers.4.mlp,35,0.006825938566552901,30.0,0.0018003822835474127,29.0,0.002548450790672117,27.0,0.006825938566552901,0.005497387072749429,0.0047864312956244475
coding,4,4,model.layers.4.mlp,36,0.00535005995756849,35.5,0.001471036783103496,34.0,0.0025152724413906513,28.0,0.00535005995756849,0.004491745263699214,0.004724116618048866
coding,4,4,model.layers.4.mlp,37,0.006134120468591458,31.0,0.0017704417835070565,30.0,0.002241445326099162,29.0,0.006134120468591458,0.005405965090108501,0.00420982194184047
coding,4,4,model.layers.4.mlp,38,0.005891984134304954,34.0,0.0013656088395616179,35.0,0.002031051402502796,32.0,0.005891984134304954,0.004169825736257689,0.0038146657693152505
coding,4,4,model.layers.4.mlp,39,0.01492021031270178,18.0,0.0039388028340040125,20.0,0.007098921082488462,19.0,0.01492021031270178,0.012026958929576828,0.013333001429244633
coding,4,4,model.layers.4.mlp,40,0.0012452725763305967,55.0,0.0002787765701388248,56.0,0.0003470195841001921,54.0,0.0012452725763305967,0.0008512318338563795,0.0006517627900100352
coding,4,4,model.layers.4.mlp,41,0.017122497924545708,15.0,0.008061808992626372,12.0,0.010994135734175263,12.0,0.017122497924545708,0.024616374502261198,0.020648888155506064
coding,4,4,model.layers.4.mlp,42,0.009316483719214095,25.0,0.0022569101638167605,26.0,0.003214846131227826,25.0,0.009316483719214095,0.006891374610994564,0.0060380369868031775
coding,4,4,model.layers.4.mlp,43,0.042062540356055715,8.0,0.0128019565300422,8.0,0.022381624350709655,9.0,0.042062540356055715,0.039090203773548056,0.04203656104769965
coding,4,4,model.layers.4.mlp,44,0.004981090305322387,37.0,0.0011645379447813855,38.0,0.0017638778178776095,35.0,0.004981090305322387,0.0035558647193268634,0.0033128675743118877
coding,4,4,model.layers.4.mlp,45,0.005915044737570335,33.0,0.0015020469888617285,33.0,0.002074928521098339,30.0,0.005915044737570335,0.004586433545080604,0.00389707458583085
coding,4,4,model.layers.4.mlp,46,0.0019486209759247302,50.0,0.0003756862781483489,51.0,0.000491636935643836,52.0,0.0019486209759247302,0.0011471413086962265,0.0009233791852931716
coding,4,4,model.layers.4.mlp,47,0.011760907665344525,21.0,0.0024056893390831105,24.0,0.0027969039927801405,26.0,0.011760907665344525,0.007345665192654809,0.005253069374892328
coding,4,4,model.layers.4.mlp,48,0.010630938105340836,23.0,0.00337152100172378,21.0,0.00585845476498343,21.0,0.010630938105340836,0.010294789134371868,0.011003191167651081
coding,4,4,model.layers.4.mlp,49,0.0014297574024536481,53.0,0.0002896537882806014,54.0,0.00028779615772055276,56.0,0.0014297574024536481,0.0008844449347330764,0.0005405309535958602
coding,4,4,model.layers.4.mlp,50,0.002663499677151554,48.0,0.000582741894918596,49.0,0.0006726486373858725,50.0,0.002663499677151554,0.0017793764075276358,0.001263350464025935
coding,4,4,model.layers.4.mlp,51,0.0028479845032746056,47.0,0.0006130089367044092,48.0,0.0008162624643287935,48.0,0.0028479845032746056,0.0018717954708367057,0.0015330820665665906
coding,4,4,model.layers.4.mlp,52,0.028295360206623005,11.0,0.007682829146872982,13.0,0.009841378446960128,15.0,0.028295360206623005,0.02345917643165355,0.01848381062056552
coding,4,4,model.layers.4.mlp,53,2.306060326538142e-05,64.0,3.5356588990868e-06,64.0,3.65942471934117e-06,64.0,2.306060326538142e-05,1.0795976889526746e-05,6.873032457502074e-06
coding,4,4,model.layers.4.mlp,54,0.0008532423208191126,58.0,0.00015628963541186236,58.0,0.00013002828229175767,62.0,0.0008532423208191126,0.00047722343702748796,0.0002442156002994343
coding,4,4,model.layers.4.mlp,55,0.06070703809611659,5.0,0.01881036968669288,5.0,0.03007553692794728,5.0,0.06070703809611659,0.057436625595710576,0.05648705939763102
coding,4,4,model.layers.4.mlp,56,0.004439166128585924,40.0,0.0008884525290275343,44.0,0.0013505615087243386,41.0,0.004439166128585924,0.002712850205459646,0.002536588069773582
coding,4,4,model.layers.4.mlp,57,0.003597454109399502,44.0,0.001177791035622867,37.0,0.0018339354801569442,34.0,0.003597454109399502,0.003596332441616586,0.0034444479793404887
coding,4,4,model.layers.4.mlp,58,0.004220090397564801,41.0,0.0011880151702737293,36.0,0.0019918829738714413,33.0,0.004220090397564801,0.003627551381157001,0.003741100686839357
coding,4,4,model.layers.4.mlp,59,0.012614149986163638,20.0,0.002939686433447099,22.0,0.004159744867769602,22.0,0.012614149986163638,0.008976201523893397,0.007812720218017054
coding,4,4,model.layers.4.mlp,60,0.0015104695138824832,52.0,0.0003512350574497279,52.0,0.0006143602195255388,51.0,0.0015104695138824832,0.001072480595907668,0.0011538747353046614
coding,4,4,model.layers.4.mlp,61,0.03608984411032193,9.0,0.01038109988988562,9.0,0.015056914337973853,10.0,0.03608984411032193,0.0316982259029627,0.028279488961137595
coding,4,4,model.layers.4.mlp,62,0.01947467945761461,13.0,0.005946392745134213,14.0,0.01427469199329007,11.0,0.01947467945761461,0.018157045259399734,0.026810340125917688
coding,4,4,model.layers.4.mlp,63,0.03259616271561664,10.0,0.009423611931844387,10.0,0.008668467926149954,16.0,0.03259616271561664,0.028774579091421244,0.016280881827778294
coding,5,5,model.layers.5.mlp,0,0.10665529010238908,2.0,0.05927554664439397,1.0,0.116673568596799,1.0,0.10665529010238908,0.17416317489830724,0.1897482863391878
coding,5,5,model.layers.5.mlp,1,0.0028941057098053687,43.0,0.0007800519295959782,40.0,0.0012381744451017444,36.0,0.0028941057098053687,0.002291945470516131,0.0020136649797602617
coding,5,5,model.layers.5.mlp,2,0.10147818466931095,3.0,0.031689266208000874,3.0,0.047106295271494236,3.0,0.10147818466931095,0.09310927566966685,0.07660980041197647
coding,5,5,model.layers.5.mlp,3,0.00017295452449036066,62.0,3.7754981810949176e-05,62.0,6.0945190884466376e-05,62.0,0.00017295452449036066,0.00011093153707836174,9.911624089347908e-05
coding,5,5,model.layers.5.mlp,4,0.0002651969375518864,60.0,6.41710830124066e-05,60.0,0.0001229723011195995,58.0,0.0002651969375518864,0.00018854722034285224,0.00019999202634546627
coding,5,5,model.layers.5.mlp,5,0.007148787012268241,30.0,0.0017888407218545337,31.0,0.0017047546757217615,33.0,0.007148787012268241,0.0052559646792397895,0.002772472653723191
coding,5,5,model.layers.5.mlp,6,0.04354994926667281,7.0,0.018116536037957754,4.0,0.044200823877957596,4.0,0.04354994926667281,0.05322993398035126,0.07188458094229244
coding,5,5,model.layers.5.mlp,7,0.0007264090028595148,55.0,0.00019195024602781108,54.0,0.0004455349430855587,54.0,0.0007264090028595148,0.0005639874478302512,0.0007245813509558815
coding,5,5,model.layers.5.mlp,8,0.024524951572733142,11.0,0.007857878042558343,13.0,0.02250727349437808,7.0,0.024524951572733142,0.023087985945804666,0.03660397660831328
coding,5,5,model.layers.5.mlp,9,0.0037588783322571716,36.0,0.00089797853994673,36.0,0.0016201762875120926,34.0,0.0037588783322571716,0.0026384369670331854,0.00263492132639921
coding,5,5,model.layers.5.mlp,10,0.03301125357439351,9.0,0.008711165403618208,11.0,0.013651574685305052,11.0,0.03301125357439351,0.025595111469156367,0.022201797146703017
coding,5,5,model.layers.5.mlp,11,0.005822802324508809,31.0,0.0015656550688647264,32.0,0.00268201088278004,29.0,0.005822802324508809,0.004600201483167554,0.004361801692286002
coding,5,5,model.layers.5.mlp,12,0.0026173784706207915,46.0,0.0005893290301286782,46.0,0.001020228459822187,42.0,0.0026173784706207915,0.0017315642074581857,0.0016592155725923348
coding,5,5,model.layers.5.mlp,13,0.009662392768194816,27.0,0.0029935545613873258,27.0,0.004651391899857329,25.0,0.009662392768194816,0.008795650080973737,0.007564640841148675
coding,5,5,model.layers.5.mlp,14,0.015923346554745872,19.0,0.006051313985967623,15.0,0.011028590424233901,16.0,0.015923346554745872,0.017779946635082224,0.017935991492357355
coding,5,5,model.layers.5.mlp,15,0.012568028779632876,22.0,0.0034061231666820406,25.0,0.007034414732627198,21.0,0.012568028779632876,0.010007857512691952,0.011440192984306874
coding,5,5,model.layers.5.mlp,16,0.002721151185315008,45.0,0.0007448529814477446,42.0,0.0010242728744457815,41.0,0.002721151185315008,0.002188524061358076,0.0016657930755632456
coding,5,5,model.layers.5.mlp,17,0.04278894935891523,8.0,0.012231003918140623,8.0,0.020016204726925835,9.0,0.04278894935891523,0.03593708696364205,0.032552707452309204
coding,5,5,model.layers.5.mlp,18,0.0019716815791901115,51.0,0.00046081796320104234,49.0,0.0009644346368559149,44.0,0.0019716815791901115,0.0013539735028129894,0.001568477092373666
coding,5,5,model.layers.5.mlp,19,0.01847154321557052,16.0,0.004210812107969745,19.0,0.005186755104666871,24.0,0.01847154321557052,0.012372191352765927,0.008435311481495003
coding,5,5,model.layers.5.mlp,20,0.0031362420440918734,42.0,0.0005998346662842449,44.0,0.0007170961575115115,48.0,0.0031362420440918734,0.0017624318257385648,0.0011662261527154378
coding,5,5,model.layers.5.mlp,21,0.04843879715893368,6.0,0.014235970235246979,7.0,0.025314840264518745,6.0,0.04843879715893368,0.041828071005447325,0.04116997205890288
coding,5,5,model.layers.5.mlp,22,0.013259846877594317,21.0,0.0042670335884893,18.0,0.008500478637360327,20.0,0.013259846877594317,0.012537381082748707,0.013824478619283856
coding,5,5,model.layers.5.mlp,23,0.0004842726685730099,57.0,0.00010480864023152845,58.0,0.000122871347505023,59.0,0.0004842726685730099,0.00030794832899653775,0.00019982784369813647
coding,5,5,model.layers.5.mlp,24,0.00043815146204224703,58.0,0.00011034858984411032,56.0,0.00023469447673120331,55.0,0.00043815146204224703,0.0003242257868678631,0.00038168777477712296
coding,5,5,model.layers.5.mlp,25,0.004473757033483996,35.0,0.0011216596355848169,35.0,0.001576534340022543,35.0,0.004473757033483996,0.00329565587071993,0.0025639456560032498
coding,5,5,model.layers.5.mlp,26,0.0035628632045014296,39.0,0.0008282562472615533,37.0,0.000766555165732636,47.0,0.0035628632045014296,0.0024335792045550413,0.0012466622117720187
coding,5,5,model.layers.5.mlp,27,0.011414998616363805,25.0,0.004180601366484872,20.0,0.008842473198991235,19.0,0.011414998616363805,0.012283426272544858,0.01438067041822543
coding,5,5,model.layers.5.mlp,28,0.002398302739599668,48.0,0.0004996651708502445,48.0,0.0005205677319330083,52.0,0.002398302739599668,0.0014681142134960639,0.0008466085013574876
coding,5,5,model.layers.5.mlp,29,0.018194815976385944,17.0,0.005584134088760262,16.0,0.011850367392047438,13.0,0.018194815976385944,0.01640728052312838,0.019272461896674024
coding,5,5,model.layers.5.mlp,30,0.005730559911447284,32.0,0.0013462865762787104,33.0,0.00207566434032813,32.0,0.005730559911447284,0.003955653852579828,0.003375689595590453
coding,5,5,model.layers.5.mlp,31,0.05086016050179873,4.0,0.015061084925716032,6.0,0.02163506246956828,8.0,0.05086016050179873,0.04425241970035582,0.035185484405886994
coding,5,5,model.layers.5.mlp,32,0.0017410755465362975,52.0,0.00037104150332072685,52.0,0.0005919949997162513,50.0,0.0017410755465362975,0.0010901926662112067,0.0009627719291394718
coding,5,5,model.layers.5.mlp,33,0.0034936813947052856,40.0,0.0007644680062955447,41.0,0.0010755959353236605,39.0,0.0034936813947052856,0.002246156849187037,0.0017492606763950464
coding,5,5,model.layers.5.mlp,34,0.003597454109399502,38.0,0.0006962095214348307,43.0,0.001044477261283303,40.0,0.003597454109399502,0.0020456000410244875,0.001698651826907369
coding,5,5,model.layers.5.mlp,35,0.020224149063739507,13.0,0.006363746876008902,14.0,0.011729551947415947,14.0,0.020224149063739507,0.018697935707349834,0.019075977604148826
coding,5,5,model.layers.5.mlp,36,0.0012913937828613596,53.0,0.00025380175664145376,53.0,0.0004725482563269379,53.0,0.0012913937828613596,0.0007457193097960851,0.0007685135796306461
coding,5,5,model.layers.5.mlp,37,0.002075454293884328,50.0,0.00045709088327875656,50.0,0.0006086449692493633,49.0,0.002075454293884328,0.0013430226114402076,0.000989850068811582
coding,5,5,model.layers.5.mlp,38,0.0037358177289917903,37.0,0.0008175028897818467,38.0,0.001200382400930516,38.0,0.0037358177289917903,0.002401983732467408,0.0019522031105041072
coding,5,5,model.layers.5.mlp,39,0.012302831842080988,23.0,0.00341667384307836,24.0,0.00454986087868612,27.0,0.012302831842080988,0.010038857468028194,0.007399519147270587
coding,5,5,model.layers.5.mlp,40,0.01979752790332995,14.0,0.0040122859867920396,21.0,0.0045645289594174725,26.0,0.01979752790332995,0.011788882694779469,0.007423374106162584
coding,5,5,model.layers.5.mlp,41,0.008347938382068074,29.0,0.0022458753048323495,29.0,0.0033891980976385886,28.0,0.008347938382068074,0.006598821869360167,0.005511912756464716
coding,5,5,model.layers.5.mlp,42,0.1170556221750761,1.0,0.04245229607940919,2.0,0.08590889262950747,2.0,0.1170556221750761,0.12473316714004734,0.139715150173212
coding,5,5,model.layers.5.mlp,43,0.008474771700027672,28.0,0.0021411004447813853,30.0,0.0022580111081435413,31.0,0.008474771700027672,0.006290972793155527,0.0036722433663252357
coding,5,5,model.layers.5.mlp,44,0.002236878516741998,49.0,0.0004533638033564708,51.0,0.0005491928442021972,51.0,0.002236878516741998,0.0013320717200674258,0.0008931620272731632
coding,5,5,model.layers.5.mlp,45,6.918180979614427e-05,63.0,1.6023065647772346e-05,63.0,3.0460246591129907e-05,63.0,6.918180979614427e-05,4.707890762377237e-05,4.9538037291974615e-05
coding,5,5,model.layers.5.mlp,46,0.0,64.0,0.0,64.0,0.0,64.0,0.0,0.0,0.0
coding,5,5,model.layers.5.mlp,47,0.0003113181440826492,59.0,7.688369096485565e-05,59.0,0.00011548992927119956,60.0,0.0003113181440826492,0.0002258993543605887,0.00018782331278796032
coding,5,5,model.layers.5.mlp,48,0.003424499584909141,41.0,0.000785456758486302,39.0,0.0012291613266940003,37.0,0.003424499584909141,0.0023078259172198633,0.0019990067860235824
coding,5,5,model.layers.5.mlp,49,0.0005534544783691542,56.0,0.00010701561202841066,57.0,0.0001540848193763202,57.0,0.0005534544783691542,0.000314432844733895,0.00025059086457343674
coding,5,5,model.layers.5.mlp,50,0.002559726962457338,47.0,0.000559703811773591,47.0,0.0009176076881497474,46.0,0.002559726962457338,0.0016445195089633542,0.0014923215982171935
coding,5,5,model.layers.5.mlp,51,0.01865602804169357,15.0,0.009587749829207407,10.0,0.013015417482632793,12.0,0.01865602804169357,0.028170688334653946,0.02116720344650909
coding,5,5,model.layers.5.mlp,52,0.016257725302093903,18.0,0.004548794074577991,17.0,0.009982271620448957,17.0,0.016257725302093903,0.013365248619972639,0.016234344732337803
coding,5,5,model.layers.5.mlp,53,0.04913061525689512,5.0,0.017090688254514114,5.0,0.031667282144562166,5.0,0.04913061525689512,0.05021579211171894,0.05150106054195969
coding,5,5,model.layers.5.mlp,54,0.010135135135135136,26.0,0.003487713562805553,23.0,0.007027501242262622,22.0,0.010135135135135136,0.010247586089390373,0.011428949452759175
coding,5,5,model.layers.5.mlp,55,0.032953602066230055,10.0,0.010668873248114795,9.0,0.01581057598533451,10.0,0.032953602066230055,0.03134724085509589,0.025713019112497144
coding,5,5,model.layers.5.mlp,56,0.00024213633428650494,61.0,4.8958741698182826e-05,61.0,7.115343712581588e-05,61.0,0.00024213633428650494,0.00014385037972463967,0.00011571809214496866
coding,5,5,model.layers.5.mlp,57,0.005603726593487686,33.0,0.0033572094652246105,26.0,0.009111842043823603,18.0,0.005603726593487686,0.009864139470023176,0.014818749730573734
coding,5,5,model.layers.5.mlp,58,0.015254589060049811,20.0,0.003494492119038834,22.0,0.006940531394994299,23.0,0.015254589060049811,0.01026750281629797,0.011287508853308805
coding,5,5,model.layers.5.mlp,59,0.0008532423208191126,54.0,0.00016310197182570796,55.0,0.00019287898089847004,56.0,0.0008532423208191126,0.0004792255635490813,0.0003136824949857386
coding,5,5,model.layers.5.mlp,60,0.011979983396365648,24.0,0.0025830015068662947,28.0,0.00261733197201531,30.0,0.011979983396365648,0.007589364732505455,0.0042566132367729565
coding,5,5,model.layers.5.mlp,61,0.020535467207822157,12.0,0.007922555828279217,12.0,0.01105066097241224,15.0,0.020535467207822157,0.023278021958025995,0.01797188521486685
coding,5,5,model.layers.5.mlp,62,0.005154044829812748,34.0,0.0011992639704017157,34.0,0.0009788723863347211,43.0,0.005154044829812748,0.00352367261797435,0.001591957459479478
coding,5,5,model.layers.5.mlp,63,0.0028249239000092243,44.0,0.0005976614746679273,45.0,0.0009324130469110331,45.0,0.0028249239000092243,0.001756046562793106,0.0015163998147950989
coding,6,6,model.layers.6.mlp,0,0.0005303938751037727,52.0,0.00010288316993935061,52.0,0.00014297704679446294,52.0,0.0005303938751037727,0.0002888049351665003,0.00018976840983030534
coding,6,6,model.layers.6.mlp,1,0.05249746333364081,7.0,0.019479160961569503,7.0,0.028515955792858025,10.0,0.05249746333364081,0.054680253552842784,0.03784822603995426
coding,6,6,model.layers.6.mlp,2,0.013870952864126925,21.0,0.0041295144734111245,22.0,0.008508753925273256,20.0,0.013870952864126925,0.011592023850603296,0.011293370077489994
coding,6,6,model.layers.6.mlp,3,0.007978968729821971,27.0,0.0022245937910766998,31.0,0.004526896410658729,29.0,0.007978968729821971,0.006244691585440477,0.006008390525453856
coding,6,6,model.layers.6.mlp,4,0.004727423669403191,34.0,0.0030008736005096392,23.0,0.006628507796869805,22.0,0.004727423669403191,0.00842379862662617,0.008797785465299437
coding,6,6,model.layers.6.mlp,5,0.04722811548750115,8.0,0.013535358030278572,10.0,0.03214182256387725,9.0,0.04722811548750115,0.03799531255398103,0.0426607115879458
coding,6,6,model.layers.6.mlp,6,0.0023406512314362144,38.0,0.0006650979751349045,37.0,0.0015618848943334258,38.0,0.0023406512314362144,0.0018670067971412578,0.002073034933794053
coding,6,6,model.layers.6.mlp,7,0.0016949543400055346,42.0,0.00054866895278918,41.0,0.0016061409300361742,37.0,0.0016949543400055346,0.0015401770904955741,0.00213177441477366
coding,6,6,model.layers.6.mlp,8,0.014470528549026843,19.0,0.00472218774141569,19.0,0.009522702314008393,18.0,0.014470528549026843,0.01325572613390074,0.012639148142530565
coding,6,6,model.layers.6.mlp,9,0.0403445254127848,9.5,0.014770766793884327,9.0,0.03776739712004929,7.0,0.0403445254127848,0.041463247572775794,0.050127339007109535
coding,6,6,model.layers.6.mlp,10,0.007644589982473942,28.0,0.0018163715690146204,35.0,0.0025832749940657702,35.0,0.007644589982473942,0.0050987646816945745,0.0034286901203308216
coding,6,6,model.layers.6.mlp,11,4.612120653076284e-05,61.0,1.035925537312056e-05,61.0,1.8583143145579955e-05,60.0,4.612120653076284e-05,2.9079625736366453e-05,2.4664752863829726e-05
coding,6,6,model.layers.6.mlp,12,0.0005534544783691542,51.0,0.00014406121004750485,49.0,0.00036361612040731984,46.0,0.0005534544783691542,0.00040439644746855695,0.0004826148987225703
coding,6,6,model.layers.6.mlp,13,0.0018794391661285858,40.0,0.0005558190910086708,40.0,0.0012493452828519405,39.0,0.0018794391661285858,0.0015602483539114357,0.0016582120904807176
coding,6,6,model.layers.6.mlp,14,1.153030163269071e-05,62.0,2.11689131537681e-06,62.0,3.515097812009181e-06,62.0,1.153030163269071e-05,5.9423583026487965e-06,4.665465801247763e-06
coding,6,6,model.layers.6.mlp,15,0.0002075454293884328,56.0,3.7653641269255606e-05,56.0,4.941005335007192e-05,56.0,0.0002075454293884328,0.00010569811789392328,6.558022748471555e-05
coding,6,6,model.layers.6.mlp,16,0.008705377732681487,26.0,0.0023120281584378746,29.0,0.004392009948372302,31.0,0.008705377732681487,0.006490129948313178,0.0058293604641285034
coding,6,6,model.layers.6.mlp,17,0.012913937828613596,22.0,0.004212557417298911,21.0,0.010315321928108214,16.0,0.012913937828613596,0.011825134980826886,0.013691164302748655
coding,6,6,model.layers.6.mlp,18,0.0611913107646896,4.0,0.0235211960273787,5.0,0.0752808484256119,3.0,0.0611913107646896,0.066026712607418,0.09991762465860266
coding,6,6,model.layers.6.mlp,19,0.002640439073886173,37.0,0.0006043386903595148,39.0,0.0007491488268788082,42.0,0.002640439073886173,0.0016964484705396998,0.0009943189119537455
coding,6,6,model.layers.6.mlp,20,0.0403445254127848,9.5,0.017828154636478414,8.0,0.03483295366724702,8.0,0.0403445254127848,0.050045688201109384,0.04623255533196649
coding,6,6,model.layers.6.mlp,21,0.0003228484457153399,53.5,5.364292673646343e-05,55.0,6.61687643509731e-05,55.0,0.0003228484457153399,0.00015058188805222803,8.782347567558406e-05
coding,6,6,model.layers.6.mlp,22,0.007448574854718199,29.5,0.002363002450909741,28.0,0.00580118176466413,24.0,0.007448574854718199,0.006633220671909407,0.007699704695953408
coding,6,6,model.layers.6.mlp,23,0.0158887556498478,17.0,0.0047445164407688405,18.0,0.005493020458246067,25.0,0.0158887556498478,0.013318405370678148,0.007290693023092013
coding,6,6,model.layers.6.mlp,24,0.06013052301448206,5.0,0.0265293436267699,3.0,0.05606769964534653,5.0,0.06013052301448206,0.07447093018863732,0.0744166874549869
coding,6,6,model.layers.6.mlp,25,0.0005649847800018448,50.0,0.00011710462595701503,51.0,0.00020059916292947,51.0,0.0005649847800018448,0.0003287262039763164,0.00026624821966801237
coding,6,6,model.layers.6.mlp,26,0.0054192417673646345,33.0,0.002624528608840282,26.0,0.006014406396535344,23.0,0.0054192417673646345,0.007367354788597284,0.007982710256874111
coding,6,6,model.layers.6.mlp,27,0.0009108938289825662,47.0,0.00016186336520500875,48.0,0.00021064835102721318,50.0,0.0009108938289825662,0.0004543691521307258,0.0002795861538899704
coding,6,6,model.layers.6.mlp,28,6.918180979614427e-05,59.5,1.1890623558712296e-05,60.0,1.2631860627216251e-05,61.0,6.918180979614427e-05,3.3378353019133665e-05,1.6765824712206217e-05
coding,6,6,model.layers.6.mlp,29,0.0009339544322479476,46.0,0.00022928860561179782,45.0,0.0003393420164556084,47.0,0.0009339544322479476,0.0006436395857278588,0.0004503967335677546
coding,6,6,model.layers.6.mlp,30,0.001118439258370999,44.0,0.0003219701610206623,43.0,0.0006947978855432943,43.0,0.001118439258370999,0.0009038074112018068,0.0009221808174745125
coding,6,6,model.layers.6.mlp,31,0.000991605940411401,45.0,0.00020385212964671155,46.0,0.00037638547469214667,44.0,0.000991605940411401,0.0005722364612295416,0.0004995632139348356
coding,6,6,model.layers.6.mlp,32,0.002202287611843926,39.0,0.0006416545298231252,38.0,0.0007888188994730237,41.0,0.002202287611843926,0.0018011983397683068,0.0010469716052554832
coding,6,6,model.layers.6.mlp,33,0.014655013375149894,18.0,0.004900727255759386,17.0,0.010148574187410086,17.0,0.014655013375149894,0.013756907161809247,0.01346984588622989
coding,6,6,model.layers.6.mlp,34,0.0001037727146942164,57.0,2.1495454899225164e-05,58.0,2.452021640128463e-05,59.0,0.0001037727146942164,6.0340223402960385e-05,3.254482156045595e-05
coding,6,6,model.layers.6.mlp,35,0.0017410755465362975,41.0,0.00048524103374919286,42.0,0.001045647047796149,40.0,0.0017410755465362975,0.0013621275994380173,0.0013878505812844437
coding,6,6,model.layers.6.mlp,36,0.05370814500507333,6.0,0.020079772572006733,6.0,0.03847434285183848,6.0,0.05370814500507333,0.05636623967977516,0.05106564323401676
coding,6,6,model.layers.6.mlp,37,0.0006456968914306798,49.0,0.00014068319199105249,50.0,0.00021353261125213094,49.0,0.0006456968914306798,0.000394913960815394,0.0002834143311302394
coding,6,6,model.layers.6.mlp,38,0.007448574854718199,29.5,0.0018219227786873905,34.0,0.0030975449215540005,34.0,0.007448574854718199,0.005114347568094606,0.0041112625230416
coding,6,6,model.layers.6.mlp,39,0.0011414998616363803,43.0,0.00024990577581634533,44.0,0.0003721273180584265,45.0,0.0011414998616363803,0.0007015143626009967,0.0004939115122714836
coding,6,6,model.layers.6.mlp,40,0.038522737754819666,11.0,0.011102126583975186,12.0,0.017694080665469795,12.0,0.038522737754819666,0.031164950984552367,0.023484731476670774
coding,6,6,model.layers.6.mlp,41,0.0,63.5,0.0,63.5,0.0,63.5,0.0,0.0,0.0
coding,6,6,model.layers.6.mlp,42,0.07487777880269347,3.0,0.025725521710116685,4.0,0.06041092741105645,4.0,0.07487777880269347,0.0722145092729395,0.08018130104233034
coding,6,6,model.layers.6.mlp,43,0.0002767272391845771,55.0,5.7505127381007285e-05,54.0,8.783992058609962e-05,53.0,0.0002767272391845771,0.00016142353112567768,0.0001165868397967916
coding,6,6,model.layers.6.mlp,44,0.010089013928604373,24.0,0.002625812255701734,25.0,0.0045509960458745115,28.0,0.010089013928604373,0.007370958133525486,0.0060403771243865085
coding,6,6,model.layers.6.mlp,45,0.0003228484457153399,53.5,6.319145777603542e-05,53.0,8.501502841686303e-05,54.0,0.0003228484457153399,0.00017738571699183535,0.00011283745969056555
coding,6,6,model.layers.6.mlp,46,0.0008071211142883498,48.0,0.00016725693403514435,47.0,0.00027371998716545394,48.0,0.0008071211142883498,0.0004695095224869427,0.0003632989201254882
coding,6,6,model.layers.6.mlp,47,0.005938105340835716,32.0,0.0018775136958364082,32.0,0.004393741915932155,30.0,0.005938105340835716,0.005270397690116824,0.005831659243807339
coding,6,6,model.layers.6.mlp,48,0.009097407988192972,25.0,0.002575941449128309,27.0,0.005459179693004674,26.0,0.009097407988192972,0.007230965022235957,0.007245777364591026
coding,6,6,model.layers.6.mlp,49,0.025412784798450327,14.0,0.00760561891416267,14.0,0.008413902728630821,21.0,0.025412784798450327,0.02134985030788528,0.011167477417368036
coding,6,6,model.layers.6.mlp,50,0.006722165851858685,31.0,0.0022779439562482704,30.0,0.004268378128950781,32.0,0.006722165851858685,0.0063944516579827635,0.005665268294776478
coding,6,6,model.layers.6.mlp,51,0.0,63.5,0.0,63.5,0.0,63.5,0.0,0.0,0.0
coding,6,6,model.layers.6.mlp,52,0.11082925929342312,1.0,0.03937541707262937,2.0,0.09023953605738418,1.0,0.11082925929342312,0.11053134134104045,0.1197717650865445
coding,6,6,model.layers.6.mlp,53,0.011564892537588783,23.0,0.002849290670256434,24.0,0.004003097894340795,33.0,0.011564892537588783,0.007998287842209906,0.005313171161635125
coding,6,6,model.layers.6.mlp,54,0.004623650954708975,35.0,0.0011310167456011898,36.0,0.0016371851755872598,36.0,0.004623650954708975,0.003174894572923183,0.0021729783509626625
coding,6,6,model.layers.6.mlp,55,0.016269255603726593,16.0,0.004667902991248501,20.0,0.011175257409040079,15.0,0.016269255603726593,0.013103342573384412,0.014832526447454938
coding,6,6,model.layers.6.mlp,56,6.918180979614427e-05,59.5,1.2476146688497372e-05,59.0,2.6968665769449648e-05,58.0,6.918180979614427e-05,3.5021984039015246e-05,3.5794562365458254e-05
coding,6,6,model.layers.6.mlp,57,0.08895627709620883,2.0,0.039818072558746885,1.0,0.0844475060038852,2.0,0.08895627709620883,0.11177392639207093,0.11208420713521881
coding,6,6,model.layers.6.mlp,58,0.013974725578821142,20.0,0.005634365217259708,16.0,0.009065361796418588,19.0,0.013974725578821142,0.01581631361314318,0.01203213614501218
coding,6,6,model.layers.6.mlp,59,0.01684577068536113,15.0,0.006634404942752053,15.0,0.01379898476123414,14.0,0.01684577068536113,0.018623540570234392,0.01831490756118645
coding,6,6,model.layers.6.mlp,60,9.224241306152569e-05,58.0,2.308312338575777e-05,57.0,4.832233937065294e-05,57.0,9.224241306152569e-05,6.479699212994698e-05,6.413654294336911e-05
coding,6,6,model.layers.6.mlp,61,0.02868739046213449,13.0,0.008177033188531963,13.0,0.014949930506200767,13.0,0.02868739046213449,0.022953876141845485,0.019842517402906382
coding,6,6,model.layers.6.mlp,62,0.03423346554745872,12.0,0.012036711579593672,11.0,0.023516592070269262,11.0,0.03423346554745872,0.033788438958594125,0.03121274625442741
coding,6,6,model.layers.6.mlp,63,0.004519878240014759,36.0,0.0018732010927843372,33.0,0.004679543747858812,27.0,0.004519878240014759,0.00525829171548962,0.006210993971914271
coding,7,7,model.layers.7.mlp,0,0.054388432801402084,5.0,0.019271818213264458,5.0,0.03335243159472618,6.0,0.054388432801402084,0.051384984021002895,0.03792001035163677
coding,7,7,model.layers.7.mlp,1,0.026462042247025183,11.0,0.009092690022974127,10.0,0.016391736435588902,12.0,0.026462042247025183,0.024244091884224665,0.018636566678908013
coding,7,7,model.layers.7.mlp,2,0.09039756480029518,3.0,0.03495166596644106,4.0,0.08735673525007699,4.0,0.09039756480029518,0.09319259746632806,0.09932014388695751
coding,7,7,model.layers.7.mlp,3,0.0035282722996033576,42.0,0.0008365098713794853,44.0,0.0012837273244234967,46.0,0.0035282722996033576,0.002230409497359251,0.0014595323670048477
coding,7,7,model.layers.7.mlp,4,0.09827276081542294,2.0,0.04599637750351674,2.0,0.15073768710553476,1.0,0.09827276081542294,0.12264141851522099,0.17138104726155845
coding,7,7,model.layers.7.mlp,5,0.006041878055529933,34.0,0.001828476133716908,34.0,0.004748083069644262,28.0,0.006041878055529933,0.004875316686474348,0.005398327814269814
coding,7,7,model.layers.7.mlp,6,0.0002651969375518864,54.0,5.923917664998616e-05,53.0,0.00014731556262359465,53.0,0.0002651969375518864,0.00015795106159115655,0.00016749026660254712
coding,7,7,model.layers.7.mlp,7,0.0029286966147034407,46.0,0.0006609092327449036,47.0,0.0008138830508679748,49.0,0.0029286966147034407,0.001762200638679516,0.0009253434378924089
coding,7,7,model.layers.7.mlp,8,1.153030163269071e-05,62.5,2.9050955285490267e-06,62.0,5.321583548503524e-06,62.0,1.153030163269071e-05,7.745936873316554e-06,6.050368551786854e-06
coding,7,7,model.layers.7.mlp,9,0.0012452725763305967,50.0,0.0002799363563382068,50.0,0.00047315311464460867,51.0,0.0012452725763305967,0.0007464020798741195,0.000537950912342769
coding,7,7,model.layers.7.mlp,10,0.010469513882483166,26.0,0.0024239081164675767,29.0,0.004342848361335703,31.0,0.010469513882483166,0.006462933515392873,0.00493759665917368
coding,7,7,model.layers.7.mlp,11,0.0001037727146942164,55.0,1.938982364403653e-05,56.0,3.874852508375229e-05,55.0,0.0001037727146942164,5.1699625177717464e-05,4.405509289820064e-05
coding,7,7,model.layers.7.mlp,12,0.02400608799926206,12.0,0.00820233454377479,13.0,0.01385303669398742,17.0,0.02400608799926206,0.021870112347608824,0.015750194805006983
coding,7,7,model.layers.7.mlp,13,0.023129785075177565,13.0,0.009426573327673876,9.0,0.020555643696218012,8.0,0.023129785075177565,0.025134334210455602,0.023370716450802857
coding,7,7,model.layers.7.mlp,14,0.00696430218614519,30.0,0.002124548156304769,30.0,0.005874107672646745,27.0,0.00696430218614519,0.005664741741307626,0.006678560245922671
coding,7,7,model.layers.7.mlp,15,0.004715893367770501,37.0,0.0013700790834563232,38.0,0.0030415026357105525,39.0,0.004715893367770501,0.0036530799030917247,0.0034580330703357686
coding,7,7,model.layers.7.mlp,16,0.00438151462042247,39.0,0.0017225752676471267,35.0,0.0044546299065493225,30.0,0.00438151462042247,0.004592950266731937,0.0050646865638357625
coding,7,7,model.layers.7.mlp,17,0.11715939488977031,1.0,0.05484560250510216,1.0,0.1236067084784042,2.0,0.11715939488977031,0.1462363528526439,0.1405345110062077
coding,7,7,model.layers.7.mlp,18,0.004231620699197491,40.0,0.0012680854582718384,40.0,0.0029648693491310532,40.0,0.004231620699197491,0.0033811314682138127,0.0033709049395989964
coding,7,7,model.layers.7.mlp,19,0.0048081357808320265,36.0,0.0016531344764666544,36.0,0.0036899063785339387,34.0,0.0048081357808320265,0.0044077983570507615,0.004195234991283287
coding,7,7,model.layers.7.mlp,20,0.001360575592657504,49.0,0.0005651199007241029,48.0,0.0017022365983721626,44.0,0.001360575592657504,0.001506794882938028,0.0019353560248786803
coding,7,7,model.layers.7.mlp,21,0.02903329951111521,8.0,0.008819915064915598,11.0,0.014883337480733122,15.0,0.02903329951111521,0.023516784439433603,0.016921594149241728
coding,7,7,model.layers.7.mlp,22,0.003228484457153399,45.0,0.0008281323865994834,45.0,0.0015778064661806288,45.0,0.003228484457153399,0.002208072377073408,0.0017938853231891346
coding,7,7,model.layers.7.mlp,23,0.020546997509454847,14.0,0.0071009542765888755,15.0,0.016254682787647218,13.0,0.020546997509454847,0.018933471559276608,0.018480743684895783
coding,7,7,model.layers.7.mlp,24,0.01201457430126372,24.0,0.005313599882679181,17.0,0.010964604449078624,20.0,0.01201457430126372,0.014167798909474167,0.012466194946829857
coding,7,7,model.layers.7.mlp,25,0.0002997878424499585,53.0,5.822577123305046e-05,54.0,7.865719425728836e-05,54.0,0.0002997878424499585,0.00015524899058883682,8.942921034095494e-05
coding,7,7,model.layers.7.mlp,26,0.014355225532699935,21.0,0.005227798224045291,18.0,0.01450181338369445,16.0,0.014355225532699935,0.013939023564611096,0.01648782074750292
coding,7,7,model.layers.7.mlp,27,0.010907665344525412,25.0,0.0028325694808769945,27.0,0.003542575584864575,35.0,0.010907665344525412,0.0075525586585838715,0.004027727407760035
coding,7,7,model.layers.7.mlp,28,0.0006226362881652984,52.0,0.00013832983941172402,52.0,0.0002620905103740432,52.0,0.0006226362881652984,0.00036883269181664285,0.00029798351698054283
coding,7,7,model.layers.7.mlp,29,0.04334240383728438,6.0,0.01361247818250738,7.0,0.03188814737295139,7.0,0.04334240383728438,0.03629532855457065,0.03625519401913829
coding,7,7,model.layers.7.mlp,30,0.004404575223687852,38.0,0.0009625324650055345,43.0,0.003106510863718363,38.0,0.004404575223687852,0.0025664270380032776,0.003531944103538743
coding,7,7,model.layers.7.mlp,31,0.013917074070657688,23.0,0.0035655993991271563,23.0,0.007578500786969917,25.0,0.013917074070657688,0.009507056683595142,0.008616368119235655
coding,7,7,model.layers.7.mlp,32,0.027442117885803894,10.0,0.00810666907241606,14.0,0.017000857061284593,10.0,0.027442117885803894,0.021615036844989843,0.019329105703122018
coding,7,7,model.layers.7.mlp,33,0.007840605110229684,28.0,0.002023646756958537,32.0,0.004618386172817242,29.0,0.007840605110229684,0.005395705538509991,0.005250869070331234
coding,7,7,model.layers.7.mlp,34,0.007206438520431694,29.0,0.0032488313859134303,26.0,0.00829825306409356,24.0,0.007206438520431694,0.008662449334292268,0.009434689677639161
coding,7,7,model.layers.7.mlp,35,0.08658103495987456,4.0,0.036077705765439075,3.0,0.09598278174617174,3.0,0.08658103495987456,0.09619498864905006,0.10912751794592523
coding,7,7,model.layers.7.mlp,36,0.016430679826584263,17.0,0.004768567929330781,20.0,0.009547053849429906,22.0,0.016430679826584263,0.012714565078404343,0.01085451235451332
coding,7,7,model.layers.7.mlp,37,0.014066967991882668,22.0,0.003484684606614934,24.0,0.004334859771898159,32.0,0.014066967991882668,0.009291311325565479,0.004928514041215037
coding,7,7,model.layers.7.mlp,38,0.01669587676413615,16.0,0.0049135074240729635,19.0,0.011537715958972752,19.0,0.01669587676413615,0.013101021277758338,0.013117793446510581
coding,7,7,model.layers.7.mlp,39,0.016073240475970852,18.0,0.00851167091726432,12.0,0.01950543775251459,9.0,0.016073240475970852,0.022694904509561353,0.02217668596029789
coding,7,7,model.layers.7.mlp,40,9.224241306152569e-05,56.5,2.014424767664422e-05,55.0,3.579878586320109e-05,56.0,9.224241306152569e-05,5.3711166923888816e-05,4.070139014161909e-05
coding,7,7,model.layers.7.mlp,41,0.005880453832672263,35.0,0.0014728609128539802,37.0,0.0034385417307910967,36.0,0.005880453832672263,0.003927129948749219,0.0039094462320028
coding,7,7,model.layers.7.mlp,42,0.006134120468591458,32.0,0.0021214966799937736,31.0,0.0032262845710023017,37.0,0.006134120468591458,0.005656605505289529,0.003668120688060366
coding,7,7,model.layers.7.mlp,43,9.224241306152569e-05,56.5,1.9277223042154782e-05,57.0,2.9317842903485566e-05,58.0,9.224241306152569e-05,5.13993950663486e-05,3.3332889184716145e-05
coding,7,7,model.layers.7.mlp,44,6.918180979614427e-05,58.0,1.484075932801402e-05,58.0,2.99564162838801e-05,57.0,6.918180979614427e-05,3.957032867841557e-05,3.4058914485931945e-05
coding,7,7,model.layers.7.mlp,45,0.028145466285398026,9.0,0.009816588032411679,8.0,0.016397600144920352,11.0,0.028145466285398026,0.026174241247203918,0.01864323341677137
coding,7,7,model.layers.7.mlp,46,0.014908680011069089,20.0,0.0045578809431498475,22.0,0.012013736592371869,18.0,0.014908680011069089,0.012152804517022072,0.013659004581141661
coding,7,7,model.layers.7.mlp,47,0.0028825754081726776,47.0,0.0006885076402661194,46.0,0.0010832639904372334,47.0,0.0028825754081726776,0.0018357870389760231,0.0012316158003133591
coding,7,7,model.layers.7.mlp,48,0.019382437044553086,15.0,0.006595163632996264,16.0,0.01505895100136039,14.0,0.019382437044553086,0.01758486792201883,0.017121257748015928
coding,7,7,model.layers.7.mlp,49,0.006111059865326077,33.0,0.001991645665903745,33.0,0.003924631231964685,33.0,0.006111059865326077,0.005310380140858962,0.0044621051547554975
coding,7,7,model.layers.7.mlp,50,0.0,64.0,0.0,64.0,0.0,64.0,0.0,0.0,0.0
coding,7,7,model.layers.7.mlp,51,1.153030163269071e-05,62.5,2.330832458952126e-06,63.0,4.959685392743074e-06,63.0,1.153030163269071e-05,6.214763305335375e-06,5.6389088423591166e-06
coding,7,7,model.layers.7.mlp,52,0.003436029886541832,44.0,0.0012117626372105893,41.0,0.002444286879089175,42.0,0.003436029886541832,0.0032309563665071095,0.0027790292738982055
coding,7,7,model.layers.7.mlp,53,4.612120653076284e-05,60.0,1.1237540067798174e-05,59.0,2.2415324293723702e-05,59.0,4.612120653076284e-05,2.9962965114612094e-05,2.5485078257013853e-05
coding,7,7,model.layers.7.mlp,54,0.009293423115948713,27.0,0.0024798143153018635,28.0,0.006092267119019093,26.0,0.009293423115948713,0.006611997765687511,0.006926596388092734
coding,7,7,model.layers.7.mlp,55,5.765150816345356e-05,59.0,1.0877218141776589e-05,60.0,1.5208314145175462e-05,60.0,5.765150816345356e-05,2.9002228758231746e-05,1.729107600979796e-05
coding,7,7,model.layers.7.mlp,56,0.015058573932294069,19.0,0.004745980248593303,21.0,0.009550793965291014,21.0,0.015058573932294069,0.01265433891806375,0.01085876467512049
coding,7,7,model.layers.7.mlp,57,2.306060326538142e-05,61.0,5.686330395028134e-06,61.0,1.4809567366850662e-05,61.0,2.306060326538142e-05,1.5161620624127363e-05,1.6837721299548015e-05
coding,7,7,model.layers.7.mlp,58,0.04199335854625957,7.0,0.016597531398452634,6.0,0.036778124416130695,5.0,0.04199335854625957,0.04425445882997023,0.041814848030270295
coding,7,7,model.layers.7.mlp,59,0.0034936813947052856,43.0,0.0013025299823874643,39.0,0.002621013790399273,41.0,0.0034936813947052856,0.003472971859281546,0.0029799587409824395
coding,7,7,model.layers.7.mlp,60,0.0011530301632690712,51.0,0.00026904787813624207,51.0,0.0007313907616539378,50.0,0.0011530301632690712,0.0007173698281047509,0.0008315539205661481
coding,7,7,model.layers.7.mlp,61,0.006491559819204871,31.0,0.00340970386582188,25.0,0.008425212775953867,23.0,0.006491559819204871,0.009091388094404957,0.009579036382145856
coding,7,7,model.layers.7.mlp,62,0.0016142422285766996,48.0,0.0004261031976409003,49.0,0.0008743124287316043,48.0,0.0016142422285766996,0.001136130787442035,0.0009940485524692465
coding,7,7,model.layers.7.mlp,63,0.003747348030624481,41.0,0.0010793555894578453,42.0,0.0018357446114990108,43.0,0.003747348030624481,0.0028779157785484683,0.0020871478132950027
coding,8,8,model.layers.8.mlp,0,0.0030209390277649664,47.0,0.0006936872679526796,48.0,0.0018559564157568564,47.0,0.0030209390277649664,0.0017494725541589346,0.0017331789974042529
coding,8,8,model.layers.8.mlp,1,0.01901346739230698,14.0,0.0071894245694873625,14.0,0.019345191514488737,13.0,0.01901346739230698,0.018131658955822225,0.018065445583215326
coding,8,8,model.layers.8.mlp,2,0.0041970297942994185,42.0,0.0018004498439085415,34.0,0.003901578922375532,38.0,0.0041970297942994185,0.004540717024191656,0.003643477070671835
coding,8,8,model.layers.8.mlp,3,0.09977170002767273,2.0,0.03674085575016142,3.0,0.09129288002811513,4.0,0.09977170002767273,0.0926600814527341,0.08525356572705432
coding,8,8,model.layers.8.mlp,4,1.153030163269071e-05,61.5,2.3758726997048243e-06,61.0,6.295967400046515e-06,61.0,1.153030163269071e-05,5.9919278792249976e-06,5.879469137023115e-06
coding,8,8,model.layers.8.mlp,5,0.00021907573102112352,58.0,4.612120653076284e-05,59.0,8.275110187614968e-05,59.0,0.00021907573102112352,0.00011631723503936299,7.727685336043563e-05
coding,8,8,model.layers.8.mlp,6,0.021965224610275804,11.0,0.007053504382955908,15.0,0.019972676913486,12.0,0.021965224610275804,0.017788869565158127,0.018651420827831392
coding,8,8,model.layers.8.mlp,7,0.00940872613227562,28.0,0.003082058634466378,28.0,0.004754089836858316,34.0,0.00940872613227562,0.0077729219497154,0.004439591677402462
coding,8,8,model.layers.8.mlp,8,0.00024213633428650494,57.0,5.018608825869385e-05,57.0,8.628767483041533e-05,58.0,0.00024213633428650494,0.0001265688272877053,8.057947076841044e-05
coding,8,8,model.layers.8.mlp,9,0.011599483442486855,25.0,0.0030746945551033116,29.0,0.009121617678401325,25.0,0.011599483442486855,0.007754349813066049,0.008518193664644581
coding,8,8,model.layers.8.mlp,10,0.016257725302093903,17.0,0.005209534406420072,18.0,0.012467083736557262,19.0,0.016257725302093903,0.013138395189055548,0.011642346505356699
coding,8,8,model.layers.8.mlp,11,0.01590028595148049,18.0,0.004362586459246149,22.0,0.009884292564440143,23.0,0.01590028595148049,0.011002400690042909,0.009230415181867608
coding,8,8,model.layers.8.mlp,12,0.0067798173600221385,32.0,0.0018124530680691357,33.0,0.004555060038288606,35.0,0.0067798173600221385,0.0045709890389748495,0.004253728332870232
coding,8,8,model.layers.8.mlp,13,0.000599575684899917,55.0,0.00019126338235633244,55.0,0.0005996789305250359,54.0,0.000599575684899917,0.0004823643931588427,0.00056000826245049
coding,8,8,model.layers.8.mlp,14,0.025724102942532977,10.0,0.007600382986175169,13.0,0.01776281955505295,15.0,0.025724102942532977,0.019168092092353387,0.016587752560420325
coding,8,8,model.layers.8.mlp,15,0.0,63.5,0.0,63.5,0.0,63.5,0.0,0.0,0.0
coding,8,8,model.layers.8.mlp,16,0.07457799096024352,3.0,0.03937357042275851,2.0,0.07443218802561258,5.0,0.07457799096024352,0.09929976229368954,0.06950826211305627
coding,8,8,model.layers.8.mlp,17,0.0030439996310303477,46.0,0.0009060520031016512,47.0,0.002364003429987061,44.0,0.0030439996310303477,0.0022850543541692828,0.002207617086188061
coding,8,8,model.layers.8.mlp,18,0.021434830735172033,12.0,0.009535829691679735,10.0,0.022806923049213855,11.0,0.021434830735172033,0.024049269890687355,0.021298172569528123
coding,8,8,model.layers.8.mlp,19,1.153030163269071e-05,61.5,2.0718510746241123e-06,62.0,2.9772419725415804e-06,62.0,1.153030163269071e-05,5.225188292783884e-06,2.780287949216306e-06
coding,8,8,model.layers.8.mlp,20,0.013075362051471267,20.0,0.003282476445755696,27.0,0.01105221288553431,22.0,0.013075362051471267,0.008278373723754858,0.010321073860043824
coding,8,8,model.layers.8.mlp,21,0.0137787104510654,19.0,0.0034436642073494145,25.0,0.008458197558072427,26.0,0.0137787104510654,0.008684887693380952,0.00789866089477587
coding,8,8,model.layers.8.mlp,22,0.00826722627063924,30.0,0.007793560578763491,12.0,0.03218638110717233,10.0,0.00826722627063924,0.019655284105130563,0.03005714965275797
coding,8,8,model.layers.8.mlp,23,0.00600728715063186,33.0,0.002513425594963564,31.0,0.005472987458644544,31.0,0.00600728715063186,0.006338834945445911,0.005110931935603325
coding,8,8,model.layers.8.mlp,24,0.00454293884328014,39.5,0.0017144905444320174,35.0,0.0048566689673038375,33.0,0.00454293884328014,0.004323928505566047,0.004535384872194521
coding,8,8,model.layers.8.mlp,25,0.004669772161239738,37.0,0.0012241712235379577,41.0,0.004057359409809508,37.0,0.004669772161239738,0.0030873479392112954,0.0037889521835213257
coding,8,8,model.layers.8.mlp,26,0.010354210866156259,26.0,0.0028778349228334565,30.0,0.005969505187698907,30.0,0.010354210866156259,0.0072578717319641975,0.00557460343808575
coding,8,8,model.layers.8.mlp,27,0.0635434922977585,5.0,0.022445916579708975,6.0,0.0941396144667781,3.0,0.0635434922977585,0.056608383666947405,0.08791197963073752
coding,8,8,model.layers.8.mlp,28,0.005384650862466562,34.0,0.001701181153289595,36.0,0.00535359862941337,32.0,0.005384650862466562,0.004290362350337402,0.004999441057050678
coding,8,8,model.layers.8.mlp,29,0.017433816068628354,15.0,0.0070482797150285955,16.0,0.018346590393639263,14.0,0.017433816068628354,0.017775693003376322,0.017132905101797363
coding,8,8,model.layers.8.mlp,30,0.030370814500507333,8.0,0.010093416612137949,9.0,0.034975225443154304,9.0,0.030370814500507333,0.02545549868998282,0.03266150306812772
coding,8,8,model.layers.8.mlp,31,0.00018448482612305137,59.0,4.837321856839775e-05,58.0,0.00012466804116769158,57.0,0.00018448482612305137,0.00012199678753151938,0.00011642085383306695
coding,8,8,model.layers.8.mlp,32,0.030324693293976572,9.0,0.0119007125726409,8.0,0.036445976436253615,8.0,0.030324693293976572,0.03001348155375063,0.03403495920643453
coding,8,8,model.layers.8.mlp,33,0.007321741536758602,31.0,0.0015870604432824463,38.0,0.002270691567641372,45.0,0.007321741536758602,0.004002551027797377,0.00212047810024357
coding,8,8,model.layers.8.mlp,34,0.0005073332718383913,56.0,0.00013013251559473296,56.0,0.0003299940964737102,56.0,0.0005073332718383913,0.0003281929407592573,0.000308163937698069
coding,8,8,model.layers.8.mlp,35,0.017283922147403374,16.0,0.005835075790113919,17.0,0.01689013987490968,16.0,0.017283922147403374,0.01471600448480183,0.015772803416008997
coding,8,8,model.layers.8.mlp,36,0.0010492574485748546,53.0,0.0002983690748662485,53.0,0.0009208098404434551,51.0,0.0010492574485748546,0.0007524839096858009,0.0008598953415664884
coding,8,8,model.layers.8.mlp,37,0.0688820219536943,4.0,0.033384772290955635,4.0,0.0980367875937089,2.0,0.0688820219536943,0.08419607155577312,0.09155134236334254
coding,8,8,model.layers.8.mlp,38,0.0027096208836823172,48.0,0.0009393142208975187,46.0,0.0029121992616303323,41.0,0.0027096208836823172,0.0023689413444784326,0.0027195480204504465
coding,8,8,model.layers.8.mlp,39,0.001983211880822802,51.0,0.0003918050543077207,52.0,0.0007189423541347101,52.0,0.001983211880822802,0.0009881285425853699,0.0006713820313622561
coding,8,8,model.layers.8.mlp,40,0.004393044922055161,41.0,0.0011197679454732037,42.0,0.003186449649759285,40.0,0.004393044922055161,0.002824043885674925,0.0029756558733610057
coding,8,8,model.layers.8.mlp,41,0.0009685453371460198,54.0,0.0002525406299003782,54.0,0.0005789400741475808,55.0,0.0009685453371460198,0.0006369050164704182,0.0005406413473664789
coding,8,8,model.layers.8.mlp,42,0.0037012268240937183,45.0,0.0010581078558827598,43.0,0.0028352797067140085,43.0,0.0037012268240937183,0.0026685377384396826,0.002647716938675668
coding,8,8,model.layers.8.mlp,43,6.918180979614427e-05,60.0,1.7205371967530672e-05,60.0,4.486049626896428e-05,60.0,6.918180979614427e-05,4.3391781040074865e-05,4.1892831796264934e-05
coding,8,8,model.layers.8.mlp,44,0.009270362512683332,29.0,0.0040525294419045755,23.0,0.01238801157482215,20.0,0.009270362512683332,0.010220439902922818,0.011568505218548917
coding,8,8,model.layers.8.mlp,45,0.06017664422101282,6.0,0.030099334449370446,5.0,0.061391869838052365,7.0,0.06017664422101282,0.07591022922049108,0.057330602438364346
coding,8,8,model.layers.8.mlp,46,0.0,63.5,0.0,63.5,0.0,63.5,0.0,0.0,0.0
coding,8,8,model.layers.8.mlp,47,0.001960151277557421,52.0,0.0004660538911885435,50.0,0.0013664319160107525,49.0,0.001960151277557421,0.0011753833882517661,0.0012760380998747272
coding,8,8,model.layers.8.mlp,48,0.009996771515542846,27.0,0.003566162402136565,24.0,0.007001550794616802,28.0,0.009996771515542846,0.0089938269511918,0.006538375946474092
coding,8,8,model.layers.8.mlp,49,0.00454293884328014,39.5,0.0013525021295025827,40.0,0.002843522884487039,42.0,0.00454293884328014,0.0034109972379768277,0.0026554148040278886
coding,8,8,model.layers.8.mlp,50,0.0038049995387879347,44.0,0.0009642327340939489,45.0,0.0019827355683872524,46.0,0.0038049995387879347,0.002431785592804143,0.0018515713059639907
coding,8,8,model.layers.8.mlp,51,0.05941564431325524,7.0,0.021753344057714924,7.0,0.06597678120995501,6.0,0.05941564431325524,0.05486172249127209,0.061612207344210704
coding,8,8,model.layers.8.mlp,52,0.012752513605755926,22.0,0.004415824023815838,21.0,0.012256507503624585,21.0,0.012752513605755926,0.011136665310957488,0.011445700559809218
coding,8,8,model.layers.8.mlp,53,0.004669772161239738,37.0,0.0023346608794161056,32.0,0.006364378543118249,29.0,0.004669772161239738,0.005887992068618536,0.005943354665451322
coding,8,8,model.layers.8.mlp,54,0.10807351720321004,1.0,0.05196451342487432,1.0,0.15613495293011934,1.0,0.10807351720321004,0.13105399828852365,0.14580612932595732
coding,8,8,model.layers.8.mlp,55,0.004669772161239738,37.0,0.0016125081793077207,37.0,0.0036218287735097074,39.0,0.004669772161239738,0.004066729970958745,0.003382233283684932
coding,8,8,model.layers.8.mlp,56,0.002121575500415091,49.5,0.000666032560130523,49.0,0.0016514672135327555,48.0,0.002121575500415091,0.0016797276495552542,0.0015422174061288283
coding,8,8,model.layers.8.mlp,57,0.012706392399225164,23.0,0.00467297001833318,19.0,0.015075635001751981,17.0,0.012706392399225164,0.011785185012274366,0.014078333809856026
coding,8,8,model.layers.8.mlp,58,0.002121575500415091,49.5,0.0004222072168157919,51.0,0.0006960571515291844,53.0,0.002121575500415091,0.0010648025012294812,0.0006500107576779744
coding,8,8,model.layers.8.mlp,59,0.004715893367770501,35.0,0.0009850075451411308,44.0,0.0011419900255730485,50.0,0.004715893367770501,0.002484179464544286,0.0010664437541552981
coding,8,8,model.layers.8.mlp,60,0.012867816622082834,21.0,0.004567936176897888,20.0,0.007301759922177839,27.0,0.012867816622082834,0.01152029068404019,0.00681872528566138
coding,8,8,model.layers.8.mlp,61,0.011876210681671433,24.0,0.00331242820585624,26.0,0.009187652135058068,24.0,0.011876210681671433,0.008353911771900539,0.008579859732021381
coding,8,8,model.layers.8.mlp,62,0.019520800664145375,13.0,0.00799169259783461,11.0,0.014827797371306859,18.0,0.019520800664145375,0.02015497113339048,0.013846891426722931
coding,8,8,model.layers.8.mlp,63,0.004150908587768656,43.0,0.0014835354499123697,39.0,0.004170070029571811,36.0,0.004150908587768656,0.0037414619997329476,0.0038942066373964055
coding,9,9,model.layers.9.mlp,0,0.0018333179595978232,50.0,0.0004623605914468223,52.0,0.0012915613085578569,51.0,0.0018333179595978232,0.0010769329907283104,0.0008084951995554113
coding,9,9,model.layers.9.mlp,1,0.00938566552901024,25.0,0.004062809876856379,25.0,0.013747880744401869,25.0,0.00938566552901024,0.009463120500283133,0.008605937257690212
coding,9,9,model.layers.9.mlp,2,0.001914030071026658,49.0,0.0006379387099610276,48.0,0.002827384554763065,46.0,0.001914030071026658,0.0014858905701064834,0.0017698941774397785
coding,9,9,model.layers.9.mlp,3,0.00038049995387879346,57.0,0.00011256682170118071,59.0,0.0005220194032695634,57.0,0.00038049995387879346,0.0002621912987265822,0.0003267751819613418
coding,9,9,model.layers.9.mlp,4,0.058158841435291944,5.0,0.02561824711670395,5.0,0.07203742668490361,8.0,0.058158841435291944,0.05967017084712338,0.04509419202724626
coding,9,9,model.layers.9.mlp,5,0.10545613873258924,2.0,0.05807800546320104,1.0,0.18199699745991058,2.0,0.10545613873258924,0.1352756296190825,0.11392699502909012
coding,9,9,model.layers.9.mlp,6,0.035075177566645147,9.0,0.012765609055754773,10.0,0.03624259460105435,10.0,0.035075177566645147,0.029733731189898704,0.022687241836861435
coding,9,9,model.layers.9.mlp,7,0.04997232727608154,7.0,0.025577553259183886,6.0,0.1333126983962786,4.0,0.04997232727608154,0.05957538647645239,0.08345145985638001
coding,9,9,model.layers.9.mlp,8,0.01879439166128586,14.0,0.013492795002767273,9.0,0.09005230162132931,7.0,0.01879439166128586,0.03142749694593165,0.056371194373309355
coding,9,9,model.layers.9.mlp,9,0.014643483073517203,21.0,0.00422372739700558,24.0,0.009732720825177543,29.0,0.014643483073517203,0.009837930528301697,0.0060925160994140535
coding,9,9,model.layers.9.mlp,10,5.765150816345356e-05,61.5,1.2532446989438244e-05,62.0,3.320185166752962e-05,62.0,5.765150816345356e-05,2.919064874289147e-05,2.0783788978257426e-05
coding,9,9,model.layers.9.mlp,11,0.009293423115948713,27.0,0.0032605756286896966,27.0,0.00908431411889105,30.0,0.009293423115948713,0.007594551802766471,0.00568662463617603
coding,9,9,model.layers.9.mlp,12,0.02824923900009224,10.0,0.008350415595309474,11.0,0.026630079358082155,14.0,0.02824923900009224,0.01944983678808027,0.016669972367652882
coding,9,9,model.layers.9.mlp,13,0.01764136149801679,16.0,0.006538052607721843,18.0,0.019132113711836814,18.0,0.01764136149801679,0.015228470329488989,0.011976374633458145
coding,9,9,model.layers.9.mlp,14,0.0035628632045014296,44.5,0.0016083644771584724,39.0,0.003456231398057282,44.0,0.0035628632045014296,0.0037462119363316543,0.0021635415023404016
coding,9,9,model.layers.9.mlp,15,0.0011876210681671432,53.0,0.00024171971205954248,56.0,0.0004535083666810821,58.0,0.0011876210681671432,0.0005630149654659939,0.0002838884495767978
coding,9,9,model.layers.9.mlp,16,0.005130984226547367,35.0,0.002180037732912093,33.0,0.006317938292843534,36.0,0.005130984226547367,0.0050777566233726245,0.003954920875227262
coding,9,9,model.layers.9.mlp,17,0.002605848168988101,47.0,0.0006057461978830367,49.0,0.0012226744966691253,52.0,0.002605848168988101,0.001410907582904393,0.0007653732382859892
coding,9,9,model.layers.9.mlp,18,1.153030163269071e-05,64.0,2.522253482151093e-06,64.0,7.005389678435356e-06,64.0,1.153030163269071e-05,5.874847545739163e-06,4.385253637207648e-06
coding,9,9,model.layers.9.mlp,19,5.765150816345356e-05,61.5,1.5966765346831473e-05,61.0,3.9232032782982424e-05,61.0,5.765150816345356e-05,3.7189883124366664e-05,2.4558578802007314e-05
coding,9,9,model.layers.9.mlp,20,0.017122497924545708,17.0,0.007663461843349322,14.0,0.03278428168424259,11.0,0.017122497924545708,0.017849780095801453,0.02052239733952604
coding,9,9,model.layers.9.mlp,21,0.014712664883313348,20.0,0.0054179243403226175,19.0,0.022753832404238086,16.0,0.014712664883313348,0.012619461025225416,0.014243508340193337
coding,9,9,model.layers.9.mlp,22,0.0008417120191864219,55.0,0.0003097417356563048,53.0,0.0013554871223881372,50.0,0.0008417120191864219,0.0007214522602151469,0.000848511661234001
coding,9,9,model.layers.9.mlp,23,0.0003113181440826492,59.0,0.00012522312935268887,57.0,0.000712760075268386,55.0,0.0003113181440826492,0.00029167044444716625,0.00044617556709924424
coding,9,9,model.layers.9.mlp,24,0.009016695876764137,28.0,0.0028153303287288996,29.0,0.006863944044841985,34.0,0.009016695876764137,0.006557483848955676,0.004296711099582388
coding,9,9,model.layers.9.mlp,25,9.224241306152569e-05,60.0,2.4389290367586017e-05,60.0,7.021393753727713e-05,60.0,9.224241306152569e-05,5.680767760745994e-05,4.395271913507395e-05
coding,9,9,model.layers.9.mlp,26,0.0054192417673646345,33.0,0.0015950888661966148,41.0,0.003861705092621316,43.0,0.0054192417673646345,0.003715290305722608,0.0024173610720571986
coding,9,9,model.layers.9.mlp,27,0.009316483719214095,26.0,0.0053331586072260405,21.0,0.024546836698289484,15.0,0.009316483719214095,0.012422024184491823,0.015365898237535062
coding,9,9,model.layers.9.mlp,28,0.013501983211880822,22.0,0.004631296535576745,23.0,0.015778073219561994,23.0,0.013501983211880822,0.010787242946898014,0.009876802883243248
coding,9,9,model.layers.9.mlp,29,0.0017295452449036066,52.0,0.0005947225989588138,50.0,0.0018483068625289854,48.0,0.0017295452449036066,0.0013852313518897563,0.0011570083555139787
coding,9,9,model.layers.9.mlp,30,0.0032400147587860898,46.0,0.0014579638532250254,43.0,0.004686198031074303,40.0,0.0032400147587860898,0.0033958979244189847,0.002933479492754464
coding,9,9,model.layers.9.mlp,31,0.005315469052670418,34.0,0.0019182638536574116,36.0,0.0038841862440076266,42.0,0.005315469052670418,0.00446803137451841,0.00243143388676284
coding,9,9,model.layers.9.mlp,32,0.0022138179134766167,48.0,0.0007475441358327184,47.0,0.002208072774626982,47.0,0.0022138179134766167,0.0017411841683664165,0.0013822156383333172
coding,9,9,model.layers.9.mlp,33,0.007575408172677797,29.0,0.0029166258301817176,28.0,0.01025034402164737,26.0,0.007575408172677797,0.0067934219227122365,0.006416539331413523
coding,9,9,model.layers.9.mlp,34,0.019866709713126096,13.0,0.007444509972990268,15.0,0.01747074232540407,21.0,0.019866709713126096,0.017339796120234945,0.010936384675792561
coding,9,9,model.layers.9.mlp,35,0.012925468130246287,23.0,0.0038972532119096485,26.0,0.022292370022514323,17.0,0.012925468130246287,0.009077504949100085,0.013954640813791778
coding,9,9,model.layers.9.mlp,36,0.004323863112259017,40.0,0.0014842110535236602,42.0,0.004590580628021827,41.0,0.004323863112259017,0.003457033056691833,0.0028736246404531046
coding,9,9,model.layers.9.mlp,37,0.006341665897979891,31.0,0.0020986049776312147,35.0,0.008272597566762432,32.0,0.006341665897979891,0.00488808297403876,0.0051785040139127
coding,9,9,model.layers.9.mlp,38,0.005119453924914676,36.0,0.0023751858360333456,31.0,0.009917598686780386,27.0,0.005119453924914676,0.00553229672522622,0.006208246465924387
coding,9,9,model.layers.9.mlp,39,0.035778525966239275,8.0,0.015122317133019324,8.0,0.04368522637621216,9.0,0.035778525966239275,0.03522298941145279,0.027346201517987636
coding,9,9,model.layers.9.mlp,40,0.02282999723272761,11.0,0.007123598257627295,16.0,0.014487339192794352,24.0,0.02282999723272761,0.016592326678031524,0.009068825547881847
coding,9,9,model.layers.9.mlp,41,0.0017756664514343694,51.0,0.0004885852716250808,51.0,0.0011647703202874136,53.0,0.0017756664514343694,0.0011380156690052143,0.0007291262182423978
coding,9,9,model.layers.9.mlp,42,0.01781431602250715,15.0,0.007807556833577391,12.0,0.03227372957258996,12.0,0.01781431602250715,0.018185406988849774,0.020202800485192476
coding,9,9,model.layers.9.mlp,43,0.004519878240014759,39.0,0.001895372151294853,37.0,0.008157220129849737,33.0,0.004519878240014759,0.004414711887641233,0.005106279719748083
coding,9,9,model.layers.9.mlp,44,0.003989484364910986,42.0,0.0013308490337607232,44.0,0.004874084136583589,39.0,0.003989484364910986,0.0030998213443125143,0.0030510929682905463
coding,9,9,model.layers.9.mlp,45,0.0003459090489807213,58.0,0.0001200322416059404,58.0,0.00043819776546602133,59.0,0.0003459090489807213,0.00027957979838205124,0.0002743042761406133
coding,9,9,model.layers.9.mlp,46,0.10867309288810996,1.0,0.047408017469127615,2.0,0.17286135030731858,3.0,0.10867309288810996,0.11042303124875995,0.10820823679534435
coding,9,9,model.layers.9.mlp,47,0.011288165298404207,24.0,0.004835587807570796,22.0,0.02773976902187162,13.0,0.011288165298404207,0.011263079371104915,0.01736461904081145
coding,9,9,model.layers.9.mlp,48,0.015681210220459367,18.0,0.005384222980179412,20.0,0.018687124501272228,19.0,0.015681210220459367,0.01254096362029507,0.011697819029313317
coding,9,9,model.layers.9.mlp,49,0.0007379393044922055,56.0,0.00026082803419887464,54.0,0.0014773512982638184,49.0,0.0007379393044922055,0.0006075221810245624,0.000924796542594591
coding,9,9,model.layers.9.mlp,50,0.060695507794483905,4.0,0.029072124198644037,4.0,0.09098532419562746,6.0,0.060695507794483905,0.06771496152407604,0.056955250482298235
coding,9,9,model.layers.9.mlp,51,0.08715755004150909,3.0,0.03956519412704086,3.0,0.2080166432901718,1.0,0.08715755004150909,0.09215548130226171,0.1302148464911222
coding,9,9,model.layers.9.mlp,52,0.05435384189650401,6.0,0.021412040373351166,7.0,0.09435602072782703,5.0,0.05435384189650401,0.04987304952766619,0.059065248627476766
coding,9,9,model.layers.9.mlp,53,0.0056383174983857575,32.0,0.0023029187697456415,32.0,0.008561432614514291,31.0,0.0056383174983857575,0.005363971852241604,0.005359309793726192
coding,9,9,model.layers.9.mlp,54,0.02171155797435661,12.0,0.007669891337716769,13.0,0.01819584441629242,20.0,0.02171155797435661,0.017864755711643494,0.011390286132724105
coding,9,9,model.layers.9.mlp,55,0.004266211604095563,41.0,0.0015974422187759432,40.0,0.005652241861728953,37.0,0.004266211604095563,0.003720771748298766,0.0035382063411582058
coding,9,9,model.layers.9.mlp,56,2.306060326538142e-05,63.0,5.67507033483996e-06,63.0,2.016060995160516e-05,63.0,2.306060326538142e-05,1.3218406977913117e-05,1.2620195617490242e-05
coding,9,9,model.layers.9.mlp,57,0.0035628632045014296,44.5,0.0008561136361670971,46.0,0.0011385058891036756,54.0,0.0035628632045014296,0.001994064882812921,0.000712685135352716
coding,9,9,model.layers.9.mlp,58,0.003712757125726409,43.0,0.001246781424395812,45.0,0.0033683790930543987,45.0,0.003712757125726409,0.00290401057745319,0.0021085474680703456
coding,9,9,model.layers.9.mlp,59,0.004554469144912831,38.0,0.0016120239967196291,38.0,0.006781565869231691,35.0,0.004554469144912831,0.0037547357106725706,0.0042451437763064825
coding,9,9,model.layers.9.mlp,60,0.007194908218799004,30.0,0.0025463950511945394,30.0,0.005212489806597396,38.0,0.007194908218799004,0.005931078229391238,0.0032629291063783258
coding,9,9,model.layers.9.mlp,61,0.015358361774744027,19.0,0.006591875695421317,17.0,0.0166048909144124,22.0,0.015358361774744027,0.015353835379795388,0.010394376561522943
coding,9,9,model.layers.9.mlp,62,0.0008532423208191126,54.0,0.0002465052376395166,55.0,0.000666635903899998,56.0,0.0008532423208191126,0.000574161439604115,0.0004173026278994382
coding,9,9,model.layers.9.mlp,63,0.005084863020016604,37.0,0.002130887570190711,34.0,0.009793598568755073,28.0,0.005084863020016604,0.004963275777224627,0.006130624521458034
coding,10,10,model.layers.10.mlp,0,0.003920302555114842,47.0,0.002026247830862005,41.0,0.007188387584195851,45.0,0.003920302555114842,0.004402106861309183,0.0035152898305220886
coding,10,10,model.layers.10.mlp,1,0.0025712572640900285,52.0,0.0009459576564085417,51.0,0.0038706818230421977,51.0,0.0025712572640900285,0.0020551319667606806,0.0018928540358121317
coding,10,10,model.layers.10.mlp,2,0.053927220736094454,6.0,0.022191281578613598,7.0,0.1114666474480194,6.0,0.053927220736094454,0.04821147315276851,0.05450980037274208
coding,10,10,model.layers.10.mlp,3,0.014458998247394151,19.0,0.005320659940417166,22.0,0.022256555553732207,21.0,0.014458998247394151,0.011559352846013457,0.010883976758918333
coding,10,10,model.layers.10.mlp,4,0.012521907573102113,23.0,0.0104709101299465,11.0,0.04484723676736587,13.0,0.012521907573102113,0.022748483490087193,0.02193134878841868
coding,10,10,model.layers.10.mlp,5,0.03501752605848169,9.0,0.022097901899473065,8.0,0.09157141457087505,7.0,0.03501752605848169,0.04800860195409756,0.04478056568836633
coding,10,10,model.layers.10.mlp,6,0.023959966792731296,12.0,0.009774925809715432,12.0,0.045741442637341936,12.0,0.023959966792731296,0.021236428891045676,0.02236863639489541
coding,10,10,model.layers.10.mlp,7,0.0011299695600036897,59.0,0.0004042586808758417,56.0,0.002134090003058123,55.0,0.0011299695600036897,0.0008782686331465535,0.0010436199769837953
coding,10,10,model.layers.10.mlp,8,0.0034706207914399043,49.0,0.0017059666788695692,46.0,0.006050208142768984,47.0,0.0034706207914399043,0.0037062828681828793,0.0029586934354482184
coding,10,10,model.layers.10.mlp,9,0.005822802324508809,34.0,0.002266109632990499,36.0,0.009817347745593652,37.0,0.005822802324508809,0.004923216504874664,0.004800912901338077
coding,10,10,model.layers.10.mlp,10,0.0013259846877594318,56.0,0.00035174176015819575,57.0,0.001608505701432643,57.0,0.0013259846877594318,0.0007641734600365449,0.0007865969479740442
coding,10,10,model.layers.10.mlp,11,0.04463379762014574,7.0,0.031090512507494696,4.0,0.12273203645967798,5.0,0.04463379762014574,0.06754541885068267,0.06001883935620262
coding,10,10,model.layers.10.mlp,12,0.021169633797620147,15.0,0.006250425630275113,18.0,0.023151117325180978,20.0,0.021169633797620147,0.013579307098594852,0.01132143840954794
coding,10,10,model.layers.10.mlp,13,0.05420394797527903,5.0,0.02456105132569643,6.0,0.07081377077955962,9.0,0.05420394797527903,0.05335989552463518,0.03462959187531839
coding,10,10,model.layers.10.mlp,14,0.005961165944101098,33.0,0.002892844583064293,32.0,0.013844008034923487,32.0,0.005961165944101098,0.006284823995291275,0.006770044059091556
coding,10,10,model.layers.10.mlp,15,0.012821695415552071,21.5,0.004183776703457937,26.0,0.013713456829825117,33.0,0.012821695415552071,0.009089427192448896,0.006706201463200694
coding,10,10,model.layers.10.mlp,16,0.021411770131906652,14.0,0.006670155633849506,16.0,0.030387651655311328,15.0,0.021411770131906652,0.014491187817473213,0.014860273126092644
coding,10,10,model.layers.10.mlp,17,0.00567290840328383,36.0,0.002217646333940596,38.0,0.013334214390451293,34.0,0.00567290840328383,0.004817927991781722,0.006520743031136708
coding,10,10,model.layers.10.mlp,18,0.011807028871875288,24.0,0.005830256484353381,19.0,0.021674285571070002,22.0,0.011807028871875288,0.01266647232488131,0.010599233104698734
coding,10,10,model.layers.10.mlp,19,0.04402269163361314,8.0,0.015932005541030577,9.0,0.055424346341911734,11.0,0.04402269163361314,0.03461293817980306,0.02710380301243202
coding,10,10,model.layers.10.mlp,20,0.010953786551056176,26.0,0.005515729223117102,21.0,0.014950113612758135,27.0,0.010953786551056176,0.011983148896390343,0.0073109555839228745
coding,10,10,model.layers.10.mlp,21,0.0007840605110229684,60.0,0.0002937749703094733,58.0,0.001377265023086665,58.0,0.0007840605110229684,0.000638238221792479,0.0006735148422206187
coding,10,10,model.layers.10.mlp,22,0.02950604187805553,10.0,0.009559565898556405,14.0,0.03271469723176565,14.0,0.02950604187805553,0.020768550614694473,0.015998252896139556
coding,10,10,model.layers.10.mlp,23,0.00746010515635089,30.0,0.0026550546320104236,34.0,0.009243573134026397,38.0,0.00746010515635089,0.005768215533512295,0.004520323682486189
coding,10,10,model.layers.10.mlp,24,0.009454847338806383,28.0,0.0037917577080066414,29.0,0.014366189818377425,29.0,0.009454847338806383,0.008237749779964988,0.007025403177052202
coding,10,10,model.layers.10.mlp,25,9.224241306152569e-05,62.0,3.215873189742644e-05,62.0,0.00010415032257201124,62.0,9.224241306152569e-05,6.98661694687359e-05,5.093194621112561e-05
coding,10,10,model.layers.10.mlp,26,0.003355317775112997,50.0,0.0010785786453048612,50.0,0.005407664970219129,49.0,0.003355317775112997,0.002343256526985741,0.002644474780196259
coding,10,10,model.layers.10.mlp,27,0.0015450604187805554,54.0,0.000551574048317729,54.0,0.00327507101536105,52.0,0.0015450604187805554,0.0011983173359334835,0.001601586405809289
coding,10,10,model.layers.10.mlp,28,0.00502721151185315,40.0,0.0015879049477965593,49.0,0.0054776436516020465,48.0,0.00502721151185315,0.0034497888951857867,0.002678695993804656
coding,10,10,model.layers.10.mlp,29,0.008832211050641085,29.0,0.003829557730058343,28.0,0.0161069050106865,25.0,0.008832211050641085,0.008319871884624143,0.007876653661488056
coding,10,10,model.layers.10.mlp,30,0.017895028133935984,16.0,0.009466118659054746,15.0,0.07179070139225971,8.0,0.017895028133935984,0.020565532638356573,0.03510733381782308
coding,10,10,model.layers.10.mlp,31,0.004819666082464718,42.0,0.0016421784379035606,48.0,0.007900768591847194,43.0,0.004819666082464718,0.0035677002876365244,0.00386366082225319
coding,10,10,model.layers.10.mlp,32,0.004496817636749377,45.0,0.0017341731296409465,45.0,0.008145907061333784,41.0,0.004496817636749377,0.0037675625441349744,0.0039835392732636135
coding,10,10,model.layers.10.mlp,33,0.00014989392122497926,61.0,4.037857583479384e-05,61.0,0.00016088888685527998,61.0,0.00014989392122497926,8.772411894778955e-05,7.867843256668997e-05
coding,10,10,model.layers.10.mlp,34,0.016246195000461212,17.0,0.0064368021465097775,17.0,0.0296290036944296,16.0,0.016246195000461212,0.013984217755824025,0.01448927651098286
coding,10,10,model.layers.10.mlp,35,0.009696983673092888,27.0,0.0039760961533472465,27.0,0.0185949773588762,24.0,0.009696983673092888,0.008638232644241135,0.00909337929303633
coding,10,10,model.layers.10.mlp,36,0.005592196291854995,38.0,0.0019278236447571719,42.0,0.008856332183335059,40.0,0.005592196291854995,0.004188276263505885,0.004330953791118645
coding,10,10,model.layers.10.mlp,37,0.004646711557974356,44.0,0.00182692224541094,43.0,0.007906070492626304,42.0,0.004646711557974356,0.003969063817914378,0.0038662535758676748
coding,10,10,model.layers.10.mlp,38,0.014701134581680656,18.0,0.005665634404402269,20.0,0.027237266381830872,17.0,0.014701134581680656,0.012308824076410398,0.013319660967332525
coding,10,10,model.layers.10.mlp,39,0.006410847707776036,32.0,0.0028662483208998246,33.0,0.012001728106552291,35.0,0.006410847707776036,0.006227042520401515,0.0058691260407842975
coding,10,10,model.layers.10.mlp,40,0.0012913937828613596,57.0,0.00027208809438704915,59.0,0.0006722185364531344,60.0,0.0012913937828613596,0.0005911225907011676,0.00032873060299050275
coding,10,10,model.layers.10.mlp,41,0.0018333179595978232,53.0,0.0006132679180887372,53.0,0.0018715785548108804,56.0,0.0018333179595978232,0.0013323498088043532,0.0009152457326055422
coding,10,10,model.layers.10.mlp,42,0.0014066967991882668,55.0,0.000524989046213449,55.0,0.002289344620115257,54.0,0.0014066967991882668,0.0011405603239882153,0.0011195431197039297
coding,10,10,model.layers.10.mlp,43,0.06534221935245826,3.0,0.03132781827596048,2.0,0.16163525890571673,2.0,0.06534221935245826,0.0680609754058485,0.07904342597417605
coding,10,10,model.layers.10.mlp,44,0.08127709620883683,2.0,0.03124214610801875,3.0,0.15455237808136052,3.0,0.08127709620883683,0.06787484909268224,0.07557973141944724
coding,10,10,model.layers.10.mlp,45,0.0028133935983765336,51.0,0.0007680261853150078,52.0,0.0025367292637133794,53.0,0.0028133935983765336,0.0016685685179003988,0.0012405200024446083
coding,10,10,model.layers.10.mlp,46,0.005615256895120376,37.0,0.002053328275614565,39.0,0.006889763447558206,46.0,0.005615256895120376,0.0044609402428120925,0.0033692556360138933
coding,10,10,model.layers.10.mlp,47,0.005096393321649294,39.0,0.00225635842086754,37.0,0.010242021300455992,36.0,0.005096393321649294,0.004902031594944718,0.005008588212555489
coding,10,10,model.layers.10.mlp,48,0.013571165021676967,20.0,0.005305729100607647,23.0,0.01599608202414279,26.0,0.013571165021676967,0.011526914981617259,0.007822458626367566
coding,10,10,model.layers.10.mlp,49,0.011760907665344525,25.0,0.0048901315391223135,24.0,0.025940963860813206,19.0,0.011760907665344525,0.010624012163367409,0.012685738684200193
coding,10,10,model.layers.10.mlp,50,0.023798542569873626,13.0,0.009684394925802508,13.0,0.026648480824170193,18.0,0.023798542569873626,0.02103974681733117,0.013031731044389396
coding,10,10,model.layers.10.mlp,51,0.0012222119730652154,58.0,0.00026037763179134765,60.0,0.001180457927684548,59.0,0.0012222119730652154,0.0005656811284296391,0.0005772715647208502
coding,10,10,model.layers.10.mlp,52,0.004715893367770501,43.0,0.0016564561942221659,47.0,0.007596340447254654,44.0,0.004715893367770501,0.0035987193012521957,0.0037147883319657068
coding,10,10,model.layers.10.mlp,53,0.004842726685730099,41.0,0.002595410093193663,35.0,0.014379533055677327,28.0,0.004842726685730099,0.005638635316538943,0.007031928332497313
coding,10,10,model.layers.10.mlp,54,3.4590904898072136e-05,63.0,7.848261951157643e-06,63.0,2.8380411966141054e-05,64.0,3.4590904898072136e-05,1.7050672310822453e-05,1.3878685922548732e-05
coding,10,10,model.layers.10.mlp,55,0.012821695415552071,21.5,0.0046561925286527995,25.0,0.014071968522140344,31.0,0.012821695415552071,0.010115770028604643,0.006881522074583666
coding,10,10,model.layers.10.mlp,56,0.11163638040771147,1.0,0.06629143116626118,1.0,0.3368278665633211,1.0,0.11163638040771147,0.14402086434750533,0.16471671290648005
coding,10,10,model.layers.10.mlp,57,0.005765150816345355,35.0,0.0018201211690572826,44.0,0.004015592809228063,50.0,0.005765150816345355,0.003954288199441298,0.0019637189008605968
coding,10,10,model.layers.10.mlp,58,0.003954893460012914,46.0,0.002045378673121714,40.0,0.009064992358682121,39.0,0.003954893460012914,0.004443669404000844,0.00443299350222787
coding,10,10,model.layers.10.mlp,59,0.025170648464163822,11.0,0.015690612370716492,10.0,0.06037233597391504,10.0,0.025170648464163822,0.03408850157578668,0.02952348578985362
coding,10,10,model.layers.10.mlp,60,0.003597454109399502,48.0,0.003040340111469191,31.0,0.014145182547187928,30.0,0.003597454109399502,0.006605264105190074,0.006917325446993246
coding,10,10,model.layers.10.mlp,61,0.006526150724102942,31.0,0.0031295873485206625,30.0,0.0206443584995641,23.0,0.006526150724102942,0.006799157403232512,0.010095574653030938
coding,10,10,model.layers.10.mlp,62,0.06438520431694493,4.0,0.028488695440053963,5.0,0.14638291631564368,4.0,0.06438520431694493,0.06189286411872787,0.07158467334425359
coding,10,10,model.layers.10.mlp,63,2.306060326538142e-05,64.0,7.0713177981736e-06,64.0,3.279873271587095e-05,63.0,2.306060326538142e-05,1.5362729140884507e-05,1.603934821539138e-05
coding,11,11,model.layers.11.mlp,0,0.0041278479845032745,43.0,0.0018830423853888017,39.0,0.012178011493548269,32.0,0.0041278479845032745,0.0038041443021177373,0.004043971607962506
coding,11,11,model.layers.11.mlp,1,0.0002882575408172678,60.0,7.301023026012361e-05,60.0,0.00035209123025619173,61.0,0.0002882575408172678,0.00014749612308010074,0.00011691949373860929
coding,11,11,model.layers.11.mlp,2,0.010653998708606217,20.0,0.003480957526692648,23.0,0.010801812416869835,35.0,0.010653998708606217,0.007032271203150603,0.003586974996000018
coding,11,11,model.layers.11.mlp,3,0.003067060234295729,48.0,0.0011127191477954064,46.0,0.007582693743635374,41.0,0.003067060234295729,0.0022479282669302216,0.0025179971481700293
coding,11,11,model.layers.11.mlp,4,0.004750484272668573,40.0,0.0013542812190123143,44.0,0.006802811470927705,42.0,0.004750484272668573,0.0027359347950667735,0.0022590204038917096
coding,11,11,model.layers.11.mlp,5,0.015416013282907481,14.0,0.005234779461361959,18.0,0.023839997112360643,17.0,0.015416013282907481,0.010575362835856366,0.007916585684565191
coding,11,11,model.layers.11.mlp,6,0.00023060603265381423,61.0,6.76617016707407e-05,61.0,0.0003858269922062102,60.0,0.00023060603265381423,0.0001366909629223204,0.00012812218176129126
coding,11,11,model.layers.11.mlp,7,0.06576884051286781,4.0,0.02897544532186837,5.0,0.1660418767746981,5.0,0.06576884051286781,0.05853653432222159,0.05513778959441961
coding,11,11,model.layers.11.mlp,8,0.004473757033483996,41.0,0.0021112950654632876,36.0,0.014422166029714854,29.0,0.004473757033483996,0.004265263042240613,0.00478919156714434
coding,11,11,model.layers.11.mlp,9,0.004923438797158934,38.0,0.001923770023089429,38.0,0.006344436740794972,44.0,0.004923438797158934,0.0038864227532560353,0.002106807179635329
coding,11,11,model.layers.11.mlp,10,0.010642468406973526,21.0,0.002898091771111982,26.0,0.00660972746504721,43.0,0.010642468406973526,0.005854758970714092,0.0021949026915586206
coding,11,11,model.layers.11.mlp,11,0.005799741721243428,34.0,0.00247341860111498,32.0,0.016021062310287822,26.0,0.005799741721243428,0.004996829254186331,0.0053201395931122475
coding,11,11,model.layers.11.mlp,12,0.009766165482889033,22.0,0.004564884700586892,20.0,0.02264938018573473,20.0,0.009766165482889033,0.009222033586873573,0.007521215631762597
coding,11,11,model.layers.11.mlp,13,0.11182086523383451,2.0,0.04841276389977862,3.0,0.31911600336532797,3.0,0.11182086523383451,0.09780403317957591,0.10596935780028946
coding,11,11,model.layers.11.mlp,14,0.01134581680656766,19.0,0.00458075012539203,19.0,0.020530746053719077,22.0,0.01134581680656766,0.009254085104057388,0.006817677432437476
coding,11,11,model.layers.11.mlp,15,0.00664145374042985,32.0,0.0026382321020892905,29.0,0.012819782057521902,31.0,0.00664145374042985,0.005329787420985134,0.004257085377883845
coding,11,11,model.layers.11.mlp,16,0.0054192417673646345,35.0,0.0017923763807536205,40.0,0.007871281228132788,38.0,0.0054192417673646345,0.003620979776664164,0.002613828852249069
coding,11,11,model.layers.11.mlp,17,0.007483165759616272,28.0,0.0025074465030036435,31.0,0.0215879341309256,21.0,0.007483165759616272,0.005065572820495409,0.007168739555409243
coding,11,11,model.layers.11.mlp,18,0.007552347569412416,27.0,0.003948891847932617,22.0,0.02277453127585591,19.0,0.007552347569412416,0.00797759760457561,0.0075627747529232025
coding,11,11,model.layers.11.mlp,19,0.0004266211604095563,58.0,0.00013447889882736832,57.0,0.0007232132412203893,58.0,0.0004266211604095563,0.00027167584792499126,0.00024015856903626936
coding,11,11,model.layers.11.mlp,20,0.01426298311963841,16.0,0.006553647791082464,16.0,0.05049586564387665,12.0,0.01426298311963841,0.013239756096825836,0.01676824226118613
coding,11,11,model.layers.11.mlp,21,0.0005073332718383913,56.0,0.00011067513158956739,59.0,0.0011759965020169104,55.0,0.0005073332718383913,0.00022358719829646982,0.00039051502519431075
coding,11,11,model.layers.11.mlp,22,0.01573886172862282,13.0,0.00731027879548704,13.0,0.04491816617369091,13.0,0.01573886172862282,0.014768310922009434,0.014916046744116002
coding,11,11,model.layers.11.mlp,23,0.06424684069735265,5.0,0.03173597293766142,4.0,0.11904821864530044,8.0,0.06424684069735265,0.06411338457367757,0.039532530941949015
coding,11,11,model.layers.11.mlp,24,0.003309196568582234,47.0,0.0009643791148763952,48.0,0.006334237771526428,45.0,0.003309196568582234,0.0019482499934173826,0.002103420391720543
coding,11,11,model.layers.11.mlp,25,0.0007148787012268241,55.0,0.0001803636440941795,55.0,0.0004880920471069437,59.0,0.0007148787012268241,0.0003643727482259491,0.00016208150087709187
coding,11,11,model.layers.11.mlp,26,0.001637302831842081,51.0,0.0006620464988239093,51.0,0.002491351123907812,50.0,0.001637302831842081,0.0013374740981828507,0.0008273069224713932
coding,11,11,model.layers.11.mlp,27,0.11666359191956462,1.0,0.08194522314016235,1.0,0.5337666676126056,1.0,0.11666359191956462,0.16554670044245992,0.17724874461201637
coding,11,11,model.layers.11.mlp,28,0.015231528456784429,15.0,0.00669554706957384,15.0,0.0235300892647007,18.0,0.015231528456784429,0.013526422682738149,0.007813674093646958
coding,11,11,model.layers.11.mlp,29,0.006918180979614426,31.0,0.0022525074802831843,35.0,0.005823669174579377,46.0,0.006918180979614426,0.00455054201811161,0.0019338750672589107
coding,11,11,model.layers.11.mlp,30,0.0003343787473480306,59.0,0.00013312769160478738,58.0,0.0009024415016394239,57.0,0.0003343787473480306,0.000268946123253552,0.00029967518197944747
coding,11,11,model.layers.11.mlp,31,0.0049580297020570055,37.0,0.0023078056358673093,33.0,0.015495882286333574,27.0,0.0049580297020570055,0.004662256000290261,0.005145742228890246
coding,11,11,model.layers.11.mlp,32,0.001718014943270916,50.0,0.0010368713823678628,47.0,0.004904381218827219,47.0,0.001718014943270916,0.0020946997220400985,0.0016286056565202906
coding,11,11,model.layers.11.mlp,33,0.025631860529471452,10.0,0.01402322265805161,10.0,0.081520516277954,10.0,0.025631860529471452,0.028329878809892364,0.027070647245582242
coding,11,11,model.layers.11.mlp,34,0.004104787381237893,44.0,0.0015935462379508348,42.0,0.00772447066106498,39.0,0.004104787381237893,0.0032193007912618785,0.0025650772341966784
coding,11,11,model.layers.11.mlp,35,0.0040471358730744394,45.0,0.0013115774407486626,45.0,0.00766603831336151,40.0,0.0040471358730744394,0.0026496641215964954,0.0025456735117396407
coding,11,11,model.layers.11.mlp,36,0.001233742274697906,52.0,0.00036138037167927315,54.0,0.0017826527944021081,52.0,0.001233742274697906,0.0007300648633764272,0.0005919683432091003
coding,11,11,model.layers.11.mlp,37,0.01329443778249239,17.0,0.005766817305253205,17.0,0.017508203797911754,25.0,0.01329443778249239,0.011650191925235571,0.005813977027586702
coding,11,11,model.layers.11.mlp,38,0.003320726870214925,46.0,0.0006783623260365741,50.0,0.001464889459459723,54.0,0.003320726870214925,0.0013704355235904797,0.0004864481681592348
coding,11,11,model.layers.11.mlp,39,0.0010261968453094733,54.0,0.00037445330155774374,53.0,0.0016955096292139453,53.0,0.0010261968453094733,0.0007564749495726019,0.0005630305740145469
coding,11,11,model.layers.11.mlp,40,0.008244165667373859,25.0,0.0026909291837699475,28.0,0.009499665853826776,37.0,0.008244165667373859,0.005436246683171265,0.0031545691197909296
coding,11,11,model.layers.11.mlp,41,0.007344802140023983,29.0,0.0034091859030532237,25.0,0.01207330821810663,33.0,0.007344802140023983,0.0068872773276859875,0.004009202625081271
coding,11,11,model.layers.11.mlp,42,0.0004842726685730099,57.0,0.0001684279802947145,56.0,0.0011244499154740093,56.0,0.0004842726685730099,0.0003402601802949024,0.00037339786837627776
coding,11,11,model.layers.11.mlp,43,0.05317775112996956,6.0,0.025883049952149247,7.0,0.12847959574117135,7.0,0.05317775112996956,0.052289240943754534,0.04266442330548438
coding,11,11,model.layers.11.mlp,44,0.04625957015035513,8.0,0.02721673652107739,6.0,0.20272388151239373,4.0,0.04625957015035513,0.054983570185287454,0.06731884113645308
coding,11,11,model.layers.11.mlp,45,0.004289272207360945,42.0,0.0019241641251960151,37.0,0.009717094194195211,36.0,0.004289272207360945,0.003887218922951872,0.003226770893921475
coding,11,11,model.layers.11.mlp,46,0.01878286135965317,12.0,0.0070228432390635085,14.0,0.03342062878153463,15.0,0.01878286135965317,0.01418763024127752,0.011098041251183102
coding,11,11,model.layers.11.mlp,47,0.10462595701503552,3.0,0.06093245324102366,2.0,0.5146089558583345,2.0,0.10462595701503552,0.12309645635673544,0.17088701285894276
coding,11,11,model.layers.11.mlp,48,0.0001960151277557421,62.0,4.248420708998247e-05,62.0,0.00012843342584367717,62.0,0.0001960151277557421,8.582709321116905e-05,4.264909159433369e-05
coding,11,11,model.layers.11.mlp,49,0.004773544875933954,39.0,0.0017623345401715708,41.0,0.011043467503853713,34.0,0.004773544875933954,0.0035602888981358313,0.003667221784336541
coding,11,11,model.layers.11.mlp,50,0.0,64.0,0.0,64.0,0.0,64.0,0.0,0.0,0.0
coding,11,11,model.layers.11.mlp,51,0.02399455769762937,11.0,0.017110415879963793,9.0,0.08735043724770146,9.0,0.02399455769762937,0.03456666274837438,0.02900659835638668
coding,11,11,model.layers.11.mlp,52,0.007921317221658519,26.0,0.0028280879769221013,27.0,0.01542727554232616,28.0,0.007921317221658519,0.0057133364850279434,0.005122959878501784
coding,11,11,model.layers.11.mlp,53,9.224241306152569e-05,63.0,2.4344250126833318e-05,63.0,0.00012544049717229557,63.0,9.224241306152569e-05,4.9180539497097136e-05,4.165522501947158e-05
coding,11,11,model.layers.11.mlp,54,0.008278756572271931,24.0,0.0034218196905843557,24.0,0.025605744623233995,16.0,0.008278756572271931,0.006912800253363945,0.008502940263437555
coding,11,11,model.layers.11.mlp,55,0.0024213633428650494,49.0,0.0009127855190941795,49.0,0.0033749032299321313,49.0,0.0024213633428650494,0.001844020006379594,0.0011207094728640234
coding,11,11,model.layers.11.mlp,56,0.009189650401254497,23.0,0.008401153426517387,12.0,0.033596166417713305,14.0,0.009189650401254497,0.01697210864008472,0.01115633231267631
coding,11,11,model.layers.11.mlp,57,0.04668619131076469,7.0,0.021360728279073656,8.0,0.1657844867150773,6.0,0.04668619131076469,0.043153193684031296,0.05505231766874196
coding,11,11,model.layers.11.mlp,58,0.007114196107370169,30.0,0.0025701312580712113,30.0,0.019451521225009014,23.0,0.007114196107370169,0.0051922092975445954,0.006459297530412923
coding,11,11,model.layers.11.mlp,59,0.00600728715063186,33.0,0.0015852475735921503,43.0,0.004578856319551945,48.0,0.00600728715063186,0.0032025357322381224,0.001520508086481744
coding,11,11,model.layers.11.mlp,60,0.0011876210681671432,53.0,0.0003915348128632045,52.0,0.0020117945869452133,51.0,0.0011876210681671432,0.000790983218960713,0.0006680598219971499
coding,11,11,model.layers.11.mlp,61,0.005050272115118532,36.0,0.002285600797176229,34.0,0.013069822407001917,30.0,0.005050272115118532,0.004617397524856276,0.0043401166736481735
coding,11,11,model.layers.11.mlp,62,0.011587953140854165,18.0,0.004327342470857163,21.0,0.01860102517678942,24.0,0.011587953140854165,0.008742147989634554,0.0061768719576084895
coding,11,11,model.layers.11.mlp,63,0.032792177843372385,9.0,0.012559718855214003,11.0,0.07140918064354948,11.0,0.032792177843372385,0.025373291270550918,0.023712959970794045
coding,12,12,model.layers.12.mlp,0,0.0037358177289917903,43.0,0.0014221568618266304,44.0,0.01050528015512875,38.0,0.0037358177289917903,0.0028950116078617027,0.0032547828200748556
coding,12,12,model.layers.12.mlp,1,0.0009454847338806384,53.0,0.00029967524184807673,54.0,0.0015977277187566104,55.0,0.0009454847338806384,0.0006100334829623785,0.0004950136172834576
coding,12,12,model.layers.12.mlp,2,0.050018448482612304,7.0,0.018997793388525044,9.0,0.12008648181481726,10.0,0.050018448482612304,0.03867283128873516,0.03720561585816257
coding,12,12,model.layers.12.mlp,3,0.006272484088183747,33.0,0.00243030383065446,33.0,0.010167598548426793,39.0,0.006272484088183747,0.004947244561572931,0.003150161117852833
coding,12,12,model.layers.12.mlp,4,0.013317498385757772,20.0,0.004105350384247302,25.0,0.025242749037706107,21.0,0.013317498385757772,0.008357050713428474,0.007820797226362022
coding,12,12,model.layers.12.mlp,5,0.0004958029702057005,56.0,0.00021442532616340745,55.0,0.002255672008038315,53.0,0.0004958029702057005,0.0004364946124615831,0.0006988602294344886
coding,12,12,model.layers.12.mlp,6,0.023337330504566,13.0,0.012832201051707638,10.0,0.14411917542984604,7.0,0.023337330504566,0.026121851953372986,0.044651509460545954
coding,12,12,model.layers.12.mlp,7,0.004450696430218615,41.0,0.0028903898899432707,30.0,0.023923759871265476,22.0,0.004450696430218615,0.00588381809857762,0.00741214336702635
coding,12,12,model.layers.12.mlp,8,0.06846693109491744,3.0,0.026369889914445162,6.0,0.15179715597720816,6.0,0.06846693109491744,0.053679829173204414,0.047030328379165924
coding,12,12,model.layers.12.mlp,9,0.015266119361682502,19.0,0.006676731508999401,17.0,0.04250930101380402,18.0,0.015266119361682502,0.013591479069546969,0.013170381045532838
coding,12,12,model.layers.12.mlp,10,0.016165482889032377,17.0,0.007595079497826538,16.0,0.04032709290429066,19.0,0.016165482889032377,0.015460912856405227,0.01249428165933945
coding,12,12,model.layers.12.mlp,11,0.00014989392122497926,59.0,4.853085941103219e-05,59.0,0.00033196359364245936,59.0,0.00014989392122497926,9.879177544028899e-05,0.00010285012731909817
coding,12,12,model.layers.12.mlp,12,0.009673923069827506,24.0,0.003320422848589844,28.0,0.010596865198777101,37.0,0.009673923069827506,0.006759214083691327,0.003283158020187622
coding,12,12,model.layers.12.mlp,13,0.0035282722996033576,45.0,0.001717767221946776,42.0,0.00925161839960994,42.0,0.0035282722996033576,0.003496770420073746,0.002866368928794152
coding,12,12,model.layers.12.mlp,14,0.0035743935061341207,44.0,0.0014010892892145558,45.0,0.009205396440831643,43.0,0.0035743935061341207,0.0028521254334188304,0.002852048279071321
coding,12,12,model.layers.12.mlp,15,0.007068074900839406,30.0,0.0023625182683216493,35.0,0.016045077729407695,31.0,0.007068074900839406,0.004809256977315265,0.004971142375003306
coding,12,12,model.layers.12.mlp,16,0.0014874089106171016,52.0,0.0007089333894474679,49.0,0.00831350580527217,45.0,0.0014874089106171016,0.001443139253299442,0.0025757195876763184
coding,12,12,model.layers.12.mlp,17,0.02351028502905636,12.0,0.0102486703220125,14.0,0.0461697810009148,17.0,0.02351028502905636,0.020862691271105984,0.014304483820455929
coding,12,12,model.layers.12.mlp,18,5.765150816345356e-05,61.0,1.3151750299787842e-05,62.0,5.9117611434756365e-05,62.0,5.765150816345356e-05,2.6772341929062074e-05,1.831602615259789e-05
coding,12,12,model.layers.12.mlp,19,0.0016603634351074624,49.0,0.0005346952180956554,52.0,0.002810825296443895,51.0,0.0016603634351074624,0.0010884515657906177,0.0008708597724193942
coding,12,12,model.layers.12.mlp,20,0.01831011899271285,15.0,0.006420700260440688,18.0,0.023257666019268024,23.0,0.01831011899271285,0.013070289419903978,0.007205771828711842
coding,12,12,model.layers.12.mlp,21,0.005211696337976202,37.0,0.0023347059196568583,36.0,0.019739466612546407,26.0,0.005211696337976202,0.004752640809023499,0.006115750923271769
coding,12,12,model.layers.12.mlp,22,0.004496817636749377,40.0,0.002120336893794392,39.0,0.022245753406323735,24.0,0.004496817636749377,0.004316260804190036,0.00689225750644789
coding,12,12,model.layers.12.mlp,23,0.009328014020846785,27.0,0.004975358934686607,22.0,0.021340170356138926,25.0,0.009328014020846785,0.010128082390782053,0.006611686583029582
coding,12,12,model.layers.12.mlp,24,0.008832211050641085,28.0,0.00416420671885089,24.0,0.01694432412230455,29.0,0.008832211050641085,0.00847686152786615,0.0052497500529895096
coding,12,12,model.layers.12.mlp,25,0.00038049995387879346,57.0,0.0001401427091020201,57.0,0.0009006999928554742,56.0,0.00038049995387879346,0.0002852813079187556,0.00027905803743428234
coding,12,12,model.layers.12.mlp,26,0.01313301355963472,21.0,0.004906582487057236,23.0,0.01488328637817603,34.0,0.01313301355963472,0.009988077712269458,0.0046111920952714245
coding,12,12,model.layers.12.mlp,27,5.765150816345356e-05,61.0,1.5392502277234572e-05,61.0,7.531251120903805e-05,61.0,5.765150816345356e-05,3.1333725528277274e-05,2.3333586920116534e-05
coding,12,12,model.layers.12.mlp,28,0.009604741260031363,25.0,0.002791346400528088,31.0,0.010016569936284279,40.0,0.009604741260031363,0.005682200359187183,0.0031033689024256962
coding,12,12,model.layers.12.mlp,29,0.015277649663315192,18.0,0.005929018472263859,19.0,0.03399839217389447,20.0,0.015277649663315192,0.012069398081997793,0.010533501355862026
coding,12,12,model.layers.12.mlp,30,0.03906466193155613,8.0,0.023803328095453602,8.0,0.13728248624385542,8.0,0.03906466193155613,0.04845521123005307,0.04253334238835319
coding,12,12,model.layers.12.mlp,31,0.06825938566552901,4.0,0.03641773706300157,4.0,0.2091748926672765,5.0,0.06825938566552901,0.07413371503480284,0.06480730042330884
coding,12,12,model.layers.12.mlp,32,0.030566829628263074,10.0,0.011441076915759617,11.0,0.07349966137229533,12.0,0.030566829628263074,0.02329001207013157,0.022771923412159056
coding,12,12,model.layers.12.mlp,33,0.0003113181440826492,58.0,0.00010362633391177013,58.0,0.0005180579898388401,58.0,0.0003113181440826492,0.0002109468003194848,0.00016050654720586128
coding,12,12,model.layers.12.mlp,34,0.0007033483995941334,55.0,0.000300722427445577,53.0,0.0018902802797780575,54.0,0.0007033483995941334,0.0006121651848454287,0.0005856532799598155
coding,12,12,model.layers.12.mlp,35,0.0008532423208191126,54.0,0.00020178027857208744,56.0,0.0006855627111750395,57.0,0.0008532423208191126,0.0004107537391856099,0.00021240344869118927
coding,12,12,model.layers.12.mlp,36,0.0017871967530670603,48.0,0.0007516427977412139,48.0,0.004533027648821318,49.0,0.0017871967530670603,0.001530080599992021,0.0014044385581763782
coding,12,12,model.layers.12.mlp,37,0.0,63.5,0.0,63.5,0.0,63.5,0.0,0.0,0.0
coding,12,12,model.layers.12.mlp,38,0.10565215386034499,1.0,0.06285109993672747,1.0,0.34078320954604935,2.0,0.10565215386034499,0.12794275284795084,0.1055826517162366
coding,12,12,model.layers.12.mlp,39,0.006284014389816438,32.0,0.0026341559603011715,32.0,0.015208502532635082,33.0,0.006284014389816438,0.0053622158614733935,0.004711951707267813
coding,12,12,model.layers.12.mlp,40,0.005695969006549211,35.0,0.0016963956277096209,43.0,0.004636094898477537,48.0,0.005695969006549211,0.0034532653644390203,0.0014363712157104706
coding,12,12,model.layers.12.mlp,41,0.006652984042062541,31.0,0.0022511562730606035,38.0,0.01159174683890476,35.0,0.006652984042062541,0.004582563088891957,0.003591395746595568
coding,12,12,model.layers.12.mlp,42,0.002121575500415091,47.0,0.0006116126892410755,50.0,0.002726337166028691,52.0,0.002121575500415091,0.0012450285073295074,0.0008446833629077071
coding,12,12,model.layers.12.mlp,43,0.08974033760723181,2.0,0.044801212195023525,3.0,0.4210024104326394,1.0,0.08974033760723181,0.09119952435083746,0.1304364464775632
coding,12,12,model.layers.12.mlp,44,0.004393044922055161,42.0,0.0019981652407526983,40.0,0.008461473078242132,44.0,0.004393044922055161,0.004067562251167499,0.00262156332824147
coding,12,12,model.layers.12.mlp,45,0.02950604187805553,11.0,0.010802507642428051,13.0,0.12376523833797819,9.0,0.02950604187805553,0.021990109430457736,0.038345381133720394
coding,12,12,model.layers.12.mlp,46,0.0014989392122497925,51.0,0.0005386362391615164,51.0,0.003317362971218318,50.0,0.0014989392122497925,0.0010964740997590867,0.0010277970551220896
coding,12,12,model.layers.12.mlp,47,0.005004150908587769,38.0,0.003112325676252191,29.0,0.018640456494562807,28.0,0.005004150908587769,0.0063356013686305425,0.005775251745879044
coding,12,12,model.layers.12.mlp,48,0.011092150170648464,22.0,0.0054140396195576975,20.0,0.0516320946757374,15.0,0.011092150170648464,0.011021082107575143,0.015996837041325807
coding,12,12,model.layers.12.mlp,49,0.0015104695138824832,50.0,0.0008352937848791624,47.0,0.005162428145302628,47.0,0.0015104695138824832,0.0017003646138541804,0.001599441632120468
coding,12,12,model.layers.12.mlp,50,0.009443317037173693,26.0,0.005008429731459275,21.0,0.054603828318102995,14.0,0.009443317037173693,0.01019540291154032,0.016917550003015636
coding,12,12,model.layers.12.mlp,51,0.0672793100267503,5.0,0.031233177470078866,5.0,0.32191077572713755,3.0,0.0672793100267503,0.06357977361944883,0.09973552794040798
coding,12,12,model.layers.12.mlp,52,0.0048888478922608615,39.0,0.002299585791929942,37.0,0.019593276217485,27.0,0.0048888478922608615,0.004681148570601628,0.006070457701265354
coding,12,12,model.layers.12.mlp,53,0.0056498478000184486,36.0,0.0023672925338414355,34.0,0.015352555065343724,32.0,0.0056498478000184486,0.004818975704179925,0.00475658256924625
coding,12,12,model.layers.12.mlp,54,0.01752605848168988,16.0,0.011384956775781755,12.0,0.06324410788215248,13.0,0.01752605848168988,0.023175771186420575,0.01959451178513267
coding,12,12,model.layers.12.mlp,55,0.06492712849368139,6.0,0.047465911068585116,2.0,0.28504456731294664,4.0,0.06492712849368139,0.0966239148505665,0.0883135096775988
coding,12,12,model.layers.12.mlp,56,0.010031362420440918,23.0,0.00349346745356171,27.0,0.01084343507128573,36.0,0.010031362420440918,0.007111472089483986,0.003359551164695751
coding,12,12,model.layers.12.mlp,57,0.0076099990775758694,29.0,0.0035969811868715985,26.0,0.01680692838680677,30.0,0.0076099990775758694,0.007322189674547229,0.005207181623319274
coding,12,12,model.layers.12.mlp,58,0.01933631583802232,14.0,0.009282016674978093,15.0,0.04945885529213314,16.0,0.01933631583802232,0.01889492413931992,0.015323516377315535
coding,12,12,model.layers.12.mlp,59,0.03617055622175076,9.0,0.02389450080279725,7.0,0.1017835307589713,11.0,0.03617055622175076,0.04864080682303219,0.03153493123352123
coding,12,12,model.layers.12.mlp,60,0.006076468960428005,34.0,0.001742595654661701,41.0,0.009539339607898495,41.0,0.006076468960428005,0.0035473123840751007,0.0029555117247862775
coding,12,12,model.layers.12.mlp,61,5.765150816345356e-05,61.0,2.3465965432155704e-05,60.0,0.00017251969813288892,60.0,5.765150816345356e-05,4.7768459400826504e-05,5.345065922238084e-05
coding,12,12,model.layers.12.mlp,62,0.0024905451526611934,46.0,0.000897460577178074,46.0,0.006061143331252366,46.0,0.0024905451526611934,0.001826914356825372,0.001877884729703308
coding,12,12,model.layers.12.mlp,63,0.0,63.5,0.0,63.5,0.0,63.5,0.0,0.0,0.0
coding,13,13,model.layers.13.mlp,0,0.0063301355963472005,31.0,0.0017572337329063278,35.0,0.014232527596925679,32.0,0.0063301355963472005,0.0033958297339949516,0.003106916279835693
coding,13,13,model.layers.13.mlp,1,0.003459090489807213,39.0,0.0011145320174857024,42.0,0.016964974625283704,28.0,0.003459090489807213,0.0021538176132139403,0.0037034009237880434
coding,13,13,model.layers.13.mlp,2,0.10645927497463334,1.0,0.08795692423438797,1.0,0.915677137386314,1.0,0.10645927497463334,0.16997553201523805,0.1998894564471744
coding,13,13,model.layers.13.mlp,3,0.020016603634351076,16.0,0.007277849822145097,15.0,0.07200943210799914,13.0,0.020016603634351076,0.014064343497842257,0.01571943390901221
coding,13,13,model.layers.13.mlp,4,0.007413983949820127,29.0,0.004724642434536712,22.0,0.026885502255498434,23.0,0.007413983949820127,0.009130305753440324,0.005869021091321164
coding,13,13,model.layers.13.mlp,5,0.031085693201734158,12.0,0.020789561726028503,7.0,0.16665534754980865,8.0,0.031085693201734158,0.040175538714026224,0.03638034136227643
coding,13,13,model.layers.13.mlp,6,0.0686398856194078,4.0,0.03856745145382691,4.0,0.33148755429910676,5.0,0.0686398856194078,0.07453106320392594,0.07236269678741246
coding,13,13,model.layers.13.mlp,7,0.029275435845401716,13.0,0.01006463026826688,13.0,0.04759564169817179,15.0,0.029275435845401716,0.01944975792726155,0.010389979786388654
coding,13,13,model.layers.13.mlp,8,0.0021792270085785443,47.0,0.0007556401191080159,45.0,0.005825591603060862,45.0,0.0021792270085785443,0.0014602640141801063,0.001271708434637678
coding,13,13,model.layers.13.mlp,9,0.007506226362881653,28.0,0.0021914892141234664,32.0,0.014757963247235032,31.0,0.007506226362881653,0.004235022408055718,0.003221617239650084
coding,13,13,model.layers.13.mlp,10,0.011807028871875288,20.0,0.00606699924980975,19.0,0.03991775307314674,19.0,0.011807028871875288,0.011724391617815171,0.00871392070261717
coding,13,13,model.layers.13.mlp,11,0.04538326722627064,7.0,0.020628542865337607,8.0,0.229129824160254,7.0,0.04538326722627064,0.039864372006587837,0.05001832429491689
coding,13,13,model.layers.13.mlp,12,0.0013951664975555762,51.0,0.0007357886329962642,46.0,0.004804964704868066,46.0,0.0013951664975555762,0.0014219012935357787,0.0010489087735066245
coding,13,13,model.layers.13.mlp,13,0.001279863481228669,52.5,0.0002937637102492851,55.0,0.002677144456444142,53.0,0.001279863481228669,0.0005676942818433687,0.0005844122653937346
coding,13,13,model.layers.13.mlp,14,0.0005303938751037727,59.0,0.00013927568446753068,60.0,0.0007930494780998346,60.0,0.0005303938751037727,0.0002691483219794024,0.0001731202217908085
coding,13,13,model.layers.13.mlp,15,0.0009108938289825662,56.5,0.00029224360212388154,56.0,0.002153283858769891,56.0,0.0009108938289825662,0.0005647566940458734,0.00047005513464556324
coding,13,13,model.layers.13.mlp,16,0.012060695507794483,19.0,0.003505132875916659,25.0,0.016973777028887752,27.0,0.012060695507794483,0.00677362050292232,0.00370532246097621
coding,13,13,model.layers.13.mlp,17,0.02253020939027765,14.0,0.008546183001741075,14.0,0.03549336862912115,20.0,0.02253020939027765,0.016515379716433888,0.00774809141025984
coding,13,13,model.layers.13.mlp,18,0.008866801955539157,24.0,0.004781066596139655,21.0,0.031444009722307285,22.0,0.008866801955539157,0.009239344660501428,0.006864129020248719
coding,13,13,model.layers.13.mlp,19,0.0028595148049072963,42.0,0.0011527374017041786,41.0,0.009516679525743737,39.0,0.0028595148049072963,0.002227648986524322,0.002077461388861036
coding,13,13,model.layers.13.mlp,20,0.017756664514343694,17.0,0.006277033152499769,17.0,0.047211622047683824,16.0,0.017756664514343694,0.012130279211790577,0.010306149497232174
coding,13,13,model.layers.13.mlp,21,0.020627709620883682,15.0,0.006191490475250207,18.0,0.03179202237993839,21.0,0.020627709620883682,0.01196496917847523,0.006940099095431747
coding,13,13,model.layers.13.mlp,22,0.007644589982473942,26.0,0.003513960763104188,24.0,0.04439631402190129,17.0,0.007644589982473942,0.006790680272057405,0.009691576556587025
coding,13,13,model.layers.13.mlp,23,0.006722165851858685,30.0,0.0023607842190526704,28.0,0.010224757749219958,38.0,0.006722165851858685,0.00456218264905825,0.002232032651409693
coding,13,13,model.layers.13.mlp,24,0.002236878516741998,46.0,0.0006613371150320542,48.0,0.003573910757169415,48.0,0.002236878516741998,0.0012780247711873425,0.0007801735453179847
coding,13,13,model.layers.13.mlp,25,0.08660409556313993,2.0,0.052177643844116085,2.0,0.514608124725142,2.0,0.08660409556313993,0.10083257058956838,0.11233734482901135
coding,13,13,model.layers.13.mlp,26,0.0017410755465362975,49.0,0.000589385330429619,49.0,0.0029794832447744934,51.0,0.0017410755465362975,0.0011389789487725652,0.0006504118776967714
coding,13,13,model.layers.13.mlp,27,0.03848814684992159,9.0,0.015926600712140256,11.0,0.10266257755711954,11.0,0.03848814684992159,0.03077793423092344,0.0224109197308711
coding,13,13,model.layers.13.mlp,28,0.009835347292685176,22.0,0.005362682485039434,20.0,0.04073305917288168,18.0,0.009835347292685176,0.01036330927164235,0.00889189947533095
coding,13,13,model.layers.13.mlp,29,0.011230513790240752,21.0,0.004003548180086016,23.0,0.014987359630089495,30.0,0.011230513790240752,0.007736801141947001,0.003271693752874615
coding,13,13,model.layers.13.mlp,30,0.001279863481228669,52.5,0.0005178726881745226,51.0,0.0033945903551775352,49.0,0.001279863481228669,0.0010007817628326198,0.0007410284621652497
coding,13,13,model.layers.13.mlp,31,0.01428604372290379,18.0,0.007166611687546121,16.0,0.07167131761576062,14.0,0.01428604372290379,0.013849377350794435,0.015645624572390153
coding,13,13,model.layers.13.mlp,32,0.05204778156996587,6.0,0.0277244357448719,6.0,0.2401439677128415,6.0,0.05204778156996587,0.053577086245069905,0.052422677399376935
coding,13,13,model.layers.13.mlp,33,0.00013836361959228854,63.0,7.448529814477447e-05,61.0,0.0005902175508668399,62.0,0.00013836361959228854,0.0001439418020772695,0.00012884264618106482
coding,13,13,model.layers.13.mlp,34,0.003067060234295729,41.0,0.0012361294074577991,38.0,0.011404229089041805,36.0,0.003067060234295729,0.0023888028771039526,0.0024895075575594393
coding,13,13,model.layers.13.mlp,35,0.00502721151185315,36.0,0.0020871084561790887,33.0,0.023482862252083313,24.0,0.00502721151185315,0.004033308045961042,0.005126235416110938
coding,13,13,model.layers.13.mlp,36,0.0009108938289825662,56.5,0.00031041733926759525,54.0,0.0037894569390286995,47.0,0.0009108938289825662,0.0005998771881581506,0.0008272266029645894
coding,13,13,model.layers.13.mlp,37,0.0024905451526611934,44.0,0.0009809088832326354,43.0,0.009469972502623368,40.0,0.0024905451526611934,0.001895592765859298,0.0020672653917321294
coding,13,13,model.layers.13.mlp,38,0.007633059680841251,27.0,0.0023403922500518865,29.0,0.012307045870123727,33.0,0.007633059680841251,0.004522775452752591,0.0026865896384301747
coding,13,13,model.layers.13.mlp,39,0.0056383174983857575,34.0,0.001947517490026289,34.0,0.011799611178365166,35.0,0.0056383174983857575,0.0037635504465125293,0.0025758182315917554
coding,13,13,model.layers.13.mlp,40,0.0001960151277557421,62.0,6.128850760423393e-05,63.0,0.0007657452575197828,61.0,0.0001960151277557421,0.00011843918801308813,0.0001671597957982594
coding,13,13,model.layers.13.mlp,41,0.0046582418596070475,37.0,0.002338815841625542,30.0,0.023087603891811824,25.0,0.0046582418596070475,0.004519729065407041,0.0050399517517438356
coding,13,13,model.layers.13.mlp,42,0.008313347477170004,25.0,0.002336487824181637,31.0,0.011811681302086848,34.0,0.008313347477170004,0.00451523020409495,0.002578453101865861
coding,13,13,model.layers.13.mlp,43,0.003424499584909141,40.0,0.0007041816440480583,47.0,0.0030243580078641026,50.0,0.003424499584909141,0.0013608212272574877,0.0006602078981890832
coding,13,13,model.layers.13.mlp,44,0.001003136242044092,55.0,0.0002781234866479107,57.0,0.0017925375348669876,57.0,0.001003136242044092,0.0005374697673935838,0.0003913053399241455
coding,13,13,model.layers.13.mlp,45,0.005891984134304954,32.0,0.0013578956983327183,37.0,0.006659342734952902,43.0,0.005891984134304954,0.0026241145396381314,0.001453713700207397
coding,13,13,model.layers.13.mlp,46,0.031708329489899455,11.0,0.014022130432213356,12.0,0.0772215765075769,12.0,0.031708329489899455,0.027097571918854056,0.016857228736924613
coding,13,13,model.layers.13.mlp,47,0.0014066967991882668,50.0,0.00033249831729660547,53.0,0.0015894771845575387,58.0,0.0014066967991882668,0.0006425483709054711,0.0003469779002709217
coding,13,13,model.layers.13.mlp,48,0.00021907573102112352,61.0,7.06681377409833e-05,62.0,0.00043628456138198793,63.0,0.00021907573102112352,0.00013656519271911465,9.523955581097696e-05
coding,13,13,model.layers.13.mlp,49,0.0007148787012268241,58.0,0.00023454705371967532,58.0,0.0021934177605893138,55.0,0.0007148787012268241,0.00045325891719871867,0.00047881623994375553
coding,13,13,model.layers.13.mlp,50,0.0023752421363342864,45.0,0.0009520380889101559,44.0,0.00682072574216912,41.0,0.0023752421363342864,0.0018398003576164984,0.001488943106157554
coding,13,13,model.layers.13.mlp,51,0.008993635273498755,23.0,0.0025919419946557054,27.0,0.010490389923423257,37.0,0.008993635273498755,0.005008891833464035,0.0022900193246031915
coding,13,13,model.layers.13.mlp,52,3.4590904898072136e-05,64.0,9.041828331104141e-06,64.0,3.841754261082295e-05,64.0,3.4590904898072136e-05,1.7473207417694243e-05,8.386429448738946e-06
coding,13,13,model.layers.13.mlp,53,0.005822802324508809,33.0,0.001626324273158611,36.0,0.006666176060960143,42.0,0.005822802324508809,0.0031428490248565787,0.0014552053939120282
coding,13,13,model.layers.13.mlp,54,0.03794622267318513,10.0,0.01605806191483719,10.0,0.14345165931280113,9.0,0.03794622267318513,0.031031981175632755,0.031315048760886144
coding,13,13,model.layers.13.mlp,55,0.06854764320634628,5.0,0.03736432528278065,5.0,0.45869745089662284,4.0,0.06854764320634628,0.07220603862189205,0.10013221952351524
coding,13,13,model.layers.13.mlp,56,0.0011760907665344525,54.0,0.00037114284386242046,52.0,0.002194388440455604,54.0,0.0011760907665344525,0.0007172283806906849,0.0004790281363239696
coding,13,13,model.layers.13.mlp,57,0.005361590259201181,35.0,0.0029954462514989394,26.0,0.022360458539845418,26.0,0.005361590259201181,0.005788658194376953,0.004881218194654561
coding,13,13,model.layers.13.mlp,58,0.0025712572640900285,43.0,0.0012262768547931463,39.0,0.016731366296611077,29.0,0.0025712572640900285,0.002369762956194261,0.0036524049559590417
coding,13,13,model.layers.13.mlp,59,0.0036205147126648833,38.0,0.0012079567368669865,40.0,0.006029642161716231,44.0,0.0036205147126648833,0.0023343595832570397,0.0013162520336771678
coding,13,13,model.layers.13.mlp,60,0.001994742182455493,48.0,0.000577505966931095,50.0,0.0027477594580270744,52.0,0.001994742182455493,0.0011160222441328796,0.0005998272994784763
coding,13,13,model.layers.13.mlp,61,0.03994096485564062,8.0,0.017837095124267826,9.0,0.11541603113186226,10.0,0.03994096485564062,0.03446993809463475,0.02519495877563332
coding,13,13,model.layers.13.mlp,62,0.0782100359745411,3.0,0.04996554871984826,3.0,0.4729992423415151,3.0,0.0782100359745411,0.09655772754692439,0.10325425588482529
coding,13,13,model.layers.13.mlp,63,0.0004727423669403192,60.0,0.00015677381799995388,59.0,0.0014738795373198093,59.0,0.0004727423669403192,0.0003029632215150149,0.0003217432952671567
coding,14,14,model.layers.14.mlp,0,0.0012452725763305967,52.5,0.0006089890952172309,51.0,0.008023488231277501,49.0,0.0012452725763305967,0.0012490568534148387,0.0014803806725697845
coding,14,14,model.layers.14.mlp,1,0.05401946314915598,5.0,0.035565102785432616,4.0,0.3490160142745317,4.0,0.05401946314915598,0.07294520661441702,0.06439550318466554
coding,14,14,model.layers.14.mlp,2,0.0004958029702057005,57.0,0.00016506122229845033,57.0,0.004521076380794156,52.0,0.0004958029702057005,0.00033854604715272764,0.0008341651287340113
coding,14,14,model.layers.14.mlp,3,6.918180979614427e-05,62.0,1.9660065088552717e-05,62.0,0.00015134539136630606,62.0,6.918180979614427e-05,4.032344623293966e-05,2.7924113029516633e-05
coding,14,14,model.layers.14.mlp,4,0.008313347477170004,29.0,0.002570119998011023,35.0,0.016139973875572623,39.0,0.008313347477170004,0.005271401446801094,0.0029779199136900406
coding,14,14,model.layers.14.mlp,5,0.011472650124527257,20.0,0.003537133966971451,28.0,0.026707118599246144,29.0,0.011472650124527257,0.007254779203092536,0.004927620139109741
coding,14,14,model.layers.14.mlp,6,0.09219629185499492,2.0,0.050144203649808886,1.0,0.6029442536546101,2.0,0.09219629185499492,0.10284742652983223,0.11124675378319596
coding,14,14,model.layers.14.mlp,7,0.05640623558712296,4.0,0.02760837267448229,6.0,0.7881075209241194,1.0,0.05640623558712296,0.05662568898445089,0.14541046341102334
coding,14,14,model.layers.14.mlp,8,0.006387787104510654,35.0,0.0016572612885256204,40.0,0.009965738888629611,46.0,0.006387787104510654,0.003399097925708577,0.0018387373188999332
coding,14,14,model.layers.14.mlp,9,0.022956830550687205,14.0,0.012753346850209851,13.0,0.09922285152970507,14.0,0.022956830550687205,0.026157537815268986,0.01830719849618938
coding,14,14,model.layers.14.mlp,10,0.004600590351443594,41.0,0.0018215962369419335,38.0,0.026313838742335952,31.0,0.004600590351443594,0.0037361543610159296,0.004855057697151979
coding,14,14,model.layers.14.mlp,11,0.04752790332995111,7.0,0.022736392352383315,8.0,0.33337995133137377,5.0,0.04752790332995111,0.04663309558858842,0.06151055779571341
coding,14,14,model.layers.14.mlp,12,0.008324877778802694,28.0,0.0029607427459989854,32.0,0.018524558726585105,36.0,0.008324877778802694,0.006072581672039874,0.0034178898150330024
coding,14,14,model.layers.14.mlp,13,0.04909602435199705,6.0,0.027418758890943525,7.0,0.2378254565472599,9.0,0.04909602435199705,0.05623678481902157,0.04388019265052149
coding,14,14,model.layers.14.mlp,14,1.153030163269071e-05,63.0,3.06273637118347e-06,63.0,2.189816286968312e-05,63.0,1.153030163269071e-05,6.281773983596556e-06,4.040339580818783e-06
coding,14,14,model.layers.14.mlp,15,0.009916059404114011,25.0,0.004273924745324463,22.0,0.0705180322537837,16.0,0.009916059404114011,0.008765961551778775,0.013010990856720245
coding,14,14,model.layers.14.mlp,16,0.002548196660824647,48.5,0.0008321634881468499,49.0,0.00915594264135052,48.0,0.002548196660824647,0.0017067949429548524,0.0016893251581743438
coding,14,14,model.layers.14.mlp,17,0.004358454017157089,43.0,0.0014844024745468592,41.0,0.009274031471066915,47.0,0.004358454017157089,0.0030445587591307,0.0017111132403799187
coding,14,14,model.layers.14.mlp,18,0.0012452725763305967,52.5,0.000508797079662854,53.0,0.004319058970192814,54.0,0.0012452725763305967,0.001043559703024978,0.0007968917307359929
coding,14,14,model.layers.14.mlp,19,0.010365741167788949,23.0,0.005958328408933677,17.0,0.0352718469208044,24.0,0.010365741167788949,0.012220729389941247,0.00650786278514739
coding,14,14,model.layers.14.mlp,20,0.004554469144912831,42.0,0.002573081393840513,34.0,0.04021554962645905,22.0,0.004554469144912831,0.0052774753679690565,0.007420004951425214
coding,14,14,model.layers.14.mlp,21,8.071211142883497e-05,60.5,2.65624819839037e-05,60.0,0.00023058156896347865,60.0,8.071211142883497e-05,5.448053245332454e-05,4.254365287328415e-05
coding,14,14,model.layers.14.mlp,22,0.016188543492297758,17.0,0.0077634638453880234,16.0,0.0489249310802681,18.0,0.016188543492297758,0.015923122102640005,0.009026936949405324
coding,14,14,model.layers.14.mlp,23,0.00600728715063186,36.0,0.002246697289226086,37.0,0.022407448546889305,35.0,0.00600728715063186,0.004608050733084756,0.004134305777517822
coding,14,14,model.layers.14.mlp,24,0.033806844387049166,11.0,0.01789911835079934,9.0,0.2509223614085612,7.0,0.033806844387049166,0.03671168600839118,0.04629664846977166
coding,14,14,model.layers.14.mlp,25,0.0001037727146942164,59.0,3.1077766119361684e-05,59.0,0.00034256350531172084,59.0,0.0001037727146942164,6.374153012767094e-05,6.32049774079975e-05
coding,14,14,model.layers.14.mlp,26,0.009328014020846785,26.0,0.003573278760175491,27.0,0.017086068622389244,38.0,0.009328014020846785,0.007328913374001892,0.0031524799475849403
coding,14,14,model.layers.14.mlp,27,0.016580573747809243,16.0,0.005171160121298773,19.0,0.024135063014482618,34.0,0.016580573747809243,0.010606221097127761,0.004453060787029424
coding,14,14,model.layers.14.mlp,28,0.037853980260123606,9.0,0.016073240475970852,12.0,0.1867431996548465,12.0,0.037853980260123606,0.032966749865914725,0.03445521642634212
coding,14,14,model.layers.14.mlp,29,0.01149571072779264,19.0,0.004047755176384789,24.0,0.025410401288922694,32.0,0.01149571072779264,0.00830208025679892,0.004688368184267168
coding,14,14,model.layers.14.mlp,30,0.0018679088644958952,51.0,0.0005327697478034776,52.0,0.0032281042541836076,56.0,0.0018679088644958952,0.0010927284413009965,0.0005956041822688419
coding,14,14,model.layers.14.mlp,31,0.002548196660824647,48.5,0.0009997019236866987,48.0,0.01605842887843934,40.0,0.002548196660824647,0.00205042183671196,0.0029628743830902343
coding,14,14,model.layers.14.mlp,32,0.0008993635273498755,56.0,0.0002958580814442856,56.0,0.002060312510757316,57.0,0.0008993635273498755,0.0006068147478639688,0.00038013975124797164
coding,14,14,model.layers.14.mlp,33,0.005280878147772346,37.0,0.0013371828176165714,43.0,0.007832971469809038,50.0,0.005280878147772346,0.0027426063549081513,0.0014452292118398928
coding,14,14,model.layers.14.mlp,34,0.02189604280047966,15.0,0.009418071982231805,15.0,0.07864493543443485,15.0,0.02189604280047966,0.019316778326161507,0.014510452194443966
coding,14,14,model.layers.14.mlp,35,0.008613135319619962,27.0,0.004048971262885112,23.0,0.03200444548610128,25.0,0.008613135319619962,0.008304574490586525,0.0059050080424177245
coding,14,14,model.layers.14.mlp,36,0.10025597269624574,1.0,0.04789891105309128,2.0,0.37966492787222067,3.0,0.10025597269624574,0.09824225686771973,0.07005040763737087
coding,14,14,model.layers.14.mlp,37,0.0048081357808320265,38.0,0.0012550871262921144,45.0,0.013483634430850858,42.0,0.0048081357808320265,0.0025742253663322157,0.0024878096947429456
coding,14,14,model.layers.14.mlp,38,0.008186514159210404,30.0,0.0034645741391188542,29.0,0.0562767022628756,17.0,0.008186514159210404,0.007105956587098799,0.010383381883849354
coding,14,14,model.layers.14.mlp,39,0.030082556959690067,12.0,0.011270892366075546,14.0,0.15906494631009419,13.0,0.030082556959690067,0.02311697444914991,0.02934841622660687
coding,14,14,model.layers.14.mlp,40,0.007125726409002859,34.0,0.0030996018082395534,31.0,0.017999158868236786,37.0,0.007125726409002859,0.006357386218972641,0.0033209504573309826
coding,14,14,model.layers.14.mlp,41,0.0035859238077668113,45.0,0.0011684677057870584,46.0,0.011463975034377174,44.0,0.0035859238077668113,0.002396566059013964,0.0021151706816939357
coding,14,14,model.layers.14.mlp,42,0.03411816253113181,10.0,0.01742555681448033,10.0,0.24219902379191038,8.0,0.03411816253113181,0.035740395574624176,0.04468714147783148
coding,14,14,model.layers.14.mlp,43,8.071211142883497e-05,60.5,2.0065427255327e-05,61.0,0.0001622406541943803,61.0,8.071211142883497e-05,4.1154857495474494e-05,2.9934352971088906e-05
coding,14,14,model.layers.14.mlp,44,0.00469283276450512,40.0,0.001692026724356609,39.0,0.027629909375949644,27.0,0.00469283276450512,0.0034704029888495856,0.005097880453736016
coding,14,14,model.layers.14.mlp,45,0.007217968822064385,33.0,0.002700973157457799,33.0,0.03588487688283971,23.0,0.007217968822064385,0.005539785621298798,0.006620970411324933
coding,14,14,model.layers.14.mlp,46,0.009927589705746703,24.0,0.0038574038589036987,25.0,0.04572215747507766,19.0,0.009927589705746703,0.007911663384766936,0.008436006420554075
coding,14,14,model.layers.14.mlp,47,0.010930725947790794,22.0,0.00587458171128413,18.0,0.04237064879537783,20.0,0.010930725947790794,0.012048962132577279,0.00781763339745468
coding,14,14,model.layers.14.mlp,48,0.0020639239922516373,50.0,0.0010253748609157366,47.0,0.013193345142184957,43.0,0.0020639239922516373,0.002103077883339166,0.002434249617129844
coding,14,14,model.layers.14.mlp,49,0.0034706207914399043,46.0,0.001310783606505396,44.0,0.010458351289441958,45.0,0.0034706207914399043,0.00268846069643557,0.0019296271982404412
coding,14,14,model.layers.14.mlp,50,0.0028825754081726776,47.0,0.0007766739115395259,50.0,0.0044018695969916324,53.0,0.0028825754081726776,0.0015929839790167501,0.0008121707774377093
coding,14,14,model.layers.14.mlp,51,0.000991605940411401,55.0,0.00032892887821695416,55.0,0.0032770108727442912,55.0,0.000991605940411401,0.000674644050032436,0.0006046277404508983
coding,14,14,model.layers.14.mlp,52,0.04477216123973803,8.0,0.028360859976737617,5.0,0.23536470040614377,10.0,0.04477216123973803,0.05816906542480306,0.04342616869906668
coding,14,14,model.layers.14.mlp,53,0.004715893367770501,39.0,0.0023116227962711004,36.0,0.028006823209585405,26.0,0.004715893367770501,0.004741215103634086,0.0051674232683392
coding,14,14,model.layers.14.mlp,54,0.011564892537588783,18.0,0.0038169239425272115,26.0,0.024507474898192376,33.0,0.011564892537588783,0.007828637732299915,0.004521772965447046
coding,14,14,model.layers.14.mlp,55,0.0,64.0,0.0,64.0,0.0,64.0,0.0,0.0,0.0
coding,14,14,model.layers.14.mlp,56,0.003931832856747533,44.0,0.0014439901185315008,42.0,0.014117741772262233,41.0,0.003931832856747533,0.002961671675207435,0.002604806221129144
coding,14,14,model.layers.14.mlp,57,0.0077714233004335396,32.0,0.0031936796111117515,30.0,0.02722821159865757,28.0,0.0077714233004335396,0.0065503429161526015,0.005023764856058776
coding,14,14,model.layers.14.mlp,58,0.08466700488884789,3.0,0.040484107933892455,3.0,0.313823537032176,6.0,0.08466700488884789,0.08303424949042285,0.057902284571052606
coding,14,14,model.layers.14.mlp,59,0.00018448482612305137,58.0,5.539949612581865e-05,58.0,0.000491536546870688,58.0,0.00018448482612305137,0.00011362620587976124,9.06913779735426e-05
coding,14,14,model.layers.14.mlp,60,0.023302739599667926,13.0,0.01673221860839348,11.0,0.23421600144042068,11.0,0.023302739599667926,0.03431833589433021,0.0432142269975972
coding,14,14,model.layers.14.mlp,61,0.011207453186975372,21.0,0.004430856204167051,21.0,0.026650149783088804,30.0,0.011207453186975372,0.00908783318416622,0.004917109058149997
coding,14,14,model.layers.14.mlp,62,0.0010146665436767826,54.0,0.00040316645503758877,54.0,0.005414329471265728,51.0,0.0010146665436767826,0.0008269077848627746,0.0009989755668789173
coding,14,14,model.layers.14.mlp,63,0.00778295360206623,31.0,0.004491007445692279,20.0,0.041157128988800314,21.0,0.00778295360206623,0.009211205377623474,0.007593731870381343
coding,15,15,model.layers.15.mlp,0,0.008382529286966147,23.0,0.004268519916434139,21.0,0.11191289582251183,15.0,0.008382529286966147,0.008017197791788984,0.009491441990892047
coding,15,15,model.layers.15.mlp,1,0.03389908680011069,9.0,0.02761854050883221,8.0,0.9233312607691215,5.0,0.03389908680011069,0.051873554842123845,0.07830862596805813
coding,15,15,model.layers.15.mlp,2,0.007217968822064385,28.0,0.002748704552595471,29.0,0.053512415293452596,23.0,0.007217968822064385,0.005162657900342669,0.004538440202243083
coding,15,15,model.layers.15.mlp,3,0.05686744765243059,6.0,0.0292860203019786,7.0,0.7974409396638951,6.0,0.05686744765243059,0.055005440267794733,0.06763174488832939
coding,15,15,model.layers.15.mlp,4,0.003424499584909141,40.0,0.00184937480542616,35.0,0.0423967831689662,30.0,0.003424499584909141,0.0034735233515412276,0.00359571258603537
coding,15,15,model.layers.15.mlp,5,0.007529286966147034,26.0,0.0031991407403030164,27.0,0.04574793109857731,28.0,0.007529286966147034,0.0060086738684367235,0.003879926714738165
coding,15,15,model.layers.15.mlp,6,0.025089936352734987,13.0,0.008563472824160017,15.0,0.08713309686349531,17.0,0.025089936352734987,0.016084042422192593,0.007389843040772112
coding,15,15,model.layers.15.mlp,7,0.003286135965316853,42.0,0.0011950189277107738,43.0,0.035507230232611056,33.0,0.003286135965316853,0.0022445023792679033,0.003011402873039444
coding,15,15,model.layers.15.mlp,8,0.08430956553823447,3.0,0.04278272254563117,4.0,0.5778602071930458,9.0,0.08430956553823447,0.08035514778764118,0.04900888852090961
coding,15,15,model.layers.15.mlp,9,0.006456968914306798,32.0,0.002351539709638179,32.0,0.0330191604073511,34.0,0.006456968914306798,0.004416696966747351,0.002800387241264563
coding,15,15,model.layers.15.mlp,10,0.0013721058942901946,50.0,0.0006858615261218984,49.0,0.01485349864562096,46.0,0.0013721058942901946,0.001288195351163087,0.001259739726334075
coding,15,15,model.layers.15.mlp,11,0.004646711557974356,36.0,0.001318519267854672,40.0,0.01485519995109675,45.0,0.004646711557974356,0.002476462560705685,0.001259884015713003
coding,15,15,model.layers.15.mlp,12,0.008878332257171847,21.0,0.00270374313226409,30.0,0.04971298029717237,24.0,0.008878332257171847,0.005078210689868466,0.004216206409610717
coding,15,15,model.layers.15.mlp,13,0.0015450604187805554,47.0,0.0007785093013501983,47.0,0.016994889927640543,42.0,0.0015450604187805554,0.0014622077848675061,0.0014413532122841224
coding,15,15,model.layers.15.mlp,14,0.00013836361959228854,61.0,4.082897824232082e-05,61.0,0.0006446127917491447,61.0,0.00013836361959228854,7.668559608801945e-05,5.4670240408909655e-05
coding,15,15,model.layers.15.mlp,15,0.0024213633428650494,45.0,0.0008612482236129047,45.0,0.014384363954131668,47.0,0.0024213633428650494,0.0016176092630955168,0.001219951954983332
coding,15,15,model.layers.15.mlp,16,0.006618393137164468,31.0,0.0023406399713760263,33.0,0.028074434774298693,37.0,0.006618393137164468,0.004396224915723302,0.0023810202312157256
coding,15,15,model.layers.15.mlp,17,0.10595194170279494,1.0,0.07148285939589867,1.0,1.8529535488342954,1.0,0.10595194170279494,0.13426017301526716,0.157150800105027
coding,15,15,model.layers.15.mlp,18,0.004081726777972512,38.0,0.0013499010555991144,39.0,0.01685040836767037,43.0,0.004081726777972512,0.0025354043026519922,0.0014290995900797128
coding,15,15,model.layers.15.mlp,19,0.009304953417581405,20.0,0.003647201055310857,24.0,0.04850868397467845,25.0,0.009304953417581405,0.006850227436979049,0.004114068862362151
coding,15,15,model.layers.15.mlp,20,0.011380407711465732,19.0,0.007415560358246471,17.0,0.10300341414279267,16.0,0.011380407711465732,0.013928016102283274,0.008735820148471993
coding,15,15,model.layers.15.mlp,21,0.008843741352273775,22.0,0.0036858118016961073,23.0,0.07953239624245824,20.0,0.008843741352273775,0.006922746716897917,0.006745220198118452
coding,15,15,model.layers.15.mlp,22,0.006883590074716355,30.0,0.0032437305786481873,25.0,0.04388679166900618,29.0,0.006883590074716355,0.006092423168080562,0.0037220816620933653
coding,15,15,model.layers.15.mlp,23,0.0036205147126648833,39.0,0.0015561177978853427,38.0,0.02085296206671795,40.0,0.0036205147126648833,0.002922723664691702,0.0017685600782632257
coding,15,15,model.layers.15.mlp,24,0.019982012729453002,15.0,0.010231138408299511,13.0,0.16509066937913447,12.0,0.019982012729453002,0.01921627680327866,0.014001500900617329
coding,15,15,model.layers.15.mlp,25,1.153030163269071e-05,63.0,2.36461263951665e-06,63.0,4.684566604773306e-05,63.0,1.153030163269071e-05,4.441250738688385e-06,3.973026687844131e-06
coding,15,15,model.layers.15.mlp,26,0.0008763029240844941,56.0,0.00025723607499884696,56.0,0.004386083139681352,55.0,0.0008763029240844941,0.0004831446339301722,0.00037198799460554284
coding,15,15,model.layers.15.mlp,27,0.0011760907665344525,53.0,0.00035611066351120743,55.0,0.003247273429031027,56.0,0.0011760907665344525,0.0006688523612464708,0.00027540443086285715
coding,15,15,model.layers.15.mlp,28,0.005776681117978046,34.5,0.0017947635135135136,36.0,0.029469264740104244,36.0,0.005776681117978046,0.0033709516082905673,0.002499317122832198
coding,15,15,model.layers.15.mlp,29,0.0336338898625588,10.0,0.019824518267601007,10.0,0.7228366125884635,7.0,0.0336338898625588,0.037234705984706976,0.06130447904910913
coding,15,15,model.layers.15.mlp,30,0.09526335208929065,2.0,0.05574281536095609,2.0,1.233810163712042,3.0,0.09526335208929065,0.10469698747318792,0.10464064494603321
coding,15,15,model.layers.15.mlp,31,0.007448574854718199,27.0,0.004259309187200212,22.0,0.07883524425178642,21.0,0.007448574854718199,0.00799989806272114,0.006686094056938167
coding,15,15,model.layers.15.mlp,32,0.007563877871045107,25.0,0.0032362538986832395,26.0,0.030049567413488423,35.0,0.007563877871045107,0.0060783803562210895,0.0025485331592961353
coding,15,15,model.layers.15.mlp,33,0.012994649940042432,18.0,0.0045339307951296004,20.0,0.046110984042785824,26.0,0.012994649940042432,0.008515696463987194,0.003910717589500646
coding,15,15,model.layers.15.mlp,34,0.028998708606217137,12.0,0.011589608369701826,12.0,0.1630044720641538,13.0,0.028998708606217137,0.021767775352655137,0.013824568468915293
coding,15,15,model.layers.15.mlp,35,0.01997048242782031,16.0,0.006951364376988977,18.0,0.08335798053479307,18.0,0.01997048242782031,0.01305615628465266,0.007069671738087091
coding,15,15,model.layers.15.mlp,36,0.06171017433816069,5.0,0.03552940839463611,5.0,1.3362629706322318,2.0,0.06171017433816069,0.06673186493247105,0.11332976755822316
coding,15,15,model.layers.15.mlp,37,0.007056544599206715,29.0,0.0024020635997025184,31.0,0.025783618321916668,38.0,0.007056544599206715,0.004511591690863993,0.00218673385063588
coding,15,15,model.layers.15.mlp,38,0.0005303938751037727,57.0,0.00014754056864565076,57.0,0.002507661469538442,57.0,0.0005303938751037727,0.00027711289728111387,0.0002126772182596983
coding,15,15,model.layers.15.mlp,39,0.00016142422285766995,60.0,4.567080412323586e-05,60.0,0.000675969291091812,60.0,0.00016142422285766995,8.577958569580996e-05,5.732961574149311e-05
coding,15,15,model.layers.15.mlp,40,0.00340143898164376,41.0,0.001229407151525459,42.0,0.0196008221897051,41.0,0.00340143898164376,0.002309090854296257,0.001662364872431017
coding,15,15,model.layers.15.mlp,41,0.005776681117978046,34.5,0.0023011847204766627,34.0,0.045909424311295945,27.0,0.005776681117978046,0.00432211947482633,0.0038936231118260624
coding,15,15,model.layers.15.mlp,42,0.0014297574024536481,48.0,0.0004468329684473296,51.0,0.006074533706309115,53.0,0.0014297574024536481,0.0008392483479208152,0.0005151871361330071
coding,15,15,model.layers.15.mlp,43,0.008232635365741169,24.0,0.00502190802350452,19.0,0.07585334376609916,22.0,0.008232635365741169,0.009432222574761187,0.006433196164568373
coding,15,15,model.layers.15.mlp,44,0.056071856839774926,7.0,0.04771128467017572,3.0,0.5900062393541761,8.0,0.056071856839774926,0.08961204670228938,0.05003900537053265
coding,15,15,model.layers.15.mlp,45,0.0002767272391845771,58.5,0.00011739738752190758,58.0,0.0016436109424308155,58.0,0.0002767272391845771,0.00022049752476935766,0.00013939624920812234
coding,15,15,model.layers.15.mlp,46,0.001360575592657504,51.0,0.0006998577809357992,48.0,0.013946738138419656,48.0,0.001360575592657504,0.0013144833257735138,0.0011828364821594051
coding,15,15,model.layers.15.mlp,47,0.002006272484088184,46.0,0.0008215114712088368,46.0,0.012119261054642559,49.0,0.002006272484088184,0.0015429751018725107,0.0010278463659366618
coding,15,15,model.layers.15.mlp,48,0.0013490452910248133,52.0,0.0004426442260573287,52.0,0.0063658207283832854,51.0,0.0013490452910248133,0.0008313809894694244,0.0005398914729513608
coding,15,15,model.layers.15.mlp,49,0.0,64.0,0.0,64.0,0.0,64.0,0.0,0.0,0.0
coding,15,15,model.layers.15.mlp,50,0.0028595148049072963,43.0,0.0009273898171582418,44.0,0.01632772336179024,44.0,0.0028595148049072963,0.0017418373909005435,0.0013847701642672643
coding,15,15,model.layers.15.mlp,51,0.0002767272391845771,58.5,8.820005145397104e-05,59.0,0.001338163888847,59.0,0.0002767272391845771,0.0001656586525530768,0.0001134909862884892
coding,15,15,model.layers.15.mlp,52,0.0196130430772069,17.0,0.009573123011022968,14.0,0.21818427258384104,11.0,0.0196130430772069,0.01798038246676689,0.0185044212405943
coding,15,15,model.layers.15.mlp,53,0.029748178212342036,11.0,0.01375798068025897,11.0,0.12016942063201322,14.0,0.029748178212342036,0.025840444577658467,0.010191685923459285
coding,15,15,model.layers.15.mlp,54,0.0028133935983765336,44.0,0.001298453840599345,41.0,0.02358882578522635,39.0,0.0028133935983765336,0.002438775375865958,0.0020005913521245642
coding,15,15,model.layers.15.mlp,55,0.00615718107185684,33.0,0.0029621952937632597,28.0,0.036963258169199,32.0,0.00615718107185684,0.005563639395607106,0.003134890024325032
coding,15,15,model.layers.15.mlp,56,0.004358454017157089,37.0,0.001676138779431095,37.0,0.04229385874146257,31.0,0.004358454017157089,0.0031481488628997,0.0035869834648209046
coding,15,15,model.layers.15.mlp,57,0.02239184577068536,14.0,0.007694505829288119,16.0,0.08015812920936853,19.0,0.02239184577068536,0.014451935647757213,0.006798289222144396
coding,15,15,model.layers.15.mlp,58,0.06947006733696154,4.0,0.031838664686577575,6.0,1.0234633319855793,4.0,0.06947006733696154,0.05979985503546101,0.08680092471874154
coding,15,15,model.layers.15.mlp,59,4.612120653076284e-05,62.0,1.1316360489115395e-05,62.0,0.00019827940600152143,62.0,4.612120653076284e-05,2.125455710658013e-05,1.681627006629032e-05
coding,15,15,model.layers.15.mlp,60,0.0436998431878978,8.0,0.02060821845669795,9.0,0.49944268789538576,10.0,0.0436998431878978,0.038706663372386554,0.042358222125288746
coding,15,15,model.layers.15.mlp,61,0.0009224241306152569,55.0,0.0003850264980744396,54.0,0.0052784013276434005,54.0,0.0009224241306152569,0.0007231625131367174,0.0004476663715808979
coding,15,15,model.layers.15.mlp,62,0.0010261968453094733,54.0,0.0004177707531016511,53.0,0.006192711658467227,52.0,0.0010261968453094733,0.0007846632614610309,0.0005252099236702901
coding,15,15,model.layers.15.mlp,63,0.0014066967991882668,49.0,0.0005117359553719676,50.0,0.007362252201126594,50.0,0.0014066967991882668,0.0009611501062912908,0.0006243997992879563
reasoning,0,0,model.layers.0.mlp,0,0.025610066090493138,8.0,0.006625355350589413,20.0,0.004277223986410169,13.0,0.025610066090493138,0.018089168564143998,0.017877960371942326
reasoning,0,0,model.layers.0.mlp,1,0.009881799694966954,41.0,0.0042826231203530124,33.0,0.0032371817489050946,25.0,0.009881799694966954,0.011692820599256474,0.013530787073013091
reasoning,0,0,model.layers.0.mlp,2,0.0032568632435180478,64.0,0.0019121194285793722,54.0,0.0009060744114798254,57.0,0.0032568632435180478,0.00522064837703684,0.0037872139672682284
reasoning,0,0,model.layers.0.mlp,3,0.00967526690391459,42.0,0.0025716993974802997,52.0,0.0010034016699397138,54.0,0.00967526690391459,0.0070214956686346095,0.004194022887115339
reasoning,0,0,model.layers.0.mlp,4,0.008737925775292324,49.0,0.0037677185027564183,41.0,0.002254829319912692,35.0,0.008737925775292324,0.010286979564430731,0.00942474589943699
reasoning,0,0,model.layers.0.mlp,5,0.015696492119979664,22.0,0.0060366003659999366,23.0,0.0036684179597595316,20.0,0.015696492119979664,0.016481694308703256,0.015333270158560548
reasoning,0,0,model.layers.0.mlp,6,0.09703863751906457,1.0,0.029649789768484685,1.0,0.036026008703651684,1.0,0.09703863751906457,0.08095264580273977,0.15058167587423843
reasoning,0,0,model.layers.0.mlp,7,0.007403406202338586,52.0,0.0016472665682988052,59.0,0.0004333418945014386,62.0,0.007403406202338586,0.004497522177642171,0.001811284431681432
reasoning,0,0,model.layers.0.mlp,8,0.025848373157092017,7.0,0.009631670363736019,7.0,0.004495761913579311,10.0,0.025848373157092017,0.026297292680065986,0.01879140619898106
reasoning,0,0,model.layers.0.mlp,9,0.04429334011184545,2.0,0.018789472710862037,3.0,0.01295819656803151,3.0,0.04429334011184545,0.0513007863144925,0.05416272925410704
reasoning,0,0,model.layers.0.mlp,10,0.013361082867310626,31.0,0.00687038031821937,18.0,0.0026486702850462523,28.0,0.013361082867310626,0.018758158785398757,0.011070924165966074
reasoning,0,0,model.layers.0.mlp,11,0.007387519064565328,53.0,0.0017523637082168277,57.0,0.000662271248604714,60.0,0.007387519064565328,0.004784468277735867,0.002768164392524387
reasoning,0,0,model.layers.0.mlp,12,0.0038288002033553636,63.0,0.0009065287696206152,63.0,0.0008822784228340344,58.0,0.0038288002033553636,0.0024750901429693908,0.0036877513851419894
reasoning,0,0,model.layers.0.mlp,13,0.01885803253685816,16.0,0.005940625918475152,24.0,0.0022220073867235076,36.0,0.01885803253685816,0.016219655841744354,0.009287556633045715
reasoning,0,0,model.layers.0.mlp,14,0.011677046263345196,36.0,0.005935381921827338,25.0,0.002614562040318919,31.0,0.011677046263345196,0.016205338188683877,0.010928358368727206
reasoning,0,0,model.layers.0.mlp,15,0.021193441789527197,10.0,0.010786327057582932,6.0,0.0049894139697149315,9.0,0.021193441789527197,0.02944984502834959,0.02085477531997199
reasoning,0,0,model.layers.0.mlp,16,0.010215429588205389,40.0,0.003984180754917069,39.0,0.001927194013447327,43.0,0.010215429588205389,0.010877985172418218,0.008055294347671734
reasoning,0,0,model.layers.0.mlp,17,0.012503177427554652,33.0,0.004200162048805287,34.0,0.003108160027663115,26.0,0.012503177427554652,0.011467677622876492,0.01299150149273656
reasoning,0,0,model.layers.0.mlp,18,0.018667386883579055,18.0,0.007942203585726995,9.0,0.004340953437443851,11.0,0.018667386883579055,0.021684551519215244,0.01814433702271531
reasoning,0,0,model.layers.0.mlp,19,0.009643492628368073,43.0,0.0030167099177443443,47.0,0.0013668268079048919,47.0,0.009643492628368073,0.008236505262521157,0.005713068940198532
reasoning,0,0,model.layers.0.mlp,20,0.020859811896288764,13.0,0.006870861276491802,17.0,0.0043165323726480605,12.0,0.020859811896288764,0.01875947194292797,0.018042261744439732
reasoning,0,0,model.layers.0.mlp,21,0.01688802745297407,21.0,0.0037061248143190773,42.0,0.0013070454341361803,48.0,0.01688802745297407,0.010118810680850574,0.005463194480826507
reasoning,0,0,model.layers.0.mlp,22,0.017062785968479918,20.0,0.006439379646987799,22.0,0.003799270315784213,16.0,0.017062785968479918,0.01758140019954064,0.01588020743447065
reasoning,0,0,model.layers.0.mlp,23,0.014536731062531774,24.0,0.0029548990223452593,49.0,0.0009481565156562352,56.0,0.014536731062531774,0.00806774334005684,0.003963108938685247
reasoning,0,0,model.layers.0.mlp,24,0.021114006100660904,11.5,0.00699254371941726,16.0,0.003284955377362377,24.0,0.021114006100660904,0.019091700797819446,0.01373047150363839
reasoning,0,0,model.layers.0.mlp,25,0.009452846975088969,44.0,0.003999400757022115,38.0,0.0020914546607737395,41.0,0.009452846975088969,0.010919540254229839,0.008741871752292504
reasoning,0,0,model.layers.0.mlp,26,0.010390188103711236,39.0,0.004037179253582549,37.0,0.002463689242713589,34.0,0.010390188103711236,0.011022686660153687,0.010297739559573846
reasoning,0,0,model.layers.0.mlp,27,0.004464285714285714,59.0,0.001075259791938072,62.0,0.000507036121559756,61.0,0.004464285714285714,0.0029357754561623326,0.0021193118988366614
reasoning,0,0,model.layers.0.mlp,28,0.012376080325368582,34.0,0.002953099307519382,50.0,0.0015489683846597918,46.0,0.012376080325368582,0.008062829589302357,0.006474385135388064
reasoning,0,0,model.layers.0.mlp,29,0.005179206914082359,56.0,0.001827362169150356,55.0,0.000991246585768989,55.0,0.005179206914082359,0.004989236132452862,0.004143217010730963
reasoning,0,0,model.layers.0.mlp,30,0.013853584138281647,28.5,0.0053020374509484625,29.0,0.002213252557751244,37.0,0.013853584138281647,0.014476121522308788,0.009250963158884304
reasoning,0,0,model.layers.0.mlp,31,0.021114006100660904,11.5,0.0070892783913081465,15.0,0.003288471757850492,23.0,0.021114006100660904,0.019355814900872913,0.013745169286877924
reasoning,0,0,model.layers.0.mlp,32,0.01873093543467209,17.0,0.007237987586187722,12.0,0.003881643998782739,15.0,0.01873093543467209,0.019761834736922234,0.016224513331243338
reasoning,0,0,model.layers.0.mlp,33,0.008912684290798169,48.0,0.0032655515219877987,45.0,0.002035476820710071,42.0,0.008912684290798169,0.008915916024169046,0.008507895320488866
reasoning,0,0,model.layers.0.mlp,34,0.02648385866802237,6.0,0.007350609395851868,11.0,0.003765115663837727,19.0,0.02648385866802237,0.020069325398360104,0.015737447664125017
reasoning,0,0,model.layers.0.mlp,35,0.009055668530757498,47.0,0.003782333428325178,40.0,0.002554981417700186,32.0,0.009055668530757498,0.010326882609350758,0.010679323009929605
reasoning,0,0,model.layers.0.mlp,36,0.013488179969496696,30.0,0.005315721489538319,28.0,0.0033065778220827107,22.0,0.013488179969496696,0.01451348297201098,0.013820849096928538
reasoning,0,0,model.layers.0.mlp,37,0.009214539908490086,45.0,0.0040431369302475215,36.0,0.002142127185807117,40.0,0.009214539908490086,0.01103895286954784,0.008953673004079019
reasoning,0,0,model.layers.0.mlp,38,0.015283426537874937,23.0,0.008677061281655123,8.0,0.006984047356369869,6.0,0.015283426537874937,0.02369092914409536,0.029191953068079386
reasoning,0,0,model.layers.0.mlp,39,0.019207549567869853,14.5,0.0044492518895764485,31.0,0.0010856795164954863,53.0,0.019207549567869853,0.012147766143249136,0.00453792820628648
reasoning,0,0,model.layers.0.mlp,40,0.019207549567869853,14.5,0.007141532180390506,14.0,0.007529270640623163,5.0,0.019207549567869853,0.019498483112434115,0.03147087984411704
reasoning,0,0,model.layers.0.mlp,41,0.04116357397051347,3.0,0.020425553120631035,2.0,0.025958253690962507,2.0,0.04116357397051347,0.05576776698960034,0.1085004274469506
reasoning,0,0,model.layers.0.mlp,42,0.00916687849517031,46.0,0.002984516743057321,48.0,0.0012573993471678372,50.0,0.00916687849517031,0.008148608427904326,0.005255683539556636
reasoning,0,0,model.layers.0.mlp,43,0.007911794611082868,50.0,0.0016902114875921453,58.0,0.00039062721423480904,63.0,0.007911794611082868,0.00461477443702501,0.0016327454158306593
reasoning,0,0,model.layers.0.mlp,44,0.013901245551601424,27.0,0.0057576600827719876,26.0,0.002647868893955596,29.0,0.013901245551601424,0.01572010530167867,0.011067574507821748
reasoning,0,0,model.layers.0.mlp,45,0.004607269954245043,58.0,0.0015053838779311769,60.0,0.0007564321646633041,59.0,0.004607269954245043,0.004110140706523652,0.0031617386199274565
reasoning,0,0,model.layers.0.mlp,46,0.012074224707676665,35.0,0.005483125997910842,27.0,0.0025454400384009837,33.0,0.012074224707676665,0.014970546512018505,0.010639441909115904
reasoning,0,0,model.layers.0.mlp,47,0.004353075749872903,60.0,0.001767653526845291,56.0,0.0011729088989910293,51.0,0.004353075749872903,0.004826213979188826,0.0049025299780148714
reasoning,0,0,model.layers.0.mlp,48,0.011534062023385867,37.0,0.004404243504146543,32.0,0.002623893169699929,30.0,0.011534062023385867,0.01202488001446676,0.01096736066597168
reasoning,0,0,model.layers.0.mlp,49,0.014234875444839857,26.0,0.007234155434791243,13.0,0.005026627330078227,8.0,0.014234875444839857,0.019751371836608807,0.021010319893741247
reasoning,0,0,model.layers.0.mlp,50,0.007752923233350279,51.0,0.003657687661850216,43.0,0.002200548249617859,38.0,0.007752923233350279,0.009986563009682503,0.009197861633669997
reasoning,0,0,model.layers.0.mlp,51,0.012948017285205898,32.0,0.004171878599429652,35.0,0.003049549893355333,27.0,0.012948017285205898,0.011390455488174571,0.01274652258541771
reasoning,0,0,model.layers.0.mlp,52,0.03372839349262837,5.0,0.015545269530257054,4.0,0.008621349195932215,4.0,0.03372839349262837,0.0424431575406525,0.03603555478208999
reasoning,0,0,model.layers.0.mlp,53,0.017618835790543977,19.0,0.004831194817019891,30.0,0.0018950167358732187,44.0,0.017618835790543977,0.013190582661127288,0.00792079961576743
reasoning,0,0,model.layers.0.mlp,54,0.003908235892221657,62.0,0.0007971185200336807,64.0,0.00023614134889614002,64.0,0.003908235892221657,0.002176367985033054,0.0009870246896481682
reasoning,0,0,model.layers.0.mlp,55,0.014409633960345704,25.0,0.006819926243962888,19.0,0.0037917581618392778,17.0,0.014409633960345704,0.018620404324592037,0.015848808099069422
reasoning,0,0,model.layers.0.mlp,56,0.007371631926792069,54.0,0.0032018478230649468,46.0,0.0016733816482532005,45.0,0.007371631926792069,0.008741986191428462,0.006994408263317301
reasoning,0,0,model.layers.0.mlp,57,0.004019445856634469,61.0,0.0026140082106713906,51.0,0.0052928707936904604,7.0,0.004019445856634469,0.007137011171285261,0.022123165540093078
reasoning,0,0,model.layers.0.mlp,58,0.00594178952719878,55.0,0.0013601499944395018,61.0,0.001277760926153024,49.0,0.00594178952719878,0.003713609492620923,0.005340790960482906
reasoning,0,0,model.layers.0.mlp,59,0.013853584138281647,28.5,0.006450922645526182,21.0,0.00345483888177382,21.0,0.013853584138281647,0.017612915980241808,0.014440551352008347
reasoning,0,0,model.layers.0.mlp,60,0.021415861718352823,9.0,0.007909669085814374,10.0,0.00422350207820012,14.0,0.021415861718352823,0.021595722766351872,0.017653413294413552
reasoning,0,0,model.layers.0.mlp,61,0.010866802236908998,38.0,0.003456507470926538,44.0,0.002146855187017601,39.0,0.010866802236908998,0.009437281923187825,0.008973435125152897
reasoning,0,0,model.layers.0.mlp,62,0.004639044229791561,57.0,0.0019588499549202465,53.0,0.001145243384185506,52.0,0.004639044229791561,0.005348236456972212,0.00478689353275645
reasoning,0,0,model.layers.0.mlp,63,0.04092526690391459,4.0,0.011473585399323208,5.0,0.0037895924661234667,18.0,0.04092526690391459,0.03132626241775768,0.015839755914215888
reasoning,1,1,model.layers.1.mlp,0,0.012248983223182512,38.0,0.004803997402452974,27.0,0.004308544240899509,21.0,0.012248983223182512,0.015657069522869972,0.011664840239527545
reasoning,1,1,model.layers.1.mlp,1,0.01434608540925267,31.0,0.005235944475446429,23.0,0.005590043967801852,17.0,0.01434608540925267,0.01706486074036843,0.015134339157378546
reasoning,1,1,model.layers.1.mlp,2,0.007498729028978139,54.0,0.0021231515066964285,52.0,0.0016861056381515518,45.0,0.007498729028978139,0.006919722881398356,0.004564918403135233
reasoning,1,1,model.layers.1.mlp,3,0.00722864768683274,57.0,0.0015832525737163193,58.0,0.0008948402849251397,57.0,0.00722864768683274,0.005160097631668501,0.0024226672351322664
reasoning,1,1,model.layers.1.mlp,4,0.008356634468734112,50.0,0.0023883301774196113,47.0,0.001596249097387198,46.0,0.008356634468734112,0.007783986646689963,0.004321643149618525
reasoning,1,1,model.layers.1.mlp,5,0.014171326893746823,33.0,0.0033471282509055667,41.0,0.0029930443458929543,30.0,0.014171326893746823,0.010908877615052713,0.008103290153839421
reasoning,1,1,model.layers.1.mlp,6,0.012042450432130147,40.0,0.002470077568950178,46.0,0.00102016092803619,55.0,0.012042450432130147,0.008050415723411324,0.002761957073850519
reasoning,1,1,model.layers.1.mlp,7,0.03706469242501271,3.0,0.013489359093003304,2.0,0.01141375390198186,5.0,0.03706469242501271,0.04396418554062247,0.030901299454245947
reasoning,1,1,model.layers.1.mlp,8,0.01691980172852059,24.0,0.0038225477458137392,35.0,0.0018116127979909942,42.0,0.01691980172852059,0.012458353074907074,0.004904713212376485
reasoning,1,1,model.layers.1.mlp,9,0.015569395017793594,27.0,0.007414157946944904,11.0,0.07707350649224641,1.0,0.015569395017793594,0.02416404021567153,0.2086668001219237
reasoning,1,1,model.layers.1.mlp,10,0.010278978139298425,46.0,0.0023730636309656204,48.0,0.0011261270372514259,53.0,0.010278978139298425,0.0077342302960553425,0.00304884695258645
reasoning,1,1,model.layers.1.mlp,11,0.01834964412811388,16.0,0.00472813011367247,28.0,0.01415484948969154,4.0,0.01834964412811388,0.015409804731606457,0.038322470115181737
reasoning,1,1,model.layers.1.mlp,12,0.020939247585155057,11.0,0.006767905176625255,12.0,0.006028288000949337,14.0,0.020939247585155057,0.02205778916959988,0.01632082961605012
reasoning,1,1,model.layers.1.mlp,13,0.008213650228774783,51.0,0.0018593536516586173,56.0,0.000857443905678868,60.0,0.008213650228774783,0.006059959436438537,0.0023214212538786375
reasoning,1,1,model.layers.1.mlp,14,0.01447318251143874,30.0,0.003764088043538701,36.0,0.002526570866466796,36.0,0.01447318251143874,0.012267822659062306,0.006840372029005063
reasoning,1,1,model.layers.1.mlp,15,0.0069109049313675645,59.0,0.0014001626197493009,61.0,0.0006005002583893623,63.0,0.0069109049313675645,0.004563375381831954,0.0016257787285583307
reasoning,1,1,model.layers.1.mlp,16,0.01614133197763091,26.0,0.004409720222539082,30.0,0.0021640682554163178,39.0,0.01614133197763091,0.0143720510892545,0.0058589419199265936
reasoning,1,1,model.layers.1.mlp,17,0.022384977122521608,8.0,0.009955200133253368,4.0,0.00571730713505368,16.0,0.022384977122521608,0.03244574206489866,0.015478888135262296
reasoning,1,1,model.layers.1.mlp,18,0.03762074224707677,2.0,0.010240672140116612,3.0,0.06402935167224381,2.0,0.03762074224707677,0.03337614536944849,0.17335139577012185
reasoning,1,1,model.layers.1.mlp,19,0.01199478901881037,41.0,0.00359202910027167,38.0,0.0026192716262471378,35.0,0.01199478901881037,0.011707052406483091,0.007091347646861259
reasoning,1,1,model.layers.1.mlp,20,0.01860383833248602,15.0,0.006151626967026246,15.0,0.006362935674935958,13.0,0.01860383833248602,0.020049230470505962,0.01722684599544059
reasoning,1,1,model.layers.1.mlp,21,0.025482968988307066,6.0,0.009816373855133134,5.0,0.010279223478167688,6.0,0.025482968988307066,0.03199328289266433,0.0278297013921792
reasoning,1,1,model.layers.1.mlp,22,0.005957676664972039,62.0,0.0012204083441233477,63.0,0.0006165692796263073,62.0,0.005957676664972039,0.003977524692347484,0.0016692835773086839
reasoning,1,1,model.layers.1.mlp,23,0.014314311133706152,32.0,0.00485988165075305,25.0,0.003166885288852685,28.0,0.014314311133706152,0.015839206082814996,0.008573942586153942
reasoning,1,1,model.layers.1.mlp,24,0.02583248601931876,5.0,0.009142318593710282,6.0,0.006788165896115839,10.0,0.02583248601931876,0.02979641865519304,0.0183781031992071
reasoning,1,1,model.layers.1.mlp,25,0.011851804778851041,42.0,0.002501820814930732,45.0,0.002098482159919465,40.0,0.011851804778851041,0.008153872525645506,0.00568137583655142
reasoning,1,1,model.layers.1.mlp,26,0.0026054905948144384,64.0,0.0006058212458693442,64.0,0.00035742570584082153,64.0,0.0026054905948144384,0.001974477621525083,0.0009676850284037258
reasoning,1,1,model.layers.1.mlp,27,0.007403406202338586,55.0,0.002269611058043658,51.0,0.0013382548998272397,50.0,0.007403406202338586,0.007397060228950004,0.0036231563919117676
reasoning,1,1,model.layers.1.mlp,28,0.004797915607524149,63.0,0.00133126146852758,62.0,0.0009742623446466629,56.0,0.004797915607524149,0.004338814453815336,0.002637692446977919
reasoning,1,1,model.layers.1.mlp,29,0.030535078800203355,4.0,0.008688154351487036,8.0,0.004279880172250595,22.0,0.030535078800203355,0.028316217789210053,0.011587235888101729
reasoning,1,1,model.layers.1.mlp,30,0.01769827147941027,20.0,0.0064145404794341,13.0,0.004449455108234103,19.0,0.01769827147941027,0.020906111687837556,0.012046338644457033
reasoning,1,1,model.layers.1.mlp,31,0.013583502796136248,35.0,0.00426012668502955,31.0,0.0028260993247119738,32.0,0.013583502796136248,0.013884499531511597,0.00765130756018869
reasoning,1,1,model.layers.1.mlp,32,0.017507625826131166,22.0,0.006121916157616294,17.0,0.0040253308020725305,23.0,0.017507625826131166,0.019952397735277,0.01089807556615049
reasoning,1,1,model.layers.1.mlp,33,0.015394636502287748,28.0,0.0033744652985193187,40.0,0.0012835655069044006,51.0,0.015394636502287748,0.010997973844542755,0.0034750917567187723
reasoning,1,1,model.layers.1.mlp,34,0.011422852058973055,44.0,0.0038468438959630784,33.0,0.0022899638458965207,38.0,0.011422852058973055,0.012537538486587781,0.006199788356147928
reasoning,1,1,model.layers.1.mlp,35,0.019557066598881546,13.0,0.006132264517865086,16.0,0.006582015793889867,11.0,0.019557066598881546,0.01998612485506693,0.017819977792253822
reasoning,1,1,model.layers.1.mlp,36,0.007578164717844433,53.0,0.0019640784367850788,55.0,0.0011230379488744338,54.0,0.007578164717844433,0.006401275866096761,0.0030404836353292337
reasoning,1,1,model.layers.1.mlp,37,0.018000127097102185,19.0,0.0057875880991436835,20.0,0.0063759198769298255,12.0,0.018000127097102185,0.018862763995616993,0.017261999085075475
reasoning,1,1,model.layers.1.mlp,38,0.007069776309100152,58.0,0.0014248000951242374,60.0,0.0007427259176461964,61.0,0.007069776309100152,0.004643673232246363,0.0020108367668265157
reasoning,1,1,model.layers.1.mlp,39,0.012169547534316217,39.0,0.003839722610574479,34.0,0.0027165346659140414,33.0,0.012169547534316217,0.012514328969371023,0.0073546750622224145
reasoning,1,1,model.layers.1.mlp,40,0.020700940518556178,12.0,0.0074239943193553,10.0,0.007387705980106453,8.0,0.020700940518556178,0.02419609867736091,0.020001282376655532
reasoning,1,1,model.layers.1.mlp,41,0.01007244534824606,47.0,0.002283667451425076,50.0,0.0017061137372223509,44.0,0.01007244534824606,0.007442872478619686,0.00461908780841649
reasoning,1,1,model.layers.1.mlp,42,0.016554397559735638,25.0,0.00487541194851773,24.0,0.0032916431124433384,26.0,0.016554397559735638,0.015889822045198385,0.008911708661990338
reasoning,1,1,model.layers.1.mlp,43,0.007784697508896797,52.0,0.0017348940625794356,57.0,0.000880357063052031,58.0,0.007784697508896797,0.005654323821813609,0.002383455738195618
reasoning,1,1,model.layers.1.mlp,44,0.009150991357397052,49.0,0.002372722305740023,49.0,0.001213988488924514,52.0,0.009150991357397052,0.007733117857321642,0.003286720753962474
reasoning,1,1,model.layers.1.mlp,45,0.014933909506863243,29.0,0.004435940205778152,29.0,0.00480199598029718,18.0,0.014933909506863243,0.01445750661016152,0.013000798601368366
reasoning,1,1,model.layers.1.mlp,46,0.017269318759532283,23.0,0.0054054900238704245,21.0,0.003507186554634615,25.0,0.017269318759532283,0.017617439398635845,0.009495265352431602
reasoning,1,1,model.layers.1.mlp,47,0.07147623284189121,1.0,0.021766511328522177,1.0,0.0157245643414182,3.0,0.07147623284189121,0.07094087539826571,0.04257227514055207
reasoning,1,1,model.layers.1.mlp,48,0.009325749872902897,48.0,0.003604316808393175,37.0,0.0026416724227438905,34.0,0.009325749872902897,0.011747100200896322,0.007151994978712315
reasoning,1,1,model.layers.1.mlp,49,0.014044229791560753,34.0,0.004002426139703546,32.0,0.002996152433522716,29.0,0.014044229791560753,0.013044608287567436,0.00811170490917777
reasoning,1,1,model.layers.1.mlp,50,0.00735574478901881,56.0,0.0020691135175711743,53.0,0.0017276716284334553,43.0,0.00735574478901881,0.006743603603694712,0.00467745308049413
reasoning,1,1,model.layers.1.mlp,51,0.0068632435180477885,60.0,0.002063791947008452,54.0,0.001490874017456695,49.0,0.0068632435180477885,0.006726259672528376,0.004036353408144235
reasoning,1,1,model.layers.1.mlp,52,0.012757371631926792,37.0,0.0029280119034379767,43.0,0.0015869318608461628,47.0,0.012757371631926792,0.009542903980862008,0.004296417906555366
reasoning,1,1,model.layers.1.mlp,53,0.018111337061514996,18.0,0.008274669870241802,9.0,0.005869612782856475,15.0,0.018111337061514996,0.026968599394125412,0.015891236471466556
reasoning,1,1,model.layers.1.mlp,54,0.012820920183019828,36.0,0.0035805481608652133,39.0,0.002023795846400827,41.0,0.012820920183019828,0.011669634012713152,0.005479172060388664
reasoning,1,1,model.layers.1.mlp,55,0.01137519064565328,45.0,0.0033365006245631035,42.0,0.0024644845369142677,37.0,0.01137519064565328,0.010874240318117026,0.006672281120615621
reasoning,1,1,model.layers.1.mlp,56,0.0067202592780884595,61.0,0.0014907999819283807,59.0,0.0008586567368365002,59.0,0.0067202592780884595,0.004858778431026523,0.0023247048413040615
reasoning,1,1,model.layers.1.mlp,57,0.01753940010167768,21.0,0.004809846475637074,26.0,0.003859333089355381,24.0,0.01753940010167768,0.015676132677533844,0.01044865769071322
reasoning,1,1,model.layers.1.mlp,58,0.01820665988815455,17.0,0.005938422819291751,18.0,0.004418631690783008,20.0,0.01820665988815455,0.019354360785118804,0.011962888128435822
reasoning,1,1,model.layers.1.mlp,59,0.0191122267412303,14.0,0.005869800934163701,19.0,0.006890982633288978,9.0,0.0191122267412303,0.019130710034247943,0.01865646655026411
reasoning,1,1,model.layers.1.mlp,60,0.021241103202846976,9.0,0.005378804597141904,22.0,0.002839662854327244,31.0,0.021241103202846976,0.017530466915819234,0.007688029106307292
reasoning,1,1,model.layers.1.mlp,61,0.01150228774783935,43.0,0.002541631748061769,44.0,0.0014927316898014633,48.0,0.01150228774783935,0.008283623334312616,0.004041382821771559
reasoning,1,1,model.layers.1.mlp,62,0.021209328927300458,10.0,0.006221303857397051,14.0,0.0032636403647333338,27.0,0.021209328927300458,0.0202763196683719,0.008835894753616312
reasoning,1,1,model.layers.1.mlp,63,0.02375127097102186,7.0,0.008895571485169358,7.0,0.009534852489276047,7.0,0.02375127097102186,0.02899222658152128,0.025814410802393502
reasoning,2,2,model.layers.2.mlp,0,0.012090111845449924,42.0,0.004606292522917196,30.0,0.005196119456002266,24.0,0.012090111845449924,0.013967914555112163,0.005619103518445494
reasoning,2,2,model.layers.2.mlp,1,0.01434608540925267,32.0,0.004201030876652263,32.0,0.004944997865670698,26.0,0.01434608540925267,0.012739017341283512,0.00534753966704871
reasoning,2,2,model.layers.2.mlp,2,0.004988561260803254,61.0,0.0010745073249634595,61.0,0.0006984525939461978,61.0,0.004988561260803254,0.0032582877507802473,0.0007553093152192441
reasoning,2,2,model.layers.2.mlp,3,0.012455516014234875,39.0,0.0034164638160507754,44.0,0.002811205265858889,48.0,0.012455516014234875,0.010359931425503066,0.0030400481617513637
reasoning,2,2,model.layers.2.mlp,4,0.01458439247585155,31.0,0.0035081561834726105,42.0,0.003317821934018104,42.0,0.01458439247585155,0.010637975242115268,0.003587905370705287
reasoning,2,2,model.layers.2.mlp,5,0.008594941535332995,53.0,0.0017326870847002892,55.0,0.0016907438641507793,53.0,0.008594941535332995,0.0052541224920975545,0.0018283769024719728
reasoning,2,2,model.layers.2.mlp,6,0.013662938485002543,34.0,0.004739068035674568,27.0,0.005496162008333158,21.0,0.013662938485002543,0.014370537056392572,0.005943570685869512
reasoning,2,2,model.layers.2.mlp,7,0.019731825114387393,15.0,0.005029908157449479,25.0,0.0039024962742974386,37.0,0.019731825114387393,0.015252467578594322,0.004220174445815437
reasoning,2,2,model.layers.2.mlp,8,0.0028596847991865784,64.0,0.0006316843890998348,64.0,0.0006072864665100129,63.0,0.0028596847991865784,0.001915491369435837,0.0006567219151840178
reasoning,2,2,model.layers.2.mlp,9,0.01962061514997458,16.0,0.005100577993931113,24.0,0.004492618177648602,29.0,0.01962061514997458,0.01546676361660931,0.004858334536535034
reasoning,2,2,model.layers.2.mlp,10,0.005306304016268429,60.0,0.0010137824643730935,62.0,0.000662216734274631,62.0,0.005306304016268429,0.003074148410979882,0.00071612371752495
reasoning,2,2,model.layers.2.mlp,11,0.016252541942043723,24.0,0.005786719271296708,20.0,0.006718157275461975,16.0,0.016252541942043723,0.017547387608094017,0.0072650410568240245
reasoning,2,2,model.layers.2.mlp,12,0.008626715810879511,52.0,0.0025480238386502286,49.0,0.0029461168834156474,47.0,0.008626715810879511,0.007726513043968719,0.0031859421026646465
reasoning,2,2,model.layers.2.mlp,13,0.0188421453990849,18.0,0.008241437205095004,9.0,0.011784898595392976,5.0,0.0188421453990849,0.024990964017019456,0.012744234562467911
reasoning,2,2,model.layers.2.mlp,14,0.03248919674631418,2.0,0.015179399917982651,3.0,0.015586355660370175,4.0,0.03248919674631418,0.04602933052935632,0.016855144819613383
reasoning,2,2,model.layers.2.mlp,15,0.024815709201830197,8.0,0.011507531744487163,4.0,0.016012404593163235,3.0,0.024815709201830197,0.03489492240181094,0.017315875770385115
reasoning,2,2,model.layers.2.mlp,16,0.02438675648195221,10.0,0.008003285286325941,10.0,0.00885605259505387,10.0,0.02438675648195221,0.024268802835124823,0.00957696925903465
reasoning,2,2,model.layers.2.mlp,17,0.013265760040671072,35.0,0.0040189804131450175,35.0,0.0065413892035238565,17.0,0.013265760040671072,0.012186975692530962,0.007073883385529742
reasoning,2,2,model.layers.2.mlp,18,0.009262201321809863,51.0,0.0027316568100216065,48.0,0.002986445787552617,46.0,0.009262201321809863,0.008283353418490211,0.0032295539343497955
reasoning,2,2,model.layers.2.mlp,19,0.01614133197763091,25.0,0.005747451355570031,21.0,0.005100729795722987,25.0,0.01614133197763091,0.017428313344160774,0.005515948773787064
reasoning,2,2,model.layers.2.mlp,20,0.017269318759532283,21.0,0.006013917753280694,19.0,0.009151592131005245,8.0,0.017269318759532283,0.01823633408025461,0.009896566847266731
reasoning,2,2,model.layers.2.mlp,21,0.010898576512455516,46.0,0.003760286921708185,37.0,0.004076413464380677,35.0,0.010898576512455516,0.011402525168302221,0.0044082491625323525
reasoning,2,2,model.layers.2.mlp,22,0.0245456278596848,9.0,0.006804735332075933,14.0,0.007029847185594755,15.0,0.0245456278596848,0.020634373786664096,0.007602103721668639
reasoning,2,2,model.layers.2.mlp,23,0.01927109811896289,17.0,0.006626394841049187,18.0,0.008149272737144879,13.0,0.01927109811896289,0.020093582091828193,0.008812654808612383
reasoning,2,2,model.layers.2.mlp,24,0.030423868835790544,4.0,0.009625255000973087,6.0,0.010462583073457002,6.0,0.030423868835790544,0.02918719094713797,0.011314277483012676
reasoning,2,2,model.layers.2.mlp,25,0.0100565582104728,49.0,0.0033850308657298552,46.0,0.004146114004521153,33.0,0.0100565582104728,0.010264615558759188,0.004483623594097524
reasoning,2,2,model.layers.2.mlp,26,0.017936578546009153,19.0,0.00973200446527866,5.0,0.008983458084090748,9.0,0.017936578546009153,0.02951089322805172,0.009714746043763767
reasoning,2,2,model.layers.2.mlp,27,0.0154899593289273,27.0,0.005009583791743454,26.0,0.004443718368023252,30.0,0.0154899593289273,0.01519083688489517,0.004805454094766183
reasoning,2,2,model.layers.2.mlp,28,0.01688802745297407,22.0,0.004314599088078292,31.0,0.003540483648530347,41.0,0.01688802745297407,0.013083396484701672,0.0038286926031838595
reasoning,2,2,model.layers.2.mlp,29,0.01536286222674123,28.0,0.004691530740618645,28.0,0.0052252608582464555,23.0,0.01536286222674123,0.014226387098000054,0.005650617142654731
reasoning,2,2,model.layers.2.mlp,30,0.020700940518556178,13.0,0.017893664656281776,2.0,0.5996384036437957,1.0,0.020700940518556178,0.05425994501071924,0.6484512706530862
reasoning,2,2,model.layers.2.mlp,31,0.004368962887646162,62.0,0.0012408723428762075,60.0,0.0010388340166190863,57.0,0.004368962887646162,0.003762765558822995,0.0011233990918207688
reasoning,2,2,model.layers.2.mlp,32,0.02286159125571937,11.0,0.007509123933575877,12.0,0.007389247122002424,14.0,0.02286159125571937,0.022770330144276218,0.007990760192001435
reasoning,2,2,model.layers.2.mlp,33,0.02052618200305033,14.0,0.007818100836656393,11.0,0.008488411705014848,11.0,0.02052618200305033,0.023707257827496525,0.009179400989822442
reasoning,2,2,model.layers.2.mlp,34,0.016713268937468224,23.0,0.0069752098281309575,13.0,0.00626366061573833,18.0,0.016713268937468224,0.021151312991648494,0.006773546624988979
reasoning,2,2,model.layers.2.mlp,35,0.014091891204880528,33.0,0.004079201043288479,33.0,0.004277386957799413,31.0,0.014091891204880528,0.012369586026571615,0.004625582669497633
reasoning,2,2,model.layers.2.mlp,36,0.05871886120996441,1.0,0.023457281348301665,1.0,0.029484481195174442,2.0,0.05871886120996441,0.07113080637805463,0.03188463110330627
reasoning,2,2,model.layers.2.mlp,37,0.007768810371123538,55.0,0.0023698986152373537,50.0,0.002496271348739707,49.0,0.007768810371123538,0.007186374116976386,0.0026994774153036426
reasoning,2,2,model.layers.2.mlp,38,0.0118676919166243,44.0,0.0036127723651182,41.0,0.0030520735166485865,45.0,0.0118676919166243,0.01095520865250716,0.00330052401242311
reasoning,2,2,model.layers.2.mlp,39,0.012439628876461616,40.0,0.0038694954791163574,36.0,0.0035466034011276135,40.0,0.012439628876461616,0.011733684292690257,0.003835310527125464
reasoning,2,2,model.layers.2.mlp,40,0.012471403152008134,38.0,0.0021637381789765507,51.0,0.0015351243042986012,55.0,0.012471403152008134,0.006561222469744078,0.001660089313299209
reasoning,2,2,model.layers.2.mlp,41,0.015029232333502797,30.0,0.00375539976506895,38.0,0.003251449325243622,43.0,0.015029232333502797,0.011387705574015784,0.0035161297768893512
reasoning,2,2,model.layers.2.mlp,42,0.0061959837315709206,58.0,0.001276758035912875,59.0,0.0007672711462184908,60.0,0.0061959837315709206,0.003871583722583405,0.000829729961719369
reasoning,2,2,model.layers.2.mlp,43,0.010787366548042705,48.0,0.0019892278999984114,52.0,0.0009554991271677292,58.0,0.010787366548042705,0.0060320453378906016,0.0010332804225926257
reasoning,2,2,model.layers.2.mlp,44,0.011470513472292831,45.0,0.00407537664928349,34.0,0.004126637716681507,34.0,0.011470513472292831,0.01235798910596334,0.004462561861692663
reasoning,2,2,model.layers.2.mlp,45,0.012328418912048805,41.0,0.0019881205323630927,53.0,0.0008963108118140552,59.0,0.012328418912048805,0.00602868740601062,0.0009692739512497648
reasoning,2,2,model.layers.2.mlp,46,0.012741484494153533,37.0,0.0031421003938024274,47.0,0.002170263188756173,50.0,0.012741484494153533,0.009527964106895591,0.0023469309401279535
reasoning,2,2,model.layers.2.mlp,47,0.015061006609049315,29.0,0.0053220670357778345,23.0,0.005476213753011303,22.0,0.015061006609049315,0.016138397038936856,0.00592199856601834
reasoning,2,2,model.layers.2.mlp,48,0.010882689374682257,47.0,0.00362830266288288,40.0,0.003949015619811836,36.0,0.010882689374682257,0.011002302029906283,0.004270480644560305
reasoning,2,2,model.layers.2.mlp,49,0.006291306558210473,57.0,0.0015544571365022877,57.0,0.0010871995087991405,56.0,0.006291306558210473,0.004713666002370512,0.0011757017206539756
reasoning,2,2,model.layers.2.mlp,50,0.009770589730554143,50.0,0.0034834566489657473,43.0,0.0036395662828776123,39.0,0.009770589730554143,0.010563077483054926,0.003935840944170215
reasoning,2,2,model.layers.2.mlp,51,0.027993136756481952,5.0,0.006749054715302491,15.0,0.004900094975012363,27.0,0.027993136756481952,0.020465530385252232,0.005298981508787902
reasoning,2,2,model.layers.2.mlp,52,0.011915353329944077,43.0,0.0037454237596117185,39.0,0.0031814220402603777,44.0,0.011915353329944077,0.011357454783139025,0.003440402002197413
reasoning,2,2,model.layers.2.mlp,53,0.007752923233350279,56.0,0.00194563135981984,54.0,0.0021659666269896413,51.0,0.007752923233350279,0.005899845147589369,0.002342284621746715
reasoning,2,2,model.layers.2.mlp,54,0.027325876970005086,6.0,0.008367696509000063,8.0,0.008407546083820935,12.0,0.027325876970005086,0.025373827059251286,0.00909195259676306
reasoning,2,2,model.layers.2.mlp,55,0.004114768683274021,63.0,0.0007851100780058465,63.0,0.0003798331096320947,64.0,0.004114768683274021,0.0023807325373678273,0.00041075298226455275
reasoning,2,2,model.layers.2.mlp,56,0.0173010930350788,20.0,0.004617773462323653,29.0,0.004550132380424889,28.0,0.0173010930350788,0.014002728840102523,0.004920530616112747
reasoning,2,2,model.layers.2.mlp,57,0.005767031011692934,59.0,0.001611318816130211,56.0,0.0018385890665325376,52.0,0.005767031011692934,0.004886090805734931,0.001988257271644198
reasoning,2,2,model.layers.2.mlp,58,0.020859811896288764,12.0,0.006640327116166751,17.0,0.009203985221702918,7.0,0.020859811896288764,0.020135829697127305,0.009953224936591728
reasoning,2,2,model.layers.2.mlp,59,0.00800711743772242,54.0,0.0015175106201792466,58.0,0.0015971122013230254,54.0,0.00800711743772242,0.004601631045723324,0.0017271232630034683
reasoning,2,2,model.layers.2.mlp,60,0.030900482968988306,3.0,0.006652692398203165,16.0,0.004235903713066201,32.0,0.030900482968988306,0.020173325622988545,0.004580722529462233
reasoning,2,2,model.layers.2.mlp,61,0.013075114387391968,36.0,0.003412321368994662,45.0,0.00389630569170651,38.0,0.013075114387391968,0.010347370055107896,0.0042134799260468946
reasoning,2,2,model.layers.2.mlp,62,0.01563294356888663,26.0,0.0053538413113243515,22.0,0.005517179195531921,20.0,0.01563294356888663,0.01623474792496423,0.005966298752754113
reasoning,2,2,model.layers.2.mlp,63,0.025800711743772242,7.0,0.008391372067830135,7.0,0.0057585149904950715,19.0,0.025800711743772242,0.025445619760461134,0.0062272802074891075
reasoning,3,3,model.layers.3.mlp,0,0.03622267412302999,3.0,0.014311627076250317,3.0,0.019796989797560657,3.0,0.03622267412302999,0.04096879264617076,0.040204967825495604
reasoning,3,3,model.layers.3.mlp,1,0.02813612099644128,11.0,0.011122330712617565,7.0,0.014889145366815319,9.0,0.02813612099644128,0.03183903956409909,0.030237809714671732
reasoning,3,3,model.layers.3.mlp,2,0.014743263853584139,32.0,0.005244167310426729,30.0,0.006540375519269272,27.0,0.014743263853584139,0.015012073889154898,0.013282604578160715
reasoning,3,3,model.layers.3.mlp,3,0.0034951703101169292,58.0,0.0008280394825162049,59.0,0.0007987513725826234,56.0,0.0034951703101169292,0.002370364856581845,0.0016221543559724323
reasoning,3,3,model.layers.3.mlp,4,0.007752923233350279,47.0,0.0023116406051410777,47.0,0.002925195930555016,42.0,0.007752923233350279,0.006617355533365846,0.005940671257290157
reasoning,3,3,model.layers.3.mlp,5,0.002907346212506355,61.0,0.0009358517094560244,57.0,0.000883643040040543,55.0,0.002907346212506355,0.002678990615671749,0.00179455767555281
reasoning,3,3,model.layers.3.mlp,6,0.009595831215048298,42.0,0.0022028819764393745,49.0,0.0019184997882675068,49.0,0.009595831215048298,0.006306020582837681,0.0038962096282950764
reasoning,3,3,model.layers.3.mlp,7,0.008801474326385358,46.0,0.0040156447348039526,35.0,0.004301235680129847,36.0,0.008801474326385358,0.011495276924444159,0.008735219035714328
reasoning,3,3,model.layers.3.mlp,8,0.009262201321809863,44.0,0.0031521694879575496,40.0,0.00414443890226557,37.0,0.009262201321809863,0.009023472834337874,0.008416786310656734
reasoning,3,3,model.layers.3.mlp,9,0.023068124046771735,14.0,0.0061001489170929716,25.0,0.006411058505325676,29.0,0.023068124046771735,0.017462426512627076,0.013019979480201022
reasoning,3,3,model.layers.3.mlp,10,0.020955134722928318,15.0,0.006421646250039718,21.0,0.007751412913727612,21.0,0.020955134722928318,0.018382752168097066,0.015742055230889195
reasoning,3,3,model.layers.3.mlp,11,0.016061896288764616,29.0,0.0058436740396225215,27.0,0.006118732057114089,30.0,0.016061896288764616,0.016728235632858017,0.012426304605128021
reasoning,3,3,model.layers.3.mlp,12,0.016347864768683273,28.0,0.00669020714345291,17.0,0.007175551775708439,25.0,0.016347864768683273,0.019151540754921967,0.014572560334808228
reasoning,3,3,model.layers.3.mlp,13,0.0032092018301982713,60.0,0.0007767165804127478,60.0,0.0005645289325027954,59.0,0.0032092018301982713,0.002223446737274117,0.0011464807427760014
reasoning,3,3,model.layers.3.mlp,14,0.00503622267412303,54.0,0.0009667416423725852,56.0,0.00042426816530061206,62.0,0.00503622267412303,0.002767416847697651,0.0008616303847060107
reasoning,3,3,model.layers.3.mlp,15,0.016999237417386882,26.0,0.003771395506323081,37.0,0.0026358542873902435,44.0,0.016999237417386882,0.01079608346850052,0.005353058111404256
reasoning,3,3,model.layers.3.mlp,16,0.0006672597864768683,64.0,0.00014743698267507627,64.0,0.00012059718378486673,64.0,0.0006672597864768683,0.00042205649570173457,0.0002449163202838738
reasoning,3,3,model.layers.3.mlp,17,0.005878240976105745,50.5,0.0012126509526324987,54.0,0.0007321249734350856,57.0,0.005878240976105745,0.003471362491901849,0.0014868452882077236
reasoning,3,3,model.layers.3.mlp,18,0.018746822572445348,19.0,0.006234848262940074,22.0,0.007605926947327057,22.0,0.018746822572445348,0.017848019956348264,0.015446593210753376
reasoning,3,3,model.layers.3.mlp,19,0.03576194712760549,4.0,0.017044633672391334,2.0,0.022035467727692163,2.0,0.03576194712760549,0.04879236015120486,0.04475100912163793
reasoning,3,3,model.layers.3.mlp,20,0.016745043213014742,27.0,0.005685593915822001,28.0,0.00718618467323251,24.0,0.016745043213014742,0.01627571183671943,0.014594154289607343
reasoning,3,3,model.layers.3.mlp,21,0.004241865785460091,56.0,0.0012023491367326512,55.0,0.0014620837469049742,53.0,0.004241865785460091,0.0034418722769017493,0.0029692913217411296
reasoning,3,3,model.layers.3.mlp,22,0.011438739196746314,36.0,0.002777208212855872,43.0,0.002724346186505014,43.0,0.011438739196746314,0.007950100069093264,0.005532773007108488
reasoning,3,3,model.layers.3.mlp,23,0.01483858668022369,31.0,0.002931440670476932,42.0,0.0024877357774617244,48.0,0.01483858668022369,0.00839160944758121,0.005052249756854806
reasoning,3,3,model.layers.3.mlp,24,0.002573716319267921,62.0,0.0006721314283331215,61.0,0.000643702403225107,58.0,0.002573716319267921,0.001924058876858944,0.0013072711899891217
reasoning,3,3,model.layers.3.mlp,25,0.004972674123029995,55.0,0.0012971134311848627,53.0,0.0015355222162482364,52.0,0.004972674123029995,0.0037131467245231525,0.003118434768663718
reasoning,3,3,model.layers.3.mlp,26,0.009627605490594814,41.0,0.0023447336372410398,46.0,0.001598209960492215,50.0,0.009627605490594814,0.006712088407756229,0.0032457449691616043
reasoning,3,3,model.layers.3.mlp,27,0.005226868327402135,53.0,0.0013038933913478647,52.0,0.0015881555427166945,51.0,0.005226868327402135,0.003732555194334965,0.0032253258272969807
reasoning,3,3,model.layers.3.mlp,28,0.01834964412811388,20.0,0.006583977424377224,19.0,0.009891482526043466,13.0,0.01834964412811388,0.018847445119220634,0.020088242746633712
reasoning,3,3,model.layers.3.mlp,29,0.013790035587188613,33.0,0.005042490646447636,31.0,0.005840529441969856,32.0,0.013790035587188613,0.01443474963495866,0.011861313295579497
reasoning,3,3,model.layers.3.mlp,30,0.02003368073207931,18.0,0.006574653039805224,20.0,0.008123349248756899,17.0,0.02003368073207931,0.018820752921607592,0.01649740685433792
reasoning,3,3,model.layers.3.mlp,31,0.025991357397051346,12.0,0.010352037252359239,10.0,0.016852416177661395,8.0,0.025991357397051346,0.02963397979822564,0.034224943142023755
reasoning,3,3,model.layers.3.mlp,32,0.010771479410269446,39.0,0.004277549786317997,34.0,0.0057499592129025565,33.0,0.010771479410269446,0.012245012345252429,0.011677377597130672
reasoning,3,3,model.layers.3.mlp,33,0.01742819013726487,24.0,0.005957304310180478,26.0,0.008571584766278973,15.0,0.01742819013726487,0.017053516257347072,0.017407711640292794
reasoning,3,3,model.layers.3.mlp,34,0.005862353838332486,52.0,0.001956103838332486,50.0,0.0026269737177968297,45.0,0.005862353838332486,0.005599587812067209,0.005335022894008768
reasoning,3,3,model.layers.3.mlp,35,0.0402262328418912,2.0,0.011831278720966256,6.0,0.014342146200976838,10.0,0.0402262328418912,0.033868490429203875,0.02912692952086475
reasoning,3,3,model.layers.3.mlp,36,0.013647051347229284,34.0,0.003580842941741866,38.0,0.0030387092588150264,40.0,0.013647051347229284,0.010250603316947462,0.006171201239733295
reasoning,3,3,model.layers.3.mlp,37,0.010882689374682257,38.0,0.003143869079062341,41.0,0.002997085031161741,41.0,0.010882689374682257,0.008999711893035082,0.00608666814906273
reasoning,3,3,model.layers.3.mlp,38,0.018000127097102185,21.0,0.005512092097737672,29.0,0.005280926896530962,34.0,0.018000127097102185,0.015779041544029492,0.01072483736845605
reasoning,3,3,model.layers.3.mlp,39,0.0068791306558210474,49.0,0.007529463814064883,12.0,0.08756734304277801,1.0,0.0068791306558210474,0.02155401619199338,0.17783724927881875
reasoning,3,3,model.layers.3.mlp,40,0.017015124555160143,25.0,0.006992512689851296,15.0,0.006928332871201116,26.0,0.017015124555160143,0.020016927561061954,0.014070492686988564
reasoning,3,3,model.layers.3.mlp,41,0.009103329944077275,45.0,0.003775243172502542,36.0,0.006432932777397512,28.0,0.009103329944077275,0.01080709788615116,0.01306440312308044
reasoning,3,3,model.layers.3.mlp,42,0.028612735129639043,10.0,0.010941614520446747,8.0,0.013474079387770975,11.0,0.028612735129639043,0.0313217172383142,0.02736400502314022
reasoning,3,3,model.layers.3.mlp,43,0.0033680732079308592,59.0,0.0005296281466462252,62.0,0.0004121816629377238,63.0,0.0033680732079308592,0.0015161257070156911,0.0008370843580831867
reasoning,3,3,model.layers.3.mlp,44,0.0018111337061514998,63.0,0.0004893362552427555,63.0,0.00048521097847007224,61.0,0.0018111337061514998,0.0014007852125047572,0.000985396869799378
reasoning,3,3,model.layers.3.mlp,45,0.020240213523131673,16.0,0.006586490819220259,18.0,0.008254590252509988,16.0,0.020240213523131673,0.01885464002107307,0.016763939311405143
reasoning,3,3,model.layers.3.mlp,46,0.013361082867310626,35.0,0.004627640864300012,33.0,0.005995596948884197,31.0,0.013361082867310626,0.013247191112537459,0.012176234108795203
reasoning,3,3,model.layers.3.mlp,47,0.015680604982206407,30.0,0.006154233450567171,23.0,0.008089576864422852,18.0,0.015680604982206407,0.0176172501413776,0.016428819779261084
reasoning,3,3,model.layers.3.mlp,48,0.005878240976105745,50.5,0.0019492152746886122,51.0,0.002494707083103238,47.0,0.005878240976105745,0.005579868451434613,0.005066407521337429
reasoning,3,3,model.layers.3.mlp,49,0.017825368581596338,22.0,0.0068435862880099774,16.0,0.008924120876618036,14.0,0.017825368581596338,0.019590607419818037,0.01812366407136663
reasoning,3,3,model.layers.3.mlp,50,0.00710155058464667,48.0,0.0024809379170373665,45.0,0.0031947812705144974,39.0,0.00710155058464667,0.007101989909993998,0.0064881620642325225
reasoning,3,3,model.layers.3.mlp,51,0.02918467208947636,8.0,0.010154720242398005,11.0,0.010529218513346228,12.0,0.02918467208947636,0.029069135589835166,0.021383396965171903
reasoning,3,3,model.layers.3.mlp,52,0.01769827147941027,23.0,0.0061024140754083,24.0,0.007784614667114596,20.0,0.01769827147941027,0.017468910806889146,0.01580948343286959
reasoning,3,3,model.layers.3.mlp,53,0.0037334773767158107,57.0,0.0008655852573319141,58.0,0.0005427332169811436,60.0,0.0037334773767158107,0.0024778442546243788,0.0011022166374628978
reasoning,3,3,model.layers.3.mlp,54,0.028739832231825115,9.0,0.00728465605339667,13.0,0.00782019601037312,19.0,0.028739832231825115,0.020853223868971423,0.015881744255122128
reasoning,3,3,model.layers.3.mlp,55,0.011279867819013727,37.0,0.0022748085103425266,48.0,0.0012601141634515105,54.0,0.011279867819013727,0.006511919132145609,0.002559118831503457
reasoning,3,3,model.layers.3.mlp,56,0.03358540925266904,5.0,0.01079206752728616,9.0,0.017421063177768627,7.0,0.03358540925266904,0.030893620578094375,0.03537978711462574
reasoning,3,3,model.layers.3.mlp,57,0.03185371123538383,6.0,0.012556532766228711,4.0,0.018617191045612748,5.0,0.03185371123538383,0.03594461933040068,0.037808958566124755
reasoning,3,3,model.layers.3.mlp,58,0.010342526690391459,40.0,0.0035089164078387137,39.0,0.00504915461315379,35.0,0.010342526690391459,0.010044704767639535,0.010254139687075768
reasoning,3,3,model.layers.3.mlp,59,0.029883706151499746,7.0,0.01254913221474644,5.0,0.018498613528933814,6.0,0.029883706151499746,0.035923434341612964,0.03756814391239941
reasoning,3,3,model.layers.3.mlp,60,0.009516395526182003,43.0,0.0026290575501636375,44.0,0.0025630913618961506,46.0,0.009516395526182003,0.007526000576569234,0.005205286601276014
reasoning,3,3,model.layers.3.mlp,61,0.0555255465175394,1.0,0.027441570706699607,1.0,0.019012598683522567,4.0,0.0555255465175394,0.07855487109733757,0.03861197718272668
reasoning,3,3,model.layers.3.mlp,62,0.02338586680223691,13.0,0.007074477288343607,14.0,0.007509509731229938,23.0,0.02338586680223691,0.02025156130480522,0.015250783084534786
reasoning,3,3,model.layers.3.mlp,63,0.020097229283172344,17.0,0.004835011453633389,32.0,0.0032251283136278345,38.0,0.020097229283172344,0.013840814928337667,0.006549792741645963
reasoning,4,4,model.layers.4.mlp,0,0.009770589730554143,39.0,0.0026707768016014234,42.0,0.004729427405773654,36.0,0.009770589730554143,0.008144109445128373,0.007840461426054818
reasoning,4,4,model.layers.4.mlp,1,0.004559608540925267,55.0,0.0014048325694267921,55.0,0.002266677667495255,52.0,0.004559608540925267,0.004283813679463031,0.0037577062279464876
reasoning,4,4,model.layers.4.mlp,2,0.026658617183528216,9.0,0.009198326960274212,9.0,0.018188726253538613,9.0,0.026658617183528216,0.028048836365371345,0.030153334504266868
reasoning,4,4,model.layers.4.mlp,3,0.0031615404168784953,60.0,0.0007848308119121759,60.0,0.0009848929084193513,59.0,0.0031615404168784953,0.0023932168439868015,0.0016327589356440655
reasoning,4,4,model.layers.4.mlp,4,0.002637264870360956,61.0,0.0005969778195697764,61.0,0.0005867136192536924,62.0,0.002637264870360956,0.0018203889954320196,0.0009726559063542894
reasoning,4,4,model.layers.4.mlp,5,0.01483858668022369,25.0,0.005069719090580516,24.0,0.009664169849328844,19.0,0.01483858668022369,0.015459302741055532,0.016021294845545868
reasoning,4,4,model.layers.4.mlp,6,0.017793594306049824,19.0,0.005398578188052078,20.0,0.005599452280186128,31.0,0.017793594306049824,0.016462106300015843,0.009282791729975263
reasoning,4,4,model.layers.4.mlp,7,0.015283426537874937,23.0,0.006285302337196556,18.0,0.00826834695390982,25.0,0.015283426537874937,0.01916603068409048,0.013707294728792459
reasoning,4,4,model.layers.4.mlp,8,0.020859811896288764,16.0,0.006869356342542578,15.0,0.011347294068716781,16.0,0.020859811896288764,0.020947010561761834,0.018811584110005154
reasoning,4,4,model.layers.4.mlp,9,0.036619852567361465,4.0,0.013899026937635041,5.0,0.026729973542054686,6.0,0.036619852567361465,0.0423828739612439,0.04431304436983163
reasoning,4,4,model.layers.4.mlp,10,0.009579944077275039,40.0,0.003101870561530885,37.0,0.005072385401535547,33.0,0.009579944077275039,0.009458661361212217,0.008409018400466888
reasoning,4,4,model.layers.4.mlp,11,0.015076893746822572,24.0,0.0035264636273910142,33.0,0.003764965288799368,40.0,0.015076893746822572,0.01075339044375258,0.006241572728493539
reasoning,4,4,model.layers.4.mlp,12,0.005576385358413828,53.0,0.0016489887092097737,51.0,0.0016958430892611267,53.0,0.005576385358413828,0.005028329029042367,0.0028113746517731933
reasoning,4,4,model.layers.4.mlp,13,0.010803253685815964,33.5,0.0032965966027341765,34.0,0.005984090800796237,30.0,0.010803253685815964,0.010052447480076693,0.009920446825418053
reasoning,4,4,model.layers.4.mlp,14,0.013281647178444331,31.0,0.015532423289948208,4.0,0.07791558004646781,1.0,0.013281647178444331,0.047363656575701074,0.12916872327868736
reasoning,4,4,model.layers.4.mlp,15,0.003511057447890188,58.5,0.0008747700088570793,58.0,0.0008298573487811832,60.0,0.003511057447890188,0.0026674721328926545,0.0013757404383253537
reasoning,4,4,model.layers.4.mlp,16,0.006005338078291815,51.0,0.001620875922446937,52.0,0.001687082059501022,54.0,0.006005338078291815,0.004942603553193237,0.0027968505857514244
reasoning,4,4,model.layers.4.mlp,17,0.07235002541942044,1.0,0.02141064875127097,2.0,0.03030619052502487,4.0,0.07235002541942044,0.0652883710151285,0.05024170949152265
reasoning,4,4,model.layers.4.mlp,18,0.006037112353838333,50.0,0.0019695241256116546,45.0,0.0027187207991178713,48.0,0.006037112353838333,0.006005750845291276,0.004507104925148896
reasoning,4,4,model.layers.4.mlp,19,0.003511057447890188,58.5,0.0007963272661016142,59.0,0.0012549295342973816,58.0,0.003511057447890188,0.0024282734541436475,0.002080426605991223
reasoning,4,4,model.layers.4.mlp,20,0.00826131164209456,45.0,0.0026575892360669803,43.0,0.004290665636936616,39.0,0.00826131164209456,0.008103896059658307,0.007113080618899447
reasoning,4,4,model.layers.4.mlp,21,0.021002796136248093,15.0,0.005773081777055796,19.0,0.009692847194651025,18.0,0.021002796136248093,0.01760409548256784,0.01606883624971791
reasoning,4,4,model.layers.4.mlp,22,0.0067679206914082355,48.0,0.0019003126787303,49.0,0.0028975910209327648,46.0,0.0067679206914082355,0.005794701536371316,0.004803636609449087
reasoning,4,4,model.layers.4.mlp,23,0.02235320284697509,12.0,0.006375536315018112,17.0,0.010962410090869007,17.0,0.02235320284697509,0.019441184860436254,0.018173522094688446
reasoning,4,4,model.layers.4.mlp,24,0.0067838078291814945,47.0,0.0020028343646733603,44.0,0.0032947123165270307,42.0,0.0067838078291814945,0.006107325126002139,0.005461985693266437
reasoning,4,4,model.layers.4.mlp,25,0.00956405693950178,41.0,0.0019100559624428064,48.0,0.0024982270821133543,51.0,0.00956405693950178,0.005824412131753906,0.004141569663787047
reasoning,4,4,model.layers.4.mlp,26,0.004432511438739197,57.0,0.0010692633283156457,56.0,0.001638323620688994,56.0,0.004432511438739197,0.0032605486037782464,0.002716018673999557
reasoning,4,4,model.layers.4.mlp,27,0.027484748347737672,7.0,0.009444507779236305,8.0,0.021036733027091168,7.0,0.027484748347737672,0.02879952565236697,0.034874770173608516
reasoning,4,4,model.layers.4.mlp,28,0.008865022877478394,44.0,0.002754649718400483,41.0,0.0031202530223700107,43.0,0.008865022877478394,0.008399866576717997,0.005172766460387418
reasoning,4,4,model.layers.4.mlp,29,0.026722165734621252,8.0,0.008570381633872966,10.0,0.014427282816214826,12.0,0.026722165734621252,0.026134016878882557,0.02391760031356522
reasoning,4,4,model.layers.4.mlp,30,0.007292196237925775,46.0,0.0019614254088952086,46.0,0.00311962263582887,44.0,0.007292196237925775,0.005981055095626129,0.005171721403357198
reasoning,4,4,model.layers.4.mlp,31,0.026563294356888662,10.0,0.008046276749968226,12.0,0.016554944796736738,11.0,0.026563294356888662,0.0245358423205716,0.027444845845571976
reasoning,4,4,model.layers.4.mlp,32,0.010628495170310117,35.0,0.0028611742183528217,40.0,0.0029283343947122758,45.0,0.010628495170310117,0.008724696111585616,0.004854603082881108
reasoning,4,4,model.layers.4.mlp,33,0.015775927808845958,22.0,0.004976366641379639,25.0,0.008361876264676625,24.0,0.015775927808845958,0.01517463928179272,0.01386234794990278
reasoning,4,4,model.layers.4.mlp,34,0.009405185561769192,42.0,0.003231434514211045,36.0,0.0053078402146265235,32.0,0.009405185561769192,0.009853746045989304,0.008799356219663578
reasoning,4,4,model.layers.4.mlp,35,0.018222547025927807,18.0,0.007261957925894446,14.0,0.012240098179500298,15.0,0.018222547025927807,0.022144186702138344,0.020291677912285696
reasoning,4,4,model.layers.4.mlp,36,0.013980681240467717,29.0,0.004463323797740849,27.0,0.007211388004010985,27.0,0.013980681240467717,0.01361019665741136,0.011955064455527572
reasoning,4,4,model.layers.4.mlp,37,0.004543721403152008,56.0,0.001033594842240722,57.0,0.0013378364477641823,57.0,0.004543721403152008,0.0031517832235480312,0.002217869979410205
reasoning,4,4,model.layers.4.mlp,38,0.015839476359938993,21.0,0.005181968545453101,23.0,0.009109026655350232,20.0,0.015839476359938993,0.015801589616203687,0.015100976501508578
reasoning,4,4,model.layers.4.mlp,39,0.022114895780376207,13.0,0.007867437846538193,13.0,0.0173023191271667,10.0,0.022114895780376207,0.02399050150373224,0.028683845645295327
reasoning,4,4,model.layers.4.mlp,40,0.00490912557193696,54.0,0.001425436201226487,53.0,0.002633163193879951,49.0,0.00490912557193696,0.004346641180526852,0.0043652672255672055
reasoning,4,4,model.layers.4.mlp,41,0.02389425521098119,11.0,0.011791436758269255,7.0,0.019515081505273646,8.0,0.02389425521098119,0.03595611262501366,0.03235217091642502
reasoning,4,4,model.layers.4.mlp,42,0.01977948652770717,17.0,0.0053150543538701064,21.0,0.008510255510954306,22.0,0.01977948652770717,0.016207413640394543,0.014108331587466817
reasoning,4,4,model.layers.4.mlp,43,0.06729791560752414,2.0,0.020059373212697,3.0,0.03253811238741717,3.0,0.06729791560752414,0.061167870990539185,0.05394179742324399
reasoning,4,4,model.layers.4.mlp,44,0.0173010930350788,20.0,0.005297243383007117,22.0,0.008846468621240876,21.0,0.0173010930350788,0.016153101915077326,0.01466570686695999
reasoning,4,4,model.layers.4.mlp,45,0.010215429588205389,38.0,0.0029326508235495044,39.0,0.004952008195361572,35.0,0.010215429588205389,0.008942652660833376,0.008209456643703037
reasoning,4,4,model.layers.4.mlp,46,0.06024402643619726,3.0,0.021520237420862193,1.0,0.03881496914066317,2.0,0.06024402643619726,0.06562254424838473,0.06434759267672806
reasoning,4,4,model.layers.4.mlp,47,0.010564946619217083,36.0,0.0018752020024744218,50.0,0.001685312510891588,55.0,0.010564946619217083,0.005718130519449784,0.0027939170218284726
reasoning,4,4,model.layers.4.mlp,48,0.02116166751398068,14.0,0.006757479242461553,16.0,0.012731980147947197,14.0,0.02116166751398068,0.020605859123379894,0.021107121573620203
reasoning,4,4,model.layers.4.mlp,49,0.0067520335536349774,49.0,0.001928720246369789,47.0,0.002596288287835068,50.0,0.0067520335536349774,0.005881325899660365,0.004304135876330012
reasoning,4,4,model.layers.4.mlp,50,0.010803253685815964,33.5,0.0032664358646177553,35.0,0.004564496150442002,38.0,0.010803253685815964,0.009960477102013388,0.007567037809529917
reasoning,4,4,model.layers.4.mlp,51,0.005894128113879004,52.0,0.0014127295939644763,54.0,0.0027563365017232947,47.0,0.005894128113879004,0.0043078944008798125,0.0045694643695357
reasoning,4,4,model.layers.4.mlp,52,0.010549059481443824,37.0,0.0041148152276229664,28.0,0.007227466605512788,26.0,0.010549059481443824,0.01254747515410065,0.011981719617779538
reasoning,4,4,model.layers.4.mlp,53,0.0022559735638027455,62.0,0.0005213897968829436,62.0,0.0007535687741981161,61.0,0.0022559735638027455,0.0015898953318906506,0.0012492689704396132
reasoning,4,4,model.layers.4.mlp,54,0.0014933909506863244,63.0,0.0003214973329467463,63.0,0.0003602893788217892,64.0,0.0014933909506863244,0.0009803550278949611,0.0005972890023475041
reasoning,4,4,model.layers.4.mlp,55,0.0012074224707676665,64.0,0.00028846635997871125,64.0,0.00044506280311304235,63.0,0.0012074224707676665,0.0008796323247587593,0.0007378266839913186
reasoning,4,4,model.layers.4.mlp,56,0.01472737671581088,28.0,0.004051887267849199,29.0,0.006633633668227292,28.0,0.01472737671581088,0.012355586340610545,0.010997261280894222
reasoning,4,4,model.layers.4.mlp,57,0.009135104219623793,43.0,0.0030266704084185945,38.0,0.0046744559589445775,37.0,0.009135104219623793,0.00922935044430232,0.007749329567709422
reasoning,4,4,model.layers.4.mlp,58,0.011788256227758007,32.0,0.00395760393166942,30.0,0.006452650037259393,29.0,0.011788256227758007,0.012068084289432198,0.010697225979449729
reasoning,4,4,model.layers.4.mlp,59,0.028263218098627352,6.0,0.00814619195237036,11.0,0.012905151151919887,13.0,0.028263218098627352,0.024840517852838927,0.021394205074489997
reasoning,4,4,model.layers.4.mlp,60,0.014743263853584139,27.0,0.004581670562325241,26.0,0.008421453480652794,23.0,0.014743263853584139,0.013971076309606261,0.013961115268577054
reasoning,4,4,model.layers.4.mlp,61,0.013964794102694458,30.0,0.0035862731157854603,32.0,0.005045700039909646,34.0,0.013964794102694458,0.010935769974325646,0.008364779313888928
reasoning,4,4,model.layers.4.mlp,62,0.033760167768174885,5.0,0.01257608139278565,6.0,0.02955155850335554,5.0,0.033760167768174885,0.038348761750617355,0.048990677865676964
reasoning,4,4,model.layers.4.mlp,63,0.014775038129130657,26.0,0.0038857627290726678,31.0,0.0036646749920874124,41.0,0.014775038129130657,0.011849015958350854,0.006075311121048683
reasoning,5,5,model.layers.5.mlp,0,0.05207803762074225,3.0,0.01443911204801093,6.0,0.024461797074460716,6.0,0.05207803762074225,0.04162602655829126,0.035897236969205874
reasoning,5,5,model.layers.5.mlp,1,0.017316980172852058,21.0,0.00552769996941726,23.0,0.009573289544056925,25.0,0.017316980172852058,0.015935618822552573,0.01404862620239067
reasoning,5,5,model.layers.5.mlp,2,0.0008420183019827148,62.0,0.00017039886148798933,62.0,0.00021091126919694218,63.0,0.0008420183019827148,0.000491237100329777,0.00030950840556776704
reasoning,5,5,model.layers.5.mlp,3,0.0003495170310116929,64.0,7.938914451734875e-05,64.0,0.00014660152477407795,64.0,0.0003495170310116929,0.00022886827300259207,0.00021513503929588133
reasoning,5,5,model.layers.5.mlp,4,0.004146542958820539,54.0,0.0011726848716716446,53.0,0.0026030537241953366,50.0,0.004146542958820539,0.003380693456107274,0.003819933429117202
reasoning,5,5,model.layers.5.mlp,5,0.008753812913065583,43.0,0.0021397057801379005,46.0,0.0018376658394095645,53.0,0.008753812913065583,0.006168485245823624,0.0026967407957272523
reasoning,5,5,model.layers.5.mlp,6,0.013567615658362989,32.0,0.004350190000238307,29.0,0.008198274105378196,30.0,0.013567615658362989,0.012541015256438692,0.012030816354311262
reasoning,5,5,model.layers.5.mlp,7,0.008197763091001526,45.0,0.002457433020820094,44.0,0.0054223357236280805,40.0,0.008197763091001526,0.007084450335294033,0.007957177872303102
reasoning,5,5,model.layers.5.mlp,8,0.023020462633451956,12.0,0.007120695826846085,16.0,0.016604734901916454,10.0,0.023020462633451956,0.020528012568656568,0.024367142846069053
reasoning,5,5,model.layers.5.mlp,9,0.012773258769700051,35.0,0.0038520258334789653,35.0,0.007845234004169869,32.0,0.012773258769700051,0.011104874670579747,0.01151273650375363
reasoning,5,5,model.layers.5.mlp,10,0.016236654804270462,24.0,0.0057967573358858665,22.0,0.011782407521989422,20.0,0.016236654804270462,0.016711275181827724,0.0172904661745475
reasoning,5,5,model.layers.5.mlp,11,0.014060116929334012,27.0,0.004160863103512646,30.0,0.008325337972558265,29.0,0.014060116929334012,0.011995211165086214,0.012217280240693053
reasoning,5,5,model.layers.5.mlp,12,0.004734367056431113,50.0,0.001257535219798551,52.0,0.0022451435121076477,52.0,0.004734367056431113,0.00362530564783117,0.0032947067804821183
reasoning,5,5,model.layers.5.mlp,13,0.013837697000508388,30.5,0.0034298530737639807,39.0,0.006027438587413928,39.0,0.013837697000508388,0.009887807135564398,0.008845155187540664
reasoning,5,5,model.layers.5.mlp,14,0.03501525165226233,6.0,0.014609960838205389,5.0,0.02797783930545903,5.0,0.03501525165226233,0.04211856074283387,0.041056964227824067
reasoning,5,5,model.layers.5.mlp,15,0.007419293340111845,48.0,0.0016979223347340492,48.0,0.0033640406588324448,47.0,0.007419293340111845,0.004894882729945412,0.004936667749166747
reasoning,5,5,model.layers.5.mlp,16,0.0021606507371631925,57.0,0.0006588662888837697,56.0,0.001513470665006754,54.0,0.0021606507371631925,0.0018994232850500445,0.0022209903443443876
reasoning,5,5,model.layers.5.mlp,17,0.030153787493645143,8.0,0.00911836376878654,10.0,0.014205232520181028,14.0,0.030153787493645143,0.026287021746600824,0.020845917265497952
reasoning,5,5,model.layers.5.mlp,18,0.016347864768683273,23.0,0.005034004060156647,26.0,0.010744867684441772,21.0,0.016347864768683273,0.01451235962473833,0.015767895559638558
reasoning,5,5,model.layers.5.mlp,19,0.011009786476868327,41.0,0.004122557104330834,31.0,0.007625428427069486,33.0,0.011009786476868327,0.011884780098827976,0.011190175865043913
reasoning,5,5,model.layers.5.mlp,20,0.00943695983731571,42.0,0.002759598934171645,42.0,0.0048010466284396525,41.0,0.00943695983731571,0.00795555420181709,0.007045447560401879
reasoning,5,5,model.layers.5.mlp,21,0.06089539908490087,1.0,0.028447719897845704,1.0,0.08868225789276185,1.0,0.06089539908490087,0.0820109671601088,0.13013958119472635
reasoning,5,5,model.layers.5.mlp,22,0.020462633451957295,15.5,0.006946092459170056,19.0,0.015207290967588322,12.0,0.020462633451957295,0.02002465443999306,0.02231641959343729
reasoning,5,5,model.layers.5.mlp,23,0.004464285714285714,53.0,0.0013136056454944077,51.0,0.0025854125206065653,51.0,0.004464285714285714,0.0037869491769754672,0.0037940452875501497
reasoning,5,5,model.layers.5.mlp,24,0.013837697000508388,30.5,0.0037716282280678064,36.0,0.007613132285436187,34.0,0.013837697000508388,0.010873099139858731,0.011172131503516676
reasoning,5,5,model.layers.5.mlp,25,0.03364895780376207,7.0,0.012326200298082422,7.0,0.019227549222538963,9.0,0.03364895780376207,0.03553478491369403,0.02821607458673466
reasoning,5,5,model.layers.5.mlp,26,0.0023989578037620744,56.0,0.0005878551271765378,57.0,0.0003569681980056725,60.0,0.0023989578037620744,0.001694707614631271,0.0005238442603081945
reasoning,5,5,model.layers.5.mlp,27,0.020891586171835282,14.0,0.008356618953951131,12.0,0.023261156287299963,7.0,0.020891586171835282,0.024091013447229852,0.03413531871273396
reasoning,5,5,model.layers.5.mlp,28,0.0024625063548551094,55.0,0.0006858154669229791,55.0,0.0009714517068642466,56.0,0.0024625063548551094,0.001977114156694661,0.0014255874995322342
reasoning,5,5,model.layers.5.mlp,29,0.0008261311642094561,63.0,0.00018914071932988054,61.0,0.00033666336829392933,61.0,0.0008261311642094561,0.0005452673668506155,0.0004940472964317011
reasoning,5,5,model.layers.5.mlp,30,0.01563294356888663,25.0,0.004099827947262646,32.0,0.00646724497561353,38.0,0.01563294356888663,0.011819254982558914,0.00949056296725996
reasoning,5,5,model.layers.5.mlp,31,0.023703609557702083,10.0,0.00745716492537017,13.0,0.010209948036594323,22.0,0.023703609557702083,0.021498007924647816,0.01498291082201632
reasoning,5,5,model.layers.5.mlp,32,0.012836807320793085,34.0,0.003891510956167387,34.0,0.00785127373617739,31.0,0.012836807320793085,0.011218704992016446,0.011521599699308908
reasoning,5,5,model.layers.5.mlp,33,0.004639044229791561,51.0,0.0014532542071126716,50.0,0.0030357331192820704,49.0,0.004639044229791561,0.004189537280414266,0.004454882477620972
reasoning,5,5,model.layers.5.mlp,34,0.007848246059989832,47.0,0.0020294577322699544,47.0,0.003917734257391089,42.0,0.007848246059989832,0.0058506548866372994,0.005749202913909144
reasoning,5,5,model.layers.5.mlp,35,0.012630274529740722,36.0,0.00455790191479728,28.0,0.008460479194272818,28.0,0.012630274529740722,0.013139820892350105,0.012415597496184481
reasoning,5,5,model.layers.5.mlp,36,0.020192552109811895,17.0,0.0065816346921469876,20.0,0.013192766263652981,16.0,0.020192552109811895,0.01897397150055513,0.019360141669237375
reasoning,5,5,model.layers.5.mlp,37,0.013233985765124556,33.0,0.0039325941015029234,33.0,0.007284655158531563,36.0,0.013233985765124556,0.011337142198760801,0.010690097365649923
reasoning,5,5,model.layers.5.mlp,38,0.04198970513472293,5.0,0.014878956145542068,4.0,0.02916378414222377,4.0,0.04198970513472293,0.04289403819394173,0.04279731644757972
reasoning,5,5,model.layers.5.mlp,39,0.013901245551601424,29.0,0.006006067273091955,21.0,0.00942403265195991,26.0,0.013901245551601424,0.017314687703046793,0.01382959446042239
reasoning,5,5,model.layers.5.mlp,40,0.002081215048296899,58.0,0.0004353758400324098,58.0,0.0005180862019417109,58.0,0.002081215048296899,0.0012551302476057726,0.0007602819655876592
reasoning,5,5,model.layers.5.mlp,41,0.008499618708693441,44.0,0.002543384918538701,43.0,0.003914278680501278,43.0,0.008499618708693441,0.007332238146987283,0.005744131918425807
reasoning,5,5,model.layers.5.mlp,42,0.0008579054397559736,60.5,0.00016444118482301728,63.0,0.0002446901229559148,62.0,0.0008579054397559736,0.0004740619162701726,0.0003590782517341376
reasoning,5,5,model.layers.5.mlp,43,0.004623157092018302,52.0,0.0010926751358350279,54.0,0.001005629408866902,55.0,0.004623157092018302,0.0031500361014318067,0.0014757426481551107
reasoning,5,5,model.layers.5.mlp,44,0.007959456024402643,46.0,0.0022591385795310117,45.0,0.0035638873920840817,46.0,0.007959456024402643,0.006512794013768504,0.005229939151885791
reasoning,5,5,model.layers.5.mlp,45,0.006037112353838333,49.0,0.0016723384575972292,49.0,0.0032869257060332713,48.0,0.006037112353838333,0.004821127837981122,0.004823502975292011
reasoning,5,5,model.layers.5.mlp,46,0.0016522623284189121,59.0,0.0004129414638408744,59.0,0.0007565427063971409,57.0,0.0016522623284189121,0.001190454945131325,0.0011102124969067193
reasoning,5,5,model.layers.5.mlp,47,0.014028342653787494,28.0,0.005063854502613434,25.0,0.008547390330806337,27.0,0.014028342653787494,0.01459841445320364,0.012543137989383323
reasoning,5,5,model.layers.5.mlp,48,0.016840366039654296,22.0,0.0053952968114514485,24.0,0.012613304360875273,18.0,0.016840366039654296,0.015553918247644596,0.018509791992338303
reasoning,5,5,model.layers.5.mlp,49,0.014902135231316727,26.0,0.004821823888098945,27.0,0.010145875842163237,23.0,0.014902135231316727,0.013900672600782213,0.014888886055985087
reasoning,5,5,model.layers.5.mlp,50,0.012074224707676665,38.0,0.003737883575082613,37.0,0.007515198331189886,35.0,0.012074224707676665,0.010775817823896128,0.011028415228207484
reasoning,5,5,model.layers.5.mlp,51,0.020462633451957295,15.5,0.00975218919793785,9.0,0.012990473867614195,17.0,0.020462633451957295,0.028114255586150345,0.019063281301392433
reasoning,5,5,model.layers.5.mlp,52,0.024990467717336044,9.0,0.007362338571786032,14.0,0.014911293150145933,13.0,0.024990467717336044,0.021224636245032447,0.02188204824440052
reasoning,5,5,model.layers.5.mlp,53,0.011041560752414845,40.0,0.0028579316287096466,41.0,0.003903320662385628,44.0,0.011041560752414845,0.008239034192884204,0.005728051228531564
reasoning,5,5,model.layers.5.mlp,54,0.019175775292323335,18.0,0.007007298278032855,17.0,0.013829380346733904,15.0,0.019175775292323335,0.020201102619980402,0.020294361118803037
reasoning,5,5,model.layers.5.mlp,55,0.04677173360447382,4.0,0.018108358223182512,3.0,0.03013417214140046,3.0,0.04677173360447382,0.05220397194916736,0.044221342975658794
reasoning,5,5,model.layers.5.mlp,56,0.052713523131672595,2.0,0.02231851179222801,2.0,0.05019770479790893,2.0,0.052713523131672595,0.06434128092612171,0.07366420786484695
reasoning,5,5,model.layers.5.mlp,57,0.017793594306049824,20.0,0.008817485582422471,11.0,0.021172718768517985,8.0,0.017793594306049824,0.025419630224548982,0.03107057509316693
reasoning,5,5,model.layers.5.mlp,58,0.022432638535841383,13.0,0.007326266701353584,15.0,0.015972758360665404,11.0,0.022432638535841383,0.02112064587279656,0.023439728903781324
reasoning,5,5,model.layers.5.mlp,59,0.012201321809862735,37.0,0.003629187005512837,38.0,0.006878338390430999,37.0,0.012201321809862735,0.010462460168891994,0.010093834987024604
reasoning,5,5,model.layers.5.mlp,60,0.011692933401118455,39.0,0.0033163158919039147,40.0,0.003830990172168841,45.0,0.011692933401118455,0.009560494643511835,0.005621907565434887
reasoning,5,5,model.layers.5.mlp,61,0.01873093543467209,19.0,0.006956875233342336,18.0,0.009820989662157319,24.0,0.01873093543467209,0.02005573973405927,0.014412121566598133
reasoning,5,5,model.layers.5.mlp,62,0.02362417386883579,11.0,0.010155899365904613,8.0,0.012536710595624946,19.0,0.02362417386883579,0.029278097941397647,0.018397392051598654
reasoning,5,5,model.layers.5.mlp,63,0.0008579054397559736,60.5,0.00020054408482142856,60.0,0.0003832067127647773,59.0,0.0008579054397559736,0.000578141742589702,0.0005623487977778054
reasoning,6,6,model.layers.6.mlp,0,0.01666560752414845,24.0,0.00555210472304747,24.0,0.01335125984590885,20.0,0.01666560752414845,0.015354811221237807,0.01639654537655758
reasoning,6,6,model.layers.6.mlp,1,0.01985892221657346,18.5,0.007277286531480363,18.0,0.009684782943024996,30.0,0.01985892221657346,0.020125946189358656,0.011893782670710243
reasoning,6,6,model.layers.6.mlp,2,0.026626842907981698,10.0,0.008200928106729791,16.0,0.018282880649599376,13.0,0.026626842907981698,0.02268035442398165,0.022453018340228118
reasoning,6,6,model.layers.6.mlp,3,0.01912811387900356,20.0,0.006024948763980681,22.0,0.012293033643678232,23.0,0.01912811387900356,0.01666250107000412,0.015096948623607453
reasoning,6,6,model.layers.6.mlp,4,0.013948906964921199,31.0,0.008148984613307066,17.0,0.01581411849637291,17.0,0.013948906964921199,0.022536700336844805,0.019421156842774786
reasoning,6,6,model.layers.6.mlp,5,0.051093035078800204,3.0,0.015697019622601043,5.0,0.03933156182848383,4.0,0.051093035078800204,0.04341142414705922,0.048302687963130954
reasoning,6,6,model.layers.6.mlp,6,0.01574415353329944,25.0,0.005393574670540481,26.0,0.01306321060575685,22.0,0.01574415353329944,0.014916383066409765,0.016042795057011332
reasoning,6,6,model.layers.6.mlp,7,0.006132435180477885,47.0,0.0018501378705674885,47.0,0.004278328587420864,44.0,0.006132435180477885,0.005116711436997836,0.005254171488615382
reasoning,6,6,model.layers.6.mlp,8,0.0066090493136756485,45.0,0.0020253928591287495,43.0,0.004669941630333768,43.0,0.0066090493136756485,0.005601393805067668,0.005735107452882514
reasoning,6,6,model.layers.6.mlp,9,0.007149211997966446,42.0,0.0026522831802872396,39.0,0.014220755591318125,18.0,0.007149211997966446,0.007335111560399614,0.01746436418982826
reasoning,6,6,model.layers.6.mlp,10,0.0021765378749364515,55.0,0.0005653431770700941,55.0,0.0009803018100885462,55.0,0.0021765378749364515,0.0015635039668994895,0.0012038986056258731
reasoning,6,6,model.layers.6.mlp,11,0.0,64.0,0.0,64.0,0.0,64.0,0.0,0.0,0.0
reasoning,6,6,model.layers.6.mlp,12,0.01985892221657346,18.5,0.006113708837418976,21.0,0.01582068559038015,16.0,0.01985892221657346,0.016907974496679714,0.019429221823617383
reasoning,6,6,model.layers.6.mlp,13,0.010358413828164718,36.0,0.00301639962208471,38.0,0.00623033837101365,36.0,0.010358413828164718,0.008342106115660849,0.007651414697238194
reasoning,6,6,model.layers.6.mlp,14,0.0012709710218607015,58.0,0.00030334503685815965,58.0,0.0006477764187864561,58.0,0.0012709710218607015,0.0008389261385004753,0.0007955275806987395
reasoning,6,6,model.layers.6.mlp,15,0.0007308083375699035,62.0,0.00015589253940010168,63.0,0.0003260354311160467,62.0,0.0007308083375699035,0.00043113389114427046,0.00040040077133978266
reasoning,6,6,model.layers.6.mlp,16,0.029899593289273003,7.0,0.009450736964603457,11.0,0.023069679350736606,11.0,0.029899593289273003,0.026136805631686452,0.028331636764068753
reasoning,6,6,model.layers.6.mlp,17,0.024847483477376715,14.0,0.009858837816154042,9.0,0.024348792217077187,7.0,0.024847483477376715,0.02726544276073292,0.02990250216529294
reasoning,6,6,model.layers.6.mlp,18,0.045516649720386375,5.0,0.02080675133849136,2.0,0.06680180299809334,2.0,0.045516649720386375,0.05754281571879498,0.0820386095945642
reasoning,6,6,model.layers.6.mlp,19,0.006275419420437214,46.0,0.0015604458427332232,50.0,0.002383833820209566,51.0,0.006275419420437214,0.004315543839919231,0.0029275618821257413
reasoning,6,6,model.layers.6.mlp,20,0.014536731062531774,28.0,0.006581650206929969,20.0,0.013265562431728653,21.0,0.014536731062531774,0.018202105596480903,0.016291301260535834
reasoning,6,6,model.layers.6.mlp,21,0.017126334519572954,22.0,0.005289563565431177,28.0,0.010880331684000521,28.0,0.017126334519572954,0.014628731632668604,0.013362023826041982
reasoning,6,6,model.layers.6.mlp,22,0.005576385358413828,50.0,0.002373746281416815,41.0,0.005720426969090027,39.0,0.005576385358413828,0.006564794407960015,0.0070251977307377094
reasoning,6,6,model.layers.6.mlp,23,0.018810371123538384,21.0,0.0053898200930589096,27.0,0.00609035884850693,37.0,0.018810371123538384,0.01490599946751875,0.007479507280330749
reasoning,6,6,model.layers.6.mlp,24,0.02645208439247585,11.0,0.011051986686578546,8.0,0.023381568480095528,10.0,0.02645208439247585,0.030565196021536956,0.028714664607209384
reasoning,6,6,model.layers.6.mlp,25,0.012709710218607015,32.0,0.0033802678273544737,35.0,0.006675918458240797,35.0,0.012709710218607015,0.00934841415198714,0.008198627035506716
reasoning,6,6,model.layers.6.mlp,26,0.020383197763091002,15.0,0.008309236806725025,14.0,0.01733238962500242,14.0,0.020383197763091002,0.022979891216784017,0.021285730054726712
reasoning,6,6,model.layers.6.mlp,27,0.0019382308083375698,56.0,0.000439114902730999,56.0,0.0009243780080405176,56.0,0.0019382308083375698,0.0012144090884809204,0.0011352191575068928
reasoning,6,6,model.layers.6.mlp,28,0.0015092780884595832,57.0,0.00039713189998252416,57.0,0.0007497815085725549,57.0,0.0015092780884595832,0.0010983015736086674,0.0009207989859908852
reasoning,6,6,model.layers.6.mlp,29,0.029693060498220642,8.0,0.013380600464301602,7.0,0.023737513757086853,8.0,0.029693060498220642,0.03700517270563763,0.029151797353715554
reasoning,6,6,model.layers.6.mlp,30,0.005925902389425521,48.0,0.0017300689650721277,48.0,0.0034708780897984848,48.0,0.005925902389425521,0.004784650809652542,0.004262549808235443
reasoning,6,6,model.layers.6.mlp,31,0.0069744534824605995,43.0,0.0016533793927935943,49.0,0.0032889868987863386,49.0,0.0069744534824605995,0.004572559366188556,0.0040391711007990334
reasoning,6,6,model.layers.6.mlp,32,0.02036731062531774,16.0,0.008297104246433337,15.0,0.01172378694924588,25.0,0.02036731062531774,0.02294633760383867,0.014397862592518369
reasoning,6,6,model.layers.6.mlp,33,0.007975343162175902,41.0,0.001961502982810117,44.0,0.0042572689262073415,45.0,0.007975343162175902,0.005424700994186686,0.005228308334524478
reasoning,6,6,model.layers.6.mlp,34,0.0170310116929334,23.0,0.00544025865253241,25.0,0.01120119490345867,27.0,0.0170310116929334,0.015045491533612504,0.013756072657255916
reasoning,6,6,model.layers.6.mlp,35,0.00581469242501271,49.0,0.001864147719599962,46.0,0.00467276034415541,42.0,0.00581469242501271,0.005155456849388687,0.005738569086437211
reasoning,6,6,model.layers.6.mlp,36,0.06656710726995424,1.0,0.0327904628022528,1.0,0.09491667568107881,1.0,0.06656710726995424,0.09068477474777402,0.11656619658059442
reasoning,6,6,model.layers.6.mlp,37,0.020081342145399084,17.0,0.006683427183289909,19.0,0.013434490594249664,19.0,0.020081342145399084,0.018483578359807577,0.01649876020554341
reasoning,6,6,model.layers.6.mlp,38,0.009389298423995933,37.0,0.002251412217606126,42.0,0.0040508579248756576,47.0,0.009389298423995933,0.006226469295333366,0.004974817099343948
reasoning,6,6,model.layers.6.mlp,39,0.004956786985256736,51.0,0.0014156929175139807,51.0,0.002629188695722688,50.0,0.004956786985256736,0.003915217485980532,0.003228879690043567
reasoning,6,6,model.layers.6.mlp,40,0.04986972547025928,4.0,0.018317652645605618,4.0,0.045666273090520605,3.0,0.04986972547025928,0.05065900454325359,0.05608228193809233
reasoning,6,6,model.layers.6.mlp,41,0.0008896797153024911,60.5,0.00022575560716668784,60.0,0.0005749561177613048,59.0,0.0008896797153024911,0.0006243460638973208,0.0007060977153621475
reasoning,6,6,model.layers.6.mlp,42,0.0008896797153024911,60.5,0.00017731845469782663,61.0,0.00030883811991879584,63.0,0.0008896797153024911,0.0004903890567165473,0.0003792809297177271
reasoning,6,6,model.layers.6.mlp,43,0.0011279867819013727,59.0,0.0002824776537477758,59.0,0.0005630714881333774,60.0,0.0011279867819013727,0.0007812156405318204,0.0006915023235244547
reasoning,6,6,model.layers.6.mlp,44,0.009214539908490086,38.0,0.0031679325074669548,37.0,0.005771323478386283,38.0,0.009214539908490086,0.00876118301801018,0.007087703212154145
reasoning,6,6,model.layers.6.mlp,45,0.0006831469242501271,63.0,0.00017260196067139043,62.0,0.00038016077612082125,61.0,0.0006831469242501271,0.00047734519695262826,0.0004668715527967522
reasoning,6,6,model.layers.6.mlp,46,0.008976232841891205,40.0,0.002439606535174123,40.0,0.005210565049892522,40.0,0.008976232841891205,0.006746936462887108,0.0063990415334660095
reasoning,6,6,model.layers.6.mlp,47,0.014187214031520082,30.0,0.004799311937992501,30.0,0.010561743947186323,29.0,0.014187214031520082,0.013272899643589403,0.012970769491741129
reasoning,6,6,model.layers.6.mlp,48,0.025339984748347737,13.0,0.0097303598982826,10.0,0.023423140193371224,9.0,0.025339984748347737,0.026910126304466427,0.028765718402204998
reasoning,6,6,model.layers.6.mlp,49,0.01536286222674123,27.0,0.004818596813238752,29.0,0.005109619487495548,41.0,0.01536286222674123,0.013326233583347797,0.0062750713229011035
reasoning,6,6,model.layers.6.mlp,50,0.009135104219623793,39.0,0.0037059076073573333,34.0,0.007856231866509526,33.0,0.009135104219623793,0.010248998272332192,0.009648157834891747
reasoning,6,6,model.layers.6.mlp,51,0.004035332994407727,52.0,0.0010032013823795755,52.0,0.002165522019652982,52.0,0.004035332994407727,0.0027744375532722603,0.002659455397391203
reasoning,6,6,model.layers.6.mlp,52,0.0028596847991865784,53.0,0.0007010975281599517,53.0,0.0012666584839111637,53.0,0.0028596847991865784,0.0019389440094465006,0.0015555703018105135
reasoning,6,6,model.layers.6.mlp,53,0.014489069649211999,29.0,0.004432899308313739,33.0,0.00793408733533613,32.0,0.014489069649211999,0.012259554788179946,0.009743771338198684
reasoning,6,6,model.layers.6.mlp,54,0.002780249110320285,54.0,0.0006551427409681622,54.0,0.0009875724586432333,54.0,0.002780249110320285,0.001811852191615158,0.001212827614597297
reasoning,6,6,model.layers.6.mlp,55,0.02815200813421454,9.0,0.008462709039979982,12.0,0.019608491051603102,12.0,0.02815200813421454,0.02340433154831259,0.024080986888436032
reasoning,6,6,model.layers.6.mlp,56,0.011518174885612608,35.0,0.003371564034101741,36.0,0.007393861751971235,34.0,0.011518174885612608,0.009324343081830697,0.00908032583616735
reasoning,6,6,model.layers.6.mlp,57,0.05757498729028978,2.0,0.020229973766363752,3.0,0.037486423873240776,5.0,0.05757498729028978,0.05594768897345467,0.04603669295154993
reasoning,6,6,model.layers.6.mlp,58,0.011804143365531266,34.0,0.004471220822278533,32.0,0.008084930521192196,31.0,0.011804143365531266,0.012365536148761787,0.009929020308721222
reasoning,6,6,model.layers.6.mlp,59,0.026039018810371125,12.0,0.008361009637534951,13.0,0.016808945422373753,15.0,0.026039018810371125,0.023123073322153086,0.02064289359438122
reasoning,6,6,model.layers.6.mlp,60,0.0067679206914082355,44.0,0.0019273084011184544,45.0,0.004222487058276505,46.0,0.0067679206914082355,0.0053301330108982735,0.005185593079006163
reasoning,6,6,model.layers.6.mlp,61,0.015617056431113371,26.0,0.005609943834003241,23.0,0.012232048816251676,24.0,0.015617056431113371,0.01551477013307955,0.015022053782092742
reasoning,6,6,model.layers.6.mlp,62,0.032886375190645654,6.0,0.014439360284538637,6.0,0.03104627699068978,6.0,0.032886375190645654,0.03993326177803684,0.03812761457166952
reasoning,6,6,model.layers.6.mlp,63,0.012090111845449924,33.0,0.004749649117668086,31.0,0.011606066847096013,26.0,0.012090111845449924,0.013135552949167349,0.014253291741609138
reasoning,7,7,model.layers.7.mlp,0,0.013647051347229284,32.0,0.004240640117604538,34.0,0.007307502063749766,39.0,0.013647051347229284,0.011451614916976011,0.00840236458281866
reasoning,7,7,model.layers.7.mlp,1,0.018429079816980172,24.0,0.00491889988521543,31.0,0.010118069112997827,33.0,0.018429079816980172,0.01328321803748441,0.011634031002645992
reasoning,7,7,model.layers.7.mlp,2,0.010469623792577529,38.0,0.0029529286449065835,40.0,0.004646748931246114,42.0,0.010469623792577529,0.007974221056485204,0.0053429582782927015
reasoning,7,7,model.layers.7.mlp,3,0.0033045246568378242,55.0,0.0009001521938151373,54.0,0.0023026568360577458,53.0,0.0033045246568378242,0.0024308113879904117,0.002647657445306116
reasoning,7,7,model.layers.7.mlp,4,0.029740721911540417,10.5,0.008874440350748284,20.0,0.02280198953890473,17.0,0.029740721911540417,0.02396493705715589,0.026218347617021683
reasoning,7,7,model.layers.7.mlp,5,0.025991357397051346,18.0,0.009560798835075622,17.0,0.027163984557972625,11.0,0.025991357397051346,0.025818410315800604,0.031233888103895026
reasoning,7,7,model.layers.7.mlp,6,0.01615721911540417,27.0,0.004509604395375255,32.0,0.011295235855007723,30.0,0.01615721911540417,0.012177938125273324,0.012987569332823424
reasoning,7,7,model.layers.7.mlp,7,0.0020335536349771225,59.0,0.0005258425395986909,59.0,0.0007207881520541568,62.0,0.0020335536349771225,0.0014200087966555616,0.0008287818173297128
reasoning,7,7,model.layers.7.mlp,8,0.0035587188612099642,52.0,0.0009078475261740594,53.0,0.002228393644117194,54.0,0.0035587188612099642,0.0024515922089015482,0.002562267607804221
reasoning,7,7,model.layers.7.mlp,9,0.019429969496695475,23.0,0.007340261035603076,23.0,0.014750543396103698,27.0,0.019429969496695475,0.01982197037207976,0.016960575902342366
reasoning,7,7,model.layers.7.mlp,10,0.015585282155566853,28.0,0.0043327979285158235,33.0,0.007997814338156186,38.0,0.015585282155566853,0.011700482006113415,0.00919610440731091
reasoning,7,7,model.layers.7.mlp,11,0.011820030503304525,35.0,0.003868642166052364,36.0,0.010253921582969118,32.0,0.011820030503304525,0.010447054951277773,0.011790237866799717
reasoning,7,7,model.layers.7.mlp,12,0.005671708185053381,45.0,0.0026122240106284953,41.0,0.006521588257557973,40.0,0.005671708185053381,0.007054166969371165,0.0074986995174261785
reasoning,7,7,model.layers.7.mlp,13,0.02429143365531266,19.0,0.009108263645065454,19.0,0.017071086589491302,21.0,0.02429143365531266,0.024596363976413432,0.01962879956768276
reasoning,7,7,model.layers.7.mlp,14,0.013885358413828165,30.0,0.005272574878066217,28.0,0.015916917721177943,23.0,0.013885358413828165,0.01423829786306964,0.018301704818053398
reasoning,7,7,model.layers.7.mlp,15,0.032505083884087446,4.0,0.010737486520756545,11.0,0.027087124570234513,12.0,0.032505083884087446,0.028995990558468642,0.03114551239997149
reasoning,7,7,model.layers.7.mlp,16,0.013249872902897813,33.0,0.005375499948366802,27.0,0.014008966114051946,28.0,0.013249872902897813,0.014516241342756095,0.016107890178031097
reasoning,7,7,model.layers.7.mlp,17,0.005528723945094052,46.0,0.001255487268444967,49.0,0.0020306667291199914,55.0,0.005528723945094052,0.0033903741729254225,0.002334915824233191
reasoning,7,7,model.layers.7.mlp,18,0.0035428317234367057,53.0,0.0009977556935529994,52.0,0.0023666597731377367,52.0,0.0035428317234367057,0.002694384259667753,0.0027212497627664184
reasoning,7,7,model.layers.7.mlp,19,0.013853584138281647,31.0,0.0050940617850788,29.0,0.011910395707175643,29.0,0.013853584138281647,0.01375623309411089,0.013694896858636722
reasoning,7,7,model.layers.7.mlp,20,0.010151881037112355,40.0,0.003439146428770018,38.0,0.00856448055955666,36.0,0.010151881037112355,0.009287225384174952,0.009847672637800306
reasoning,7,7,model.layers.7.mlp,21,0.02286159125571937,20.0,0.009769596784443314,15.0,0.015617357014882486,25.0,0.02286159125571937,0.0263822576702806,0.017957261772122937
reasoning,7,7,model.layers.7.mlp,22,0.007133324860193187,43.0,0.0020909428172264234,44.0,0.004445084406183223,43.0,0.007133324860193187,0.005646475836723414,0.005111078923594321
reasoning,7,7,model.layers.7.mlp,23,0.029740721911540417,10.5,0.01231000286464953,6.0,0.03680890904626812,3.0,0.029740721911540417,0.033242484276753276,0.04232388455102974
reasoning,7,7,model.layers.7.mlp,24,0.018000127097102185,25.0,0.008459001006847357,22.0,0.0186110653729383,20.0,0.018000127097102185,0.022843066005668974,0.021399509048904242
reasoning,7,7,model.layers.7.mlp,25,0.027564184036603965,15.0,0.010028367849795055,14.0,0.022083047993318283,18.0,0.027564184036603965,0.027081054670233928,0.02539168907802256
reasoning,7,7,model.layers.7.mlp,26,0.02893047788510422,12.0,0.011686836091406647,8.0,0.029978126302611482,6.0,0.02893047788510422,0.031559656751114724,0.03446966480568793
reasoning,7,7,model.layers.7.mlp,27,0.0029391204880528723,56.0,0.0007019818707899085,57.0,0.0008891622373009461,60.0,0.0029391204880528723,0.0018956633527122868,0.0010223829190742061
reasoning,7,7,model.layers.7.mlp,28,0.00019064565327910524,63.0,4.2060576663383325e-05,63.0,8.394878762942253e-05,63.0,0.00019064565327910524,0.00011358226913324955,9.65265988014067e-05
reasoning,7,7,model.layers.7.mlp,29,0.02993136756481952,9.0,0.010549928309290798,12.0,0.02909152604446353,8.0,0.02993136756481952,0.028489499945576036,0.03345022771991069
reasoning,7,7,model.layers.7.mlp,30,0.0033362989323843417,54.0,0.0008602792015521733,55.0,0.002676529429159797,49.0,0.0033362989323843417,0.002323136569962949,0.0030775463194195867
reasoning,7,7,model.layers.7.mlp,31,0.00503622267412303,48.0,0.0014349157336283045,48.0,0.002922301461904044,48.0,0.00503622267412303,0.0038749108540490048,0.003360141685847433
reasoning,7,7,model.layers.7.mlp,32,0.014250762582613116,29.0,0.005682165148783045,26.0,0.015570367740899945,26.0,0.014250762582613116,0.015344373814791437,0.01790323222713768
reasoning,7,7,model.layers.7.mlp,33,0.0067996949669547535,44.0,0.0016330395123045883,46.0,0.0024017323799010878,51.0,0.0067996949669547535,0.004409933198878071,0.0027615771997379916
reasoning,7,7,model.layers.7.mlp,34,0.016538510421962378,26.0,0.0071254123208725215,24.0,0.015723569259941426,24.0,0.016538510421962378,0.019241783259222055,0.01807938749967791
reasoning,7,7,model.layers.7.mlp,35,0.04364196746314184,2.0,0.019591990375373347,2.0,0.05654474561082329,1.0,0.04364196746314184,0.052907090206610795,0.0650166861014987
reasoning,7,7,model.layers.7.mlp,36,0.028565073716319268,14.0,0.011051257491778406,10.0,0.026875297332028175,13.0,0.028565073716319268,0.029843311772393702,0.030901947681350267
reasoning,7,7,model.layers.7.mlp,37,0.005195094051855618,47.0,0.0019838287555207805,45.0,0.0033933428691649914,45.0,0.005195094051855618,0.005357220216621624,0.003901757904752681
reasoning,7,7,model.layers.7.mlp,38,0.03167895271987799,6.0,0.010177682121210918,13.0,0.023211394219333045,16.0,0.03167895271987799,0.027484269630816148,0.02668909225135243
reasoning,7,7,model.layers.7.mlp,39,0.03161540416878495,7.0,0.013779501049544039,4.0,0.029468997608421414,7.0,0.03161540416878495,0.037210783134453335,0.033884254788579544
reasoning,7,7,model.layers.7.mlp,40,0.0022400864260294865,58.0,0.0006358113213729664,58.0,0.0014997130926522313,56.0,0.0022400864260294865,0.0017169734309663224,0.0017244108950171698
reasoning,7,7,model.layers.7.mlp,41,0.021256990340620233,21.0,0.006784800775292323,25.0,0.016540833934952173,22.0,0.021256990340620233,0.018321980553006136,0.019019100646549797
reasoning,7,7,model.layers.7.mlp,42,0.004289527198779868,51.0,0.0010060250728822445,51.0,0.0014344557587589537,58.0,0.004289527198779868,0.0027167152627839545,0.0016493762379906501
reasoning,7,7,model.layers.7.mlp,43,0.010787366548042705,37.0,0.0037246494651992246,37.0,0.008076073515432994,37.0,0.010787366548042705,0.010058210598704667,0.00928608893741363
reasoning,7,7,model.layers.7.mlp,44,0.0019541179461108286,60.0,0.0005257494509008007,60.0,0.0014818679530932992,57.0,0.0019541179461108286,0.0014197574157574428,0.0017038920682967175
reasoning,7,7,model.layers.7.mlp,45,0.034363879003558716,3.0,0.014104303031265888,3.0,0.024484695443418587,14.0,0.034363879003558716,0.03808789298480545,0.028153168623166146
reasoning,7,7,model.layers.7.mlp,46,0.028866929334011186,13.0,0.011452268087506354,9.0,0.03358690627771522,4.0,0.028866929334011186,0.030926218784672235,0.03861913815314222
reasoning,7,7,model.layers.7.mlp,47,0.00014298423995932894,64.0,3.318612079785206e-05,64.0,6.143990326454994e-05,64.0,0.00014298423995932894,8.961729017927731e-05,7.064527148377647e-05
reasoning,7,7,model.layers.7.mlp,48,0.030392094560244026,8.0,0.012261705345227504,7.0,0.027653454931241703,9.0,0.030392094560244026,0.03311205948744608,0.03179669444904777
reasoning,7,7,model.layers.7.mlp,49,0.001795246568378241,61.0,0.00047056336783490084,61.0,0.0008768365835845773,61.0,0.001795246568378241,0.0012707304399894722,0.0010082105472646577
reasoning,7,7,model.layers.7.mlp,50,0.0016999237417386884,62.0,0.00042541534935815965,62.0,0.0010546522383565338,59.0,0.0016999237417386884,0.0011488107044019561,0.0012126678223899322
reasoning,7,7,model.layers.7.mlp,51,0.008610828673106254,42.0,0.0021095915863704245,43.0,0.005026631300154378,41.0,0.008610828673106254,0.005696835809979838,0.005779757356049534
reasoning,7,7,model.layers.7.mlp,52,0.011152770716827656,36.0,0.00492018761220291,30.0,0.010992388699078733,31.0,0.011152770716827656,0.013286695473241718,0.012639347437737244
reasoning,7,7,model.layers.7.mlp,53,0.004893238434163701,49.0,0.001450508090524911,47.0,0.003364075045799718,46.0,0.004893238434163701,0.0039170171544838685,0.003868104965579322
reasoning,7,7,model.layers.7.mlp,54,0.02634087442806304,16.0,0.008658971044698462,21.0,0.030467692166036557,5.0,0.02634087442806304,0.02338307407164406,0.035032580948018664
reasoning,7,7,model.layers.7.mlp,55,0.013075114387391968,34.0,0.004161638842661731,35.0,0.009065896778329108,34.0,0.013075114387391968,0.011238276328106036,0.01042421464095132
reasoning,7,7,model.layers.7.mlp,56,0.02621377732587697,17.0,0.009751599636184546,16.0,0.018880704596797766,19.0,0.02621377732587697,0.02633365736331101,0.02170954756068715
reasoning,7,7,model.layers.7.mlp,57,0.004368962887646162,50.0,0.0012060416550822954,50.0,0.003235236708932742,47.0,0.004368962887646162,0.0032568490192080982,0.0037199631424013973
reasoning,7,7,model.layers.7.mlp,58,0.009595831215048298,41.0,0.0025402664471593796,42.0,0.0041917462903773295,44.0,0.009595831215048298,0.006859849535125495,0.004819783869120786
reasoning,7,7,model.layers.7.mlp,59,0.03174250127097102,5.0,0.013389971393222547,5.0,0.027229958604481477,10.0,0.03174250127097102,0.036158879766276096,0.03130974685657621
reasoning,7,7,model.layers.7.mlp,60,0.01045373665480427,39.0,0.003228548764576449,39.0,0.008849699076702586,35.0,0.01045373665480427,0.008718517998997996,0.010175624644645342
reasoning,7,7,model.layers.7.mlp,61,0.019763599389933908,22.0,0.009346555196881354,18.0,0.024050535765785704,15.0,0.019763599389933908,0.025239857178780672,0.027653960019897054
reasoning,7,7,model.layers.7.mlp,62,0.002907346212506355,57.0,0.0008461297194728648,56.0,0.0025582028236609457,50.0,0.002907346212506355,0.0022849266734489234,0.0029414911708099496
reasoning,7,7,model.layers.7.mlp,63,0.046295119471276056,1.0,0.021490720546239513,1.0,0.04157016762017628,2.0,0.046295119471276056,0.05803450638553568,0.04779850913026921
reasoning,8,8,model.layers.8.mlp,0,0.0206532791052364,17.0,0.006181523953831977,25.0,0.017808655088452075,26.0,0.0206532791052364,0.015373910620922079,0.015725577627768064
reasoning,8,8,model.layers.8.mlp,1,0.025403533299440773,11.0,0.008356091451329753,18.0,0.02137388135948094,20.0,0.025403533299440773,0.020782222000993406,0.018873779567058675
reasoning,8,8,model.layers.8.mlp,2,0.010008896797153026,41.0,0.004370964294650801,36.0,0.011559564356768364,36.0,0.010008896797153026,0.010870913854753573,0.010207442714380857
reasoning,8,8,model.layers.8.mlp,3,0.00046072699542450433,64.0,0.00010905340957835536,64.0,0.00022843866180543313,64.0,0.00046072699542450433,0.0002712239545274461,0.00020171820339954927
reasoning,8,8,model.layers.8.mlp,4,0.007546390442297915,46.0,0.002211896065351741,48.0,0.006550209721276678,48.0,0.007546390442297915,0.005501150309448628,0.005784032030408122
reasoning,8,8,model.layers.8.mlp,5,0.0013662938485002542,60.0,0.00036866227321110827,58.0,0.0011101413592052266,57.0,0.0013662938485002542,0.0009168905402590944,0.000980288182081646
reasoning,8,8,model.layers.8.mlp,6,0.014663828164717844,29.0,0.006308791718630847,24.0,0.017420528444258405,27.0,0.014663828164717844,0.015690435033923734,0.015382850136985758
reasoning,8,8,model.layers.8.mlp,7,0.005465175394001017,49.0,0.0013186479499634595,51.0,0.0016114018425671171,55.0,0.005465175394001017,0.003279575695995337,0.0014229162527410293
reasoning,8,8,model.layers.8.mlp,8,0.002780249110320285,55.5,0.0006450115876811133,56.0,0.0013884028507918347,56.0,0.002780249110320285,0.0016041918744521331,0.0012260014414507499
reasoning,8,8,model.layers.8.mlp,9,0.01666560752414845,23.0,0.00605591627081215,26.0,0.022316856043679372,17.0,0.01666560752414845,0.015061514954987493,0.019706454551426146
reasoning,8,8,model.layers.8.mlp,10,0.030535078800203355,6.0,0.011800404302832676,6.0,0.027507769013032975,12.0,0.030535078800203355,0.029348484677476847,0.024290186700379423
reasoning,8,8,model.layers.8.mlp,11,0.02413256227758007,12.0,0.00914210138674854,13.0,0.024338622664134092,15.0,0.02413256227758007,0.0227370872711982,0.02149173523530032
reasoning,8,8,model.layers.8.mlp,12,0.01509278088459583,27.0,0.0055512048656345325,31.0,0.01573290356852012,29.0,0.01509278088459583,0.013806260087334576,0.013892626655304437
reasoning,8,8,model.layers.8.mlp,13,0.008547280122013218,44.0,0.00307651940613879,45.0,0.009939412220395879,41.0,0.008547280122013218,0.007651532975810848,0.008776799689246367
reasoning,8,8,model.layers.8.mlp,14,0.07651245551601424,1.0,0.0414171010392174,1.0,0.10715661346760873,1.0,0.07651245551601424,0.1030074160207541,0.09462250995620164
reasoning,8,8,model.layers.8.mlp,15,0.002780249110320285,55.5,0.0007355868907282664,55.0,0.0020067365773791097,54.0,0.002780249110320285,0.0018294594013451805,0.0017720087041564303
reasoning,8,8,model.layers.8.mlp,16,0.012582613116420945,34.0,0.004316569465516967,37.0,0.007333140924429008,46.0,0.012582613116420945,0.010735629862069943,0.0064753838113945205
reasoning,8,8,model.layers.8.mlp,17,0.019461743772241993,20.0,0.0069336651180017155,22.0,0.02020577523226688,23.0,0.019461743772241993,0.017244541733674398,0.017842306752871403
reasoning,8,8,model.layers.8.mlp,18,0.05840111845449924,2.0,0.024497826813318187,2.0,0.062085401454308825,3.0,0.05840111845449924,0.06092792046875556,0.05482327527102104
reasoning,8,8,model.layers.8.mlp,19,0.0004925012709710219,63.0,0.00013592501370265632,63.0,0.0002991592120445496,62.0,0.0004925012709710219,0.0003380556360243214,0.00026416657455054346
reasoning,8,8,model.layers.8.mlp,20,0.016284316217590238,24.5,0.005574244318362354,30.0,0.018728777285178543,25.0,0.016284316217590238,0.013863560922798121,0.01653807317893617
reasoning,8,8,model.layers.8.mlp,21,0.012773258769700051,33.0,0.0040827461711997965,38.0,0.010891374528226236,39.0,0.012773258769700051,0.01015409390835204,0.00961741101537637
reasoning,8,8,model.layers.8.mlp,22,0.002986781901372649,53.0,0.00894979565169039,14.0,0.044216960410994204,5.0,0.002986781901372649,0.02225880858057824,0.039044904848425314
reasoning,8,8,model.layers.8.mlp,23,0.010787366548042705,38.0,0.004500039531667038,35.0,0.009616751023523233,43.0,0.010787366548042705,0.01119193358582358,0.008491880155812336
reasoning,8,8,model.layers.8.mlp,24,0.009595831215048298,42.0,0.0036600769384293975,41.0,0.010376175606067434,40.0,0.009595831215048298,0.009102884035939007,0.009162474884382163
reasoning,8,8,model.layers.8.mlp,25,0.010882689374682257,37.0,0.003977354250405122,40.0,0.012977936573091745,33.0,0.010882689374682257,0.009891976349224861,0.011459908006233588
reasoning,8,8,model.layers.8.mlp,26,0.001588713777325877,59.0,0.0004318074399466192,57.0,0.0009066592101774727,59.0,0.001588713777325877,0.0010739372744925139,0.0008006073294564551
reasoning,8,8,model.layers.8.mlp,27,0.011534062023385867,35.0,0.004005979025006355,39.0,0.01551055510011826,31.0,0.011534062023385867,0.009963168296315933,0.01369628627570238
reasoning,8,8,model.layers.8.mlp,28,0.01564883070665989,26.0,0.0059656667782076135,28.0,0.02030697495434632,22.0,0.01564883070665989,0.014837057742939384,0.017931669148715697
reasoning,8,8,model.layers.8.mlp,29,0.038510421962379256,5.0,0.017338592265545565,4.0,0.05154135445986051,4.0,0.038510421962379256,0.043122370757435045,0.045512564905837376
reasoning,8,8,model.layers.8.mlp,30,0.0224644128113879,15.0,0.008515676509079499,16.0,0.0332094044872026,7.0,0.0224644128113879,0.021179121929328776,0.029324902169288194
reasoning,8,8,model.layers.8.mlp,31,0.008086553126588713,45.0,0.002691240800354283,46.0,0.007986356471591816,45.0,0.008086553126588713,0.006693316378459864,0.007052192769934834
reasoning,8,8,model.layers.8.mlp,32,0.0431971276054906,3.0,0.01858629111293372,3.0,0.0664902498834801,2.0,0.0431971276054906,0.04622549074933962,0.05871288880822756
reasoning,8,8,model.layers.8.mlp,33,0.0024625063548551094,57.0,0.00035328712327624553,60.0,0.0004074073991542715,60.0,0.0024625063548551094,0.0008786513968622101,0.00035975297683663856
reasoning,8,8,model.layers.8.mlp,34,0.02039908490086426,18.0,0.007628261952092336,21.0,0.020500497375465797,21.0,0.02039908490086426,0.018972055810242014,0.018102555262288714
reasoning,8,8,model.layers.8.mlp,35,0.027707168276563294,8.0,0.010269498606896606,10.0,0.029227257047623138,9.0,0.027707168276563294,0.02554100815321433,0.025808546308876745
reasoning,8,8,model.layers.8.mlp,36,0.010088332486019319,40.0,0.0035282012830849642,42.0,0.011722982614421881,35.0,0.010088332486019319,0.008774899455844642,0.010351745946924867
reasoning,8,8,model.layers.8.mlp,37,0.01460027961362481,30.0,0.008395793780979918,17.0,0.028134913979657845,10.0,0.01460027961362481,0.020880964652812407,0.024843974552833173
reasoning,8,8,model.layers.8.mlp,38,0.008849135739705135,43.0,0.0025756246375746696,47.0,0.006766336509341447,47.0,0.008849135739705135,0.006405770367770075,0.005974878479298953
reasoning,8,8,model.layers.8.mlp,39,0.0013504067107269954,61.0,0.0003556143407235003,59.0,0.0009091043651641839,58.0,0.0013504067107269954,0.000884439360040346,0.0008027664747913762
reasoning,8,8,model.layers.8.mlp,40,0.013218098627351297,31.0,0.004965521808075432,32.0,0.01653024158381346,28.0,0.013218098627351297,0.01234962268750372,0.014596700084364027
reasoning,8,8,model.layers.8.mlp,41,0.00284379766141332,54.0,0.0012277778660396543,52.0,0.003626029024655345,51.0,0.00284379766141332,0.003053575027099726,0.0032018925979836036
reasoning,8,8,model.layers.8.mlp,42,0.016713268937468224,22.0,0.006013964297629639,27.0,0.015578695598480267,30.0,0.016713268937468224,0.014957177272096297,0.01375645638351032
reasoning,8,8,model.layers.8.mlp,43,0.005512836807320793,48.0,0.0016031425254988561,50.0,0.00476348615735845,49.0,0.005512836807320793,0.003987134901311851,0.00420630142895591
reasoning,8,8,model.layers.8.mlp,44,0.006243645144890697,47.0,0.0033442580160539526,44.0,0.011274872486913756,37.0,0.006243645144890697,0.008317418846244784,0.009956051237755755
reasoning,8,8,model.layers.8.mlp,45,0.013027452974072191,32.0,0.006515122817504449,23.0,0.013180911684921082,32.0,0.013027452974072191,0.01620359584929726,0.011639141129775125
reasoning,8,8,model.layers.8.mlp,46,0.003177427554651754,52.0,0.0008878179413446874,54.0,0.0026332620790784104,53.0,0.003177427554651754,0.0022080693660376403,0.0023252495504647776
reasoning,8,8,model.layers.8.mlp,47,0.0103266395526182,39.0,0.0034564764413605744,43.0,0.009683632943826577,42.0,0.0103266395526182,0.008596514430694495,0.008550938901371761
reasoning,8,8,model.layers.8.mlp,48,0.004829689883070666,50.0,0.0020405352873188866,49.0,0.004356219619323169,50.0,0.004829689883070666,0.005074963287431892,0.0038466728367204895
reasoning,8,8,model.layers.8.mlp,49,0.01963650228774784,19.0,0.009358610183258134,12.0,0.022250423602756052,18.0,0.01963650228774784,0.02327556077887077,0.01964779270966701
reasoning,8,8,model.layers.8.mlp,50,0.014695602440264362,28.0,0.004871145383197763,33.0,0.011177843219747869,38.0,0.014695602440264362,0.012114901487419717,0.009870371478930395
reasoning,8,8,model.layers.8.mlp,51,0.04221212506354855,4.0,0.013927667227019255,5.0,0.03592348280568746,6.0,0.04221212506354855,0.034639146059347266,0.031721514887833785
reasoning,8,8,model.layers.8.mlp,52,0.01123220640569395,36.0,0.004679305091629067,34.0,0.01239137987103872,34.0,0.01123220640569395,0.011637780389435385,0.010941960811152939
reasoning,8,8,model.layers.8.mlp,53,0.016284316217590238,24.5,0.007733436665925267,20.0,0.02262602168091312,16.0,0.016284316217590238,0.019233633159472567,0.019979457100131257
reasoning,8,8,model.layers.8.mlp,54,0.028469750889679714,7.0,0.008014859314430287,19.0,0.019011126839696423,24.0,0.028469750889679714,0.01993355225339394,0.016787396320727812
reasoning,8,8,model.layers.8.mlp,55,0.02389425521098119,14.0,0.010266814549440773,11.0,0.025878528474882645,14.0,0.02389425521098119,0.02553433270234888,0.022851518343350977
reasoning,8,8,model.layers.8.mlp,56,0.0258165988815455,10.0,0.01055917511994789,9.0,0.02743333727585357,13.0,0.0258165988815455,0.026261455223207494,0.02422446123963178
reasoning,8,8,model.layers.8.mlp,57,0.027564184036603965,9.0,0.010900003872489832,7.0,0.03285340114814349,8.0,0.027564184036603965,0.027109121723856083,0.029010540522307404
reasoning,8,8,model.layers.8.mlp,58,0.000762582613116421,62.0,0.0001626724995631037,62.0,0.0003909395750087412,61.0,0.000762582613116421,0.00040457862615169614,0.00034521139322604374
reasoning,8,8,model.layers.8.mlp,59,0.0021606507371631925,58.0,0.0002773345031893429,61.0,0.00023502403875906637,63.0,0.0021606507371631925,0.0006897515719384497,0.00020753328915297184
reasoning,8,8,model.layers.8.mlp,60,0.01871504829689883,21.0,0.005818035860745266,29.0,0.009561676420290335,44.0,0.01871504829689883,0.01446988865212904,0.008443247626058921
reasoning,8,8,model.layers.8.mlp,61,0.0035428317234367057,51.0,0.0011996805940597992,53.0,0.0033721178618553757,52.0,0.0035428317234367057,0.0029836950183290325,0.0029776814107077636
reasoning,8,8,model.layers.8.mlp,62,0.02392602948652771,13.0,0.010590763218098627,8.0,0.021560367558532155,19.0,0.02392602948652771,0.026340017176745393,0.019038452485093286
reasoning,8,8,model.layers.8.mlp,63,0.02184481443823081,16.0,0.008745450445038447,15.0,0.027769624171792764,11.0,0.02184481443823081,0.021750586827116725,0.024521412674820286
reasoning,9,9,model.layers.9.mlp,0,0.020049567869852566,15.0,0.007309712427912112,21.0,0.021722753689897564,32.0,0.020049567869852566,0.016837490776627363,0.013364692529134551
reasoning,9,9,model.layers.9.mlp,1,0.015140442297915608,26.0,0.007197075103464985,23.0,0.025665206900013237,23.0,0.015140442297915608,0.01657803735350218,0.015790244819413452
reasoning,9,9,model.layers.9.mlp,2,0.012074224707676665,39.0,0.005109359361098754,37.0,0.022479176566754737,31.0,0.012074224707676665,0.011769107467001617,0.01383007363668267
reasoning,9,9,model.layers.9.mlp,3,0.010374300965937977,46.0,0.0032955726270573844,47.0,0.012294645969015909,45.0,0.010374300965937977,0.007591156869577946,0.0075641498069776245
reasoning,9,9,model.layers.9.mlp,4,0.00023830706659888154,64.0,5.977845882848246e-05,64.0,0.00010268599501359747,64.0,0.00023830706659888154,0.00013769614866409542,6.317646326042035e-05
reasoning,9,9,model.layers.9.mlp,5,0.07403406202338586,1.0,0.0315330517007181,1.0,0.09892789968755807,2.0,0.07403406202338586,0.07263452186468675,0.06086433519209665
reasoning,9,9,model.layers.9.mlp,6,0.01148640061006609,42.0,0.00316459682912589,48.0,0.007004965638365913,52.0,0.01148640061006609,0.007289461856076183,0.00430973039930255
reasoning,9,9,model.layers.9.mlp,7,0.01707867310625318,21.0,0.009752483978814501,13.0,0.06087940704052862,4.0,0.01707867310625318,0.02246427074414994,0.03745540588765618
reasoning,9,9,model.layers.9.mlp,8,0.03600025419420437,2.0,0.02456356294881164,2.0,0.15076556069995162,1.0,0.03600025419420437,0.05658071622796464,0.09275690326841461
reasoning,9,9,model.layers.9.mlp,9,0.01135930350788002,43.0,0.004102310312539718,44.0,0.010376013600445969,46.0,0.01135930350788002,0.00944942947228639,0.00638373170490673
reasoning,9,9,model.layers.9.mlp,10,0.014044229791560753,32.0,0.004945135383237481,39.0,0.017342614719239844,39.0,0.014044229791560753,0.011390827235075987,0.010669858742709733
reasoning,9,9,model.layers.9.mlp,11,0.011518174885612608,41.0,0.004808605292998538,40.0,0.015178719756108707,43.0,0.011518174885612608,0.011076338237348491,0.009338545445121681
reasoning,9,9,model.layers.9.mlp,12,0.0359525927808846,3.0,0.014485671911739006,6.0,0.045304132798751964,8.0,0.0359525927808846,0.0333668895476401,0.02787288452457959
reasoning,9,9,model.layers.9.mlp,13,0.03401436197254703,5.0,0.015298553451282093,5.0,0.044174487632000936,11.0,0.03401436197254703,0.03523931415524628,0.027177882383682895
reasoning,9,9,model.layers.9.mlp,14,0.007959456024402643,50.0,0.005706445784149403,34.0,0.01597202811380692,42.0,0.007959456024402643,0.013144460771267828,0.009826619951364416
reasoning,9,9,model.layers.9.mlp,15,0.002001779359430605,61.0,0.0005402868025546517,61.0,0.0014787510716383326,61.0,0.002001779359430605,0.0012445187337343522,0.000909785825577242
reasoning,9,9,model.layers.9.mlp,16,0.021018683274021354,14.0,0.007707108079205325,18.0,0.02406762187318506,28.0,0.021018683274021354,0.017752868184331007,0.01480734767029937
reasoning,9,9,model.layers.9.mlp,17,0.0036063802745297407,59.0,0.0010888895287874936,60.0,0.0030339031532808313,58.0,0.0036063802745297407,0.002508192706421197,0.0018665765577237593
reasoning,9,9,model.layers.9.mlp,18,0.014743263853584139,29.0,0.0049830535128447505,38.0,0.012807611800279482,44.0,0.014743263853584139,0.011478169406717578,0.00787974656375427
reasoning,9,9,model.layers.9.mlp,19,0.008706151499745806,48.0,0.0026523297246361845,49.0,0.0076139851141366855,50.0,0.008706151499745806,0.006109484841648178,0.004684423136426223
reasoning,9,9,model.layers.9.mlp,20,0.012233096085409253,37.0,0.006271323517730046,29.0,0.03050993468534783,17.0,0.012233096085409253,0.014445623261979235,0.01877091191911287
reasoning,9,9,model.layers.9.mlp,21,0.03139298423995933,6.0,0.01289019368903311,9.0,0.05013949009265521,7.0,0.03139298423995933,0.029691799710105472,0.0308477865293645
reasoning,9,9,model.layers.9.mlp,22,0.008976232841891205,47.0,0.0039167069637296645,45.0,0.018562234739285772,35.0,0.008976232841891205,0.009021903122307523,0.011420216952491912
reasoning,9,9,model.layers.9.mlp,23,0.008038891713268938,49.0,0.002575950448017285,50.0,0.00931357987221268,47.0,0.008038891713268938,0.005933549689851308,0.005730080684731352
reasoning,9,9,model.layers.9.mlp,24,0.005242755465175394,54.0,0.0019064410180080708,53.0,0.00638967724048249,54.0,0.005242755465175394,0.004391374267245103,0.003931180774708683
reasoning,9,9,model.layers.9.mlp,25,0.003654041687849517,58.0,0.001134347842923869,59.0,0.003355757737211243,57.0,0.003654041687849517,0.0026129032477100107,0.0020645941578276974
reasoning,9,9,model.layers.9.mlp,26,0.022178444331469243,12.0,0.011429957829578672,10.0,0.04426535743562837,10.0,0.022178444331469243,0.02632823266725159,0.0272337890612156
reasoning,9,9,model.layers.9.mlp,27,0.021558845958312152,13.0,0.010862597730720958,11.0,0.04363960198902757,12.0,0.021558845958312152,0.025021352194763324,0.026848799696532043
reasoning,9,9,model.layers.9.mlp,28,0.035142348754448396,4.0,0.01763214747434227,3.0,0.05838929775801175,5.0,0.035142348754448396,0.04061461013674518,0.03592339270922297
reasoning,9,9,model.layers.9.mlp,29,0.013567615658362989,35.5,0.00542555063826576,35.0,0.017958042732178103,37.0,0.013567615658362989,0.012497435395829612,0.01104849426397706
reasoning,9,9,model.layers.9.mlp,30,0.01161349771225216,40.0,0.005832674058488497,33.0,0.018339613365434607,36.0,0.01161349771225216,0.013435220144621339,0.011283251526542346
reasoning,9,9,model.layers.9.mlp,31,0.003177427554651754,60.0,0.001267511225255783,57.0,0.0028522563875706354,59.0,0.003177427554651754,0.002919637232652635,0.0017548203224285297
reasoning,9,9,model.layers.9.mlp,32,0.019032791052364006,17.0,0.007981936944943124,16.0,0.02721220044297013,22.0,0.019032791052364006,0.018385920241802012,0.016742016097646497
reasoning,9,9,model.layers.9.mlp,33,0.014028342653787494,33.0,0.00719209485812786,24.0,0.03066115381303146,16.0,0.014028342653787494,0.016566565652562346,0.01886394787463059
reasoning,9,9,model.layers.9.mlp,34,0.02519700050838841,11.0,0.01358781590580516,7.0,0.035728734825611355,14.0,0.02519700050838841,0.03129873127633466,0.021981723045607544
reasoning,9,9,model.layers.9.mlp,35,0.010771479410269446,44.0,0.0042581563075908746,43.0,0.019528643471005608,33.0,0.010771479410269446,0.009808411515715104,0.012014789617692877
reasoning,9,9,model.layers.9.mlp,36,0.013647051347229284,34.0,0.00533409099258865,36.0,0.017647219440191,38.0,0.013647051347229284,0.012286763504738295,0.010857263548589766
reasoning,9,9,model.layers.9.mlp,37,0.026102567361464157,9.0,0.010523025675600534,12.0,0.04218465935232437,13.0,0.026102567361464157,0.024239168025074493,0.025953661756625758
reasoning,9,9,model.layers.9.mlp,38,0.016586171835282156,23.0,0.007504174717804716,19.0,0.02752645668466199,19.0,0.016586171835282156,0.01728542317407241,0.016935358898726376
reasoning,9,9,model.layers.9.mlp,39,0.0012709710218607015,63.0,0.0003054085029947255,63.0,0.0007432606620463128,63.0,0.0012709710218607015,0.0007034904454847439,0.00045728319526403466
reasoning,9,9,model.layers.9.mlp,40,0.00490912557193696,56.0,0.0019200785122489832,52.0,0.004274986008202054,55.0,0.00490912557193696,0.004422787429631747,0.0026301395477564865
reasoning,9,9,model.layers.9.mlp,41,0.017857142857142856,19.0,0.007368280733668023,20.0,0.025300807298275198,24.0,0.017857142857142856,0.016972399409175238,0.015566051850856575
reasoning,9,9,model.layers.9.mlp,42,0.028755719369598372,8.0,0.013054960684298742,8.0,0.051503842260004845,6.0,0.028755719369598372,0.03007133075054479,0.03168718964917091
reasoning,9,9,model.layers.9.mlp,43,0.0154899593289273,25.0,0.006655702266101614,27.0,0.027512724247600564,20.0,0.0154899593289273,0.01533101700274045,0.01692691016328419
reasoning,9,9,model.layers.9.mlp,44,0.013567615658362989,35.5,0.005876239569101106,31.0,0.027283891859825608,21.0,0.013567615658362989,0.013535570724805294,0.016786123477260023
reasoning,9,9,model.layers.9.mlp,45,0.01496568378240976,27.0,0.005867706438461172,32.0,0.02518876253740401,26.0,0.01496568378240976,0.013515915162447326,0.015497117506715839
reasoning,9,9,model.layers.9.mlp,46,0.0013504067107269954,62.0,0.00031341413101328164,62.0,0.0008260468958512925,62.0,0.0013504067107269954,0.0007219309367151288,0.0005082165426767594
reasoning,9,9,model.layers.9.mlp,47,0.014870360955770209,28.0,0.008310540048495489,15.0,0.044477363346673904,9.0,0.014870360955770209,0.019142838079514325,0.02736422343689055
reasoning,9,9,model.layers.9.mlp,48,0.01717399593289273,20.0,0.006838730160936705,26.0,0.023286884763274753,30.0,0.01717399593289273,0.01575261094662582,0.014327007490182656
reasoning,9,9,model.layers.9.mlp,49,0.012185434672089476,38.0,0.004510612856269065,41.0,0.018658778073865567,34.0,0.012185434672089476,0.010389930262422128,0.011479614209433438
reasoning,9,9,model.layers.9.mlp,50,0.02545119471276055,10.0,0.009457423836068568,14.0,0.023872656011920807,29.0,0.02545119471276055,0.021784617135197498,0.014687397003515974
reasoning,9,9,model.layers.9.mlp,51,0.014361972547025929,30.0,0.004483803311276691,42.0,0.017047365228718893,41.0,0.014361972547025929,0.010328176059232001,0.010488209642576022
reasoning,9,9,model.layers.9.mlp,52,0.03083693441789527,7.0,0.016080545057908617,4.0,0.07205967610416887,3.0,0.03083693441789527,0.037040585627116616,0.044333947188708506
reasoning,9,9,model.layers.9.mlp,53,0.01666560752414845,22.0,0.0070525548999904675,25.0,0.02945074454010533,18.0,0.01666560752414845,0.016245143601930405,0.018119256478778954
reasoning,9,9,model.layers.9.mlp,54,0.010644382308083376,45.0,0.003489243663017921,46.0,0.007830062561043944,48.0,0.010644382308083376,0.008037266660331619,0.00481736248111616
reasoning,9,9,model.layers.9.mlp,55,0.017873029994916117,18.0,0.00776013760743677,17.0,0.031046697475019903,15.0,0.017873029994916117,0.017875018570039255,0.019101149500749863
reasoning,9,9,model.layers.9.mlp,56,0.005767031011692934,52.0,0.0018368727311181368,54.0,0.00640274726998309,53.0,0.005767031011692934,0.004231127827948502,0.00393922197096381
reasoning,9,9,model.layers.9.mlp,57,0.005052109811896289,55.0,0.0011786115187706534,58.0,0.0016998663799383644,60.0,0.005052109811896289,0.0027148620102687092,0.0010458246607590376
reasoning,9,9,model.layers.9.mlp,58,0.01977948652770717,16.0,0.007230726667752288,22.0,0.02454220925907102,27.0,0.01977948652770717,0.016655551743964787,0.015099332497873109
reasoning,9,9,model.layers.9.mlp,59,0.014171326893746823,31.0,0.006143280013782092,30.0,0.025248265309599248,25.0,0.014171326893746823,0.014150682614451392,0.015533725952697086
reasoning,9,9,model.layers.9.mlp,60,0.005385739705134723,53.0,0.0015950903531313548,56.0,0.003507544979240971,56.0,0.005385739705134723,0.0036741964028819915,0.002157979639637771
reasoning,9,9,model.layers.9.mlp,61,0.01574415353329944,24.0,0.006618265094766777,28.0,0.017157937899439292,40.0,0.01574415353329944,0.015244782690068126,0.010556238298951694
reasoning,9,9,model.layers.9.mlp,62,0.004877351296390442,57.0,0.001791848830905249,55.0,0.00767027124872381,49.0,0.004877351296390442,0.004127417933470639,0.004719052580425316
reasoning,9,9,model.layers.9.mlp,63,0.007451067615658363,51.0,0.0025627628824828417,51.0,0.007394246157612907,51.0,0.007451067615658363,0.00590317291166172,0.004549231086995633
reasoning,10,10,model.layers.10.mlp,0,0.01614133197763091,24.0,0.008426838861726297,23.0,0.03177203811102854,28.0,0.01614133197763091,0.01760933205863343,0.014133107082043225
reasoning,10,10,model.layers.10.mlp,1,0.021511184544992373,17.0,0.009071710816360575,21.0,0.03806385396395956,23.0,0.021511184544992373,0.01895690314321077,0.016931885897529562
reasoning,10,10,model.layers.10.mlp,2,0.030964031520081342,8.0,0.013102963422844116,9.0,0.06540739249928566,11.0,0.030964031520081342,0.027380900198882233,0.02909507029165872
reasoning,10,10,model.layers.10.mlp,3,0.014060116929334012,30.0,0.007890756565359685,26.0,0.04520682005725903,18.0,0.014060116929334012,0.016489095713501687,0.020109280571652257
reasoning,10,10,model.layers.10.mlp,4,0.029359430604982206,9.0,0.021716507182972165,4.0,0.0893650208867378,5.0,0.029359430604982206,0.04538038431890875,0.03975210545724755
reasoning,10,10,model.layers.10.mlp,5,0.004400737163192679,57.0,0.0020635126809147816,57.0,0.008510257705030977,54.0,0.004400737163192679,0.004312065366583427,0.003785604908966684
reasoning,10,10,model.layers.10.mlp,6,0.04017857142857143,1.0,0.023103683929365786,2.0,0.10965875041139386,3.0,0.04017857142857143,0.04827912919252983,0.048779334099732057
reasoning,10,10,model.layers.10.mlp,7,0.00813421453990849,45.0,0.0031003501127986784,48.0,0.014539999837159019,46.0,0.00813421453990849,0.006478715866071438,0.006467805872363253
reasoning,10,10,model.layers.10.mlp,8,0.004114768683274021,58.0,0.0016021806089539909,59.0,0.007773301150814555,56.0,0.004114768683274021,0.003348032497585298,0.0034577856529543066
reasoning,10,10,model.layers.10.mlp,9,0.012280757498729028,34.0,0.005249814691432066,35.0,0.02435818224876407,35.0,0.012280757498729028,0.01097039253563955,0.01083521292662086
reasoning,10,10,model.layers.10.mlp,10,0.015076893746822572,27.0,0.005374103617898449,34.0,0.023883168210133903,36.0,0.015076893746822572,0.011230115667085457,0.01062391315888252
reasoning,10,10,model.layers.10.mlp,11,0.00581469242501271,55.0,0.002178197956715493,56.0,0.007489693163120935,58.0,0.00581469242501271,0.004551720014898012,0.0033316287458843314
reasoning,10,10,model.layers.10.mlp,12,0.01806367564819522,21.0,0.008072931147130783,25.0,0.032954487845445565,27.0,0.01806367564819522,0.016869780897553345,0.014659094387523905
reasoning,10,10,model.layers.10.mlp,13,0.0069109049313675645,51.0,0.003192228657616294,47.0,0.01070225045717514,51.0,0.0069109049313675645,0.006670711919550736,0.004760665689797191
reasoning,10,10,model.layers.10.mlp,14,0.0142189883070666,29.0,0.007156659093797662,27.0,0.03462886785492718,25.0,0.0142189883070666,0.01495507253443609,0.015403906284303734
reasoning,10,10,model.layers.10.mlp,15,0.01604600915099136,25.0,0.007129973667069141,28.0,0.031142369746010378,30.0,0.01604600915099136,0.014899308736397525,0.013853012667014566
reasoning,10,10,model.layers.10.mlp,16,0.03900292323335028,2.0,0.014589217573358858,8.0,0.06653407974955572,9.0,0.03900292323335028,0.030486684383127897,0.02959625285666742
reasoning,10,10,model.layers.10.mlp,17,0.02750063548551093,11.0,0.012388569725668848,10.0,0.07090517466420987,7.0,0.02750063548551093,0.025888051452089302,0.031540640317072044
reasoning,10,10,model.layers.10.mlp,18,0.006497839349262837,53.0,0.005081339663033808,39.0,0.03147200422657888,29.0,0.006497839349262837,0.010618334929301879,0.013999643468461049
reasoning,10,10,model.layers.10.mlp,19,0.0016840366039654296,62.0,0.00043635327136025675,62.0,0.0011309020147371486,62.0,0.0016840366039654296,0.000911835360369006,0.0005030574122354007
reasoning,10,10,model.layers.10.mlp,20,0.006021225216065074,54.0,0.0025959179737147305,52.0,0.007748110207525922,57.0,0.006021225216065074,0.00542461797907846,0.0034465800042089603
reasoning,10,10,model.layers.10.mlp,21,0.008674377224199288,43.0,0.004040778683234303,45.0,0.019565101542491626,42.0,0.008674377224199288,0.00844390343473872,0.008703114172430146
reasoning,10,10,model.layers.10.mlp,22,0.033013472292831726,7.0,0.00985544007868105,17.0,0.029647543776380757,32.0,0.033013472292831726,0.02059464050246554,0.013188071518953272
reasoning,10,10,model.layers.10.mlp,23,0.01768238434163701,22.0,0.010346110605260231,15.0,0.05179684950075722,14.0,0.01768238434163701,0.02161998112849328,0.023040713282179194
reasoning,10,10,model.layers.10.mlp,24,0.008038891713268938,46.0,0.0027082139729362608,51.0,0.010954451605670028,49.0,0.008038891713268938,0.005659279822219825,0.004872851940658299
reasoning,10,10,model.layers.10.mlp,25,0.0005878240976105745,64.0,0.00017100393802427555,64.0,0.0006645860554802884,64.0,0.0005878240976105745,0.00035734219882621094,0.0002956267978312447
reasoning,10,10,model.layers.10.mlp,26,0.009452846975088969,42.0,0.005095814955555732,37.0,0.02855034294312353,33.0,0.009452846975088969,0.01064858354765652,0.012700005351691915
reasoning,10,10,model.layers.10.mlp,27,0.012201321809862735,36.0,0.005602450193823081,33.0,0.028382743711156715,34.0,0.012201321809862735,0.01170728519006896,0.01262545244186669
reasoning,10,10,model.layers.10.mlp,28,0.02726232841891205,12.0,0.015267446311403787,7.0,0.07676059142489935,6.0,0.02726232841891205,0.03190396021525345,0.03414529639231733
reasoning,10,10,model.layers.10.mlp,29,0.007451067615658363,48.0,0.004166510484517984,44.0,0.020724512368675473,39.0,0.007451067615658363,0.008706641701776246,0.009218853115625252
reasoning,10,10,model.layers.10.mlp,30,0.03434799186578546,6.0,0.017543015046112418,5.0,0.13196691947960285,1.0,0.03434799186578546,0.0366591532513666,0.058702642801035744
reasoning,10,10,model.layers.10.mlp,31,0.013281647178444331,31.0,0.005088336830158554,38.0,0.022771033838610996,37.0,0.013281647178444331,0.010632956715880597,0.010129204128652
reasoning,10,10,model.layers.10.mlp,32,0.02221021860701576,15.0,0.009519064068854855,19.0,0.04496221304182238,19.0,0.02221021860701576,0.01989172485986428,0.02000047240737572
reasoning,10,10,model.layers.10.mlp,33,0.008245424504321301,44.0,0.002785105237393556,50.0,0.010401853809562139,52.0,0.008245424504321301,0.005819957370521649,0.004627040708832319
reasoning,10,10,model.layers.10.mlp,34,0.012439628876461616,33.0,0.006158841341112735,31.0,0.030088948102002223,31.0,0.012439628876461616,0.012869960379173078,0.013384420729497616
reasoning,10,10,model.layers.10.mlp,35,0.020192552109811895,19.0,0.011023827355466764,13.0,0.06646816430013981,10.0,0.020192552109811895,0.023036187073795993,0.029566931788195184
reasoning,10,10,model.layers.10.mlp,36,0.021908362989323842,16.0,0.01039927976653851,14.0,0.05305978068707858,13.0,0.021908362989323842,0.021731087254003842,0.023602501028724045
reasoning,10,10,model.layers.10.mlp,37,0.024815709201830197,14.0,0.011680428486035207,11.0,0.05697397994522401,12.0,0.024815709201830197,0.024408268292860056,0.025343648293577072
reasoning,10,10,model.layers.10.mlp,38,0.026563294356888662,13.0,0.010258886495337126,16.0,0.049999986497290434,15.0,0.026563294356888662,0.021437711318857917,0.022241417462659743
reasoning,10,10,model.layers.10.mlp,39,0.015331087951194713,26.0,0.0070317185464460474,29.0,0.03342254860984776,26.0,0.015331087951194713,0.014693987728852033,0.014867301140930229
reasoning,10,10,model.layers.10.mlp,40,0.002287747839349263,60.0,0.0006911060079197381,61.0,0.0030579403143169677,61.0,0.002287747839349263,0.0014441851067604399,0.0013602589094760323
reasoning,10,10,model.layers.10.mlp,41,0.010771479410269446,39.0,0.005181720308925394,36.0,0.02052986335073729,40.0,0.010771479410269446,0.010828097588202766,0.009132267690909298
reasoning,10,10,model.layers.10.mlp,42,0.01485447381799695,28.0,0.006789517269318759,30.0,0.03489839401991918,24.0,0.01485447381799695,0.014187866420026413,0.015523799195735252
reasoning,10,10,model.layers.10.mlp,43,0.036524529740721914,5.0,0.022776647818894574,3.0,0.11415544311346956,2.0,0.036524529740721914,0.04759573087924207,0.05077959103167305
reasoning,10,10,model.layers.10.mlp,44,0.03895526182003051,3.0,0.01580408713995774,6.0,0.06862411689321947,8.0,0.03895526182003051,0.03302536370964646,0.03052596088023278
reasoning,10,10,model.layers.10.mlp,45,0.011263980681240468,38.0,0.004917162229521479,40.0,0.021168445008293166,38.0,0.011263980681240468,0.01027525788811344,0.009416326992214653
reasoning,10,10,model.layers.10.mlp,46,0.011915353329944077,37.0,0.004851984626215366,41.0,0.013792121700514496,47.0,0.011915353329944077,0.010139058053485523,0.006135128385556165
reasoning,10,10,model.layers.10.mlp,47,0.018810371123538384,20.0,0.008331547064652707,24.0,0.03968992709628688,22.0,0.018810371123538384,0.017410203426335244,0.017655209520084272
reasoning,10,10,model.layers.10.mlp,48,0.012614387391967463,32.0,0.005628701206628114,32.0,0.017873924526697983,45.0,0.012614387391967463,0.011762141205348759,0.007950830489042354
reasoning,10,10,model.layers.10.mlp,49,0.005671708185053381,56.0,0.0027932039541100026,49.0,0.011460717284533961,48.0,0.005671708185053381,0.005836881034810097,0.005098053327687469
reasoning,10,10,model.layers.10.mlp,50,0.0021765378749364515,61.0,0.0010288938629972673,60.0,0.004068426688897258,60.0,0.0021765378749364515,0.002150051043327693,0.001809752016810926
reasoning,10,10,model.layers.10.mlp,51,0.010469623792577529,40.0,0.003734703044571365,46.0,0.018239063691361093,44.0,0.010469623792577529,0.007804305639561484,0.008113254784770499
reasoning,10,10,model.layers.10.mlp,52,0.021209328927300458,18.0,0.009691914266053953,18.0,0.04954041615242151,16.0,0.021209328927300458,0.02025292513541525,0.022036987489578806
reasoning,10,10,model.layers.10.mlp,53,0.017523512963904423,23.0,0.008973750476614133,22.0,0.040434133570146975,21.0,0.017523512963904423,0.01875219813110873,0.017986253746754877
reasoning,10,10,model.layers.10.mlp,54,0.007292196237925775,50.0,0.0022816039852885106,55.0,0.010869301410498931,50.0,0.007292196237925775,0.004767804732297458,0.004834974709672848
reasoning,10,10,model.layers.10.mlp,55,0.004082994407727504,59.0,0.002369324568267031,53.0,0.008165202870108964,55.0,0.004082994407727504,0.00495111200794284,0.003632114694895816
reasoning,10,10,model.layers.10.mlp,56,0.006624936451448907,52.0,0.0016109309465556685,58.0,0.005754857377566295,59.0,0.006624936451448907,0.0033663178360118975,0.002559924398768698
reasoning,10,10,model.layers.10.mlp,57,0.001525165226232842,63.0,0.00043377781738529486,63.0,0.0010120112853277197,63.0,0.001525165226232842,0.000906453505442028,0.0004501714310486153
reasoning,10,10,model.layers.10.mlp,58,0.00800711743772242,47.0,0.004269156288724899,43.0,0.018977226706502943,43.0,0.00800711743772242,0.00892113779934785,0.008441610708949701
reasoning,10,10,model.layers.10.mlp,59,0.03852630910015252,4.0,0.026982519307837124,1.0,0.10370479638526811,4.0,0.03852630910015252,0.056384624183125204,0.046130845843525774
reasoning,10,10,model.layers.10.mlp,60,0.012248983223182512,35.0,0.009083207270550012,20.0,0.044202840475561535,20.0,0.012248983223182512,0.018980926965505292,0.019662681871035998
reasoning,10,10,model.layers.10.mlp,61,0.010040671072699542,41.0,0.0043956327995917,42.0,0.019944685794901714,41.0,0.010040671072699542,0.009185432265400405,0.008871964054430852
reasoning,10,10,model.layers.10.mlp,62,0.027564184036603965,10.0,0.01133097351415544,12.0,0.04814733553490302,17.0,0.027564184036603965,0.023678021905057335,0.021417305570763736
reasoning,10,10,model.layers.10.mlp,63,0.00735574478901881,49.0,0.002325774572437405,54.0,0.009337484640560298,53.0,0.00735574478901881,0.004860106786376411,0.004153579000528917
reasoning,11,11,model.layers.11.mlp,0,0.016983350279613625,22.0,0.008910698398576512,21.0,0.06003436259073113,18.0,0.016983350279613625,0.018573691060099814,0.020970985343710603
reasoning,11,11,model.layers.11.mlp,1,0.0273576512455516,9.0,0.010698916770264045,16.0,0.07184139134511011,15.0,0.0273576512455516,0.022301099855467063,0.02509537371523101
reasoning,11,11,model.layers.11.mlp,2,0.0031297661413319778,58.0,0.0012108667525896034,56.0,0.005076080252926363,58.0,0.0031297661413319778,0.002523962092706273,0.0017731579048038855
reasoning,11,11,model.layers.11.mlp,3,0.012646161667513981,33.0,0.005434332005433401,36.0,0.03816819364270342,30.0,0.012646161667513981,0.011327462705174396,0.013332774679956734
reasoning,11,11,model.layers.11.mlp,4,0.012360193187595323,34.0,0.0049208237183051605,38.0,0.03247860739747158,35.0,0.012360193187595323,0.010257092701017972,0.011345309091724503
reasoning,11,11,model.layers.11.mlp,5,0.011549949161159126,36.0,0.010324855352575305,17.0,0.07593699653377736,12.0,0.011549949161159126,0.02152139652595436,0.02652603563415054
reasoning,11,11,model.layers.11.mlp,6,0.009468734112862226,45.0,0.0029466606725819778,48.0,0.01584137274955182,45.0,0.009468734112862226,0.006142096000042688,0.005533650752983899
reasoning,11,11,model.layers.11.mlp,7,0.045929715302491105,2.0,0.01859479321400769,4.0,0.09505770166452367,5.0,0.045929715302491105,0.03875946968854797,0.03320521085571275
reasoning,11,11,model.layers.11.mlp,8,0.016395526182003052,24.0,0.00849093043022369,23.0,0.0576993040058688,21.0,0.016395526182003052,0.01769871580985943,0.020155311165678872
reasoning,11,11,model.layers.11.mlp,9,0.014409633960345704,28.0,0.006665848934171645,30.0,0.027913489969410323,40.0,0.014409633960345704,0.01389446856111507,0.009750638863794554
reasoning,11,11,model.layers.11.mlp,10,0.005592272496187087,53.0,0.0018477330792053253,53.0,0.006344503900519159,55.0,0.005592272496187087,0.003851462796694944,0.0022162390432616014
reasoning,11,11,model.layers.11.mlp,11,0.013662938485002543,31.0,0.006836387428706469,27.0,0.05142882109127738,24.0,0.013662938485002543,0.014249943426233428,0.01796492886419031
reasoning,11,11,model.layers.11.mlp,12,0.006434290798169802,50.0,0.006124383008110384,32.0,0.04189405266439848,27.0,0.006434290798169802,0.012765822928597721,0.014634278211681787
reasoning,11,11,model.layers.11.mlp,13,0.00028596847991865787,64.0,6.381230240372395e-05,64.0,0.00030221709584789827,64.0,0.00028596847991865787,0.0001330120196717436,0.00010556937750553492
reasoning,11,11,model.layers.11.mlp,14,0.008944458566344687,46.0,0.003325392039948208,46.0,0.016280217617977436,44.0,0.008944458566344687,0.006931533493893146,0.005686946447429018
reasoning,11,11,model.layers.11.mlp,15,0.024640950686324353,12.0,0.01083730863446079,14.0,0.058435277961266484,20.0,0.024640950686324353,0.02258956744979528,0.020412398912861524
reasoning,11,11,model.layers.11.mlp,16,0.014187214031520082,30.0,0.006752498997124428,29.0,0.03832524806927713,29.0,0.014187214031520082,0.014075084201734249,0.013387636361428982
reasoning,11,11,model.layers.11.mlp,17,0.011327529232333503,37.0,0.004903804001374237,40.0,0.03612091026378272,32.0,0.011327529232333503,0.010221616361222227,0.01261762509093791
reasoning,11,11,model.layers.11.mlp,18,0.028819267920691408,8.0,0.013504005048138028,9.0,0.07963872916454826,10.0,0.028819267920691408,0.02814809868081861,0.02781911142268597
reasoning,11,11,model.layers.11.mlp,19,0.012248983223182512,35.0,0.004907248283196174,39.0,0.03101175685233735,36.0,0.012248983223182512,0.010228795711664027,0.010832914190605438
reasoning,11,11,model.layers.11.mlp,20,0.017714158617183527,19.0,0.008291860249785524,24.0,0.059984967226174864,19.0,0.017714158617183527,0.017283768757973182,0.02095373073449257
reasoning,11,11,model.layers.11.mlp,21,0.01112099644128114,38.0,0.003899795850279614,42.0,0.027923539044154618,39.0,0.01112099644128114,0.008128835707437266,0.009754149170060601
reasoning,11,11,model.layers.11.mlp,22,0.03183782409761057,6.0,0.015932192703037622,7.0,0.10460523808735787,4.0,0.03183782409761057,0.03320947606345543,0.03654032157816277
reasoning,11,11,model.layers.11.mlp,23,0.0067361464158617185,49.0,0.0030616562440423235,47.0,0.010703256553541783,52.0,0.0067361464158617185,0.006381795754432905,0.0037388226780133062
reasoning,11,11,model.layers.11.mlp,24,0.0237353838332486,13.0,0.010198270238227631,18.0,0.07068122563534239,16.0,0.0237353838332486,0.02125753922750998,0.024690108846148005
reasoning,11,11,model.layers.11.mlp,25,0.011057447890188104,39.0,0.0038746153575003176,43.0,0.02083684025539713,42.0,0.011057447890188104,0.008076348834612748,0.0072786493059666
reasoning,11,11,model.layers.11.mlp,26,0.011009786476868327,40.0,0.005966938990412112,34.0,0.030001248639734128,37.0,0.011009786476868327,0.01243764253092477,0.010479927134497788
reasoning,11,11,model.layers.11.mlp,27,0.0031456532791052363,57.0,0.0007637151922740849,60.0,0.003197419068415758,60.0,0.0031456532791052363,0.0015919077725119327,0.0011169108078745583
reasoning,11,11,model.layers.11.mlp,28,0.009977122521606508,42.0,0.0033416980768619727,45.0,0.010911254915842019,51.0,0.009977122521606508,0.0069655222205342844,0.0038114799099564583
reasoning,11,11,model.layers.11.mlp,29,0.017126334519572954,21.0,0.007214405116055541,26.0,0.02053236667432334,43.0,0.017126334519572954,0.015037893306929277,0.007172291701243212
reasoning,11,11,model.layers.11.mlp,30,0.01420310116929334,29.0,0.006328805788677237,31.0,0.04224384722480267,26.0,0.01420310116929334,0.013191927079143526,0.01475646717618457
reasoning,11,11,model.layers.11.mlp,31,0.01666560752414845,23.0,0.008781118931113371,22.0,0.06253431364136355,17.0,0.01666560752414845,0.018303592254289357,0.021844259158579103
reasoning,11,11,model.layers.11.mlp,32,0.010088332486019319,41.0,0.005658303412557194,35.0,0.028938826736977515,38.0,0.010088332486019319,0.01179431452038988,0.010108805776827441
reasoning,11,11,model.layers.11.mlp,33,0.03503113879003559,4.0,0.022653119116794292,3.0,0.13556570072251647,3.0,0.03503113879003559,0.047218749552806506,0.04735531785925351
reasoning,11,11,model.layers.11.mlp,34,0.018683274021352312,18.0,0.009520615547153026,19.0,0.05586262934390942,22.0,0.018683274021352312,0.019845018197793853,0.01951373064820601
reasoning,11,11,model.layers.11.mlp,35,0.009834138281647179,43.0,0.004128794047089476,41.0,0.023788078217925793,41.0,0.009834138281647179,0.00860616549356781,0.008309565024684438
reasoning,11,11,model.layers.11.mlp,36,0.014441408235892222,27.0,0.0068025031426744405,28.0,0.04127881264983547,28.0,0.014441408235892222,0.01417931414080598,0.014419364805900793
reasoning,11,11,model.layers.11.mlp,37,0.027024021352313167,10.0,0.012514441159999364,11.0,0.037453535127954914,31.0,0.027024021352313167,0.026085426023706247,0.013083132765030116
reasoning,11,11,model.layers.11.mlp,38,0.0020335536349771225,61.0,0.00030165392551315454,63.0,0.0004986042656803652,63.0,0.0020335536349771225,0.0006287752731528594,0.0001741706298970332
reasoning,11,11,model.layers.11.mlp,39,0.0069903406202338585,48.0,0.0027082294877192425,50.0,0.012295319950165456,48.0,0.0069903406202338585,0.005645103848738201,0.004294956477325234
reasoning,11,11,model.layers.11.mlp,40,0.005099771225216065,54.0,0.001828029304818569,54.0,0.007824243899069284,54.0,0.005099771225216065,0.003810391737861218,0.0027331364414008475
reasoning,11,11,model.layers.11.mlp,41,0.00568759532282664,52.0,0.0028587539122076765,49.0,0.011437881497896348,50.0,0.00568759532282664,0.005958860866694743,0.0039954391935613925
reasoning,11,11,model.layers.11.mlp,42,0.013440518556176919,32.0,0.005410035855284062,37.0,0.033166402959405435,34.0,0.013440518556176919,0.011276819179084935,0.011585567337608021
reasoning,11,11,model.layers.11.mlp,43,0.009786476868327402,44.0,0.0036146186242930222,44.0,0.014347168190350796,46.0,0.009786476868327402,0.007534404894505994,0.005011700647089911
reasoning,11,11,model.layers.11.mlp,44,0.021924250127097103,15.0,0.012163008053289431,12.0,0.07625068094624925,11.0,0.021924250127097103,0.025352889733019524,0.026635610733020898
reasoning,11,11,model.layers.11.mlp,45,0.016173106253177427,25.0,0.009246655509262201,20.0,0.052163719278667926,23.0,0.016173106253177427,0.01927396878292304,0.01822164082800262
reasoning,11,11,model.layers.11.mlp,46,0.00722864768683274,47.0,0.0025389942349548804,51.0,0.01164428563054649,49.0,0.00722864768683274,0.005292345494597821,0.004067539534997444
reasoning,11,11,model.layers.11.mlp,47,0.04478584138281647,3.0,0.016460827903573016,5.0,0.09489616328953605,6.0,0.04478584138281647,0.03431137699860625,0.03314878285767759
reasoning,11,11,model.layers.11.mlp,48,0.06810815963396034,1.0,0.031672064156234116,1.0,0.23133491803515546,1.0,0.06810815963396034,0.06601807272116057,0.0808090727751434
reasoning,11,11,model.layers.11.mlp,49,0.01483858668022369,26.0,0.006120830122807575,33.0,0.0352906223119487,33.0,0.01483858668022369,0.01275841720224109,0.012327591921306839
reasoning,11,11,model.layers.11.mlp,50,0.004527834265378749,55.0,0.0014833994304461109,55.0,0.00910723713062321,53.0,0.004527834265378749,0.00309203628126787,0.0031813069739743266
reasoning,11,11,model.layers.11.mlp,51,0.03314056939501779,5.0,0.028709811126755528,2.0,0.15916573874042553,2.0,0.03314056939501779,0.059843475607631355,0.0555991973647052
reasoning,11,11,model.layers.11.mlp,52,0.03137709710218607,7.0,0.014022353947556559,8.0,0.07460016306124184,14.0,0.03137709710218607,0.029228558582893242,0.026059057824281154
reasoning,11,11,model.layers.11.mlp,53,0.002827910523640061,60.0,0.0008814723951051729,58.0,0.006061496600379905,56.0,0.002827910523640061,0.0018373639430221524,0.002117379961774498
reasoning,11,11,model.layers.11.mlp,54,0.02184481443823081,16.0,0.012621570736487989,10.0,0.08133273228934772,8.0,0.02184481443823081,0.02630872969397938,0.02841085443734162
reasoning,11,11,model.layers.11.mlp,55,0.0033045246568378242,56.0,0.0010697287718050967,57.0,0.005584211699024457,57.0,0.0033045246568378242,0.002229770421674459,0.0019506565347376496
reasoning,11,11,model.layers.11.mlp,56,0.023687722419928826,14.0,0.016093717108660078,6.0,0.08112700990328767,9.0,0.023687722419928826,0.03354616172764277,0.028338992241146593
reasoning,11,11,model.layers.11.mlp,57,0.01728520589730554,20.0,0.007344108701782537,25.0,0.04629750990502472,25.0,0.01728520589730554,0.015308250828070968,0.016172477890495175
reasoning,11,11,model.layers.11.mlp,58,0.026356761565836297,11.0,0.011472670027127287,13.0,0.0938945514300055,7.0,0.026356761565836297,0.02391393123039271,0.032798903443291255
reasoning,11,11,model.layers.11.mlp,59,0.001858795119471276,62.0,0.0004966126884611719,62.0,0.0016538413022760818,61.0,0.001858795119471276,0.0010351523796919137,0.0005777138327809901
reasoning,11,11,model.layers.11.mlp,60,0.005719369598373157,51.0,0.0022469749896733603,52.0,0.013743963874743926,47.0,0.005719369598373157,0.0046836529990321625,0.004800991507924208
reasoning,11,11,model.layers.11.mlp,61,0.021670055922724963,17.0,0.010795341146495297,15.0,0.07553438276400952,13.0,0.021670055922724963,0.022502089328421085,0.02638539605540566
reasoning,11,11,model.layers.11.mlp,62,0.0016204880528723944,63.0,0.0005171697759119217,61.0,0.0016219927188355606,62.0,0.0016204880528723944,0.0010780021064278875,0.0005665886013680687
reasoning,11,11,model.layers.11.mlp,63,0.0028755719369598374,59.0,0.0008356106966112735,59.0,0.004987292650785916,59.0,0.0028755719369598374,0.0017417686281304252,0.0017421429423250803
reasoning,12,12,model.layers.12.mlp,0,0.011438739196746314,34.0,0.005152071558647369,37.0,0.03930406085483969,34.0,0.011438739196746314,0.009512715635459789,0.009252465687801434
reasoning,12,12,model.layers.12.mlp,1,0.011963014743263854,33.0,0.005464834068775419,36.0,0.03909849643283043,35.0,0.011963014743263854,0.01009019612780409,0.009204074307371359
reasoning,12,12,model.layers.12.mlp,2,0.017459964412811387,18.0,0.00787773966243804,24.0,0.05938758951932358,23.0,0.017459964412811387,0.014545352564674112,0.013980276397855143
reasoning,12,12,model.layers.12.mlp,3,0.0020176664972038636,61.0,0.0007230664608620361,60.0,0.002528743287164909,62.0,0.0020176664972038636,0.0013350601887844717,0.0005952848125328133
reasoning,12,12,model.layers.12.mlp,4,0.017491738688357905,17.0,0.009106262238060816,18.0,0.0751515183887569,18.0,0.017491738688357905,0.016813680125852305,0.01769122147063162
reasoning,12,12,model.layers.12.mlp,5,0.007530503304524657,44.0,0.0024234401313071936,50.0,0.019332372894521044,46.0,0.007530503304524657,0.004474607265497523,0.00455098310403499
reasoning,12,12,model.layers.12.mlp,6,0.03914590747330961,4.0,0.021294287878908236,5.0,0.26561501078273536,4.0,0.03914590747330961,0.0393174867518444,0.06252773174020904
reasoning,12,12,model.layers.12.mlp,7,0.01587125063548551,25.0,0.010197199718201894,13.0,0.085385170794103,15.0,0.01587125063548551,0.018827972417120815,0.020100298692729713
reasoning,12,12,model.layers.12.mlp,8,0.00023830706659888154,64.0,5.600836656392984e-05,64.0,0.00027757346626308644,64.0,0.00023830706659888154,0.0001034130947647665,6.534284032198361e-05
reasoning,12,12,model.layers.12.mlp,9,0.02929588205388917,11.0,0.013251920854251397,11.0,0.08724709407411739,13.0,0.02929588205388917,0.0244681684396498,0.02053860915956104
reasoning,12,12,model.layers.12.mlp,10,0.012376080325368582,31.0,0.005622580624741834,35.0,0.031992141757753216,39.0,0.012376080325368582,0.010381457247200424,0.00753118602645463
reasoning,12,12,model.layers.12.mlp,11,0.05304715302491103,3.0,0.028809571181327848,4.0,0.2796681558303289,3.0,0.05304715302491103,0.053193604768071286,0.06583594568885869
reasoning,12,12,model.layers.12.mlp,12,0.007768810371123538,42.0,0.0027298183082382754,48.0,0.011053845926505634,55.0,0.007768810371123538,0.005040299810890107,0.0026021568237177047
reasoning,12,12,model.layers.12.mlp,13,0.0067361464158617185,47.0,0.003596078458629893,45.0,0.023887097415096214,45.0,0.0067361464158617185,0.006639750902204055,0.005623198835118166
reasoning,12,12,model.layers.12.mlp,14,0.017316980172852058,19.0,0.008749344655566853,20.0,0.06178249681608048,20.0,0.017316980172852058,0.016154672301735003,0.014544055231562601
reasoning,12,12,model.layers.12.mlp,15,0.022559735638027455,13.0,0.009948389143524403,14.0,0.07777957050825778,16.0,0.022559735638027455,0.018368571918300162,0.01830988431443397
reasoning,12,12,model.layers.12.mlp,16,0.009770589730554143,37.0,0.004618626775387646,42.0,0.047143155956062256,31.0,0.009770589730554143,0.008527770361970324,0.01109784646703822
reasoning,12,12,model.layers.12.mlp,17,0.007625826131164209,43.0,0.00509542708598119,38.0,0.017663995145872635,48.0,0.007625826131164209,0.009408128042942845,0.0041582346821690585
reasoning,12,12,model.layers.12.mlp,18,0.03423678190137265,5.0,0.01619689041548837,8.0,0.13658482042658765,8.0,0.03423678190137265,0.029905720630498466,0.03215307367701452
reasoning,12,12,model.layers.12.mlp,19,0.0020335536349771225,60.0,0.0008264569746520717,59.0,0.007336161187913858,58.0,0.0020335536349771225,0.0015259590429430325,0.001726986428248304
reasoning,12,12,model.layers.12.mlp,20,0.005322191154041688,49.0,0.0031762639459281265,46.0,0.01766160796394067,49.0,0.005322191154041688,0.005864611032054522,0.0041576727219431765
reasoning,12,12,model.layers.12.mlp,21,0.016284316217590238,24.0,0.00880212594727059,19.0,0.07724564091833218,17.0,0.016284316217590238,0.016252126968878976,0.018184193352659465
reasoning,12,12,model.layers.12.mlp,22,0.016808591764107778,21.0,0.008132647546827338,23.0,0.08645664461157804,14.0,0.016808591764107778,0.015016011054143673,0.02035253152862368
reasoning,12,12,model.layers.12.mlp,23,0.01876270971021861,15.0,0.009763732196476234,16.0,0.047576674514454395,30.0,0.01876270971021861,0.018027623814729454,0.011199899931726322
reasoning,12,12,model.layers.12.mlp,24,0.005894128113879004,48.0,0.006141588902437087,33.0,0.049758612624751654,28.0,0.005894128113879004,0.01133974715097282,0.011713544248861707
reasoning,12,12,model.layers.12.mlp,25,0.015045119471276056,27.0,0.00683803199570253,29.0,0.06306056127550642,19.0,0.015045119471276056,0.01262565031188573,0.014844921027626544
reasoning,12,12,model.layers.12.mlp,26,0.002923233350279614,58.0,0.0010511420617930224,58.0,0.00412083734593903,60.0,0.002923233350279614,0.0019408145660409128,0.000970075491413675
reasoning,12,12,model.layers.12.mlp,27,0.004114768683274021,54.0,0.0015392061048312786,57.0,0.013925047696439761,54.0,0.004114768683274021,0.002841969451112942,0.0032780588878119064
reasoning,12,12,model.layers.12.mlp,28,0.0038764616166751397,55.0,0.002118450527452974,52.0,0.013996511701556955,53.0,0.0038764616166751397,0.003911478562759079,0.0032948820414728415
reasoning,12,12,model.layers.12.mlp,29,0.00992946110828673,36.0,0.004809675813024276,40.0,0.03279585373480428,38.0,0.00992946110828673,0.008880520735636069,0.007720385751083704
reasoning,12,12,model.layers.12.mlp,30,0.01679270462633452,22.0,0.006224709352261534,31.0,0.026753206482137224,43.0,0.01679270462633452,0.01149321963163826,0.006297902039406234
reasoning,12,12,model.layers.12.mlp,31,0.002494280630401627,59.0,0.0006893528374428064,61.0,0.0033349362867219107,61.0,0.002494280630401627,0.0012728118079191428,0.0007850685881507054
reasoning,12,12,model.layers.12.mlp,32,0.029867819013726486,10.0,0.01264212782393874,12.0,0.09051919742532351,11.0,0.029867819013726486,0.023342254789612576,0.02130888641146609
reasoning,12,12,model.layers.12.mlp,33,0.0034792831723436707,56.0,0.0016007997932686198,56.0,0.010318684720741532,57.0,0.0034792831723436707,0.0029556952090675466,0.002429094456028604
reasoning,12,12,model.layers.12.mlp,34,0.015124555160142349,26.0,0.007134162658474199,27.0,0.05035645610178917,25.0,0.015124555160142349,0.013172421984953624,0.01185428101085673
reasoning,12,12,model.layers.12.mlp,35,0.06394572953736655,2.0,0.04209318873721085,2.0,0.3515505826732321,2.0,0.06394572953736655,0.07772029757132341,0.08275759890876926
reasoning,12,12,model.layers.12.mlp,36,0.007006227758007117,46.0,0.0037105775570348246,44.0,0.03101657108078466,41.0,0.007006227758007117,0.006851160497595738,0.007301529496865644
reasoning,12,12,model.layers.12.mlp,37,0.0016681494661921709,62.0,0.0005691132693346467,62.0,0.005218422251512511,59.0,0.0016681494661921709,0.0010508030864712367,0.0012284550699456205
reasoning,12,12,model.layers.12.mlp,38,0.000762582613116421,63.0,0.0001936787933520272,63.0,0.0010616896455292175,63.0,0.000762582613116421,0.0003576059192509592,0.0002499295696857637
reasoning,12,12,model.layers.12.mlp,39,0.007180986273512964,45.0,0.004966809535062913,39.0,0.03893747420846113,36.0,0.007180986273512964,0.009170650326710182,0.009166168488645583
reasoning,12,12,model.layers.12.mlp,40,0.005067996949669548,50.0,0.002288446004583439,51.0,0.015271499389370625,52.0,0.005067996949669548,0.004225355925456461,0.0035950235428162756
reasoning,12,12,model.layers.12.mlp,41,0.011200432130147433,35.0,0.005902118227114578,34.0,0.04692907513786405,32.0,0.011200432130147433,0.010897591716708507,0.011047450264159568
reasoning,12,12,model.layers.12.mlp,42,0.009516395526182003,39.0,0.004412807664352441,43.0,0.02548974435293529,44.0,0.009516395526182003,0.008147748723424787,0.006000473739530243
reasoning,12,12,model.layers.12.mlp,43,0.07663955261820031,1.0,0.04306478650665671,1.0,0.43806461192171287,1.0,0.07663955261820031,0.07951424262576905,0.1031236392039784
reasoning,12,12,model.layers.12.mlp,44,0.009627605490594814,38.0,0.008190269450821365,22.0,0.05033622878491424,26.0,0.009627605490594814,0.015122403362718837,0.011849519351341882
reasoning,12,12,model.layers.12.mlp,45,0.009008007117437723,41.0,0.0030204024360939883,47.0,0.028500311150502965,42.0,0.009008007117437723,0.0055768304364847586,0.006709183358574587
reasoning,12,12,model.layers.12.mlp,46,0.017253431621759022,20.0,0.008511968475946874,21.0,0.061245943868014796,22.0,0.017253431621759022,0.01571638411616688,0.014417746711941654
reasoning,12,12,model.layers.12.mlp,47,0.009246314184036604,40.0,0.007210510905527135,26.0,0.04987748592891212,27.0,0.009246314184036604,0.013313390361501384,0.011741527901034502
reasoning,12,12,model.layers.12.mlp,48,0.027675394001016776,12.0,0.014424357489395336,10.0,0.13608240620642673,9.0,0.027675394001016776,0.026632939674630034,0.03203480166562438
reasoning,12,12,model.layers.12.mlp,49,0.013440518556176919,29.0,0.006864950144175775,28.0,0.044618668130314405,33.0,0.013440518556176919,0.012675351619203423,0.010503563421495655
reasoning,12,12,model.layers.12.mlp,50,0.031011692933401117,9.0,0.01470280129956787,9.0,0.1530813982357031,6.0,0.031011692933401117,0.027147054580930106,0.036036489711523144
reasoning,12,12,model.layers.12.mlp,51,0.013075114387391968,30.0,0.004676845998526468,41.0,0.03551463066137679,37.0,0.013075114387391968,0.008635265552581069,0.008360405883324084
reasoning,12,12,model.layers.12.mlp,52,0.02079626334519573,14.0,0.009581262833828482,17.0,0.08896123143277558,12.0,0.02079626334519573,0.017690714837574766,0.020942129730978296
reasoning,12,12,model.layers.12.mlp,53,0.013964794102694458,28.0,0.006651714966875318,30.0,0.048771323502654645,29.0,0.013964794102694458,0.01228163705564471,0.011481129110897218
reasoning,12,12,model.layers.12.mlp,54,0.033664844941535335,6.0,0.01915425628832772,6.0,0.10344827272107775,10.0,0.033664844941535335,0.03536616120437124,0.024352486053517763
reasoning,12,12,model.layers.12.mlp,55,0.01753940010167768,16.0,0.009931322882244535,15.0,0.05197390770027343,24.0,0.01753940010167768,0.018337061002997878,0.012235041041529551
reasoning,12,12,model.layers.12.mlp,56,0.004718479918657855,52.0,0.002473009862933719,49.0,0.010767808260730396,56.0,0.004718479918657855,0.004566132151307337,0.002534821448429675
reasoning,12,12,model.layers.12.mlp,57,0.012185434672089476,32.0,0.006157615673257181,32.0,0.03155371389930844,40.0,0.012185434672089476,0.011369338765070328,0.007427976876341147
reasoning,12,12,model.layers.12.mlp,58,0.031202338586680225,7.0,0.018072317382316027,7.0,0.14431214150766702,7.0,0.031202338586680225,0.03336848375935303,0.03397214202787445
reasoning,12,12,model.layers.12.mlp,59,0.031027580071174378,8.0,0.039242455967804714,3.0,0.18625656286956213,5.0,0.031027580071174378,0.07245674292551663,0.04384616804465009
reasoning,12,12,model.layers.12.mlp,60,0.003177427554651754,57.0,0.0018249108334392476,54.0,0.017971248479098853,47.0,0.003177427554651754,0.0033694908195598047,0.004230564381983986
reasoning,12,12,model.layers.12.mlp,61,0.004321301474326385,53.0,0.0017371747356777453,55.0,0.01674336992321611,51.0,0.004321301474326385,0.00320749606861943,0.0039415127176012366
reasoning,12,12,model.layers.12.mlp,62,0.016395526182003052,23.0,0.007510923648401754,25.0,0.061293359726561344,21.0,0.016395526182003052,0.013868068409681487,0.014428908754608945
reasoning,12,12,model.layers.12.mlp,63,0.00503622267412303,51.0,0.002053769397202275,53.0,0.017006092909846622,50.0,0.00503622267412303,0.0037920521937634256,0.004003359645535052
reasoning,13,13,model.layers.13.mlp,0,0.018270208439247586,19.5,0.009707475593384595,17.0,0.09349293934856506,18.0,0.018270208439247586,0.018571193444537185,0.019612560724124626
reasoning,13,13,model.layers.13.mlp,1,0.018508515505846465,18.0,0.008325418725374937,23.0,0.12745734967431505,12.0,0.018508515505846465,0.015927205808384935,0.026737473734821198
reasoning,13,13,model.layers.13.mlp,2,0.02154295882053889,14.0,0.01753223227194014,6.0,0.06554891054679976,26.0,0.02154295882053889,0.033540591877320045,0.013750578358718108
reasoning,13,13,model.layers.13.mlp,3,0.029121123538383326,10.0,0.012215952250214476,12.0,0.12243517098477727,13.0,0.029121123538383326,0.023370114111084153,0.025683941936567006
reasoning,13,13,model.layers.13.mlp,4,0.018270208439247586,19.5,0.010184935282254861,15.0,0.0618677405639536,28.0,0.018270208439247586,0.01948461281486461,0.012978357800380263
reasoning,13,13,model.layers.13.mlp,5,0.04216446365022877,4.0,0.024906315534443314,5.0,0.18687688813454376,6.0,0.04216446365022877,0.04764781526682775,0.03920225786045347
reasoning,13,13,model.layers.13.mlp,6,1.588713777325877e-05,64.0,3.1960452942297917e-06,64.0,1.1961721546709325e-05,64.0,1.588713777325877e-05,6.114295611218714e-06,2.5092802925497845e-06
reasoning,13,13,model.layers.13.mlp,7,0.002573716319267921,56.0,0.0006151456304413447,58.0,0.0032626746689221795,58.0,0.002573716319267921,0.0011768238188796642,0.0006844303485713606
reasoning,13,13,model.layers.13.mlp,8,0.019811260803253686,16.0,0.009779526245551602,16.0,0.09229087937541824,19.0,0.019811260803253686,0.01870903222520951,0.019360397572750317
reasoning,13,13,model.layers.13.mlp,9,0.015426410777834266,29.0,0.005055949720684259,40.0,0.04063148636713692,39.0,0.015426410777834266,0.0096724446438648,0.008523504547396022
reasoning,13,13,model.layers.13.mlp,10,0.01018365531265887,39.0,0.007385424568862799,28.0,0.055932265379190084,30.0,0.01018365531265887,0.014128920234613537,0.011733238454482878
reasoning,13,13,model.layers.13.mlp,11,0.0003812913065582105,63.0,0.00010933267567202593,63.0,0.0012437850217953757,63.0,0.0003812913065582105,0.00020916233578766155,0.0002609160588776897
reasoning,13,13,model.layers.13.mlp,12,0.009865912557193697,40.0,0.005651911321968734,38.0,0.0380496544868557,40.0,0.009865912557193697,0.010812567848553825,0.007981898572823852
reasoning,13,13,model.layers.13.mlp,13,0.006481952211489578,48.0,0.002416442964182448,50.0,0.02650847150761886,45.0,0.006481952211489578,0.004622852697781194,0.005560837115288341
reasoning,13,13,model.layers.13.mlp,14,0.01679270462633452,23.0,0.006342334679437278,35.0,0.06754108076327091,25.0,0.01679270462633452,0.012133404105810349,0.014168487557162115
reasoning,13,13,model.layers.13.mlp,15,0.016030122013218098,25.0,0.006844268938461172,30.0,0.05163615539738171,34.0,0.016030122013218098,0.013093645327238251,0.010832018335799895
reasoning,13,13,model.layers.13.mlp,16,0.002827910523640061,55.0,0.0007105925753447509,57.0,0.0037169164301373964,57.0,0.002827910523640061,0.0013594216179098463,0.0007797192996658636
reasoning,13,13,model.layers.13.mlp,17,0.01599834773767158,26.0,0.0049542154099775195,41.0,0.020112287872444873,49.0,0.01599834773767158,0.009477818600677113,0.004219072263080522
reasoning,13,13,model.layers.13.mlp,18,0.007133324860193187,45.0,0.006342800122926729,34.0,0.052552801479709046,33.0,0.007133324860193187,0.01213429453721004,0.011024308545921006
reasoning,13,13,model.layers.13.mlp,19,0.048598754448398576,2.0,0.02649237628387932,4.0,0.23773618222388992,3.0,0.048598754448398576,0.05068207898546502,0.04987130945583177
reasoning,13,13,model.layers.13.mlp,20,0.07397051347229283,1.0,0.0418551997236631,1.0,0.4002971618110054,1.0,0.07397051347229283,0.08007241463039043,0.08397267695738117
reasoning,13,13,model.layers.13.mlp,21,0.004082994407727504,53.0,0.0011641672558146924,53.0,0.006947442883531879,54.0,0.004082994407727504,0.002227147016909745,0.001457405729032176
reasoning,13,13,model.layers.13.mlp,22,0.029359430604982206,9.0,0.0146659847195523,10.0,0.1620557225774737,8.0,0.029359430604982206,0.028057226274876456,0.033995376783406035
reasoning,13,13,model.layers.13.mlp,23,0.005481062531774276,50.0,0.0023498302434505273,51.0,0.014878662044573509,51.0,0.005481062531774276,0.004495417123961934,0.003121183961871073
reasoning,13,13,model.layers.13.mlp,24,0.007165099135739705,44.0,0.0033752565524513855,45.0,0.02708043922240745,44.0,0.007165099135739705,0.006457141381146808,0.005680822128238971
reasoning,13,13,model.layers.13.mlp,25,0.001239196746314184,61.0,0.00031673817326711046,61.0,0.0017123743233587697,61.0,0.001239196746314184,0.0006059459877521012,0.00035921477742929835
reasoning,13,13,model.layers.13.mlp,26,0.004797915607524149,51.0,0.00247767981261121,49.0,0.020830736088840625,48.0,0.004797915607524149,0.004740003788934011,0.004369785347612685
reasoning,13,13,model.layers.13.mlp,27,0.01691980172852059,22.0,0.008559319593607015,22.0,0.07276613014145557,24.0,0.01691980172852059,0.016374677267776847,0.015264576726357426
reasoning,13,13,model.layers.13.mlp,28,0.01110510930350788,38.0,0.00661500699034062,32.0,0.043344026419130995,37.0,0.01110510930350788,0.012655048500796606,0.009092529939655982
reasoning,13,13,model.layers.13.mlp,29,0.004591382816471784,52.0,0.0014360793423519318,52.0,0.006023776030473801,56.0,0.004591382816471784,0.0027473370406098383,0.0012636427307706319
reasoning,13,13,model.layers.13.mlp,30,0.011549949161159126,37.0,0.006397241496409507,33.0,0.050829298137088204,36.0,0.011549949161159126,0.012238445329927353,0.010662759169027853
reasoning,13,13,model.layers.13.mlp,31,0.018238434163701068,21.0,0.008878846549115086,20.0,0.08824048123507555,21.0,0.018238434163701068,0.016985958423665435,0.018510721864211672
reasoning,13,13,model.layers.13.mlp,32,0.04543721403152008,3.0,0.029360888994582487,2.0,0.23538914791023785,4.0,0.04543721403152008,0.05616977802072044,0.04937895834013426
reasoning,13,13,model.layers.13.mlp,33,0.014568505338078292,30.5,0.007992347364323844,26.0,0.07832346605842466,22.0,0.014568505338078292,0.015290013098765308,0.016430371586326046
reasoning,13,13,model.layers.13.mlp,34,0.015521733604473818,28.0,0.007841388525911921,27.0,0.07310963141006083,23.0,0.015521733604473818,0.015001216514798521,0.015336634996599818
reasoning,13,13,model.layers.13.mlp,35,0.018524402643619726,17.0,0.009697235836616675,18.0,0.11967804402219019,14.0,0.018524402643619726,0.01855160395374396,0.02510556328728465
reasoning,13,13,model.layers.13.mlp,36,0.021018683274021354,15.0,0.009290546830317424,19.0,0.10478646393408918,15.0,0.021018683274021354,0.017773574677739705,0.021981669431865622
reasoning,13,13,model.layers.13.mlp,37,0.014155439755973564,32.0,0.008131514967669675,24.0,0.09694200626706556,17.0,0.014155439755973564,0.01555625208727323,0.020336091665091868
reasoning,13,13,model.layers.13.mlp,38,0.0157600406710727,27.0,0.00868242939656679,21.0,0.06258542034973878,27.0,0.0157600406710727,0.016610196372995392,0.013128909686728724
reasoning,13,13,model.layers.13.mlp,39,0.008992119979664464,41.0,0.0067669975618208245,31.0,0.05583237523111705,31.0,0.008992119979664464,0.012945818874366043,0.01171228391386757
reasoning,13,13,model.layers.13.mlp,40,0.008293085917641078,42.0,0.0031542794984430605,46.0,0.031087078290447465,42.0,0.008293085917641078,0.006034394233619681,0.006521318240235378
reasoning,13,13,model.layers.13.mlp,41,0.021749491611591256,12.0,0.011690404491492438,14.0,0.12895266945039674,11.0,0.021749491611591256,0.022364698336645207,0.027051155710323634
reasoning,13,13,model.layers.13.mlp,42,0.002271860701576004,58.0,0.0003316401223210314,60.0,0.001984184994454622,60.0,0.002271860701576004,0.0006344546330655749,0.00041623409171631133
reasoning,13,13,model.layers.13.mlp,43,0.0014933909506863244,60.0,0.0003769083803658808,59.0,0.0024801671001198453,59.0,0.0014933909506863244,0.0007210565069472904,0.0005202791590039266
reasoning,13,13,model.layers.13.mlp,44,0.007085663446873411,46.0,0.00272172734891332,48.0,0.025200285494751777,46.0,0.007085663446873411,0.005206886652839207,0.005286411283834365
reasoning,13,13,model.layers.13.mlp,45,0.016220767666497205,24.0,0.006144761675556844,37.0,0.031363256612767045,41.0,0.016220767666497205,0.011755430817164405,0.006579253782265834
reasoning,13,13,model.layers.13.mlp,46,0.013027452974072191,34.0,0.0043421843722197505,42.0,0.022105245456576772,47.0,0.013027452974072191,0.008306953251913721,0.00463714663224401
reasoning,13,13,model.layers.13.mlp,47,0.0028596847991865784,54.0,0.001068890973524085,55.0,0.006822505569058017,55.0,0.0028596847991865784,0.002044875709392783,0.0014311968978209528
reasoning,13,13,model.layers.13.mlp,48,0.012550838840874427,35.0,0.0062058201039813165,36.0,0.054941579457097815,32.0,0.012550838840874427,0.011872240576280672,0.01152541647411781
reasoning,13,13,model.layers.13.mlp,49,0.034030249110320286,7.0,0.017098361365856952,7.0,0.16640226787640833,7.0,0.034030249110320286,0.03271056140757377,0.03490717701355702
reasoning,13,13,model.layers.13.mlp,50,0.006958566344687341,47.0,0.004094366743653088,44.0,0.04300905870350412,38.0,0.006958566344687341,0.00783285789367102,0.009022261802734324
reasoning,13,13,model.layers.13.mlp,51,0.0063230808337569906,49.0,0.002757380320205262,47.0,0.014938012935906785,50.0,0.0063230808337569906,0.0052750936980556174,0.0031336343454873693
reasoning,13,13,model.layers.13.mlp,52,0.0017634722928317234,59.0,0.0007219804260533172,56.0,0.007161020791327584,53.0,0.0017634722928317234,0.001381207506155645,0.0015022092159602937
reasoning,13,13,model.layers.13.mlp,53,0.013821809862735129,33.0,0.007133340374976169,29.0,0.059762753676916656,29.0,0.013821809862735129,0.013646662588540324,0.01253678238909086
reasoning,13,13,model.layers.13.mlp,54,0.034872267412303,6.0,0.014990460890831532,9.0,0.15219498117017333,9.0,0.034872267412303,0.028677975684648437,0.031926831383260405
reasoning,13,13,model.layers.13.mlp,55,0.04075050838840875,5.0,0.02739608912038876,3.0,0.3405802185667549,2.0,0.04075050838840875,0.05241095543163043,0.07144550449069434
reasoning,13,13,model.layers.13.mlp,56,0.002541942043721403,57.0,0.0011502194659141459,54.0,0.009792632574379354,52.0,0.002541942043721403,0.00220046375596564,0.0020542578118975746
reasoning,13,13,model.layers.13.mlp,57,0.021606507371631927,13.0,0.012135446041322445,13.0,0.10033687876455058,16.0,0.021606507371631927,0.023216099159984085,0.021048253925381392
reasoning,13,13,model.layers.13.mlp,58,0.014568505338078292,30.5,0.008077880362901945,25.0,0.08919723606921721,20.0,0.014568505338078292,0.01545364470898205,0.018711425921795578
reasoning,13,13,model.layers.13.mlp,59,0.02491103202846975,11.0,0.014565417896264934,11.0,0.13204225136822229,10.0,0.02491103202846975,0.02786483373044966,0.02769927538008392
reasoning,13,13,model.layers.13.mlp,60,0.012296644636502287,36.0,0.0056311525423392225,39.0,0.051587750115367925,35.0,0.012296644636502287,0.010772854608127559,0.010821864076671042
reasoning,13,13,model.layers.13.mlp,61,0.007244534824605999,43.0,0.0041128138206183275,43.0,0.030242538911986,43.0,0.007244534824605999,0.007868148658145481,0.006344154275133834
reasoning,13,13,model.layers.13.mlp,62,0.0008896797153024911,62.0,0.00023784162310943062,62.0,0.0013566971380106374,62.0,0.0008896797153024911,0.0004550104452426354,0.0002846022939152367
reasoning,13,13,model.layers.13.mlp,63,0.029391204880528723,8.0,0.015146927477201958,8.0,0.19289330376409672,5.0,0.029391204880528723,0.028977309040178246,0.04046435655687221
reasoning,14,14,model.layers.14.mlp,0,0.012773258769700051,32.0,0.006124553670723182,33.0,0.07554498379249892,31.0,0.012773258769700051,0.011724015305807177,0.011911369336531199
reasoning,14,14,model.layers.14.mlp,1,0.02352885104219624,14.0,0.009984965244403756,17.0,0.0757931425417506,30.0,0.02352885104219624,0.019113863907003613,0.011950497156381518
reasoning,14,14,model.layers.14.mlp,2,0.006021225216065074,53.0,0.0017969221649402644,57.0,0.023215068802502657,49.0,0.006021225216065074,0.0034397842026937836,0.003660378820639167
reasoning,14,14,model.layers.14.mlp,3,0.0071174377224199285,49.5,0.0027729106179699417,48.0,0.029361337620289602,47.0,0.0071174377224199285,0.005308084192668381,0.004629476625085775
reasoning,14,14,model.layers.14.mlp,4,0.005115658362989324,57.0,0.0013348453833963523,59.0,0.008610543288786701,59.0,0.005115658362989324,0.0025552470510029793,0.0013576462149047707
reasoning,14,14,model.layers.14.mlp,5,0.0071174377224199285,49.5,0.0026709319494312403,49.0,0.02252589824103315,51.0,0.0071174377224199285,0.005112870053795075,0.0035517155490171148
reasoning,14,14,model.layers.14.mlp,6,0.000619598373157092,62.0,0.00016791649621091765,62.0,0.0020753429889163815,62.0,0.000619598373157092,0.0003214365776701331,0.0003272245965246753
reasoning,14,14,model.layers.14.mlp,7,0.019064565327910524,19.0,0.008580249035849327,25.0,0.14544631880918735,16.0,0.019064565327910524,0.016424865619972043,0.022932890246342423
reasoning,14,14,model.layers.14.mlp,8,0.0462792323335028,2.0,0.022698484342232778,4.0,0.26130721109754007,5.0,0.0462792323335028,0.04345090142961205,0.04120097120188641
reasoning,14,14,model.layers.14.mlp,9,0.030169674631418404,7.0,0.02705346841041243,3.0,0.23493988949087713,8.0,0.030169674631418404,0.0517874925702781,0.037043568680830516
reasoning,14,14,model.layers.14.mlp,10,0.019048678190137266,20.0,0.009769100311387901,19.0,0.191564912382697,10.0,0.019048678190137266,0.018700641341780164,0.030204525949439797
reasoning,14,14,model.layers.14.mlp,11,0.030932257244534824,6.0,0.018084162919122553,5.0,0.308465120085739,3.0,0.030932257244534824,0.03461787001230873,0.04863647840432142
reasoning,14,14,model.layers.14.mlp,12,0.022162557193695982,16.0,0.00962746003950436,20.0,0.06517492167284238,33.0,0.022162557193695982,0.018429504405970566,0.010276295321699448
reasoning,14,14,model.layers.14.mlp,13,0.0063389679715302495,52.0,0.002030652370559545,54.0,0.014570724785358214,56.0,0.0063389679715302495,0.0038872056239818327,0.002297403159104046
reasoning,14,14,model.layers.14.mlp,14,0.007625826131164209,48.0,0.0026587528447906076,50.0,0.026139166192864185,48.0,0.007625826131164209,0.005089556026864367,0.004121428677877227
reasoning,14,14,model.layers.14.mlp,15,0.030042577529232332,8.0,0.015583125600732398,8.0,0.2699508168822203,4.0,0.030042577529232332,0.02983022320934769,0.042563830464435175
reasoning,14,14,model.layers.14.mlp,16,0.016300203355363498,24.0,0.008110492436729474,27.0,0.10540898315453202,21.0,0.016300203355363498,0.015525627266586078,0.016620101914251718
reasoning,14,14,model.layers.14.mlp,17,0.01278914590747331,31.0,0.0077334676954912305,28.0,0.07969275658574272,27.0,0.01278914590747331,0.0148039022112445,0.012565359200372404
reasoning,14,14,model.layers.14.mlp,18,0.010692043721403153,39.0,0.005199701942401182,39.0,0.05327560752251455,40.0,0.010692043721403153,0.00995360452954419,0.008400100257771985
reasoning,14,14,model.layers.14.mlp,19,0.008229537366548042,46.0,0.009435703139894192,21.0,0.07868366912348233,29.0,0.008229537366548042,0.01806243099182604,0.012406253819016297
reasoning,14,14,model.layers.14.mlp,20,0.01652262328418912,23.0,0.010071390343003304,16.0,0.16034185889413288,14.0,0.01652262328418912,0.01927930440001955,0.025281507858151465
reasoning,14,14,model.layers.14.mlp,21,0.01744407727503813,22.0,0.008431431237488879,26.0,0.1016924015393582,23.0,0.01744407727503813,0.016139989000456944,0.016034099057870236
reasoning,14,14,model.layers.14.mlp,22,0.010294865277071684,41.0,0.005441561894302872,37.0,0.03727380954861702,45.0,0.010294865277071684,0.010416588435050955,0.0058770561568005095
reasoning,14,14,model.layers.14.mlp,23,0.02418022369089985,12.0,0.010857260645375254,14.0,0.1204319585590085,18.0,0.02418022369089985,0.020783667974696187,0.018988812576336885
reasoning,14,14,model.layers.14.mlp,24,0.016236654804270462,25.0,0.009790945125826131,18.0,0.12066575459071568,17.0,0.016236654804270462,0.01874245809326862,0.01902567579005772
reasoning,14,14,model.layers.14.mlp,25,0.02128876461616675,17.0,0.009296504506982398,22.0,0.10226032540891518,22.0,0.02128876461616675,0.017795967998676596,0.016123645055840217
reasoning,14,14,model.layers.14.mlp,26,0.007959456024402643,47.0,0.0034649009685196364,47.0,0.016309797782763407,54.0,0.007959456024402643,0.0066327367138957006,0.0025716072125747465
reasoning,14,14,model.layers.14.mlp,27,0.003511057447890188,59.0,0.0020172475980633577,55.0,0.012724483019213539,58.0,0.003511057447890188,0.003861545344659372,0.002006301533859373
reasoning,14,14,model.layers.14.mlp,28,0.00020653279105236401,63.5,6.185743974803e-05,63.0,0.0006507038236815856,63.0,0.00020653279105236401,0.00011841149729010633,0.00010259812344197018
reasoning,14,14,model.layers.14.mlp,29,0.005608159633960346,54.0,0.002265639273600343,53.0,0.017733961927084735,52.0,0.005608159633960346,0.004337032696456362,0.002796158787904367
reasoning,14,14,model.layers.14.mlp,30,0.012360193187595323,33.0,0.005818431487711299,35.0,0.0749011216377418,32.0,0.012360193187595323,0.011138016496418893,0.011809849956393502
reasoning,14,14,model.layers.14.mlp,31,0.013583502796136248,28.0,0.00701493155125985,31.0,0.10113140467950155,24.0,0.013583502796136248,0.013428434021127447,0.015945645259101266
reasoning,14,14,model.layers.14.mlp,32,0.010739705134722928,38.0,0.004921754605284062,41.0,0.044664343780197346,43.0,0.010739705134722928,0.009421539825768857,0.007042340447130465
reasoning,14,14,model.layers.14.mlp,33,0.0676633197763091,1.0,0.04160632708985368,1.0,0.4893458987258083,1.0,0.0676633197763091,0.07964551244797338,0.07715640986898524
reasoning,14,14,model.layers.14.mlp,34,0.013091001525165227,30.0,0.006532933788367438,32.0,0.05705369233963874,37.0,0.013091001525165227,0.012505762843221318,0.00899580048010727
reasoning,14,14,model.layers.14.mlp,35,0.011136883579054398,35.0,0.00762967379734367,29.0,0.08600530516967958,26.0,0.011136883579054398,0.014605213242879611,0.013560674757585283
reasoning,14,14,model.layers.14.mlp,36,0.00020653279105236401,63.5,5.116775427364006e-05,64.0,0.0005557884930443146,64.0,0.00020653279105236401,9.794861250633827e-05,8.763258235422734e-05
reasoning,14,14,model.layers.14.mlp,37,0.01097801220132181,36.0,0.0043424403661389485,44.0,0.04470994759253479,42.0,0.01097801220132181,0.008312579177897293,0.007049530915969498
reasoning,14,14,model.layers.14.mlp,38,0.02908934926283681,9.0,0.01386594942031806,9.0,0.24641332492406562,6.0,0.02908934926283681,0.02654309390910466,0.038852614366496833
reasoning,14,14,model.layers.14.mlp,39,0.009214539908490086,43.0,0.005203735785976424,38.0,0.06257587971272781,34.0,0.009214539908490086,0.00996132637285882,0.00986649777917697
reasoning,14,14,model.layers.14.mlp,40,0.005242755465175394,56.0,0.0019728753187357017,56.0,0.013665714684209062,57.0,0.005242755465175394,0.003776605068198448,0.002154707919434812
reasoning,14,14,model.layers.14.mlp,41,0.01860383833248602,21.0,0.007383283528811325,30.0,0.09714025618857881,25.0,0.01860383833248602,0.014133557113342571,0.015316350746537744
reasoning,14,14,model.layers.14.mlp,42,0.031917259786476866,5.0,0.017710287678829595,6.0,0.23502650270622033,7.0,0.031917259786476866,0.03390217393463203,0.03705722520632811
reasoning,14,14,model.layers.14.mlp,43,0.010660269445856635,40.0,0.004479629834654613,43.0,0.055379497431820884,38.0,0.010660269445856635,0.008575196099088104,0.008731825919689953
reasoning,14,14,model.layers.14.mlp,44,0.020446746314184038,18.0,0.008808316345680287,23.0,0.16970454534420096,13.0,0.020446746314184038,0.016861446761222247,0.02675774639432242
reasoning,14,14,model.layers.14.mlp,45,0.028374428063040164,10.0,0.01204850119749301,12.0,0.17796583519893427,12.0,0.028374428063040164,0.02306401740369836,0.028060324933834098
reasoning,14,14,model.layers.14.mlp,46,0.02398957803762074,13.0,0.011207181060744472,13.0,0.14740500522253777,15.0,0.02398957803762074,0.021453508182842928,0.023241721304509636
reasoning,14,14,model.layers.14.mlp,47,0.014155439755973564,27.0,0.010665823738164082,15.0,0.07953059733913947,28.0,0.014155439755973564,0.020417207110622292,0.012539791140381416
reasoning,14,14,model.layers.14.mlp,48,0.025292323335027962,11.0,0.01330813091299409,10.0,0.18273616324964367,11.0,0.025292323335027962,0.02547528177628086,0.02881247466523766
reasoning,14,14,model.layers.14.mlp,49,0.004194204372140315,58.0,0.0015312625359446492,58.0,0.015145141530988419,55.0,0.004194204372140315,0.002931241421630706,0.002387972905324165
reasoning,14,14,model.layers.14.mlp,50,0.005544611082867311,55.0,0.0023909832053094814,51.0,0.0225461582616767,50.0,0.005544611082867311,0.004576974127759791,0.0035549099978942752
reasoning,14,14,model.layers.14.mlp,51,0.0017793594306049821,60.0,0.0005645364083550458,60.0,0.005768849373803142,60.0,0.0017793594306049821,0.0010806719718823926,0.000909589122779173
reasoning,14,14,model.layers.14.mlp,52,0.009182765632943568,44.0,0.005549110369932003,36.0,0.060895246223001596,35.0,0.009182765632943568,0.01062246465757792,0.00960150803120829
reasoning,14,14,model.layers.14.mlp,53,0.0157600406710727,26.0,0.008768567471681176,24.0,0.11754539796829709,19.0,0.0157600406710727,0.016785356905175783,0.01853368124157243
reasoning,14,14,model.layers.14.mlp,54,0.008324860193187596,45.0,0.004272926380989451,45.0,0.04206366616196601,44.0,0.008324860193187596,0.008179511028008072,0.006632285006241224
reasoning,14,14,model.layers.14.mlp,55,0.00103266395526182,61.0,0.0003271291991691027,61.0,0.003190104539511346,61.0,0.00103266395526182,0.000626211793419085,0.0005029918796016394
reasoning,14,14,model.layers.14.mlp,56,0.006418403660396543,51.0,0.004048954973865659,46.0,0.05520558188113999,39.0,0.006418403660396543,0.007750770527661954,0.008704404213396173
reasoning,14,14,model.layers.14.mlp,57,0.011788256227758007,34.0,0.005911256434290798,34.0,0.06041430855424621,36.0,0.011788256227758007,0.011315707990847463,0.009525677368299809
reasoning,14,14,model.layers.14.mlp,58,0.00930986273512964,42.0,0.002364930005987465,52.0,0.016583316136070114,53.0,0.00930986273512964,0.004527101414736362,0.0026147335455620536
reasoning,14,14,model.layers.14.mlp,59,0.01355172852058973,29.0,0.004801980480665353,42.0,0.05252164789775209,41.0,0.01355172852058973,0.00919226047811909,0.008281221530098344
reasoning,14,14,model.layers.14.mlp,60,0.038462760549059484,4.0,0.02999888790035587,2.0,0.4175901842044584,2.0,0.038462760549059484,0.05742580436223635,0.06584250423604288
reasoning,14,14,model.layers.14.mlp,61,0.01085091509913574,37.0,0.0050408305646685945,40.0,0.03130654426292532,46.0,0.01085091509913574,0.009649482700537245,0.004936182293591173
reasoning,14,14,model.layers.14.mlp,62,0.038494534824606,3.0,0.016814239145113118,7.0,0.20069761265184774,9.0,0.038494534824606,0.03218690008957524,0.0316445019807338
reasoning,14,14,model.layers.14.mlp,63,0.023338205388917132,15.0,0.012320289165766395,11.0,0.11304247694447007,20.0,0.023338205388917132,0.0235842914467202,0.017823694254807593
reasoning,15,15,model.layers.15.mlp,0,0.0067202592780884595,46.0,0.00417926363612894,44.0,0.09316679801986978,34.0,0.0067202592780884595,0.008216804078578823,0.009503492789641393
reasoning,15,15,model.layers.15.mlp,1,0.01496568378240976,26.0,0.012890969428182193,11.0,0.45489904585985225,5.0,0.01496568378240976,0.02534479262294962,0.04640204336980495
reasoning,15,15,model.layers.15.mlp,2,0.025387646161667513,12.0,0.011870484577561007,14.0,0.29115185061262294,11.0,0.025387646161667513,0.023338428628531017,0.029698986890133304
reasoning,15,15,model.layers.15.mlp,3,0.023576512455516015,13.0,0.009416883708137392,21.0,0.13884019481996382,26.0,0.023576512455516015,0.018514431057093172,0.014162414276623828
reasoning,15,15,model.layers.15.mlp,4,0.00954816980172852,40.0,0.006150727109613307,31.0,0.14257660463459915,25.0,0.00954816980172852,0.012092876640658211,0.014543547303487746
reasoning,15,15,model.layers.15.mlp,5,0.018444966954753433,19.0,0.008416606862349867,25.0,0.11071679212747641,32.0,0.018444966954753433,0.016547797797797796,0.011293682492461467
reasoning,15,15,model.layers.15.mlp,6,0.008150101677681749,44.0,0.00509150184588682,39.0,0.06721208685839546,40.0,0.008150101677681749,0.01001034554788821,0.006855978700687829
reasoning,15,15,model.layers.15.mlp,7,0.030153787493645143,8.0,0.013220301726534697,10.0,0.4941852427886474,4.0,0.030153787493645143,0.025992289217545192,0.050409437604450755
reasoning,15,15,model.layers.15.mlp,8,0.005338078291814947,51.0,0.001802119617239133,52.0,0.020935520673682984,53.0,0.005338078291814947,0.0035431274765745755,0.0021355308328542323
reasoning,15,15,model.layers.15.mlp,9,0.011438739196746314,33.0,0.004367954426752352,43.0,0.044925979985824746,46.0,0.011438739196746314,0.008587786958094125,0.004582681126078864
reasoning,15,15,model.layers.15.mlp,10,0.016697381799694967,22.0,0.009341280170667578,22.0,0.1826635461488107,20.0,0.016697381799694967,0.018365787777050575,0.018632621606093237
reasoning,15,15,model.layers.15.mlp,11,0.003511057447890188,54.0,0.0013222551370067044,54.0,0.015087969699636836,58.0,0.003511057447890188,0.0025996712216848736,0.0015390505448115313
reasoning,15,15,model.layers.15.mlp,12,0.008356634468734112,43.0,0.0031525728723150737,48.0,0.05042337150093742,44.0,0.008356634468734112,0.00619823870677113,0.005143443347557882
reasoning,15,15,model.layers.15.mlp,13,0.017221657346212508,21.0,0.009941500579880528,20.0,0.2618226786979759,13.0,0.017221657346212508,0.019545874494679955,0.02670726044100111
reasoning,15,15,model.layers.15.mlp,14,0.0012709710218607015,63.0,0.00040647179933750633,63.0,0.006817682410898582,61.0,0.0012709710218607015,0.0007991597155419681,0.0006954386864322783
reasoning,15,15,model.layers.15.mlp,15,0.013662938485002543,28.0,0.006108635503383961,33.0,0.11634917057630188,31.0,0.013662938485002543,0.012010120798516703,0.011868214075757146
reasoning,15,15,model.layers.15.mlp,16,0.0016522623284189121,62.0,0.00043971222187579436,62.0,0.005077905530591998,62.0,0.0016522623284189121,0.0008645133431822851,0.0005179724925844205
reasoning,15,15,model.layers.15.mlp,17,0.04291115912557194,4.0,0.017009950375035745,5.0,0.31409668049717776,9.0,0.04291115912557194,0.033443075571915164,0.03203947760143702
reasoning,15,15,model.layers.15.mlp,18,0.0016681494661921709,61.0,0.0005007241059513219,61.0,0.007117973247578014,60.0,0.0016681494661921709,0.000984468134638783,0.000726069896926061
reasoning,15,15,model.layers.15.mlp,19,0.0032092018301982713,57.0,0.001158333697413574,58.0,0.016108422831314497,57.0,0.0032092018301982713,0.002277387089673779,0.0016431420150045646
reasoning,15,15,model.layers.15.mlp,20,0.016109557702084394,24.0,0.01019094726066027,19.0,0.18225698887423084,21.0,0.016109557702084394,0.020036308858834458,0.018591150672137537
reasoning,15,15,model.layers.15.mlp,21,0.029756609049313675,9.0,0.013593184020716827,9.0,0.3109845077561193,10.0,0.029756609049313675,0.026725408977968705,0.03172201996810224
reasoning,15,15,model.layers.15.mlp,22,0.010501398068124047,35.0,0.005680970510493454,36.0,0.07181365682682411,37.0,0.010501398068124047,0.01116929337919099,0.007325362514937468
reasoning,15,15,model.layers.15.mlp,23,0.02209900864260295,15.0,0.012804924441765696,12.0,0.18271495723821332,19.0,0.02209900864260295,0.025175620525449877,0.01863786580174909
reasoning,15,15,model.layers.15.mlp,24,0.022798042704626334,14.0,0.010923431194792197,16.0,0.19680247684996566,18.0,0.022798042704626334,0.021476437432068833,0.02007486528976055
reasoning,15,15,model.layers.15.mlp,25,0.006275419420437214,49.0,0.002178306560196365,51.0,0.03586895057830219,49.0,0.006275419420437214,0.004282744470457781,0.0036588175233863724
reasoning,15,15,model.layers.15.mlp,26,0.045611972547025925,3.0,0.020112883699200876,3.0,0.38863940498340416,8.0,0.045611972547025925,0.0395437185112953,0.03964321906010552
reasoning,15,15,model.layers.15.mlp,27,0.0032568632435180478,55.0,0.0014950820620313295,53.0,0.02219578673391701,51.0,0.0032568632435180478,0.0029394643302493133,0.0022640844557222147
reasoning,15,15,model.layers.15.mlp,28,0.018381418403660397,20.0,0.007976491256116549,28.0,0.15944133840603578,24.0,0.018381418403660397,0.015682491365085222,0.016263836925997775
reasoning,15,15,model.layers.15.mlp,29,0.015601169293340112,25.0,0.010390436340238942,18.0,0.41053917423746705,7.0,0.015601169293340112,0.020428522135006778,0.04187710820971877
reasoning,15,15,model.layers.15.mlp,30,0.0018429079816980173,60.0,0.0005008482242151754,60.0,0.005061918934953958,63.0,0.0018429079816980173,0.000984712162186565,0.0005163417775699942
reasoning,15,15,model.layers.15.mlp,31,0.008912684290798169,42.0,0.006793876923336616,30.0,0.12121918835370869,29.0,0.008912684290798169,0.013357366386376626,0.012364980947826102
reasoning,15,15,model.layers.15.mlp,32,0.0064660650737163195,48.0,0.002427473974882435,49.0,0.02131357101934721,52.0,0.0064660650737163195,0.004772629772629772,0.002174093913377566
reasoning,15,15,model.layers.15.mlp,33,0.010819140823589223,34.0,0.004661338972936261,42.0,0.04301941778130136,47.0,0.010819140823589223,0.009164607074163389,0.004388201970963686
reasoning,15,15,model.layers.15.mlp,34,0.08075432130147432,1.0,0.042348655153787496,1.0,0.6021908008331082,2.0,0.08075432130147432,0.0832612231929638,0.061426560269735656
reasoning,15,15,model.layers.15.mlp,35,0.012042450432130147,30.0,0.005970398787017031,34.0,0.08168724683801354,35.0,0.012042450432130147,0.011738335117174708,0.008332519500832828
reasoning,15,15,model.layers.15.mlp,36,0.011978901881037113,31.0,0.006135957036214731,32.0,0.1727857141247484,22.0,0.011978901881037113,0.012063837362472175,0.017625031913057483
reasoning,15,15,model.layers.15.mlp,37,0.010358413828164718,36.0,0.003968883178897115,46.0,0.04813453267992725,45.0,0.010358413828164718,0.007803177385088648,0.004909970010549107
reasoning,15,15,model.layers.15.mlp,38,0.061101931875953225,2.0,0.030592049083312152,2.0,0.6111071190678897,1.0,0.061101931875953225,0.06014668983952261,0.062336070608776425
reasoning,15,15,model.layers.15.mlp,39,0.029391204880528723,10.0,0.014514467348953038,8.0,0.19990022509275018,17.0,0.029391204880528723,0.02853673395482269,0.020390851550049847
reasoning,15,15,model.layers.15.mlp,40,0.0030662175902389423,58.0,0.0012995182225470259,55.0,0.02058560609908412,54.0,0.0030662175902389423,0.0025549684252755924,0.002099837745752736
reasoning,15,15,model.layers.15.mlp,41,0.005020335536349771,52.0,0.0022001281024601233,50.0,0.032966715759532854,50.0,0.005020335536349771,0.004325647563702171,0.0033627746383648404
reasoning,15,15,model.layers.15.mlp,42,0.007451067615658363,45.0,0.003330480888766205,47.0,0.037886716186788155,48.0,0.007451067615658363,0.0065480216930728875,0.0038646399979050646
reasoning,15,15,model.layers.15.mlp,43,0.0066090493136756485,47.0,0.007114288221474644,29.0,0.13119241387697422,27.0,0.0066090493136756485,0.013987323500975379,0.013382301268629737
reasoning,15,15,model.layers.15.mlp,44,0.009834138281647179,38.0,0.005147735176803984,38.0,0.056686162297108725,43.0,0.009834138281647179,0.010120905278755109,0.005782280234082123
reasoning,15,15,model.layers.15.mlp,45,0.03018556176919166,7.0,0.016539037924583756,7.0,0.23475398213413687,14.0,0.03018556176919166,0.032517219803909224,0.023946114108972277
reasoning,15,15,model.layers.15.mlp,46,0.014759150991357398,27.0,0.008321167674837952,26.0,0.11713781831648729,30.0,0.014759150991357398,0.016360155865275318,0.01194866020325871
reasoning,15,15,model.layers.15.mlp,47,0.009754702592780884,39.0,0.003995491031710727,45.0,0.06859761892415936,39.0,0.009754702592780884,0.007855490790644374,0.006997310100678585
reasoning,15,15,model.layers.15.mlp,48,0.011835917641077784,32.0,0.005603458654716891,37.0,0.06983867499751976,38.0,0.011835917641077784,0.011016898175601248,0.007123904206040089
reasoning,15,15,model.layers.15.mlp,49,0.003797025927808846,53.0,0.0012461628838729664,57.0,0.018179529684112346,55.0,0.003797025927808846,0.002450067083172885,0.0018544055709115036
reasoning,15,15,model.layers.15.mlp,50,0.002081215048296899,59.0,0.0006980566306955389,59.0,0.007491321382967421,59.0,0.002081215048296899,0.0013724414321683947,0.0007641533278060465
reasoning,15,15,model.layers.15.mlp,51,0.003240976105744789,56.0,0.0012941811372013219,56.0,0.0175026857199921,56.0,0.003240976105744789,0.0025444752407209744,0.0017853640038571412
reasoning,15,15,model.layers.15.mlp,52,0.03294992374173869,5.0,0.01909806174436801,4.0,0.5456123143570885,3.0,0.03294992374173869,0.03754848827374425,0.055655263523452694
reasoning,15,15,model.layers.15.mlp,53,0.012582613116420945,29.0,0.00808314763172423,27.0,0.10053592483950073,33.0,0.012582613116420945,0.01589218728723848,0.01025518164323256
reasoning,15,15,model.layers.15.mlp,54,0.0209233604473818,16.0,0.011997193810172535,13.0,0.21105203658236305,16.0,0.0209233604473818,0.023587550251372776,0.02152839370385847
reasoning,15,15,model.layers.15.mlp,55,0.020129003558718862,17.0,0.010804696560633261,17.0,0.163385743378502,23.0,0.020129003558718862,0.021242994579172055,0.01666618652920367
reasoning,15,15,model.layers.15.mlp,56,0.018778596847991866,18.0,0.009042682657401817,24.0,0.23120229274231466,15.0,0.018778596847991866,0.017778718503974476,0.02358382351571791
reasoning,15,15,model.layers.15.mlp,57,0.005465175394001017,50.0,0.0059083241403072575,35.0,0.06494949523967478,41.0,0.005465175394001017,0.011616290839840327,0.0066251827133680845
reasoning,15,15,model.layers.15.mlp,58,0.03134532282663955,6.0,0.016707047509492565,6.0,0.43155069840881627,6.0,0.03134532282663955,0.03284754159327538,0.04402039179041247
reasoning,15,15,model.layers.15.mlp,59,0.00017475851550584646,64.0,4.654434894509405e-05,64.0,0.0007204507010263056,64.0,0.00017475851550584646,9.151033041818025e-05,7.348967859811344e-05
reasoning,15,15,model.layers.15.mlp,60,0.026785714285714284,11.0,0.011393428273048265,15.0,0.27691458722450557,12.0,0.026785714285714284,0.02240049349690988,0.028246712766423022
reasoning,15,15,model.layers.15.mlp,61,0.016347864768683273,23.0,0.00916394620118677,23.0,0.12276020679427817,28.0,0.016347864768683273,0.01801713341815731,0.012522172758105266
reasoning,15,15,model.layers.15.mlp,62,0.009055668530757498,41.0,0.004797248471855935,40.0,0.076372848188265,36.0,0.009055668530757498,0.009431817238984475,0.007790423493214386
reasoning,15,15,model.layers.15.mlp,63,0.009881799694966954,37.0,0.00474310187924981,41.0,0.06369868369728524,42.0,0.009881799694966954,0.009325360221264659,0.00649759349996865
