domain,layer,layer_ordinal,layer_name,expert_id,routing_frequency,routing_rank,gate_mass,gate_rank,functional_contribution,functional_rank,normalized_routing,normalized_gate,normalized_contribution
general,0,0,model.layers.0.mlp,0,0.022821576763485476,9.0,0.007183913867997925,19.0,0.004906556356497325,16.0,0.022821576763485476,0.0187050976435639,0.01837480453759348
general,0,0,model.layers.0.mlp,1,0.006742738589211619,58.0,0.003192822468231328,50.0,0.0020431607528840854,50.0,0.006742738589211619,0.008313303461623425,0.007651533325081022
general,0,0,model.layers.0.mlp,2,0.007002074688796681,56.5,0.004731870785788381,43.0,0.0024405527102502053,45.0,0.007002074688796681,0.012320596642894588,0.009139746036985318
general,0,0,model.layers.0.mlp,3,0.01867219917012448,16.0,0.00672121166688278,22.0,0.004381821966146533,20.0,0.01867219917012448,0.017500337952567946,0.01640970087704321
general,0,0,model.layers.0.mlp,4,0.015819502074688796,22.5,0.0066622025739107886,23.0,0.004425196572210779,19.0,0.015819502074688796,0.017346693175336388,0.01657213657540633
general,0,0,model.layers.0.mlp,5,0.015300829875518672,25.5,0.007005367041623444,21.0,0.005800175654442973,11.0,0.015300829875518672,0.0182402067940006,0.021721363455444107
general,0,0,model.layers.0.mlp,6,0.09050829875518672,1.0,0.02668629246628631,1.0,0.028231299764387836,1.0,0.09050829875518672,0.0694843668087716,0.10572478482304745
general,0,0,model.layers.0.mlp,7,0.00933609958506224,50.5,0.002394553536696058,58.0,0.0007039178394677728,60.0,0.00933609958506224,0.006234812741306376,0.002636136583577114
general,0,0,model.layers.0.mlp,8,0.010114107883817428,47.0,0.003982987146654565,48.0,0.0021420000932523323,48.0,0.010114107883817428,0.010370692753307814,0.008021681638467098
general,0,0,model.layers.0.mlp,9,0.021524896265560166,11.0,0.0061746810976400415,28.0,0.004449739773985756,18.0,0.021524896265560166,0.01607731035915291,0.016664049620437337
general,0,0,model.layers.0.mlp,10,0.01037344398340249,44.5,0.007080837898729253,20.0,0.004046315226812086,26.0,0.01037344398340249,0.01843671384814225,0.015153245165869694
general,0,0,model.layers.0.mlp,11,0.03371369294605809,3.0,0.009632917855290456,7.0,0.004339922497752296,21.0,0.03371369294605809,0.02508168560849596,0.01625278949438811
general,0,0,model.layers.0.mlp,12,0.02567427385892116,6.0,0.00753416955718361,14.0,0.006731347772157539,5.0,0.02567427385892116,0.01961707501228169,0.02520855577744907
general,0,0,model.layers.0.mlp,13,0.014782157676348547,27.5,0.007448061867868257,16.0,0.0038587259306452583,30.0,0.014782157676348547,0.019392872333059676,0.01445073277225462
general,0,0,model.layers.0.mlp,14,0.015300829875518672,25.5,0.005724895049922199,31.0,0.003148450705520345,37.0,0.015300829875518672,0.014906181070040258,0.011790788102041476
general,0,0,model.layers.0.mlp,15,0.007520746887966805,54.0,0.0025457485088174274,56.0,0.0015136770734030182,54.0,0.007520746887966805,0.006628486269234447,0.005668643817773739
general,0,0,model.layers.0.mlp,16,0.014782157676348547,27.5,0.004927132634206431,40.0,0.0027607866095309434,40.0,0.014782157676348547,0.01282900918901275,0.01033900573728469
general,0,0,model.layers.0.mlp,17,0.028526970954356846,5.0,0.01169190466156639,3.0,0.00798205969491935,3.0,0.028526970954356846,0.030442767320481245,0.02989240845207564
general,0,0,model.layers.0.mlp,18,0.013744813278008298,31.5,0.005006655617868257,38.0,0.003070026605208385,38.0,0.013744813278008298,0.01303606695747073,0.011497093826552179
general,0,0,model.layers.0.mlp,19,0.025155601659751038,8.0,0.009867181421810166,5.0,0.0071054882528376285,4.0,0.025155601659751038,0.0256916487799088,0.02660969288922285
general,0,0,model.layers.0.mlp,20,0.00933609958506224,50.5,0.002672377463692946,53.0,0.0018197471948332806,53.0,0.00933609958506224,0.006958196091619765,0.006814860888862961
general,0,0,model.layers.0.mlp,21,0.00233402489626556,64.0,0.00041483645617219916,64.0,0.00015378111772455615,64.0,0.00233402489626556,0.001080129378134304,0.0005759024811810316
general,0,0,model.layers.0.mlp,22,0.015560165975103735,24.0,0.005434914743257261,36.0,0.002627391043540353,43.0,0.015560165975103735,0.014151145576777878,0.009839446112740083
general,0,0,model.layers.0.mlp,23,0.0038900414937759337,61.0,0.0007367272594657676,61.0,0.0003885657978688533,61.0,0.0038900414937759337,0.001918251746637784,0.0014551591925321707
general,0,0,model.layers.0.mlp,24,0.009854771784232365,48.0,0.0026690851108661824,54.0,0.0013345051479537458,55.0,0.009854771784232365,0.006949623636237747,0.004997654050297611
general,0,0,model.layers.0.mlp,25,0.013744813278008298,31.5,0.00722164929655083,18.0,0.004125052467916022,23.0,0.013744813278008298,0.018803351170634724,0.015448112137732424
general,0,0,model.layers.0.mlp,26,0.018931535269709542,14.5,0.007444262999221992,17.0,0.00506992291860066,13.0,0.018931535269709542,0.019382981038388116,0.018986604021492683
general,0,0,model.layers.0.mlp,27,0.00466804979253112,60.0,0.001960216221473029,59.0,0.0011722864911609418,56.0,0.00466804979253112,0.005103908050524734,0.004390153413527873
general,0,0,model.layers.0.mlp,28,0.007002074688796681,56.5,0.001457752528526971,60.0,0.0009607336024031105,58.0,0.007002074688796681,0.0037956194752997888,0.003597898581859452
general,0,0,model.layers.0.mlp,29,0.018931535269709542,14.5,0.010558828773340249,4.0,0.006277922772767633,7.0,0.018931535269709542,0.02749252382977741,0.023510502166953974
general,0,0,model.layers.0.mlp,30,0.012966804979253113,35.5,0.006356267018931536,26.0,0.003818261394609554,31.0,0.012966804979253113,0.016550114244453455,0.014299195138456554
general,0,0,model.layers.0.mlp,31,0.01037344398340249,44.5,0.005711978896524896,32.0,0.004093945644703148,25.0,0.01037344398340249,0.014872550668156955,0.01533161866353333
general,0,0,model.layers.0.mlp,32,0.006224066390041493,59.0,0.002650597283454357,55.0,0.0018807663833451964,52.0,0.006224066390041493,0.00690148600216949,0.007043374652994967
general,0,0,model.layers.0.mlp,33,0.012448132780082987,37.0,0.004176222931794606,47.0,0.0027383408853127256,42.0,0.012448132780082987,0.01087382994226781,0.010254947639252587
general,0,0,model.layers.0.mlp,34,0.030342323651452282,4.0,0.00964127536631224,6.0,0.005804263812748723,10.0,0.030342323651452282,0.025103446456773395,0.02173667340081698
general,0,0,model.layers.0.mlp,35,0.007261410788381743,55.0,0.002875237049403527,52.0,0.0019445270068046958,51.0,0.007261410788381743,0.007486391227081046,0.007282154951872399
general,0,0,model.layers.0.mlp,36,0.00933609958506224,50.5,0.00498538195344917,39.0,0.0036586394139345255,33.0,0.00933609958506224,0.012980675707309996,0.013701418921961408
general,0,0,model.layers.0.mlp,37,0.011151452282157677,41.0,0.006199247114885892,27.0,0.003999834671554724,27.0,0.011151452282157677,0.016141274064695663,0.014979177845411452
general,0,0,model.layers.0.mlp,38,0.013744813278008298,31.5,0.007559748606068464,12.0,0.0060247856180697555,8.0,0.013744813278008298,0.019683676396403525,0.022562516369824245
general,0,0,model.layers.0.mlp,39,0.012966804979253113,35.5,0.0031839584413900415,51.0,0.0010960612106001722,57.0,0.012966804979253113,0.008290223774056454,0.0041046936064123105
general,0,0,model.layers.0.mlp,40,0.012188796680497925,38.0,0.004815445896006224,41.0,0.0037684696900399392,32.0,0.012188796680497925,0.012538205125668899,0.014112727731871336
general,0,0,model.layers.0.mlp,41,0.03812240663900415,2.0,0.01849061324883299,2.0,0.02475132833377949,2.0,0.03812240663900415,0.048144887684349005,0.09269246843088726
general,0,0,model.layers.0.mlp,42,0.013744813278008298,31.5,0.0052229378727956435,37.0,0.0031632804466388284,36.0,0.013744813278008298,0.013599211334104855,0.011846324729891354
general,0,0,model.layers.0.mlp,43,0.01037344398340249,44.5,0.002510039143542531,57.0,0.000796231526216778,59.0,0.01037344398340249,0.006535508099321787,0.0029818466553490227
general,0,0,model.layers.0.mlp,44,0.01841286307053942,17.0,0.008377518396654564,9.0,0.004908592219916617,15.0,0.01841286307053942,0.021812942429367915,0.018382428742774612
general,0,0,model.layers.0.mlp,45,0.015819502074688796,22.5,0.007525052272432573,15.0,0.004978228669567227,14.0,0.015819502074688796,0.01959333590506995,0.018643213712527897
general,0,0,model.layers.0.mlp,46,0.021784232365145227,10.0,0.0075536704162344395,13.0,0.00337130242487207,35.0,0.021784232365145227,0.01966785032492903,0.012625356480845914
general,0,0,model.layers.0.mlp,47,0.00933609958506224,50.5,0.004236245056405602,46.0,0.002477566143536469,44.0,0.00933609958506224,0.01103011239807845,0.009278359466137054
general,0,0,model.layers.0.mlp,48,0.014522821576763486,29.0,0.005562809987681536,34.0,0.003865558545866448,29.0,0.014522821576763486,0.01448415249738705,0.01447632056948917
general,0,0,model.layers.0.mlp,49,0.011670124481327801,40.0,0.004732377301607884,42.0,0.0024374426956987973,46.0,0.011670124481327801,0.01232191548218413,0.009128099190329716
general,0,0,model.layers.0.mlp,50,0.011929460580912862,39.0,0.005623845143931536,33.0,0.0035181737725170814,34.0,0.011929460580912862,0.014643072631776773,0.01317538222376362
general,0,0,model.layers.0.mlp,51,0.0254149377593361,7.0,0.008995467696447096,8.0,0.006582558031398726,6.0,0.0254149377593361,0.02342192636260827,0.024651345749682446
general,0,0,model.layers.0.mlp,52,0.0025933609958506223,63.0,0.0005462773113329876,63.0,0.00031073512200312497,62.0,0.0025933609958506223,0.0014223681737702647,0.0011636872614765406
general,0,0,model.layers.0.mlp,53,0.013485477178423237,34.0,0.006373488556794606,25.0,0.0030403029931036765,39.0,0.013485477178423237,0.01659495478029786,0.011385780407752448
general,0,0,model.layers.0.mlp,54,0.017894190871369293,18.0,0.007747919233013485,11.0,0.00392640029617365,28.0,0.017894190871369293,0.020173625192468108,0.014704169836549864
general,0,0,model.layers.0.mlp,55,0.010632780082987552,42.0,0.004411246272043569,45.0,0.002114479348867266,49.0,0.010632780082987552,0.011485771372614962,0.007918617847477511
general,0,0,model.layers.0.mlp,56,0.008298755186721992,53.0,0.003851039775674274,49.0,0.0023424313461632156,47.0,0.008298755186721992,0.010027135118382312,0.008772286508333825
general,0,0,model.layers.0.mlp,57,0.01711618257261411,20.0,0.005513931211099585,35.0,0.005903455540846987,9.0,0.01711618257261411,0.014356884505946316,0.02210814138836759
general,0,0,model.layers.0.mlp,58,0.01945020746887967,13.0,0.0061111133622925315,29.0,0.005640331222926927,12.0,0.01945020746887967,0.01591179602831548,0.021122754171839175
general,0,0,model.layers.0.mlp,59,0.017634854771784232,19.0,0.008147560214600622,10.0,0.004699029553975307,17.0,0.017634854771784232,0.021214189391916174,0.0175976271945463
general,0,0,model.layers.0.mlp,60,0.016856846473029045,21.0,0.0066338376880186725,24.0,0.004279105464205207,22.0,0.016856846473029045,0.017272838175122075,0.016025032790339618
general,0,0,model.layers.0.mlp,61,0.020487551867219917,12.0,0.005758831609828838,30.0,0.004102953427560102,24.0,0.020487551867219917,0.014994543302439522,0.015365352353169734
general,0,0,model.layers.0.mlp,62,0.01037344398340249,44.5,0.00452622536307054,44.0,0.002759103798520021,41.0,0.01037344398340249,0.01178514789134083,0.010332703695454788
general,0,0,model.layers.0.mlp,63,0.0033713692946058093,62.0,0.0006883549987033196,62.0,0.00021869858873706637,63.0,0.0033713692946058093,0.0017923025944865923,0.0008190151154321768
general,1,1,model.layers.1.mlp,0,0.013744813278008298,34.0,0.005825944955912863,21.0,0.005723529336858092,16.0,0.013744813278008298,0.017642166342068905,0.014285002305473698
general,1,1,model.layers.1.mlp,1,0.01270746887966805,39.0,0.003799375162085062,44.0,0.0032374659761848293,43.0,0.01270746887966805,0.011505293838624487,0.008080190772478884
general,1,1,model.layers.1.mlp,2,0.009595435684647304,53.5,0.0025340986449688798,57.0,0.002119998296885075,55.0,0.009595435684647304,0.007673774839973112,0.005291172417616711
general,1,1,model.layers.1.mlp,3,0.013485477178423237,36.5,0.004923080507650415,32.0,0.004535604979363715,32.0,0.013485477178423237,0.014908106047795055,0.011320135492219817
general,1,1,model.layers.1.mlp,4,0.008817427385892116,57.0,0.0025655026257780083,56.0,0.0014445660365320341,59.0,0.008817427385892116,0.007768872589339159,0.0036054028812922885
general,1,1,model.layers.1.mlp,5,0.02982365145228216,4.0,0.008212647497406638,6.0,0.0076735176578844235,9.0,0.02982365145228216,0.024869595293888474,0.019151857356276867
general,1,1,model.layers.1.mlp,6,0.004408713692946058,63.0,0.0013815218976919088,62.0,0.00109811932528662,62.0,0.004408713692946058,0.004183534054772469,0.0027407279966901858
general,1,1,model.layers.1.mlp,7,0.010114107883817428,51.0,0.0036375433577541492,46.0,0.0027636322521322498,48.0,0.010114107883817428,0.011015233662455907,0.00689757853409767
general,1,1,model.layers.1.mlp,8,0.01970954356846473,16.5,0.0065284823975622405,17.0,0.0048957421324559765,26.0,0.01970954356846473,0.019769595025467407,0.012218979502519548
general,1,1,model.layers.1.mlp,9,0.014522821576763486,30.0,0.006433763939315352,18.0,0.06378819339008251,1.0,0.014522821576763486,0.01948276794270207,0.15920500027340442
general,1,1,model.layers.1.mlp,10,0.008298755186721992,58.5,0.002475849325726141,58.0,0.0026293609955993433,50.0,0.008298755186721992,0.007497383853245766,0.006562459222874862
general,1,1,model.layers.1.mlp,11,0.032676348547717844,3.0,0.010128796842582987,3.0,0.016972422352470304,3.0,0.032676348547717844,0.030672091839884532,0.04236041752650544
general,1,1,model.layers.1.mlp,12,0.014263485477178423,31.5,0.004208133428423236,35.0,0.0033463189896211585,38.0,0.014263485477178423,0.012743098415050292,0.00835187026538934
general,1,1,model.layers.1.mlp,13,0.022562240663900415,8.5,0.007848209365274895,8.0,0.005525745791518342,20.0,0.022562240663900415,0.023766001250842172,0.013791366607134804
general,1,1,model.layers.1.mlp,14,0.022821576763485476,7.0,0.006808838903656639,15.0,0.004758176558044318,28.0,0.022821576763485476,0.020618572513759457,0.011875638107382559
general,1,1,model.layers.1.mlp,15,0.011410788381742738,43.5,0.003148249076115145,51.0,0.002110485049327874,56.0,0.011410788381742738,0.009533549373946208,0.005267428892373989
general,1,1,model.layers.1.mlp,16,0.01504149377593361,28.5,0.0038745927612811202,42.0,0.003269083929321578,40.0,0.01504149377593361,0.011733068286702841,0.008159104063015236
general,1,1,model.layers.1.mlp,17,0.013485477178423237,36.5,0.005646385097899377,26.0,0.0032582353274975577,42.0,0.013485477178423237,0.017098421952548525,0.008132027709781695
general,1,1,model.layers.1.mlp,18,0.035529045643153526,2.0,0.010292654710191909,2.0,0.05602054130981572,2.0,0.035529045643153526,0.03116828735472189,0.13981819864382802
general,1,1,model.layers.1.mlp,19,0.010892116182572614,46.0,0.0032591760405860995,50.0,0.0023571297959173367,52.0,0.010892116182572614,0.00986945916606176,0.005883014236013996
general,1,1,model.layers.1.mlp,20,0.011929460580912862,41.0,0.004148617819631743,38.0,0.0037559742316665493,36.0,0.011929460580912862,0.012562872841654962,0.009374303406315666
general,1,1,model.layers.1.mlp,21,0.017634854771784232,21.0,0.005701848580134855,25.0,0.0060562822055767185,13.0,0.017634854771784232,0.0172663768486063,0.015115499576831778
general,1,1,model.layers.1.mlp,22,0.00933609958506224,55.0,0.003643115031768672,45.0,0.004764959347507766,27.0,0.00933609958506224,0.011032105843795045,0.01189256685141798
general,1,1,model.layers.1.mlp,23,0.02074688796680498,12.0,0.008805271006224066,5.0,0.0056277950027671594,18.0,0.02074688796680498,0.026664181854505812,0.01404606491165356
general,1,1,model.layers.1.mlp,24,0.005186721991701245,62.0,0.0013260584154564316,63.0,0.0008697983619459437,63.0,0.005186721991701245,0.0040155791587146925,0.0021708758485224685
general,1,1,model.layers.1.mlp,25,0.0036307053941908715,64.0,0.0006447946382261411,64.0,0.0005735355657351462,64.0,0.0036307053941908715,0.0019525715313383513,0.0014314518886165463
general,1,1,model.layers.1.mlp,26,0.011151452282157677,45.0,0.0035245903300051866,47.0,0.003106745415950712,45.0,0.011151452282157677,0.010673188531671577,0.007753933424186466
general,1,1,model.layers.1.mlp,27,0.022562240663900415,8.5,0.009442467907157677,4.0,0.007241395839269725,10.0,0.022562240663900415,0.02859374586583625,0.018073351278671084
general,1,1,model.layers.1.mlp,28,0.01037344398340249,49.5,0.0029114529304979254,54.0,0.0021845586752495825,54.0,0.01037344398340249,0.00881648166703287,0.005452304666531768
general,1,1,model.layers.1.mlp,29,0.01815352697095436,19.5,0.005738064461229253,23.0,0.0038068057714161535,35.0,0.01815352697095436,0.017376046027310695,0.00950117069741834
general,1,1,model.layers.1.mlp,30,0.01037344398340249,49.5,0.002950454648599585,53.0,0.0018343827010932304,57.0,0.01037344398340249,0.008934586936406832,0.004578322145654019
general,1,1,model.layers.1.mlp,31,0.013744813278008298,34.0,0.003962726513874481,40.0,0.002901870365103869,47.0,0.013744813278008298,0.011999955518794651,0.007242598476563439
general,1,1,model.layers.1.mlp,32,0.021006224066390043,11.0,0.007676753760373444,9.0,0.005573133122624203,19.0,0.021006224066390043,0.0232467982159969,0.013909637711248523
general,1,1,model.layers.1.mlp,33,0.010632780082987552,47.5,0.004342360120591286,34.0,0.0059475326191834885,15.0,0.010632780082987552,0.013149564601856784,0.014844078221071002
general,1,1,model.layers.1.mlp,34,0.011410788381742738,43.5,0.0039650058350622405,39.0,0.0029224333859578207,46.0,0.011410788381742738,0.012006857774797026,0.007293920446456137
general,1,1,model.layers.1.mlp,35,0.014263485477178423,31.5,0.0038474941649377595,43.0,0.004230778084689156,34.0,0.014263485477178423,0.011651008132007947,0.010559336929494739
general,1,1,model.layers.1.mlp,36,0.013744813278008298,34.0,0.005158863621628631,31.0,0.004928192116041895,24.0,0.013744813278008298,0.015622106085374005,0.01229996940631061
general,1,1,model.layers.1.mlp,37,0.021784232365145227,10.0,0.007111988621628631,14.0,0.007871420304310272,7.0,0.021784232365145227,0.021536572562075248,0.019645790311638375
general,1,1,model.layers.1.mlp,38,0.007002074688796681,61.0,0.0016917628371369295,61.0,0.0012416034430667326,61.0,0.007002074688796681,0.0051230077884289816,0.003098841117573205
general,1,1,model.layers.1.mlp,39,0.016078838174273857,26.0,0.0053024608564574685,30.0,0.004249642591506119,33.0,0.016078838174273857,0.01605694821352359,0.010606419683423607
general,1,1,model.layers.1.mlp,40,0.025155601659751038,5.0,0.008081459900155602,7.0,0.007797101628483578,8.0,0.025155601659751038,0.02447233211508515,0.019460302932603316
general,1,1,model.layers.1.mlp,41,0.01996887966804979,15.0,0.005750220840897303,22.0,0.005048460052715792,22.0,0.01996887966804979,0.017412858059323355,0.012600138698987682
general,1,1,model.layers.1.mlp,42,0.020228215767634856,14.0,0.005921676445798755,20.0,0.004740378977846803,29.0,0.020228215767634856,0.01793206109416863,0.011831218229508233
general,1,1,model.layers.1.mlp,43,0.011670124481327801,42.0,0.00418964560101141,37.0,0.005005610519363178,23.0,0.011670124481327801,0.0126871134496977,0.012493193203174678
general,1,1,model.layers.1.mlp,44,0.01970954356846473,16.5,0.006777434922847511,16.0,0.005660566366065093,17.0,0.01970954356846473,0.02052347476439341,0.014127856927158714
general,1,1,model.layers.1.mlp,45,0.020487551867219917,13.0,0.005710712606976141,24.0,0.006041629433137252,14.0,0.020487551867219917,0.0172932189552822,0.01507892862982336
general,1,1,model.layers.1.mlp,46,0.008039419087136929,60.0,0.003437976124870332,49.0,0.003300104247738464,39.0,0.008039419087136929,0.01041090280358135,0.0082365257540771
general,1,1,model.layers.1.mlp,47,0.04771784232365145,1.0,0.017157210353993774,1.0,0.014106051061163305,4.0,0.04771784232365145,0.05195558168187272,0.03520641898910277
general,1,1,model.layers.1.mlp,48,0.00907676348547718,56.0,0.0038961196836099585,41.0,0.0033590146862125,37.0,0.00907676348547718,0.0117982562600586,0.008383556668027132
general,1,1,model.layers.1.mlp,49,0.010632780082987552,47.5,0.0030117430627593362,52.0,0.0024065080087214584,51.0,0.010632780082987552,0.009120180931137343,0.006006254258425457
general,1,1,model.layers.1.mlp,50,0.016338174273858922,25.0,0.005476449040456431,28.0,0.004620688522999712,31.0,0.016338174273858922,0.016583820421704833,0.011532490237948315
general,1,1,model.layers.1.mlp,51,0.01504149377593361,28.5,0.00555533887934388,27.0,0.004672696203364376,30.0,0.01504149377593361,0.01682271517112035,0.01166229298555149
general,1,1,model.layers.1.mlp,52,0.012966804979253113,38.0,0.0034716594268672197,48.0,0.0026552083272162316,49.0,0.012966804979253113,0.010512902808949771,0.006626969976643494
general,1,1,model.layers.1.mlp,53,0.016597510373443983,24.0,0.007177582420254149,12.0,0.005464275131829052,21.0,0.016597510373443983,0.021735204151476912,0.013637945795656525
general,1,1,model.layers.1.mlp,54,0.01711618257261411,22.5,0.005439220127723029,29.0,0.004918982070016663,25.0,0.01711618257261411,0.016471083573666053,0.01227698262298852
general,1,1,model.layers.1.mlp,55,0.01815352697095436,19.5,0.006014368840767635,19.0,0.006950334270960068,12.0,0.01815352697095436,0.01821275283826519,0.01734690874127323
general,1,1,model.layers.1.mlp,56,0.009595435684647304,53.5,0.002726068140560166,55.0,0.0021911802357719645,53.0,0.009595435684647304,0.008255098178839754,0.00546883100924114
general,1,1,model.layers.1.mlp,57,0.01711618257261411,22.5,0.007273567168049793,11.0,0.00958929220175842,5.0,0.01711618257261411,0.02202586582091023,0.02393332036019165
general,1,1,model.layers.1.mlp,58,0.012448132780082987,40.0,0.004206867138874481,36.0,0.003220531115640743,44.0,0.012448132780082987,0.012739263828382306,0.008037924103143012
general,1,1,model.layers.1.mlp,59,0.02437759336099585,6.0,0.0071292101594917015,13.0,0.008074283970836782,6.0,0.02437759336099585,0.021588722940759853,0.02015210516973934
general,1,1,model.layers.1.mlp,60,0.008298755186721992,58.5,0.0019343839146784233,60.0,0.001428331561479331,60.0,0.008298755186721992,0.005857714594015054,0.0035648842607162432
general,1,1,model.layers.1.mlp,61,0.018931535269709542,18.0,0.0073166210127074685,10.0,0.0072347301356030696,11.0,0.018931535269709542,0.022156241767621748,0.01805671476182254
general,1,1,model.layers.1.mlp,62,0.015819502074688796,27.0,0.004687297393672199,33.0,0.003262677133330666,41.0,0.015819502074688796,0.014194106010216105,0.00814311373779553
general,1,1,model.layers.1.mlp,63,0.009854771784232365,52.0,0.002456601724585062,59.0,0.0017016777745544663,58.0,0.009854771784232365,0.007439098135892383,0.004247112140431159
general,2,2,model.layers.2.mlp,0,0.007780082987551867,55.0,0.0025617037571317425,53.0,0.002690114245143298,51.0,0.007780082987551867,0.007290982742842119,0.0032231831334412465
general,2,2,model.layers.2.mlp,1,0.014522821576763486,31.5,0.00477289856716805,34.0,0.0058199572241652555,25.0,0.014522821576763486,0.013584365869659177,0.006973230968218504
general,2,2,model.layers.2.mlp,2,0.01867219917012448,18.0,0.005674116839017116,25.0,0.0060349177739184925,24.0,0.01867219917012448,0.01614936459337679,0.007230787768852814
general,2,2,model.layers.2.mlp,3,0.010114107883817428,44.5,0.003040867722380705,48.0,0.0028526899540078096,49.0,0.010114107883817428,0.008654753316194298,0.0034179745939397713
general,2,2,model.layers.2.mlp,4,0.030860995850622408,4.0,0.012341004684258298,4.0,0.021993097381596743,4.0,0.030860995850622408,0.03512430035352977,0.02635121562605509
general,2,2,model.layers.2.mlp,5,0.0015560165975103733,64.0,0.00036165229512448134,64.0,0.00039524779001954186,64.0,0.0015560165975103733,0.0010293152107541815,0.00047356948227046517
general,2,2,model.layers.2.mlp,6,0.00933609958506224,48.0,0.0028172409880705394,51.0,0.0033166965322870435,46.0,0.00933609958506224,0.00801827899469854,0.003973927999865008
general,2,2,model.layers.2.mlp,7,0.008039419087136929,54.0,0.002314017521395228,55.0,0.001891525794608959,59.0,0.008039419087136929,0.006586031569090306,0.002266347627674038
general,2,2,model.layers.2.mlp,8,0.0028526970954356845,63.0,0.0007942168049792531,62.0,0.0008085466674007321,62.0,0.0028526970954356845,0.002260456933420948,0.0009687670275235269
general,2,2,model.layers.2.mlp,9,0.02411825726141079,10.0,0.007362967210191909,12.0,0.007028939585004357,18.0,0.02411825726141079,0.02095607921726633,0.008421783408368494
general,2,2,model.layers.2.mlp,10,0.017894190871369293,21.0,0.004096446690223029,40.0,0.0031672657594950366,47.0,0.017894190871369293,0.011659085107807343,0.0037948862556900754
general,2,2,model.layers.2.mlp,11,0.008817427385892116,50.5,0.002293250372795643,56.0,0.002612235542402228,52.0,0.008817427385892116,0.006526925233458763,0.0031298721071223888
general,2,2,model.layers.2.mlp,12,0.007002074688796681,57.0,0.0018814530115404565,59.0,0.0020069282084579786,58.0,0.007002074688796681,0.00535488984642354,0.0024046180057994667
general,2,2,model.layers.2.mlp,13,0.009595435684647304,46.5,0.002923862568075726,49.0,0.003398915018530802,44.0,0.009595435684647304,0.008321739571538533,0.004072438774489688
general,2,2,model.layers.2.mlp,14,0.019190871369294607,15.5,0.00615492698067946,19.0,0.0075139044107737874,16.0,0.019190871369294607,0.017517820425041228,0.009002848115770552
general,2,2,model.layers.2.mlp,15,0.009595435684647304,46.5,0.0031421708862811202,46.0,0.0038529824295479233,42.0,0.009595435684647304,0.008943076904640848,0.0046164834831030795
general,2,2,model.layers.2.mlp,16,0.01867219917012448,18.0,0.0063286619067686725,18.0,0.007789287762523192,14.0,0.01867219917012448,0.01801229537922706,0.009332801007619544
general,2,2,model.layers.2.mlp,17,0.012188796680497925,38.0,0.004633606716804979,36.0,0.004496922293345587,36.0,0.012188796680497925,0.013187920935545171,0.005388025476789866
general,2,2,model.layers.2.mlp,18,0.006742738589211619,58.0,0.0020655715119294606,58.0,0.002331479085431554,53.0,0.006742738589211619,0.005878917968425143,0.00279348138381153
general,2,2,model.layers.2.mlp,19,0.00907676348547718,49.0,0.0026541428941908715,52.0,0.0021120561789180234,56.0,0.00907676348547718,0.0075540780172995954,0.0025305779726861803
general,2,2,model.layers.2.mlp,20,0.017894190871369293,21.0,0.006097690693075726,21.0,0.008130709474512155,11.0,0.017894190871369293,0.017354917597568926,0.009741878319283994
general,2,2,model.layers.2.mlp,21,0.016856846473029045,24.5,0.005600038900414938,27.0,0.0057315657000324045,26.0,0.016856846473029045,0.015938527969325253,0.006867323916040876
general,2,2,model.layers.2.mlp,22,0.01737551867219917,23.0,0.0068124794861093105,14.0,0.0076022789933374805,15.0,0.01737551867219917,0.019389310817423504,0.009108734869263817
general,2,2,model.layers.2.mlp,23,0.014004149377593362,35.0,0.0049433411404304975,31.0,0.005727966760451369,27.0,0.014004149377593362,0.014069470307220496,0.006863011816145188
general,2,2,model.layers.2.mlp,24,0.008558091286307055,52.5,0.0017923062273080912,60.0,0.001443308754437661,61.0,0.008558091286307055,0.005101165088590576,0.001729312590366866
general,2,2,model.layers.2.mlp,25,0.014522821576763486,31.5,0.004713762845241182,35.0,0.00534307084884881,28.0,0.014522821576763486,0.013416056974903504,0.006401845524547125
general,2,2,model.layers.2.mlp,26,0.014263485477178423,33.5,0.006693353296810166,15.0,0.005215332066617072,30.0,0.014263485477178423,0.01905026029763464,0.006248794222313776
general,2,2,model.layers.2.mlp,27,0.015560165975103735,30.0,0.0048584997406639005,32.0,0.004750992901839656,32.0,0.015560165975103735,0.013827999301896512,0.00569244232506302
general,2,2,model.layers.2.mlp,28,0.02774896265560166,6.0,0.007916842258817428,9.0,0.006362532246162288,23.0,0.02774896265560166,0.02253248843709784,0.007623321819447089
general,2,2,model.layers.2.mlp,29,0.019190871369294607,15.5,0.00612301648405083,20.0,0.006848086027188914,19.0,0.019190871369294607,0.017426998494680566,0.008205092188571423
general,2,2,model.layers.2.mlp,30,0.006224066390041493,60.0,0.01050792393348029,6.0,0.45882987184643254,1.0,0.006224066390041493,0.029907085020589457,0.5497508913327404
general,2,2,model.layers.2.mlp,31,0.007520746887966805,56.0,0.002217272999870332,57.0,0.0020121572543074727,57.0,0.007520746887966805,0.006310682542123851,0.002410883231306714
general,2,2,model.layers.2.mlp,32,0.027230290456431536,7.0,0.01737067511467518,2.0,0.02345785959256635,3.0,0.027230290456431536,0.04943947641877956,0.0281062328568002
general,2,2,model.layers.2.mlp,33,0.014263485477178423,33.5,0.0056395471343360995,26.0,0.006561257347031748,22.0,0.014263485477178423,0.01605097416881941,0.007861425979696138
general,2,2,model.layers.2.mlp,34,0.02411825726141079,10.0,0.011098584693497147,5.0,0.011449376577163634,6.0,0.02411825726141079,0.03158819174347562,0.013718167374696501
general,2,2,model.layers.2.mlp,35,0.011929460580912862,39.0,0.004229407092842323,38.0,0.0046206500025705675,34.0,0.011929460580912862,0.012037509817643439,0.005536270877978036
general,2,2,model.layers.2.mlp,36,0.05471991701244813,1.0,0.024121802872147304,1.0,0.029818144082033784,2.0,0.05471991701244813,0.06865417126295012,0.03572686150755379
general,2,2,model.layers.2.mlp,37,0.013485477178423237,36.0,0.004403395276841286,37.0,0.004749601737777722,33.0,0.013485477178423237,0.012532705580800389,0.00569077549007697
general,2,2,model.layers.2.mlp,38,0.016338174273858922,28.0,0.005169753711747925,30.0,0.004510593163892936,35.0,0.016338174273858922,0.014713873527398535,0.005404405345952383
general,2,2,model.layers.2.mlp,39,0.017894190871369293,21.0,0.007769952671161826,10.0,0.008114329666764904,12.0,0.017894190871369293,0.02211441923385034,0.009722252714105602
general,2,2,model.layers.2.mlp,40,0.0038900414937759337,62.0,0.000581416846310944,63.0,0.0004977456772703817,63.0,0.0038900414937759337,0.0016547971954404147,0.0005963781927171367
general,2,2,model.layers.2.mlp,41,0.011410788381742738,40.0,0.0030710054136410788,47.0,0.0033554448997331356,45.0,0.011410788381742738,0.008740529583757147,0.0040203546840201915
general,2,2,model.layers.2.mlp,42,0.010114107883817428,44.5,0.003963739545513485,41.0,0.004464414427675214,37.0,0.010114107883817428,0.011281381206942364,0.005349075902613941
general,2,2,model.layers.2.mlp,43,0.016338174273858922,28.0,0.0059720747698392114,23.0,0.008348098928997625,10.0,0.016338174273858922,0.016997396347895207,0.010002345332664772
general,2,2,model.layers.2.mlp,44,0.01945020746887967,14.0,0.007278125810425311,13.0,0.008048070045922307,13.0,0.01945020746887967,0.020714608211942345,0.009642863189027386
general,2,2,model.layers.2.mlp,45,0.02411825726141079,10.0,0.005987491845095306,22.0,0.003944007502057246,41.0,0.02411825726141079,0.017041275594011914,0.004725545943540214
general,2,2,model.layers.2.mlp,46,0.013226141078838174,37.0,0.003268040067427386,44.0,0.002225187162702509,55.0,0.013226141078838174,0.009301318963285685,0.002666126817670028
general,2,2,model.layers.2.mlp,47,0.010892116182572614,43.0,0.0037898463332306795,42.0,0.004431302833111949,38.0,0.010892116182572614,0.010786455747149584,0.005309402965559189
general,2,2,model.layers.2.mlp,48,0.016338174273858922,28.0,0.00590090929719917,24.0,0.006647255534453016,21.0,0.016338174273858922,0.016794849027011505,0.007964465435252045
general,2,2,model.layers.2.mlp,49,0.008558091286307055,52.5,0.0023228815482365145,54.0,0.002258544432238919,54.0,0.008558091286307055,0.006611259883079379,0.0027060941122715562
general,2,2,model.layers.2.mlp,50,0.011151452282157677,41.5,0.004207880170513485,39.0,0.0043022244148481934,39.0,0.011151452282157677,0.011976241055098548,0.0051547465670846145
general,2,2,model.layers.2.mlp,51,0.035269709543568464,2.0,0.012707975395487552,3.0,0.010990482766598586,8.0,0.035269709543568464,0.036168752552677395,0.013168339874647316
general,2,2,model.layers.2.mlp,52,0.008817427385892116,50.5,0.003403786307053942,43.0,0.003489497397867847,43.0,0.008817427385892116,0.009687672571804062,0.0041809708183585485
general,2,2,model.layers.2.mlp,53,0.00466804979253112,61.0,0.001295920724196058,61.0,0.0014879899331333725,60.0,0.00466804979253112,0.003688379505202484,0.0017828477224952864
general,2,2,model.layers.2.mlp,54,0.016856846473029045,24.5,0.005335384384725104,29.0,0.005341292681613033,29.0,0.016856846473029045,0.015185282594508643,0.006399714998435402
general,2,2,model.layers.2.mlp,55,0.011151452282157677,41.5,0.0032242264490404565,45.0,0.0027611737151116257,50.0,0.011151452282157677,0.009176619011282552,0.0033083236383423644
general,2,2,model.layers.2.mlp,56,0.01970954356846473,13.0,0.006415022853993776,17.0,0.006797373592389817,20.0,0.01970954356846473,0.018258091238377745,0.008144330655935667
general,2,2,model.layers.2.mlp,57,0.02074688796680498,12.0,0.006649539678423236,16.0,0.007451269497391594,17.0,0.02074688796680498,0.018925560345631507,0.00892780156459061
general,2,2,model.layers.2.mlp,58,0.026452282157676348,8.0,0.0077545039386670124,11.0,0.011236802299982284,7.0,0.026452282157676348,0.022070449886612244,0.013463469706725196
general,2,2,model.layers.2.mlp,59,0.03008298755186722,5.0,0.00968594373014458,7.0,0.012723004994179698,5.0,0.03008298755186722,0.027567609403709878,0.015244176033774466
general,2,2,model.layers.2.mlp,60,0.016597510373443983,26.0,0.004855017444404823,33.0,0.004965263484548237,31.0,0.016597510373443983,0.013818088178543662,0.005949172435847639
general,2,2,model.layers.2.mlp,61,0.032676348547717844,3.0,0.00909170570215249,8.0,0.008485253544763906,9.0,0.032676348547717844,0.025876321254106695,0.01016667829547838
general,2,2,model.layers.2.mlp,62,0.006483402489626556,59.0,0.0028851141078838176,50.0,0.0028766120525069256,48.0,0.006483402489626556,0.008211455798957728,0.0034466370585685786
general,2,2,model.layers.2.mlp,63,0.01867219917012448,18.0,0.00541034872601141,28.0,0.00409244161671128,40.0,0.01867219917012448,0.01539864204995909,0.004903393533338276
general,3,3,model.layers.3.mlp,0,0.014263485477178423,32.0,0.004472028170383818,44.0,0.005639097054345974,36.0,0.014263485477178423,0.011831131997724629,0.010586782333363338
general,3,3,model.layers.3.mlp,1,0.021006224066390043,13.0,0.00729256151128112,16.0,0.009260174335285835,18.0,0.021006224066390043,0.019293093548220674,0.01738495527065173
general,3,3,model.layers.3.mlp,2,0.0038900414937759337,62.0,0.0012731275123184648,60.0,0.0016826408223492475,57.0,0.0038900414937759337,0.0033681674341693116,0.0031589724311827834
general,3,3,model.layers.3.mlp,3,0.013226141078838174,38.0,0.004906618743516598,36.0,0.006444188785503514,31.0,0.013226141078838174,0.012980878430395115,0.012098253200775833
general,3,3,model.layers.3.mlp,4,0.018931535269709542,19.5,0.005851270746887967,30.0,0.007475930285404332,26.0,0.018931535269709542,0.01548003588602502,0.014035233993707869
general,3,3,model.layers.3.mlp,5,0.005705394190871369,58.0,0.002081020244424274,55.0,0.002032703878473939,54.0,0.005705394190871369,0.005505516571825986,0.0038161771826576434
general,3,3,model.layers.3.mlp,6,0.0036307053941908715,63.0,0.0006896212882520747,63.0,0.0005508271776356143,62.0,0.0036307053941908715,0.0018244519441501961,0.0010341172313100843
general,3,3,model.layers.3.mlp,7,0.00933609958506224,50.0,0.0034083449494294606,49.0,0.003240056077010651,52.0,0.00933609958506224,0.009017067302377281,0.006082847680155991
general,3,3,model.layers.3.mlp,8,0.013485477178423237,35.5,0.004703759157806017,39.0,0.0066816019999535745,30.0,0.013485477178423237,0.012444196092068156,0.012543970307650209
general,3,3,model.layers.3.mlp,9,0.02411825726141079,8.5,0.010022681778397304,8.0,0.013771958865565382,8.0,0.02411825726141079,0.026515859599612196,0.02585533276136959
general,3,3,model.layers.3.mlp,10,0.012966804979253113,40.0,0.004038957144709544,47.0,0.005239618878378784,41.0,0.012966804979253113,0.010685405657476065,0.009836806148322459
general,3,3,model.layers.3.mlp,11,0.01037344398340249,47.5,0.003611964308869295,48.0,0.004548662446470181,45.0,0.01037344398340249,0.009555759686915202,0.008539611708156513
general,3,3,model.layers.3.mlp,12,0.02411825726141079,8.5,0.008432222105160788,12.0,0.00935647002888913,15.0,0.02411825726141079,0.02230816286466426,0.017565739807252786
general,3,3,model.layers.3.mlp,13,0.011670124481327801,42.0,0.0045160950466804975,42.0,0.0044301361293837245,47.0,0.011670124481327801,0.011947714677960446,0.008317091629555904
general,3,3,model.layers.3.mlp,14,0.016597510373443983,24.0,0.0045621879862551866,40.0,0.0026584915653512626,53.0,0.016597510373443983,0.012069657481425498,0.004991024496690535
general,3,3,model.layers.3.mlp,15,0.005964730290456431,56.0,0.0012916153397302904,59.0,0.0005126329471214184,63.0,0.005964730290456431,0.0034170785586360632,0.0009624117790103289
general,3,3,model.layers.3.mlp,16,0.01970954356846473,17.0,0.006090599471602697,27.0,0.0059699832202858944,35.0,0.01970954356846473,0.016113200442478173,0.011207984590066361
general,3,3,model.layers.3.mlp,17,0.013226141078838174,38.0,0.006099210240534232,26.0,0.007790253277388846,25.0,0.013226141078838174,0.016135980966202414,0.014625340719384273
general,3,3,model.layers.3.mlp,18,0.015819502074688796,28.0,0.004769859472251037,37.0,0.005510477051602607,37.0,0.015819502074688796,0.012619070112421884,0.01034531247398023
general,3,3,model.layers.3.mlp,19,0.008817427385892116,52.0,0.0023175631321317425,54.0,0.001964310021815953,55.0,0.008817427385892116,0.006131310958838944,0.0036877752654004615
general,3,3,model.layers.3.mlp,20,0.022302904564315353,11.0,0.00821518007650415,13.0,0.010221642824624089,14.0,0.022302904564315353,0.02173395966373267,0.01919000624227263
general,3,3,model.layers.3.mlp,21,0.004149377593360996,61.0,0.0010396237195280083,62.0,0.0013584892161159594,58.0,0.004149377593360996,0.0027504132320002035,0.0025504135670367687
general,3,3,model.layers.3.mlp,22,0.018931535269709542,19.5,0.005064525050246369,34.0,0.004966730947501927,43.0,0.018931535269709542,0.013398633034573466,0.009324489176695117
general,3,3,model.layers.3.mlp,23,0.05342323651452282,1.0,0.013206893477697096,3.0,0.010802639470555476,11.0,0.05342323651452282,0.03493996326975557,0.020280763320509005
general,3,3,model.layers.3.mlp,24,0.025155601659751038,7.0,0.01212624197678942,5.0,0.016714180004299924,6.0,0.025155601659751038,0.0320810075423634,0.031379028216903054
general,3,3,model.layers.3.mlp,25,0.03423236514522822,2.0,0.015259802094139005,2.0,0.021552903898431307,3.0,0.03423236514522822,0.04037110813177595,0.04046319827901142
general,3,3,model.layers.3.mlp,26,0.01037344398340249,47.5,0.006279783130186722,25.0,0.007193247366433816,28.0,0.01037344398340249,0.016613701949007808,0.013504528013005834
general,3,3,model.layers.3.mlp,27,0.00907676348547718,51.0,0.0027830511702541492,52.0,0.003793373765787148,49.0,0.00907676348547718,0.007362799270755235,0.007121640571255796
general,3,3,model.layers.3.mlp,28,0.019190871369294607,18.0,0.006742738589211619,22.0,0.010335953032822035,13.0,0.019190871369294607,0.017838490106887556,0.019404611041766273
general,3,3,model.layers.3.mlp,29,0.015819502074688796,28.0,0.006506702217323652,24.0,0.007826697529598884,24.0,0.015819502074688796,0.017214035750681908,0.01469376078056278
general,3,3,model.layers.3.mlp,30,0.02671161825726141,6.0,0.00949945093685166,9.0,0.011542196343053921,10.0,0.02671161825726141,0.025131607775662763,0.021669199723860118
general,3,3,model.layers.3.mlp,31,0.032935684647302906,4.0,0.012793323311073652,4.0,0.0199085300888758,4.0,0.032935684647302906,0.03384582811558838,0.03737606794082527
general,3,3,model.layers.3.mlp,32,0.013485477178423237,35.5,0.005000830685943983,35.0,0.006845233846007541,29.0,0.013485477178423237,0.013230124160554451,0.012851171038597849
general,3,3,model.layers.3.mlp,33,0.016597510373443983,24.0,0.00547366320344917,32.0,0.008199641071414552,22.0,0.016597510373443983,0.014481042919176712,0.015393921118607178
general,3,3,model.layers.3.mlp,34,0.011410788381742738,43.0,0.004328177677645228,45.0,0.006137755780608328,33.0,0.011410788381742738,0.011450563248449081,0.011522959055043124
general,3,3,model.layers.3.mlp,35,0.03397302904564315,3.0,0.01986099179849585,1.0,0.03236449763750758,2.0,0.03397302904564315,0.05254394798536419,0.060760772250387146
general,3,3,model.layers.3.mlp,36,0.015560165975103735,30.0,0.005721602697095435,31.0,0.00540639707409,40.0,0.015560165975103735,0.015136987999354106,0.010149913803489514
general,3,3,model.layers.3.mlp,37,0.01711618257261411,22.0,0.006922298447225104,19.0,0.009012397208649093,19.0,0.01711618257261411,0.018313531028078336,0.01691978106251006
general,3,3,model.layers.3.mlp,38,0.015819502074688796,28.0,0.005909520066130706,29.0,0.0074457187375587056,27.0,0.015819502074688796,0.01563413942886547,0.01397851514707104
general,3,3,model.layers.3.mlp,39,0.005964730290456431,56.0,0.006561659183739627,23.0,0.07311911899519165,1.0,0.005964730290456431,0.017359429093274856,0.13727307576889486
general,3,3,model.layers.3.mlp,40,0.020228215767634856,15.0,0.00809817492219917,14.0,0.008374200136829709,21.0,0.020228215767634856,0.021424412547244462,0.01572163649787013
general,3,3,model.layers.3.mlp,41,0.021006224066390043,13.0,0.009263667822873444,10.0,0.015027735258657408,7.0,0.021006224066390043,0.024507823434860767,0.02821291433957552
general,3,3,model.layers.3.mlp,42,0.014004149377593362,33.0,0.0051998914030082985,33.0,0.006014214264406703,34.0,0.014004149377593362,0.013756756267826598,0.011291023493630451
general,3,3,model.layers.3.mlp,43,0.0031120331950207467,64.0,0.0006327648875129668,64.0,0.0005008109267491894,64.0,0.0031120331950207467,0.0016740334860298439,0.0009402172405558226
general,3,3,model.layers.3.mlp,44,0.01037344398340249,47.5,0.0031930757261410788,50.0,0.0033145910708612426,51.0,0.01037344398340249,0.008447554209271272,0.006222778904696034
general,3,3,model.layers.3.mlp,45,0.005964730290456431,56.0,0.0017398818399896267,57.0,0.0018617782927276682,56.0,0.005964730290456431,0.0046030058231038735,0.0034952832604464978
general,3,3,model.layers.3.mlp,46,0.013744813278008298,34.0,0.004515588530860996,43.0,0.005432559161821836,39.0,0.013744813278008298,0.011946374647153138,0.010199030235700917
general,3,3,model.layers.3.mlp,47,0.012448132780082987,41.0,0.004756690060943983,38.0,0.006175846448825108,32.0,0.012448132780082987,0.01258422931143187,0.011594470080559636
general,3,3,model.layers.3.mlp,48,0.021006224066390043,13.0,0.008716883995720954,11.0,0.012047082015711242,9.0,0.021006224066390043,0.0230612601783715,0.022617066850129455
general,3,3,model.layers.3.mlp,49,0.01996887966804979,16.0,0.007033478669605809,18.0,0.00897634388005585,20.0,0.01996887966804979,0.018607667790282497,0.01685209491727592
general,3,3,model.layers.3.mlp,50,0.008039419087136929,53.0,0.0027154313083506223,53.0,0.003342226765957116,50.0,0.008039419087136929,0.007183905157979582,0.006274661872091626
general,3,3,model.layers.3.mlp,51,0.010632780082987552,45.0,0.0020230241830912865,56.0,0.0013391139194431146,59.0,0.010632780082987552,0.005352083044389191,0.0025140385859816613
general,3,3,model.layers.3.mlp,52,0.029045643153526972,5.0,0.011987963158065353,6.0,0.01699695522854437,5.0,0.029045643153526972,0.031715179131968245,0.03190990749056918
general,3,3,model.layers.3.mlp,53,0.01037344398340249,47.5,0.00674805700531639,21.0,0.009325528045907555,16.0,0.01037344398340249,0.017852560430364293,0.017507649649266217
general,3,3,model.layers.3.mlp,54,0.014782157676348547,31.0,0.004551297896135892,41.0,0.004472818395656174,46.0,0.014782157676348547,0.01204084681906837,0.008397222873648047
general,3,3,model.layers.3.mlp,55,0.023340248962655602,10.0,0.007126677580394191,17.0,0.004953459709017108,44.0,0.023340248962655602,0.018854233458827217,0.009299573891184179
general,3,3,model.layers.3.mlp,56,0.010892116182572614,44.0,0.004039463660529046,46.0,0.005501807230636787,38.0,0.010892116182572614,0.010686745688283374,0.01032903584200355
general,3,3,model.layers.3.mlp,57,0.016597510373443983,24.0,0.006037162052645228,28.0,0.008012775977091918,23.0,0.016597510373443983,0.01597182719230715,0.015043102528284728
general,3,3,model.layers.3.mlp,58,0.007780082987551867,54.0,0.003045426364756224,51.0,0.004968401662912606,42.0,0.007780082987551867,0.008056935228940913,0.009327625760482097
general,3,3,model.layers.3.mlp,59,0.017894190871369293,21.0,0.007403488475752075,15.0,0.01077365244572588,12.0,0.017894190871369293,0.019586560295021184,0.02022634338068438
general,3,3,model.layers.3.mlp,60,0.013226141078838174,38.0,0.0067718632488329876,20.0,0.009264522800183396,17.0,0.013226141078838174,0.01791554187830778,0.017393119033557575
general,3,3,model.layers.3.mlp,61,0.016078838174273857,26.0,0.010038637026711619,7.0,0.004201881618420613,48.0,0.016078838174273857,0.026558070570042405,0.007888568977633747
general,3,3,model.layers.3.mlp,62,0.005446058091286307,59.0,0.0012181705459024896,61.0,0.0011419470410376662,60.0,0.005446058091286307,0.0032227740915763653,0.0021438795330498634
general,3,3,model.layers.3.mlp,63,0.004927385892116182,60.0,0.001404061851659751,58.0,0.0011266694979981762,61.0,0.004927385892116182,0.003714565397858497,0.0021151976321730163
general,4,4,model.layers.4.mlp,0,0.001037344398340249,61.0,0.00023932872471473028,61.0,0.00030360593464364647,61.0,0.001037344398340249,0.0007003172177619714,0.0005160801786333218
general,4,4,model.layers.4.mlp,1,0.007520746887966805,52.0,0.0025548657935684648,49.0,0.004224873306345643,46.0,0.007520746887966805,0.007475978934161659,0.007181590087167423
general,4,4,model.layers.4.mlp,2,0.008039419087136929,50.0,0.0017173418860217842,54.0,0.001394793684922808,57.0,0.008039419087136929,0.005025239210205215,0.002370919972023859
general,4,4,model.layers.4.mlp,3,0.013744813278008298,31.5,0.0039054902262707467,36.0,0.005128700919913059,40.0,0.013744813278008298,0.011428139486886098,0.008717948448577872
general,4,4,model.layers.4.mlp,4,0.01996887966804979,16.5,0.006402866474325726,18.0,0.008071041948073138,27.0,0.01996887966804979,0.0187358940735007,0.013719444500344142
general,4,4,model.layers.4.mlp,5,0.008039419087136929,50.0,0.0023641625875259337,51.0,0.0037753799798824973,50.0,0.008039419087136929,0.0069179483892148185,0.006417525325100558
general,4,4,model.layers.4.mlp,6,0.013744813278008298,31.5,0.004272207679590249,33.0,0.005227163839791573,39.0,0.013744813278008298,0.012501218144366874,0.008885319225895864
general,4,4,model.layers.4.mlp,7,0.012966804979253113,40.0,0.004392885073586619,31.0,0.00555770488695485,38.0,0.012966804979253113,0.012854341058931509,0.009447184667906712
general,4,4,model.layers.4.mlp,8,0.022821576763485476,11.5,0.007200375632131743,16.0,0.011361984296458391,14.0,0.022821576763485476,0.021069543722953027,0.019313505489369564
general,4,4,model.layers.4.mlp,9,0.010114107883817428,45.5,0.002760764474196058,46.0,0.004050457656878159,48.0,0.010114107883817428,0.008078474064363229,0.006885112155537803
general,4,4,model.layers.4.mlp,10,0.022821576763485476,11.5,0.0099120080718361,8.0,0.01730241611043447,8.0,0.022821576763485476,0.0290042489616593,0.02941126301612613
general,4,4,model.layers.4.mlp,11,0.005446058091286307,57.0,0.0015175213952282158,56.0,0.0019993793829904552,56.0,0.005446058091286307,0.004440529914105537,0.0033986162699375547
general,4,4,model.layers.4.mlp,12,0.016078838174273857,23.0,0.00720949291688278,15.0,0.008147350408105929,26.0,0.016078838174273857,0.021096222474105863,0.013849156337931176
general,4,4,model.layers.4.mlp,13,0.014263485477178423,26.5,0.004906112227697095,27.0,0.009442071604283519,19.0,0.014263485477178423,0.014356132425909959,0.016049969530163227
general,4,4,model.layers.4.mlp,14,0.013226141078838174,38.0,0.014241958554849585,4.0,0.06642383856397446,1.0,0.013226141078838174,0.04167443252999414,0.1129096060386389
general,4,4,model.layers.4.mlp,15,0.013485477178423237,35.0,0.005265485201633818,24.0,0.0061811632573357264,37.0,0.013485477178423237,0.015407719867184283,0.010506961406244379
general,4,4,model.layers.4.mlp,16,0.01815352697095436,19.0,0.006593569680368257,17.0,0.008003803657916572,28.0,0.01815352697095436,0.01929392461844754,0.013605150460487084
general,4,4,model.layers.4.mlp,17,0.013485477178423237,35.0,0.0032804497050051866,42.0,0.004079081469768063,47.0,0.013485477178423237,0.009599162880074938,0.0069337679319366645
general,4,4,model.layers.4.mlp,18,0.0005186721991701245,63.5,0.00010662158000518672,63.0,0.00014102625896327228,62.0,0.0005186721991701245,0.00031199317320401053,0.00023972145670729476
general,4,4,model.layers.4.mlp,19,0.0005186721991701245,63.5,9.598474779564315e-05,64.0,9.79702038636346e-05,64.0,0.0005186721991701245,0.0002808679635257007,0.0001665332410910617
general,4,4,model.layers.4.mlp,20,0.008039419087136929,50.0,0.002386702541493776,50.0,0.003994735104661759,49.0,0.008039419087136929,0.006983904190675998,0.006790392977088616
general,4,4,model.layers.4.mlp,21,0.027230290456431536,8.0,0.008486672555757262,12.0,0.014270499286809898,10.0,0.027230290456431536,0.02483347086476578,0.024257502837577237
general,4,4,model.layers.4.mlp,22,0.011929460580912862,42.5,0.0038743395033713694,37.0,0.0068993250379547535,31.0,0.011929460580912862,0.011336987087113904,0.011727718373543168
general,4,4,model.layers.4.mlp,23,0.028526970954356846,7.0,0.008918983807702282,11.0,0.016071821520437343,9.0,0.028526970954356846,0.0260984883152628,0.02731945451252642
general,4,4,model.layers.4.mlp,24,0.013226141078838174,38.0,0.003944998460191909,34.0,0.006568162334905126,35.0,0.013226141078838174,0.011543747408548391,0.011164796218720519
general,4,4,model.layers.4.mlp,25,0.007002074688796681,53.5,0.001464590492090249,57.0,0.001266325188267404,58.0,0.007002074688796681,0.0042856449421349,0.002152544646849488
general,4,4,model.layers.4.mlp,26,0.046680497925311204,2.0,0.01676263453060166,2.0,0.02570852872247023,5.0,0.046680497925311204,0.049050366147332665,0.043700272562409125
general,4,4,model.layers.4.mlp,27,0.007002074688796681,53.5,0.002672124205783195,48.0,0.007484802319301115,29.0,0.007002074688796681,0.00781909731704398,0.012722933504293592
general,4,4,model.layers.4.mlp,28,0.022302904564315353,13.0,0.009412330215897304,9.0,0.012175594089374997,12.0,0.022302904564315353,0.02754210518319965,0.02069650838672419
general,4,4,model.layers.4.mlp,29,0.017894190871369293,20.5,0.005162409232365145,25.0,0.008496121770056946,24.0,0.017894190871369293,0.015106101763873043,0.014442010318170835
general,4,4,model.layers.4.mlp,30,0.012448132780082987,41.0,0.0035256033616441907,40.0,0.006355284840734173,36.0,0.012448132780082987,0.010316524855517888,0.010802939473898623
general,4,4,model.layers.4.mlp,31,0.005964730290456431,56.0,0.0016889770001296681,55.0,0.002997359144984439,52.0,0.005964730290456431,0.004942238651063056,0.005095017805852239
general,4,4,model.layers.4.mlp,32,0.03734439834024896,4.0,0.02068787887383299,1.0,0.03186768182085757,2.0,0.03734439834024896,0.06053630959504991,0.05416982031672617
general,4,4,model.layers.4.mlp,33,0.01504149377593361,24.0,0.0035871450337136928,39.0,0.004829333036272357,43.0,0.01504149377593361,0.010496606425799538,0.008209072259949636
general,4,4,model.layers.4.mlp,34,0.029045643153526972,6.0,0.011531845662603735,7.0,0.01963378550848031,6.0,0.029045643153526972,0.03374417374981334,0.03337420773529298
general,4,4,model.layers.4.mlp,35,0.021524896265560166,14.5,0.007533156525544606,13.0,0.012017733575892151,13.0,0.021524896265560166,0.022043318140031576,0.020428171464743405
general,4,4,model.layers.4.mlp,36,0.014263485477178423,26.5,0.004852674808739627,28.0,0.008330992960150805,25.0,0.014263485477178423,0.014199765301097497,0.014161318487117222
general,4,4,model.layers.4.mlp,37,0.0254149377593361,9.0,0.009316092210191909,10.0,0.01776061527995215,7.0,0.0254149377593361,0.027260496143253037,0.03019012628021836
general,4,4,model.layers.4.mlp,38,0.011929460580912862,42.5,0.003791017651063278,38.0,0.00679937277097425,32.0,0.011929460580912862,0.01109317294463381,0.011557815950987926
general,4,4,model.layers.4.mlp,39,0.00933609958506224,48.0,0.002760004700466805,47.0,0.004643420584468921,45.0,0.00933609958506224,0.008076250835100492,0.007893051654326457
general,4,4,model.layers.4.mlp,40,0.013226141078838174,38.0,0.003941452849455394,35.0,0.0069175892706604914,30.0,0.013226141078838174,0.011533372338655621,0.011758764566656754
general,4,4,model.layers.4.mlp,41,0.006742738589211619,55.0,0.0017576098936721992,53.0,0.0021009439625680696,54.0,0.006742738589211619,0.005143070361130245,0.00357125935885726
general,4,4,model.layers.4.mlp,42,0.014004149377593362,28.5,0.004467976043827801,30.0,0.006584998359324032,33.0,0.014004149377593362,0.013074070217731958,0.011193414692531916
general,4,4,model.layers.4.mlp,43,0.021524896265560166,14.5,0.006173668066001037,21.0,0.008650699715396675,23.0,0.021524896265560166,0.018065219912575214,0.0147047674139349
general,4,4,model.layers.4.mlp,44,0.004927385892116182,58.0,0.0013602482332728215,58.0,0.002278027198126702,53.0,0.004927385892116182,0.003980321456719099,0.003872271748313127
general,4,4,model.layers.4.mlp,45,0.013744813278008298,31.5,0.004850648745461619,29.0,0.009605111260569937,17.0,0.013744813278008298,0.0141938366897302,0.016327110143502587
general,4,4,model.layers.4.mlp,46,0.044087136929460584,3.0,0.01591485367771006,3.0,0.03152697296239266,3.0,0.044087136929460584,0.046569612828329277,0.05359067126700515
general,4,4,model.layers.4.mlp,47,0.050051867219917015,1.0,0.012051657522367738,6.0,0.014054866499920604,11.0,0.050051867219917015,0.035265233103735506,0.023890962548081096
general,4,4,model.layers.4.mlp,48,0.0015560165975103733,60.0,0.00033809930951763485,60.0,0.00042555860680415915,59.0,0.0015560165975103733,0.0009893370219177058,0.0007233796733130955
general,4,4,model.layers.4.mlp,49,0.02411825726141079,10.0,0.007330550197743776,14.0,0.011040496195500323,15.0,0.02411825726141079,0.021450457003301865,0.01876702856767939
general,4,4,model.layers.4.mlp,50,0.017894190871369293,20.5,0.005940417531120332,22.0,0.009020713540528325,21.0,0.017894190871369293,0.017382688528915134,0.015333730089499441
general,4,4,model.layers.4.mlp,51,0.014522821576763486,25.0,0.004297026954745851,32.0,0.006576541486617441,34.0,0.014522821576763486,0.012573843633616263,0.011179039399169421
general,4,4,model.layers.4.mlp,52,0.014004149377593362,28.5,0.005531152748962656,23.0,0.00954542924259708,18.0,0.014004149377593362,0.016185109032721117,0.016225660524170276
general,4,4,model.layers.4.mlp,53,0.013485477178423237,35.0,0.0034141698813537342,41.0,0.005005900295938199,42.0,0.013485477178423237,0.009990451230316546,0.008509207575209853
general,4,4,model.layers.4.mlp,54,0.0018153526970954357,59.0,0.00033885908324688796,59.0,0.0003123270788257053,60.0,0.0018153526970954357,0.0009915602511804422,0.0005309046900601048
general,4,4,model.layers.4.mlp,55,0.0007780082987551867,62.0,0.00013473320798755188,62.0,0.0001223605837193762,63.0,0.0007780082987551867,0.000394252655925258,0.0002079928772726139
general,4,4,model.layers.4.mlp,56,0.009854771784232365,47.0,0.002348207339211618,52.0,0.003422877553239836,51.0,0.009854771784232365,0.006871260574697354,0.005818329148240741
general,4,4,model.layers.4.mlp,57,0.01037344398340249,44.0,0.003229544865145228,43.0,0.0050219241297838595,41.0,0.01037344398340249,0.009450206519471597,0.008536445458564029
general,4,4,model.layers.4.mlp,58,0.01996887966804979,16.5,0.006184558156120332,20.0,0.010281089739680786,16.0,0.01996887966804979,0.018097086198674436,0.017476162432817275
general,4,4,model.layers.4.mlp,59,0.01945020746887967,18.0,0.006269652813796681,19.0,0.009015130304202005,22.0,0.01945020746887967,0.018346087876100915,0.015324239505581766
general,4,4,model.layers.4.mlp,60,0.016338174273858922,22.0,0.0050752885114107886,26.0,0.009434863631285078,20.0,0.016338174273858922,0.014851171475079267,0.016037717160995984
general,4,4,model.layers.4.mlp,61,0.010114107883817428,45.5,0.003126975411696058,44.0,0.004800434552782304,44.0,0.010114107883817428,0.009150070569002182,0.008159949588684056
general,4,4,model.layers.4.mlp,62,0.035529045643153526,5.0,0.013534102697095436,5.0,0.031364626904246226,4.0,0.035529045643153526,0.03960312393354471,0.053314709656482065
general,4,4,model.layers.4.mlp,63,0.013744813278008298,31.5,0.0028321832047458508,45.0,0.0020973971770512118,55.0,0.013744813278008298,0.008287457615060452,0.0035652304065402957
general,5,5,model.layers.5.mlp,0,0.030860995850622408,5.0,0.009528322338563279,12.0,0.01575823967573059,12.0,0.030860995850622408,0.027324662572409664,0.023728620738131548
general,5,5,model.layers.5.mlp,1,0.011929460580912862,40.0,0.0042950008914678425,38.0,0.007363961167107974,39.0,0.011929460580912862,0.012316905950229794,0.011088588907157389
general,5,5,model.layers.5.mlp,2,0.005705394190871369,52.0,0.0016960682216026971,51.0,0.0027366100628840972,51.0,0.005705394190871369,0.004863866923090331,0.004120763716415583
general,5,5,model.layers.5.mlp,3,0.0028526970954356845,60.0,0.0007038037311981328,61.0,0.001306462244621451,59.0,0.0028526970954356845,0.0020183195728338105,0.001967259525761287
general,5,5,model.layers.5.mlp,4,0.00907676348547718,47.0,0.0028613078643672197,45.0,0.006513595210071422,41.0,0.00907676348547718,0.008205460429606475,0.009808115218575601
general,5,5,model.layers.5.mlp,5,0.00933609958506224,46.0,0.0033065352697095435,43.0,0.00394615920500142,48.0,0.00933609958506224,0.009482252732248375,0.005942092332303871
general,5,5,model.layers.5.mlp,6,0.028267634854771784,7.5,0.011617193578189834,4.0,0.023363292062678277,5.0,0.028267634854771784,0.03331498277274549,0.03518024271475549
general,5,5,model.layers.5.mlp,7,0.008558091286307055,48.0,0.002529540002593361,48.0,0.005224843567461394,43.0,0.008558091286307055,0.007254039544247607,0.007867524163837781
general,5,5,model.layers.5.mlp,8,0.028267634854771784,7.5,0.010486903526970954,7.0,0.02380080279967597,4.0,0.028267634854771784,0.030073615283160285,0.03583904259092867
general,5,5,model.layers.5.mlp,9,0.01945020746887967,21.5,0.006322836974844398,22.0,0.013278642877998193,19.0,0.01945020746887967,0.018132193758678992,0.019994865369028135
general,5,5,model.layers.5.mlp,10,0.025155601659751038,10.5,0.009330527911047718,13.0,0.0198743293888836,9.0,0.025155601659751038,0.02675744141861938,0.029926592956941847
general,5,5,model.layers.5.mlp,11,0.01270746887966805,39.0,0.004302345370850623,37.0,0.009338566500121628,34.0,0.01270746887966805,0.012337967939294989,0.01406193250509328
general,5,5,model.layers.5.mlp,12,0.004408713692946058,53.5,0.0011540962947354772,54.0,0.001983883970366845,57.0,0.004408713692946058,0.003309637385175846,0.0029873152896509026
general,5,5,model.layers.5.mlp,13,0.024636929460580912,12.0,0.0077661538025155605,14.0,0.011914070340113027,23.0,0.024636929460580912,0.02227123774773257,0.0179401038672714
general,5,5,model.layers.5.mlp,14,0.02074688796680498,18.0,0.007453127026063278,15.0,0.01237807521805229,20.0,0.02074688796680498,0.0213735612482642,0.018638798391268308
general,5,5,model.layers.5.mlp,15,0.016338174273858922,31.0,0.006217734942297718,25.0,0.014359922515406154,17.0,0.016338174273858922,0.017830789432401184,0.021623046876346676
general,5,5,model.layers.5.mlp,16,0.019190871369294607,23.0,0.0062871276095695025,24.0,0.012250186867733714,22.0,0.019190871369294607,0.018029788915293037,0.01844622522167701
general,5,5,model.layers.5.mlp,17,0.011151452282157677,42.0,0.0034187285237292533,42.0,0.006198802290492038,42.0,0.011151452282157677,0.009803992772106373,0.009334102768361868
general,5,5,model.layers.5.mlp,18,0.021784232365145227,16.0,0.006632318140560166,21.0,0.014301458087699542,18.0,0.021784232365145227,0.019019702401357263,0.02153501164777615
general,5,5,model.layers.5.mlp,19,0.01867219917012448,25.0,0.006818969220046681,19.0,0.012358723648850848,21.0,0.01867219917012448,0.019554967433807253,0.01860965896607122
general,5,5,model.layers.5.mlp,20,0.016078838174273857,32.5,0.004445182831950207,36.0,0.007282527260234989,40.0,0.016078838174273857,0.012747587312838808,0.010965966435918463
general,5,5,model.layers.5.mlp,21,0.010632780082987552,43.0,0.002742276646784232,47.0,0.004545393125521197,46.0,0.010632780082987552,0.007864110951653293,0.006844413576683487
general,5,5,model.layers.5.mlp,22,0.012966804979253113,38.0,0.004473294459932573,35.0,0.0075678933581870625,37.0,0.012966804979253113,0.012828203891674559,0.011395668233147365
general,5,5,model.layers.5.mlp,23,0.018931535269709542,24.0,0.005950547847510373,27.0,0.011866958618658706,24.0,0.018931535269709542,0.01706456879571904,0.01786916344538965
general,5,5,model.layers.5.mlp,24,0.004149377593360996,55.5,0.0010814112746369295,56.0,0.0026208339143096162,53.0,0.004149377593360996,0.0031011963209789033,0.003946428995242606
general,5,5,model.layers.5.mlp,25,0.03371369294605809,3.0,0.016423775447354773,2.0,0.030031792649465972,2.0,0.03371369294605809,0.04709896520268896,0.04522161310713447
general,5,5,model.layers.5.mlp,26,0.007002074688796681,51.0,0.0016725152359958505,52.0,0.0017563446938867885,58.0,0.007002074688796681,0.0047963233029847015,0.002644688619050159
general,5,5,model.layers.5.mlp,27,0.008298755186721992,49.0,0.0024923110898599585,49.0,0.005116151607135519,45.0,0.008298755186721992,0.007147277047951613,0.0077038567519358775
general,5,5,model.layers.5.mlp,28,0.032157676348547715,4.0,0.012989091675311204,3.0,0.019173922001759047,10.0,0.032157676348547715,0.037249217075027166,0.02887192558334806
general,5,5,model.layers.5.mlp,29,0.00025933609958506224,64.0,4.8119002852697094e-05,64.0,7.245960912021858e-05,64.0,0.00025933609958506224,0.0001379923421512861,0.0001091090514567396
general,5,5,model.layers.5.mlp,30,0.01815352697095436,28.0,0.006316505527100623,23.0,0.010724175520457667,28.0,0.01815352697095436,0.018114036871553822,0.01614837055981614
general,5,5,model.layers.5.mlp,31,0.0031120331950207467,59.0,0.0008433488394709544,60.0,0.0004248553210738042,61.0,0.0031120331950207467,0.0024184973650725403,0.0006397434605505844
general,5,5,model.layers.5.mlp,32,0.015819502074688796,34.0,0.0052343344787344395,32.0,0.010786557964269552,27.0,0.015819502074688796,0.0150106617241199,0.016242305503083296
general,5,5,model.layers.5.mlp,33,0.0007780082987551867,62.5,0.00016740347834543569,62.0,0.00040145786440471396,62.0,0.0007780082987551867,0.0004800680955894742,0.0006045117730675744
general,5,5,model.layers.5.mlp,34,0.013226141078838174,37.0,0.0038373638485477177,40.0,0.007516396954593817,38.0,0.013226141078838174,0.011004526148822562,0.01131812539489978
general,5,5,model.layers.5.mlp,35,0.0254149377593361,9.0,0.011602504619424274,5.0,0.02287906977150945,6.0,0.0254149377593361,0.033272858794615105,0.0344511049851276
general,5,5,model.layers.5.mlp,36,0.0036307053941908715,58.0,0.0010051806438018671,58.0,0.0023094803960491514,55.0,0.0036307053941908715,0.002882587399991866,0.0034775955657280265
general,5,5,model.layers.5.mlp,37,0.014782157676348547,35.0,0.004718194858661826,34.0,0.009720290010153506,32.0,0.014782157676348547,0.013530512285676104,0.014636728458370014
general,5,5,model.layers.5.mlp,38,0.03008298755186722,6.0,0.009914034135114108,9.0,0.02089549863857847,7.0,0.03008298755186722,0.028430780136074973,0.03146426076337649
general,5,5,model.layers.5.mlp,39,0.025155601659751038,10.5,0.009648873103604771,11.0,0.015284311845589475,13.0,0.025155601659751038,0.027670369703272888,0.02301498431870434
general,5,5,model.layers.5.mlp,40,0.0350103734439834,2.0,0.01768322703254668,1.0,0.04303286722339535,1.0,0.0350103734439834,0.05071073318962763,0.06479851852938512
general,5,5,model.layers.5.mlp,41,0.0025933609958506223,61.0,0.0010411432669865145,57.0,0.0026962968030040196,52.0,0.0025933609958506223,0.002985718518862827,0.00406006035905484
general,5,5,model.layers.5.mlp,42,0.0007780082987551867,62.5,0.00013599949753630706,63.0,0.0002051240211947825,63.0,0.0007780082987551867,0.00039000993544863487,0.00030887397344943546
general,5,5,model.layers.5.mlp,43,0.022043568464730292,14.5,0.010458032125259337,8.0,0.01838088507041397,11.0,0.022043568464730292,0.029990819877869515,0.027677777444822138
general,5,5,model.layers.5.mlp,44,0.01841286307053942,26.5,0.005734772108402489,28.0,0.009518904526451316,33.0,0.01841286307053942,0.016445782082493275,0.01433348394227765
general,5,5,model.layers.5.mlp,45,0.016078838174273857,32.5,0.005358684112422199,31.0,0.010344530397801973,29.0,0.016078838174273857,0.015367262987258223,0.015576704224238543
general,5,5,model.layers.5.mlp,46,0.016597510373443983,30.0,0.005453149312759336,30.0,0.011362991345992227,25.0,0.016597510373443983,0.015638163743165748,0.017110293893738474
general,5,5,model.layers.5.mlp,47,0.004408713692946058,53.5,0.0012789524442427386,53.0,0.0020314291181406045,56.0,0.004408713692946058,0.0036676911992841827,0.003058908361128263
general,5,5,model.layers.5.mlp,48,0.004149377593360996,55.5,0.0010948339438537345,55.0,0.0024538076950306716,54.0,0.004149377593360996,0.0031396889216842618,0.0036949223617511765
general,5,5,model.layers.5.mlp,49,0.01970954356846473,20.0,0.006907862746369294,18.0,0.014804333649359304,15.0,0.01970954356846473,0.01980989012904463,0.0222922373104545
general,5,5,model.layers.5.mlp,50,0.021265560165975105,17.0,0.006088320150414938,26.0,0.011303424958866166,26.0,0.021265560165975105,0.017459662659562725,0.01702059934422405
general,5,5,model.layers.5.mlp,51,0.009595435684647304,44.5,0.0028126823456950207,46.0,0.003564636489662392,49.0,0.009595435684647304,0.008066015536485175,0.005367598733935487
general,5,5,model.layers.5.mlp,52,0.022043568464730292,14.5,0.007186952962914938,16.0,0.015060088817509379,14.0,0.022043568464730292,0.020610245713522088,0.02267735122620466
general,5,5,model.layers.5.mlp,53,0.007780082987551867,50.0,0.001987821333635892,50.0,0.003302617783028308,50.0,0.007780082987551867,0.005700536281818129,0.004973053236217787
general,5,5,model.layers.5.mlp,54,0.020487551867219917,19.0,0.007157321787474066,17.0,0.014402750493085236,16.0,0.020487551867219917,0.020525271481776297,0.021687536873975868
general,5,5,model.layers.5.mlp,55,0.02411825726141079,13.0,0.006739446236384855,20.0,0.008554783475844197,35.0,0.02411825726141079,0.01932691693151513,0.012881718819632718
general,5,5,model.layers.5.mlp,56,0.01841286307053942,26.5,0.004893702590119294,33.0,0.010078316964054503,31.0,0.01841286307053942,0.014033821196785794,0.015175842342786258
general,5,5,model.layers.5.mlp,57,0.01945020746887967,21.5,0.00969749862227697,10.0,0.02487618349399804,3.0,0.01945020746887967,0.027809814596394186,0.03745834152087047
general,5,5,model.layers.5.mlp,58,0.01737551867219917,29.0,0.0056519567719139005,29.0,0.010091828607424662,30.0,0.01737551867219917,0.01620828999889606,0.015196188058277127
general,5,5,model.layers.5.mlp,59,0.009595435684647304,44.5,0.0036160164354253114,41.0,0.007717785498907952,36.0,0.009595435684647304,0.010369761374926647,0.011621374519635087
general,5,5,model.layers.5.mlp,60,0.0038900414937759337,57.0,0.000861076893153527,59.0,0.0009434245743197525,60.0,0.0038900414937759337,0.002469336649023014,0.001420600548013224
general,5,5,model.layers.5.mlp,61,0.011670124481327801,41.0,0.0032376491182572616,44.0,0.0044437201995077965,47.0,0.011670124481327801,0.009284705800326533,0.006691315365820272
general,5,5,model.layers.5.mlp,62,0.013485477178423237,36.0,0.004219530034362033,39.0,0.005223379528374098,44.0,0.013485477178423237,0.012100475855697776,0.007865319626467929
general,5,5,model.layers.5.mlp,63,0.03760373443983402,1.0,0.011076234682961619,6.0,0.020481530437825628,8.0,0.03760373443983402,0.031763658336771035,0.03084091103425419
general,6,6,model.layers.6.mlp,0,0.023858921161825725,10.0,0.007852008233921163,18.0,0.017032489597921054,16.0,0.023858921161825725,0.021815735700574736,0.021455163786008494
general,6,6,model.layers.6.mlp,1,0.013485477178423237,38.5,0.005567875145876556,32.0,0.008802662812235197,37.0,0.013485477178423237,0.015469582936947992,0.011088371509269225
general,6,6,model.layers.6.mlp,2,0.023599585062240663,11.5,0.008101214017116182,17.0,0.01861271769179348,11.0,0.023599585062240663,0.022508120035801337,0.023445715571075967
general,6,6,model.layers.6.mlp,3,0.023599585062240663,11.5,0.007378162684776971,20.0,0.014765922644820946,21.0,0.023599585062240663,0.020499220363980254,0.01860005767065512
general,6,6,model.layers.6.mlp,4,0.011929460580912862,41.5,0.007001568172977178,21.0,0.013332690193445356,25.0,0.011929460580912862,0.01945290379235225,0.016794670571435112
general,6,6,model.layers.6.mlp,5,0.0254149377593361,7.0,0.00888909937435166,11.0,0.01946423045085179,10.0,0.0254149377593361,0.024697152217600073,0.024518333029988248
general,6,6,model.layers.6.mlp,6,0.017894190871369293,25.5,0.0058226526030860995,29.0,0.013784646694219953,24.0,0.017894190871369293,0.016177447409750797,0.017363982573213983
general,6,6,model.layers.6.mlp,7,0.012448132780082987,40.0,0.003934868143801867,40.0,0.009560473603331697,34.0,0.012448132780082987,0.010932495341885874,0.012042956248529222
general,6,6,model.layers.6.mlp,8,0.022821576763485476,15.0,0.010104230825337138,5.0,0.021390960300611758,7.0,0.022821576763485476,0.028073229494446853,0.026945359581822297
general,6,6,model.layers.6.mlp,9,0.020487551867219917,22.0,0.008622418795383818,13.0,0.03801080646356606,3.0,0.020487551867219917,0.023956216541793557,0.04788073250393305
general,6,6,model.layers.6.mlp,10,0.0015560165975103733,57.0,0.0004915736028267635,56.0,0.0009155479333212761,57.0,0.0015560165975103733,0.0013657703197914965,0.0011532800739679986
general,6,6,model.layers.6.mlp,11,0.0,63.5,0.0,63.5,0.0,63.5,0.0,0.0,0.0
general,6,6,model.layers.6.mlp,12,0.022043568464730292,17.5,0.006680183885503112,22.0,0.016253995202883644,18.0,0.022043568464730292,0.01855998131125209,0.020474524716423744
general,6,6,model.layers.6.mlp,13,0.008298755186721992,46.5,0.002616407465637967,47.0,0.005688261318008929,43.0,0.008298755186721992,0.007269331877262211,0.007165281242877985
general,6,6,model.layers.6.mlp,14,0.0038900414937759337,54.0,0.0009137545383817427,54.0,0.0018364951570993637,54.0,0.0038900414937759337,0.0025387425624975373,0.0023133614238395072
general,6,6,model.layers.6.mlp,15,0.022302904564315353,16.0,0.006118457841675311,26.0,0.012732005218252601,26.0,0.022302904564315353,0.016999301986523836,0.0160380111029257
general,6,6,model.layers.6.mlp,16,0.006224066390041493,51.0,0.0016426308026452282,52.0,0.0032121378974795836,50.0,0.006224066390041493,0.0045638260145119255,0.004046205007052009
general,6,6,model.layers.6.mlp,17,0.00933609958506224,45.0,0.003438735898599585,43.0,0.008962060776983555,36.0,0.00933609958506224,0.009554059454986575,0.011289158917426507
general,6,6,model.layers.6.mlp,18,0.0637966804979253,1.0,0.028600162490274895,1.0,0.08591645189340678,1.0,0.0637966804979253,0.07946165710650897,0.10822560828164293
general,6,6,model.layers.6.mlp,19,0.008298755186721992,46.5,0.0028780228864107886,46.0,0.00425930002016398,47.0,0.008298755186721992,0.007996194700726721,0.005365274349412875
general,6,6,model.layers.6.mlp,20,0.02074688796680498,20.5,0.00942904523794087,6.0,0.0180659947677272,12.0,0.02074688796680498,0.026197318277257707,0.02275702999672286
general,6,6,model.layers.6.mlp,21,0.029564315352697094,5.0,0.009163884206431536,9.0,0.02013125861086786,9.0,0.029564315352697094,0.025460604457153795,0.025358562424566685
general,6,6,model.layers.6.mlp,22,0.02074688796680498,20.5,0.009233530131613071,8.0,0.022499217477886014,5.0,0.02074688796680498,0.02565410617685635,0.02834138798499484
general,6,6,model.layers.6.mlp,23,0.014782157676348547,32.0,0.004155962299014523,39.0,0.004429860991190083,45.0,0.014782157676348547,0.011546775346614354,0.005580123361815171
general,6,6,model.layers.6.mlp,24,0.017894190871369293,25.5,0.0058890061754408715,28.0,0.011064331684864408,32.0,0.017894190871369293,0.01636180177543105,0.01393730770341783
general,6,6,model.layers.6.mlp,25,0.014522821576763486,33.0,0.004167358904953319,38.0,0.008185621119139105,39.0,0.014522821576763486,0.011578439264383863,0.01031110812025835
general,6,6,model.layers.6.mlp,26,0.014263485477178423,35.0,0.005684880300181536,30.0,0.011453831777038416,29.0,0.014263485477178423,0.015794665826048288,0.01442794579975806
general,6,6,model.layers.6.mlp,27,0.026970954356846474,6.0,0.006365131045772822,24.0,0.012193379065802484,27.0,0.026970954356846474,0.017684649895579437,0.015359524716434356
general,6,6,model.layers.6.mlp,28,0.03112033195020747,4.0,0.01118868119489108,4.0,0.022347182159107255,6.0,0.03112033195020747,0.031086227180869928,0.028149875015214168
general,6,6,model.layers.6.mlp,29,0.007002074688796681,49.0,0.001802943059517635,50.0,0.0030063166750664535,52.0,0.007002074688796681,0.005009231791136355,0.0037869400292504553
general,6,6,model.layers.6.mlp,30,0.014004149377593362,37.0,0.004317287587525934,37.0,0.009532450022044519,35.0,0.014004149377593362,0.011994995693707183,0.012007656034609801
general,6,6,model.layers.6.mlp,31,0.0007780082987551867,59.0,0.0001565133882261411,59.0,0.00026072437306904695,60.0,0.0007780082987551867,0.00043485113736792627,0.00032842433838230906
general,6,6,model.layers.6.mlp,32,0.01037344398340249,44.0,0.003336419703060166,44.0,0.004563991892387264,44.0,0.01037344398340249,0.009269787837678092,0.005749082834087603
general,6,6,model.layers.6.mlp,33,0.011929460580912862,41.5,0.003562325758558091,42.0,0.006678286924401754,42.0,0.011929460580912862,0.009897437052131475,0.008412377940949244
general,6,6,model.layers.6.mlp,34,0.014263485477178423,35.0,0.0037826601400414938,41.0,0.007489733305214847,40.0,0.014263485477178423,0.010509606129008652,0.009434525343642136
general,6,6,model.layers.6.mlp,35,0.015300829875518672,31.0,0.004516854820409751,36.0,0.010786844958470076,33.0,0.015300829875518672,0.012549466075982145,0.013587768481391215
general,6,6,model.layers.6.mlp,36,0.0028526970954356845,55.0,0.0006544184387966804,55.0,0.0010575253470062715,56.0,0.0028526970954356845,0.001818212522586928,0.0013321234924249966
general,6,6,model.layers.6.mlp,37,0.032157676348547715,3.0,0.012230077719787345,3.0,0.02677994669720345,4.0,0.032157676348547715,0.033979605622385965,0.03373365586198319
general,6,6,model.layers.6.mlp,38,0.0005186721991701245,61.0,0.00011092696447095436,61.0,0.00012039071667738475,62.0,0.0005186721991701245,0.0003081954662898895,0.0001516514969686821
general,6,6,model.layers.6.mlp,39,0.020228215767634856,23.5,0.008235947225103735,15.0,0.017518914957758796,14.0,0.020228215767634856,0.022882457908098647,0.022067894867098408
general,6,6,model.layers.6.mlp,40,0.016597510373443983,27.0,0.0049266261183869295,34.0,0.00703700542202629,41.0,0.016597510373443983,0.013687959830450276,0.008864241661479255
general,6,6,model.layers.6.mlp,41,0.007002074688796681,49.0,0.0018931028753890041,48.0,0.004324344740369013,46.0,0.007002074688796681,0.005259728562824028,0.005447208650173255
general,6,6,model.layers.6.mlp,42,0.0005186721991701245,61.0,0.00010003687435165975,62.0,0.00016032343274330202,61.0,0.0005186721991701245,0.0002779388337545807,0.00020195318414652146
general,6,6,model.layers.6.mlp,43,0.0,63.5,0.0,63.5,0.0,63.5,0.0,0.0,0.0
general,6,6,model.layers.6.mlp,44,0.02308091286307054,13.5,0.00870346132650415,12.0,0.018008322141971827,13.0,0.02308091286307054,0.02418138217926562,0.022684382036221435
general,6,6,model.layers.6.mlp,45,0.024896265560165973,8.0,0.006178226708376556,25.0,0.01120891571585939,30.0,0.024896265560165973,0.017165361644159483,0.01411943457618089
general,6,6,model.layers.6.mlp,46,0.007002074688796681,49.0,0.0018257362713952282,49.0,0.0036855153894028722,48.0,0.007002074688796681,0.005072559626675373,0.004642500197102425
general,6,6,model.layers.6.mlp,47,0.021524896265560166,19.0,0.006546716967064315,23.0,0.014068891213147966,23.0,0.021524896265560166,0.01818916165204028,0.017722034323301068
general,6,6,model.layers.6.mlp,48,0.024636929460580912,9.0,0.00817643161631224,16.0,0.01713469494675205,15.0,0.024636929460580912,0.022717101893080096,0.021583907883362455
general,6,6,model.layers.6.mlp,49,0.010892116182572614,43.0,0.0030051583571058093,45.0,0.0026096397106578242,53.0,0.010892116182572614,0.008349423294511025,0.0032872615064722813
general,6,6,model.layers.6.mlp,50,0.013485477178423237,38.5,0.005077314574688797,33.0,0.011121680875042167,31.0,0.013485477178423237,0.014106627187624897,0.014009548244718907
general,6,6,model.layers.6.mlp,51,0.002074688796680498,56.0,0.0004854954129927386,57.0,0.0011233392469121213,55.0,0.002074688796680498,0.0013488828969810916,0.0014150266988974271
general,6,6,model.layers.6.mlp,52,0.001037344398340249,58.0,0.00020032700661307053,58.0,0.0002911512303278159,58.0,0.001037344398340249,0.0005565813101262616,0.00036675186544330145
general,6,6,model.layers.6.mlp,53,0.015819502074688796,29.0,0.008291157449429461,14.0,0.01518771743316868,20.0,0.015819502074688796,0.02303585199862649,0.01913137613799122
general,6,6,model.layers.6.mlp,54,0.016338174273858922,28.0,0.005660061025025934,31.0,0.011526876712735758,28.0,0.016338174273858922,0.015725708849572466,0.01451995766039153
general,6,6,model.layers.6.mlp,55,0.022043568464730292,17.5,0.007398170059647303,19.0,0.01616257973231715,19.0,0.022043568464730292,0.02055480813073117,0.020359372208488644
general,6,6,model.layers.6.mlp,56,0.005446058091286307,53.0,0.0014876369618775933,53.0,0.0032625361287742234,49.0,0.005446058091286307,0.004133196732846601,0.004109689696165432
general,6,6,model.layers.6.mlp,57,0.046680497925311204,2.0,0.02440367892570021,2.0,0.05997297044116926,2.0,0.046680497925311204,0.06780229894115859,0.07554561511112197
general,6,6,model.layers.6.mlp,58,0.005964730290456431,52.0,0.0017614087623184648,51.0,0.003105695255069812,51.0,0.005964730290456431,0.0048938344019319215,0.003912123356005767
general,6,6,model.layers.6.mlp,59,0.014263485477178423,35.0,0.004803796032157677,35.0,0.008217051810743402,38.0,0.014263485477178423,0.013346693161156676,0.010350700138348295
general,6,6,model.layers.6.mlp,60,0.0005186721991701245,61.0,0.00014992868257261412,60.0,0.00028339676806293584,59.0,0.0005186721991701245,0.000416556429323321,0.00035698387133950744
general,6,6,model.layers.6.mlp,61,0.02308091286307054,13.5,0.009301149993516597,7.0,0.021297022777597933,8.0,0.02308091286307054,0.025841978755622105,0.026827030142645095
general,6,6,model.layers.6.mlp,62,0.020228215767634856,23.5,0.008895937337914937,10.0,0.01693666240981011,17.0,0.020228215767634856,0.024716150568261777,0.021334454009304803
general,6,6,model.layers.6.mlp,63,0.015560165975103735,30.0,0.0060146220986773856,27.0,0.014438354499112521,22.0,0.015560165975103735,0.016710808513512754,0.018187432835228178
general,7,7,model.layers.7.mlp,0,0.006742738589211619,51.0,0.002156744359439834,51.0,0.003456879963642334,52.0,0.006742738589211619,0.005995502668970246,0.004221068290994579
general,7,7,model.layers.7.mlp,1,0.052645228215767635,1.0,0.015518378419994813,1.0,0.02896061675677161,4.0,0.052645228215767635,0.04313931728994268,0.035362738181644
general,7,7,model.layers.7.mlp,2,0.0015560165975103733,58.0,0.0004627022011151452,57.0,0.00017324752363673878,63.0,0.0015560165975103733,0.001286259203406369,0.0002115461445603249
general,7,7,model.layers.7.mlp,3,0.02774896265560166,11.0,0.008810589422328837,13.0,0.0183569089011038,16.0,0.02774896265560166,0.024492430994693035,0.022414942635579013
general,7,7,model.layers.7.mlp,4,0.029564315352697094,5.0,0.010036864221343362,9.0,0.0245511306148347,8.0,0.029564315352697094,0.027901334696331593,0.029978477712935502
general,7,7,model.layers.7.mlp,5,0.029304979253112033,6.5,0.01071534216156639,8.0,0.028285960686157352,5.0,0.029304979253112033,0.029787425777845364,0.03453894060204963
general,7,7,model.layers.7.mlp,6,0.005705394190871369,53.5,0.0014754805822095435,52.0,0.0038917252940755664,50.0,0.005705394190871369,0.004101667279171049,0.004752041843760001
general,7,7,model.layers.7.mlp,7,0.0015560165975103733,58.0,0.00035380129992219916,59.0,0.00045671360760432555,61.0,0.0015560165975103733,0.0009835271522488768,0.000557676097347944
general,7,7,model.layers.7.mlp,8,0.0015560165975103733,58.0,0.00037583473807053944,58.0,0.0009360801876827888,56.0,0.0015560165975103733,0.0010447775905063229,0.0011430129016955623
general,7,7,model.layers.7.mlp,9,0.002074688796680498,56.0,0.0005713498443983403,56.0,0.001268181764362264,55.0,0.002074688796680498,0.001588287226537914,0.00154852985613271
general,7,7,model.layers.7.mlp,10,0.007261410788381743,50.0,0.002285905893412863,49.0,0.004833159357680325,47.0,0.007261410788381743,0.006354556962203551,0.0059015921653619045
general,7,7,model.layers.7.mlp,11,0.008039419087136929,48.5,0.0021947330459024896,50.0,0.005668214649827649,46.0,0.008039419087136929,0.006101106872862395,0.006921247302937569
general,7,7,model.layers.7.mlp,12,0.01841286307053942,23.5,0.008894924306275934,12.0,0.021084940161447803,12.0,0.01841286307053942,0.024726872327333605,0.02574604072720817
general,7,7,model.layers.7.mlp,13,0.00933609958506224,46.5,0.002446977924014523,47.0,0.004176766484110187,49.0,0.00933609958506224,0.006802318786706261,0.005100095100319935
general,7,7,model.layers.7.mlp,14,0.015300829875518672,32.0,0.005573446819891079,30.0,0.01701326999055894,23.0,0.015300829875518672,0.015493544767030087,0.020774274848586623
general,7,7,model.layers.7.mlp,15,0.012448132780082987,39.0,0.004247894920254149,39.0,0.010900747726567059,35.0,0.012448132780082987,0.01180866207922005,0.01331049994812726
general,7,7,model.layers.7.mlp,16,0.014263485477178423,37.0,0.004861538835580913,36.0,0.011747576636397493,33.0,0.014263485477178423,0.013514521986091222,0.014344531414876967
general,7,7,model.layers.7.mlp,17,0.005964730290456431,52.0,0.0013531570117997925,53.0,0.0022453573605826288,54.0,0.005964730290456431,0.0037616217426383308,0.0027417228415187274
general,7,7,model.layers.7.mlp,18,0.00933609958506224,46.5,0.0027582318950985477,46.0,0.006810843017091395,44.0,0.00933609958506224,0.007667569230595931,0.008316468548735774
general,7,7,model.layers.7.mlp,19,0.016597510373443983,29.5,0.006427939007391079,28.0,0.01700275567557307,24.0,0.016597510373443983,0.01786893532657748,0.020761436207368193
general,7,7,model.layers.7.mlp,20,0.011929460580912862,40.5,0.004104550943335062,40.0,0.010438232346441735,36.0,0.011929460580912862,0.011410182216533676,0.012745739520898755
general,7,7,model.layers.7.mlp,21,0.029304979253112033,6.5,0.012816876296680497,4.0,0.027566772773552732,7.0,0.029304979253112033,0.03562945033715902,0.03366076683695211
general,7,7,model.layers.7.mlp,22,0.017634854771784232,26.0,0.005419466010762448,31.0,0.011067435454530835,34.0,0.017634854771784232,0.01506549572725391,0.013514036168767238
general,7,7,model.layers.7.mlp,23,0.019190871369294607,20.5,0.007492382002074689,20.0,0.015996633352580406,26.0,0.019190871369294607,0.020827965119635482,0.01953289744434693
general,7,7,model.layers.7.mlp,24,0.014782157676348547,33.5,0.005382743613848548,32.0,0.009979881191649378,40.0,0.014782157676348547,0.0149634116634915,0.012186063875234668
general,7,7,model.layers.7.mlp,25,0.010114107883817428,45.0,0.0029380450110217844,45.0,0.005762043745253096,45.0,0.010114107883817428,0.008167429129018768,0.007035818541637959
general,7,7,model.layers.7.mlp,26,0.01945020746887967,19.0,0.0076448432637448134,19.0,0.02165016717435908,11.0,0.01945020746887967,0.021251789991255973,0.026436218531038974
general,7,7,model.layers.7.mlp,27,0.01037344398340249,44.0,0.003057836002334025,44.0,0.0047797784518404125,48.0,0.01037344398340249,0.00850043438529201,0.005836410715223264
general,7,7,model.layers.7.mlp,28,0.0,64.0,0.0,64.0,0.0,64.0,0.0,0.0,0.0
general,7,7,model.layers.7.mlp,29,0.019190871369294607,20.5,0.007158081561203319,23.0,0.01773236413714302,19.0,0.019190871369294607,0.019898648125384576,0.021652334119463847
general,7,7,model.layers.7.mlp,30,0.005705394190871369,53.5,0.0012966804979253112,54.0,0.003214535021312009,53.0,0.005705394190871369,0.0036046234928520035,0.003925149843633852
general,7,7,model.layers.7.mlp,31,0.028786307053941907,8.5,0.012169549079356846,5.0,0.028193899828368698,6.0,0.028786307053941907,0.03382995470283681,0.034426528492939534
general,7,7,model.layers.7.mlp,32,0.01737551867219917,27.0,0.006790604334154565,26.0,0.01909823585842655,15.0,0.01737551867219917,0.018877103459734524,0.02332014956949797
general,7,7,model.layers.7.mlp,33,0.01711618257261411,28.0,0.00448722364496888,38.0,0.006816280518824629,43.0,0.01711618257261411,0.012473968563740586,0.008323108081027835
general,7,7,model.layers.7.mlp,34,0.011151452282157677,43.0,0.0049929796907417015,33.0,0.009988521701072756,39.0,0.011151452282157677,0.013879912531558056,0.012196614481772545
general,7,7,model.layers.7.mlp,35,0.014004149377593362,38.0,0.004055418908843361,41.0,0.009302616830436025,41.0,0.014004149377593362,0.011273600779499831,0.011359081408442205
general,7,7,model.layers.7.mlp,36,0.014782157676348547,33.5,0.004643230517375519,37.0,0.01006463046390486,38.0,0.014782157676348547,0.012907649827724342,0.012289548077626687
general,7,7,model.layers.7.mlp,37,0.01996887966804979,17.5,0.008741196755057055,15.0,0.017292789351658826,20.0,0.01996887966804979,0.02429952731558338,0.021115585604027095
general,7,7,model.layers.7.mlp,38,0.028526970954356846,10.0,0.009700537717193983,11.0,0.022732701786326175,10.0,0.028526970954356846,0.026966385477873105,0.027758061514462626
general,7,7,model.layers.7.mlp,39,0.008039419087136929,48.5,0.0024226651646784233,48.0,0.003871196594970355,51.0,0.008039419087136929,0.006734732096215286,0.004726975008417222
general,7,7,model.layers.7.mlp,40,0.014522821576763486,35.5,0.004898007974585062,35.0,0.012221679717487815,31.0,0.014522821576763486,0.013615902021827685,0.014923441155250076
general,7,7,model.layers.7.mlp,41,0.01996887966804979,17.5,0.006791870623703319,25.0,0.016484877875237048,25.0,0.01996887966804979,0.018880623599864265,0.020129074776077668
general,7,7,model.layers.7.mlp,42,0.01867219917012448,22.0,0.009771703189834025,10.0,0.017912706816221174,18.0,0.01867219917012448,0.027164217353164394,0.021872543895960606
general,7,7,model.layers.7.mlp,43,0.03475103734439834,3.0,0.01348395763096473,2.0,0.031577661486643975,3.0,0.03475103734439834,0.03748386015750515,0.038558314725105854
general,7,7,model.layers.7.mlp,44,0.03682572614107884,2.0,0.012820168649507262,3.0,0.03528378390672296,1.0,0.03682572614107884,0.03563860270149634,0.04308372376287194
general,7,7,model.layers.7.mlp,45,0.0028526970954356845,55.0,0.0010728005057053943,55.0,0.0007180877733218224,58.0,0.0028526970954356845,0.0029822627179142748,0.0008768304257015445
general,7,7,model.layers.7.mlp,46,0.032935684647302906,4.0,0.012101422701633818,6.0,0.032604818274866,2.0,0.032935684647302906,0.03364057116385689,0.039812537895781284
general,7,7,model.layers.7.mlp,47,0.011670124481327801,42.0,0.004041996239626556,42.0,0.007886758993893739,42.0,0.011670124481327801,0.011236287294124604,0.00963022976151149
general,7,7,model.layers.7.mlp,48,0.02074688796680498,14.0,0.008274695685295643,16.0,0.01809797766792329,17.0,0.02074688796680498,0.023002707691787794,0.02209877128180867
general,7,7,model.layers.7.mlp,49,0.020228215767634856,16.0,0.008773867025414937,14.0,0.017029438708827702,22.0,0.020228215767634856,0.024390346930930628,0.02079401787255856
general,7,7,model.layers.7.mlp,50,0.011929460580912862,40.5,0.0038918142991441907,43.0,0.010266325285820546,37.0,0.011929460580912862,0.010818798674737643,0.012535830166157485
general,7,7,model.layers.7.mlp,51,0.0012966804979253112,60.5,0.00028491514846991703,61.0,0.0006460460343425204,59.0,0.0012966804979253112,0.000792031529191114,0.0007888629222788244
general,7,7,model.layers.7.mlp,52,0.014522821576763486,35.5,0.0064595962461099585,27.0,0.015055699467164353,27.0,0.014522821576763486,0.017956938829820936,0.018383957871835072
general,7,7,model.layers.7.mlp,53,0.0012966804979253112,60.5,0.00035152197873443983,60.0,0.0008768906731823174,57.0,0.0012966804979253112,0.0009771909000153478,0.0010707387743191354
general,7,7,model.layers.7.mlp,54,0.00025933609958506224,63.0,8.154904693983402e-05,63.0,0.0001821619655581431,62.0,0.00025933609958506224,0.00022669702435514552,0.00022243123994174083
general,7,7,model.layers.7.mlp,55,0.022821576763485476,13.0,0.008098681438018672,18.0,0.02021314890058209,13.0,0.022821576763485476,0.022513408213754173,0.02468152865669672
general,7,7,model.layers.7.mlp,56,0.01841286307053942,23.5,0.00711173536371888,24.0,0.012858497651286145,30.0,0.01841286307053942,0.019769810996636154,0.015701035985202044
general,7,7,model.layers.7.mlp,57,0.015819502074688796,31.0,0.004941061819242739,34.0,0.013852361326890368,29.0,0.015819502074688796,0.013735586786238787,0.016914606167212087
general,7,7,model.layers.7.mlp,58,0.016597510373443983,29.5,0.005997147302904565,29.0,0.012010553813079581,32.0,0.016597510373443983,0.016671383654440517,0.014665643120641388
general,7,7,model.layers.7.mlp,59,0.020487551867219917,15.0,0.007178848709802905,22.0,0.014435876701877326,28.0,0.020487551867219917,0.019956378423512285,0.017627115213684753
general,7,7,model.layers.7.mlp,60,0.0005186721991701245,62.0,0.00015499384076763485,62.0,0.0005675721836287946,60.0,0.0005186721991701245,0.000430865151879966,0.0006930414050714589
general,7,7,model.layers.7.mlp,61,0.01815352697095436,25.0,0.007378415942686722,21.0,0.01717383708201998,21.0,0.01815352697095436,0.020511152507959037,0.02097033738632927
general,7,7,model.layers.7.mlp,62,0.02308091286307054,12.0,0.008204796502204357,17.0,0.02369403740182457,9.0,0.02308091286307054,0.022808395956626242,0.02893191288513865
general,7,7,model.layers.7.mlp,63,0.028786307053941907,8.5,0.01072471270422718,7.0,0.01993795654338425,14.0,0.028786307053941907,0.029813474814805428,0.024345501445711955
general,8,8,model.layers.8.mlp,0,0.014522821576763486,33.0,0.004137727729512448,39.5,0.012132144815199603,39.0,0.014522821576763486,0.010666106094395496,0.011309671699147641
general,8,8,model.layers.8.mlp,1,0.011151452282157677,41.5,0.0035694169800311202,43.0,0.00853907975418439,45.0,0.011151452282157677,0.009201132286351457,0.007960190889880581
general,8,8,model.layers.8.mlp,2,0.010114107883817428,44.0,0.004137727729512448,39.5,0.010389857890694963,40.0,0.010114107883817428,0.010666106094395496,0.009685499434308012
general,8,8,model.layers.8.mlp,3,0.00025933609958506224,64.0,5.596999805497925e-05,64.0,0.00010860315620651878,64.0,0.00025933609958506224,0.0001442777235194886,0.00010124063476790671
general,8,8,model.layers.8.mlp,4,0.007520746887966805,48.5,0.002101280877204357,51.0,0.0057343908612658865,52.0,0.007520746887966805,0.005416616615571026,0.005345639952653554
general,8,8,model.layers.8.mlp,5,0.032157676348547715,4.0,0.009549089487162862,12.0,0.022804668119092205,19.0,0.032157676348547715,0.024615346449331752,0.02125867384238838
general,8,8,model.layers.8.mlp,6,0.016597510373443983,29.5,0.006354240955653527,29.0,0.019280115598464903,25.0,0.016597510373443983,0.01637976508191841,0.01797306091063718
general,8,8,model.layers.8.mlp,7,0.002074688796680498,63.0,0.0004632087169346473,63.0,0.00032256628653320535,63.0,0.002074688796680498,0.0011940450512087993,0.0003006985868923393
general,8,8,model.layers.8.mlp,8,0.005186721991701245,56.0,0.001159414710840249,57.0,0.0023606324962560567,58.0,0.005186721991701245,0.0029887032501005376,0.00220059840544824
general,8,8,model.layers.8.mlp,9,0.009595435684647304,45.0,0.0028853673657935684,48.0,0.008623209484385257,44.0,0.009595435684647304,0.007437810425599699,0.008038617222833482
general,8,8,model.layers.8.mlp,10,0.02074688796680498,21.0,0.007650921453578838,21.0,0.018224815115394435,26.0,0.02074688796680498,0.019722307816849548,0.01698930229340355
general,8,8,model.layers.8.mlp,11,0.019190871369294607,23.0,0.008594813683220954,17.0,0.026463318237439724,13.0,0.019190871369294607,0.022155443905343367,0.02466929350864212
general,8,8,model.layers.8.mlp,12,0.028008298755186723,5.0,0.011022037490274895,9.0,0.031187632642840944,7.0,0.028008298755186723,0.028412266087292592,0.029073333003925922
general,8,8,model.layers.8.mlp,13,0.01037344398340249,43.0,0.0033197046810165974,46.0,0.010056528189370246,42.0,0.01037344398340249,0.008557431673726048,0.009374767115581115
general,8,8,model.layers.8.mlp,14,0.03371369294605809,2.5,0.016014510665197094,2.0,0.0507627348589452,1.0,0.03371369294605809,0.04128170845715539,0.047321382537923694
general,8,8,model.layers.8.mlp,15,0.025933609958506226,9.0,0.009265440628241702,13.0,0.025309189551227816,15.0,0.025933609958506226,0.023884165226065564,0.023593406537422305
general,8,8,model.layers.8.mlp,16,0.00933609958506224,46.0,0.0034645682053941907,44.0,0.005964528197322149,49.0,0.00933609958506224,0.008930856369894135,0.005560175614414852
general,8,8,model.layers.8.mlp,17,0.02308091286307054,16.5,0.008075634968231328,20.0,0.023845761148761416,17.0,0.02308091286307054,0.02081712113061508,0.022229188170496163
general,8,8,model.layers.8.mlp,18,0.03890041493775934,1.0,0.017830623136021784,1.0,0.040646359633607985,4.0,0.03890041493775934,0.04596322680719273,0.03789082558969028
general,8,8,model.layers.8.mlp,19,0.017634854771784232,26.5,0.005001083943853735,34.0,0.01258055042645496,38.0,0.017634854771784232,0.01289163894271195,0.011727678599708222
general,8,8,model.layers.8.mlp,20,0.023340248962655602,15.0,0.007534422815093361,22.0,0.023277137042081206,18.0,0.023340248962655602,0.01942200124300808,0.02169911273332224
general,8,8,model.layers.8.mlp,21,0.016078838174273857,31.0,0.006643714746498963,26.0,0.02041371444943535,24.0,0.016078838174273857,0.017125961633876672,0.01902980982340523
general,8,8,model.layers.8.mlp,22,0.006483402489626556,51.5,0.008517823278656638,18.0,0.03672843058574249,6.0,0.006483402489626556,0.02195698043045683,0.03423850426095053
general,8,8,model.layers.8.mlp,23,0.011670124481327801,39.0,0.00563701455523859,32.0,0.013959826646504065,34.0,0.011670124481327801,0.014530921131659625,0.013013449703565596
general,8,8,model.layers.8.mlp,24,0.021265560165975105,19.5,0.008785770147173237,16.0,0.025050400574672272,16.0,0.021265560165975105,0.022647685550292212,0.023352161612573172
general,8,8,model.layers.8.mlp,25,0.013744813278008298,35.0,0.004832160918049793,36.0,0.013736020603615218,35.0,0.013744813278008298,0.012456194410641821,0.01280481611833283
general,8,8,model.layers.8.mlp,26,0.02411825726141079,12.0,0.011781051445798755,7.0,0.030625379493622363,8.0,0.02411825726141079,0.03036882869990756,0.028549196618617753
general,8,8,model.layers.8.mlp,27,0.011151452282157677,41.5,0.0036238674306275933,42.0,0.013533440120981937,36.0,0.011151452282157677,0.009341492967603449,0.012615969151359034
general,8,8,model.layers.8.mlp,28,0.017634854771784232,26.5,0.0062772505510892114,30.0,0.0215578842908144,23.0,0.017634854771784232,0.016181301607031875,0.020096413088629278
general,8,8,model.layers.8.mlp,29,0.005964730290456431,55.0,0.0017647011151452282,54.0,0.003980981394710382,55.0,0.005964730290456431,0.004548991753320346,0.0037110991749935334
general,8,8,model.layers.8.mlp,30,0.013226141078838174,36.5,0.004610053731198133,37.0,0.017475745366322053,29.0,0.013226141078838174,0.01188365339920928,0.016291014144785523
general,8,8,model.layers.8.mlp,31,0.011670124481327801,39.0,0.004207120396784232,38.0,0.013319950504421692,37.0,0.011670124481327801,0.010844984357944546,0.012416952612136037
general,8,8,model.layers.8.mlp,32,0.007002074688796681,50.0,0.0019513521946317427,52.0,0.004764326689648925,54.0,0.007002074688796681,0.005030135111844613,0.00444133923128824
general,8,8,model.layers.8.mlp,33,0.02671161825726141,7.0,0.009140077962914937,14.0,0.01628519539021852,31.0,0.02671161825726141,0.023561009238997028,0.01518117498804467
general,8,8,model.layers.8.mlp,34,0.020228215767634856,22.0,0.007264703141208507,24.0,0.021843420272051547,21.0,0.020228215767634856,0.018726726240527285,0.020362591761508314
general,8,8,model.layers.8.mlp,35,0.016856846473029045,28.0,0.005920663414159751,31.0,0.014209612152883126,33.0,0.016856846473029045,0.01526210235492581,0.013246301529469724
general,8,8,model.layers.8.mlp,36,0.007520746887966805,48.5,0.002692638096473029,50.0,0.009630853704397115,43.0,0.007520746887966805,0.006940998898005442,0.008977950332639451
general,8,8,model.layers.8.mlp,37,0.023858921161825725,13.0,0.012174867495461619,6.0,0.037302589762754954,5.0,0.023858921161825725,0.03138399548756731,0.03477373953006209
general,8,8,model.layers.8.mlp,38,0.0038900414937759337,60.0,0.0012146249351659751,56.0,0.005193728613531936,53.0,0.0038900414937759337,0.0031310224524862774,0.004841630759296954
general,8,8,model.layers.8.mlp,39,0.004408713692946058,58.0,0.0011275042142116182,59.0,0.002863515833106773,57.0,0.004408713692946058,0.0029064453624830914,0.002669389829337941
general,8,8,model.layers.8.mlp,40,0.014522821576763486,33.0,0.0048797734050829876,35.0,0.016764704122582907,30.0,0.014522821576763486,0.012578928401690073,0.01562817643935618
general,8,8,model.layers.8.mlp,41,0.006224066390041493,53.5,0.002794954292012448,49.0,0.007317831399715293,47.0,0.006224066390041493,0.007204746410683602,0.0068217344864534065
general,8,8,model.layers.8.mlp,42,0.006224066390041493,53.5,0.001566400171810166,55.0,0.0036385227226617424,56.0,0.006224066390041493,0.004037817737411932,0.0033918567648185552
general,8,8,model.layers.8.mlp,43,0.0028526970954356845,61.0,0.0007017776679201245,62.0,0.0017097423247281942,60.0,0.0028526970954356845,0.0018090206872058954,0.0015938339574209262
general,8,8,model.layers.8.mlp,44,0.027230290456431536,6.0,0.01451902270811722,3.0,0.04427714874635594,2.0,0.027230290456431536,0.037426686025560006,0.041275473028333905
general,8,8,model.layers.8.mlp,45,0.024896265560165973,10.5,0.012565391192297718,5.0,0.029163568485450944,9.0,0.024896265560165973,0.032390675350314146,0.027186485998158774
general,8,8,model.layers.8.mlp,46,0.0025933609958506223,62.0,0.0007086156314834025,61.0,0.0019321951134076258,59.0,0.0025933609958506223,0.0018266473774096337,0.0018012060294532567
general,8,8,model.layers.8.mlp,47,0.006483402489626556,51.5,0.0019419816519709544,53.0,0.005744104377956311,51.0,0.006483402489626556,0.005005980017861713,0.005354694962009795
general,8,8,model.layers.8.mlp,48,0.023599585062240663,14.0,0.011522728377852696,8.0,0.02866308539487514,10.0,0.023599585062240663,0.029702931514432995,0.026719932100920784
general,8,8,model.layers.8.mlp,49,0.008817427385892116,47.0,0.003077336861384855,47.0,0.007143434824970748,48.0,0.008817427385892116,0.007932663432060208,0.006659160758900665
general,8,8,model.layers.8.mlp,50,0.017894190871369293,25.0,0.006502143574948133,27.0,0.016213890180548196,32.0,0.017894190871369293,0.016761023862621495,0.015114703764357997
general,8,8,model.layers.8.mlp,51,0.016597510373443983,29.5,0.005335637642634855,33.0,0.010141412499534638,41.0,0.016597510373443983,0.0137540410819393,0.009453896873343744
general,8,8,model.layers.8.mlp,52,0.026452282157676348,8.0,0.010584407822225105,10.0,0.02727694555931566,11.0,0.026452282157676348,0.027284157914253333,0.02542776268586008
general,8,8,model.layers.8.mlp,53,0.014522821576763486,33.0,0.006379820004538381,28.0,0.01788435177684325,27.0,0.014522821576763486,0.01644570196008795,0.01667191994730877
general,8,8,model.layers.8.mlp,54,0.013226141078838174,36.5,0.0036600833117219917,41.0,0.007907325548749742,46.0,0.013226141078838174,0.009434849141645472,0.007371265125569697
general,8,8,model.layers.8.mlp,55,0.024896265560165973,10.5,0.01052945085580913,11.0,0.02610604891638538,14.0,0.024896265560165973,0.02714249155224551,0.02433624450610798
general,8,8,model.layers.8.mlp,56,0.021265560165975105,19.5,0.0075298641727178425,23.0,0.017697755108235784,28.0,0.021265560165975105,0.019410250116205587,0.016497973205471236
general,8,8,model.layers.8.mlp,57,0.01867219917012448,24.0,0.007103631110606847,25.0,0.0217529723258434,22.0,0.01867219917012448,0.01831151976017256,0.020278275542648584
general,8,8,model.layers.8.mlp,58,0.03371369294605809,2.5,0.01328363062435166,4.0,0.04274695592302504,3.0,0.03371369294605809,0.0342421306620846,0.03984901639334693
general,8,8,model.layers.8.mlp,59,0.004149377593360996,59.0,0.0007947233207987552,60.0,0.001019728551638077,62.0,0.004149377593360996,0.002048613105901155,0.0009505982097102284
general,8,8,model.layers.8.mlp,60,0.004927385892116182,57.0,0.0011442192362551868,58.0,0.0014538634413876475,61.0,0.004927385892116182,0.0029495328274255633,0.00135530184216786
general,8,8,model.layers.8.mlp,61,0.022562240663900415,18.0,0.008132871255835063,19.0,0.022083880990372652,20.0,0.022562240663900415,0.02096466305602415,0.020586750953652627
general,8,8,model.layers.8.mlp,62,0.011670124481327801,39.0,0.0034187285237292533,45.0,0.005779130113817349,50.0,0.011670124481327801,0.008812692261491296,0.0053873462021362
general,8,8,model.layers.8.mlp,63,0.02308091286307054,16.5,0.008901002496109959,15.0,0.027215549312686525,12.0,0.02308091286307054,0.0229447279222441,0.025370528668008138
general,9,9,model.layers.9.mlp,0,0.015300829875518672,29.5,0.0058500044573392114,34.0,0.01912648301896218,43.0,0.015300829875518672,0.013647616290405487,0.011915361847019397
general,9,9,model.layers.9.mlp,1,0.014522821576763486,35.0,0.00698485315093361,26.0,0.026803657721681712,22.0,0.014522821576763486,0.01629513213945986,0.01669806624986211
general,9,9,model.layers.9.mlp,2,0.01270746887966805,39.5,0.005226230225622406,43.0,0.025413086058193222,26.0,0.01270746887966805,0.012192398362215145,0.015831771880518295
general,9,9,model.layers.9.mlp,3,0.008039419087136929,53.0,0.002384676478215768,54.0,0.010350340784090683,54.0,0.008039419087136929,0.005563269188729299,0.006448025784987984
general,9,9,model.layers.9.mlp,4,0.00025933609958506224,62.5,7.59773729253112e-05,62.0,0.00011521813564033429,63.0,0.00025933609958506224,0.0001772494431413328,7.177826556677841e-05
general,9,9,model.layers.9.mlp,5,0.035529045643153526,1.0,0.012470166218231328,8.0,0.03275792529474156,12.0,0.035529045643153526,0.02909195110278695,0.020407438882386567
general,9,9,model.layers.9.mlp,6,0.027489626556016597,7.0,0.014500788138615146,4.0,0.05079730417718531,6.0,0.027489626556016597,0.03382923788647764,0.031645559694597494
general,9,9,model.layers.9.mlp,7,0.022043568464730292,13.0,0.011173232462396265,10.0,0.05654699327540101,4.0,0.022043568464730292,0.0260663031083644,0.035227484612272195
general,9,9,model.layers.9.mlp,8,0.007002074688796681,57.0,0.006878738086747925,28.5,0.07072445070100523,2.0,0.007002074688796681,0.016047573750539133,0.04405971660857324
general,9,9,model.layers.9.mlp,9,0.030860995850622408,5.0,0.017000696965767635,1.0,0.06768893886403919,3.0,0.030860995850622408,0.039661335397304626,0.04216866210093049
general,9,9,model.layers.9.mlp,10,0.01945020746887967,18.0,0.006878738086747925,28.5,0.024189426814866757,31.0,0.01945020746887967,0.016047573750539133,0.015069460134692902
general,9,9,model.layers.9.mlp,11,0.01970954356846473,16.5,0.008088297863718879,20.0,0.02496597356321406,28.0,0.01970954356846473,0.01886938488534915,0.015553231013453576
general,9,9,model.layers.9.mlp,12,0.0028526970954356845,59.0,0.0008524661242219917,59.0,0.0023005437163860225,59.0,0.0028526970954356845,0.001988738752045754,0.0014331861638362834
general,9,9,model.layers.9.mlp,13,0.01815352697095436,24.0,0.007696507877334025,21.0,0.02396353188886682,32.0,0.01815352697095436,0.017955368590217013,0.01492873275789151
general,9,9,model.layers.9.mlp,14,0.00933609958506224,51.0,0.0056952638744813275,37.0,0.015552592970028952,48.0,0.00933609958506224,0.013286618257874307,0.009688910016210623
general,9,9,model.layers.9.mlp,15,0.012448132780082987,41.5,0.0036524855744294606,50.0,0.011100815539538119,53.0,0.012448132780082987,0.008520971563281006,0.006915554407962957
general,9,9,model.layers.9.mlp,16,0.01504149377593361,32.0,0.006518352081172199,30.0,0.021182282337014607,42.0,0.01504149377593361,0.015206820558572079,0.013196077843534031
general,9,9,model.layers.9.mlp,17,0.030601659751037343,6.0,0.013236271395228216,7.0,0.04630832701797802,8.0,0.030601659751037343,0.030879216321128725,0.028849029505438734
general,9,9,model.layers.9.mlp,18,0.0350103734439834,2.0,0.014183962493516597,5.0,0.03956268684498007,10.0,0.0350103734439834,0.03309010770857828,0.024646649827409335
general,9,9,model.layers.9.mlp,19,0.00025933609958506224,62.5,6.230144579875518e-05,63.0,0.00011823977888619751,62.0,0.00025933609958506224,0.0001453445433758929,7.366068025908582e-05
general,9,9,model.layers.9.mlp,20,0.02567427385892116,8.0,0.01578809809387967,3.0,0.08830916584774666,1.0,0.02567427385892116,0.036832434284768956,0.05501459230330805
general,9,9,model.layers.9.mlp,21,0.01815352697095436,24.0,0.007116294006094398,25.0,0.02446432924864203,30.0,0.01815352697095436,0.016601773676094368,0.015240718068930537
general,9,9,model.layers.9.mlp,22,0.012188796680497925,44.0,0.005229016062629668,42.0,0.02691752015307731,21.0,0.012188796680497925,0.01219889750846366,0.016768999942664647
general,9,9,model.layers.9.mlp,23,0.014522821576763486,35.0,0.00527840135503112,40.0,0.021619001488467963,38.0,0.014522821576763486,0.012314109646505526,0.013468143895088365
general,9,9,model.layers.9.mlp,24,0.011410788381742738,46.5,0.004566746628630706,47.0,0.012306874192849234,52.0,0.011410788381742738,0.010653873195748377,0.007666901388413241
general,9,9,model.layers.9.mlp,25,0.007261410788381743,56.0,0.002156491101530083,57.0,0.0062725447365604495,56.0,0.007261410788381743,0.005030930027828163,0.003907652032192072
general,9,9,model.layers.9.mlp,26,0.021006224066390043,14.0,0.00843754052126556,18.0,0.025704105736309067,24.0,0.021006224066390043,0.019684141492322144,0.01601307048967271
general,9,9,model.layers.9.mlp,27,0.011151452282157677,48.0,0.004391998670902489,49.0,0.016894234166600398,47.0,0.011151452282157677,0.010246199476523311,0.010524721822812394
general,9,9,model.layers.9.mlp,28,0.02074688796680498,15.0,0.009016994618775934,16.0,0.031092496689300815,15.0,0.02074688796680498,0.021035963912013376,0.01936991491917129
general,9,9,model.layers.9.mlp,29,0.015560165975103735,28.0,0.005806190838952282,35.0,0.021605262030457064,39.0,0.015560165975103735,0.013545402444860652,0.013459584526718367
general,9,9,model.layers.9.mlp,30,0.012188796680497925,44.0,0.00691647351530083,27.0,0.027400548898332842,20.0,0.012188796680497925,0.01613560764063266,0.01706991581290202
general,9,9,model.layers.9.mlp,31,0.01970954356846473,16.5,0.009119057556405602,14.0,0.024901120618171218,29.0,0.01970954356846473,0.0212740689972999,0.0155128291106958
general,9,9,model.layers.9.mlp,32,0.019190871369294607,19.5,0.008373466270098547,19.0,0.031117516620030542,14.0,0.019190871369294607,0.019534661128606287,0.019385501764266466
general,9,9,model.layers.9.mlp,33,0.01270746887966805,39.5,0.006006517845565352,32.0,0.026683306174654187,23.0,0.01270746887966805,0.014012750143276633,0.016623089986308598
general,9,9,model.layers.9.mlp,34,0.00233402489626556,60.0,0.0004903073132780083,60.0,0.0009584620718639421,60.0,0.00233402489626556,0.0011438497397387344,0.0005970999682262789
general,9,9,model.layers.9.mlp,35,0.015300829875518672,29.5,0.005783397627074689,36.0,0.02558596846473662,25.0,0.015300829875518672,0.013492227611918253,0.01593947366912762
general,9,9,model.layers.9.mlp,36,0.023599585062240663,9.0,0.009571376183220954,13.0,0.030055654741421776,18.0,0.023599585062240663,0.022329294015467967,0.0187239860793057
general,9,9,model.layers.9.mlp,37,0.02308091286307054,10.0,0.008526180789678423,17.0,0.032888128055081824,11.0,0.02308091286307054,0.019890932509320367,0.02048855222671636
general,9,9,model.layers.9.mlp,38,0.016338174273858922,27.0,0.007131995996498963,24.0,0.027638579799921185,19.0,0.016338174273858922,0.01663840522767691,0.017218203625166593
general,9,9,model.layers.9.mlp,39,0.0015560165975103733,61.0,0.0004047061397821577,61.0,0.0008864495207659931,61.0,0.0015560165975103733,0.000944148700466166,0.0005522377945057704
general,9,9,model.layers.9.mlp,40,0.022562240663900415,11.5,0.011396859196706431,9.0,0.0303870675103793,17.0,0.022562240663900415,0.026588007302677057,0.018930448661001277
general,9,9,model.layers.9.mlp,41,0.012188796680497925,44.0,0.004817471959284232,46.0,0.02322320052696956,34.0,0.012188796680497925,0.011238796358114774,0.014467523237303905
general,9,9,model.layers.9.mlp,42,0.012966804979253113,38.0,0.004994245980290456,45.0,0.021465351967396084,41.0,0.012966804979253113,0.011651196729156942,0.013372423754622517
general,9,9,model.layers.9.mlp,43,0.01737551867219917,26.0,0.007262170562110996,23.0,0.03204917833518191,13.0,0.01737551867219917,0.016942092606925727,0.019965905722696117
general,9,9,model.layers.9.mlp,44,0.014522821576763486,35.0,0.005980179022951245,33.0,0.025347707924506475,27.0,0.014522821576763486,0.013951303669654304,0.015791042797236855
general,9,9,model.layers.9.mlp,45,0.007520746887966805,54.5,0.0023512464341286306,55.0,0.008764250088034824,55.0,0.007520746887966805,0.005485279433747112,0.0054599275263086475
general,9,9,model.layers.9.mlp,46,0.0,64.0,0.0,64.0,0.0,64.0,0.0,0.0,0.0
general,9,9,model.layers.9.mlp,47,0.010632780082987552,49.0,0.004437331836747925,48.0,0.018716571303818732,45.0,0.010632780082987552,0.010351958310930973,0.011659996215689045
general,9,9,model.layers.9.mlp,48,0.03241701244813278,3.0,0.014012000372795643,6.0,0.0465342929254429,7.0,0.03241701244813278,0.032688933135601735,0.028989801102070733
general,9,9,model.layers.9.mlp,49,0.008558091286307055,52.0,0.002910693156768672,53.0,0.013391217750137772,50.0,0.008558091286307055,0.00679042616674446,0.008342422645445586
general,9,9,model.layers.9.mlp,50,0.03189834024896265,4.0,0.01607934469009336,2.0,0.05267877564514326,5.0,0.03189834024896265,0.037511890483477396,0.03281767342420141
general,9,9,model.layers.9.mlp,51,0.011410788381742738,46.5,0.0036339977470176347,51.0,0.01511032573291375,49.0,0.011410788381742738,0.008477840865449948,0.009413387634072483
general,9,9,model.layers.9.mlp,52,0.01504149377593361,32.0,0.005579271751815352,39.0,0.023783175158797458,33.0,0.01504149377593361,0.013016017441345205,0.014816374636526955
general,9,9,model.layers.9.mlp,53,0.01504149377593361,32.0,0.0052566211747925315,41.0,0.018274974031567078,46.0,0.01504149377593361,0.012263298139471678,0.01138489120635102
general,9,9,model.layers.9.mlp,54,0.019190871369294607,19.5,0.009733967761281121,12.0,0.021557253147803896,40.0,0.019190871369294607,0.02270860782379042,0.013429676089912893
general,9,9,model.layers.9.mlp,55,0.01867219917012448,22.0,0.007523785982883818,22.0,0.030796649297737975,16.0,0.01867219917012448,0.017552421522809048,0.019185608754861146
general,9,9,model.layers.9.mlp,56,0.01037344398340249,50.0,0.003437722866960581,52.0,0.013020739763109516,51.0,0.01037344398340249,0.008019946470668171,0.00811162332560092
general,9,9,model.layers.9.mlp,57,0.007520746887966805,54.5,0.0023284532222510373,56.0,0.004255183674858814,57.0,0.007520746887966805,0.0054321046008047125,0.002650882191002182
general,9,9,model.layers.9.mlp,58,0.01815352697095436,24.0,0.006025765446706431,31.0,0.01882202175148295,44.0,0.01815352697095436,0.014057653335539105,0.011725689434855564
general,9,9,model.layers.9.mlp,59,0.014004149377593362,37.0,0.005669431567686722,38.0,0.021716836824456687,36.0,0.014004149377593362,0.013226353447206253,0.013529093073699748
general,9,9,model.layers.9.mlp,60,0.022562240663900415,11.5,0.009022313034880705,15.0,0.021649306245859232,37.0,0.022562240663900415,0.02104837137303327,0.013487023066426091
general,9,9,model.layers.9.mlp,61,0.005705394190871369,58.0,0.0017740716578060166,58.0,0.0034807451799728317,58.0,0.005705394190871369,0.004138774497350121,0.002168424705970611
general,9,9,model.layers.9.mlp,62,0.012448132780082987,41.5,0.005058826747276971,44.0,0.022219876283431944,35.0,0.012448132780082987,0.011801858755827075,0.013842475161304492
general,9,9,model.layers.9.mlp,63,0.018931535269709542,21.0,0.009839576309647304,11.0,0.04508052664302691,9.0,0.018931535269709542,0.022954984549756873,0.028084137929243334
general,10,10,model.layers.10.mlp,0,0.017634854771784232,24.5,0.009029910772173237,18.0,0.03482863554321384,31.0,0.017634854771784232,0.019125874322809676,0.016027020261475605
general,10,10,model.layers.10.mlp,1,0.018931535269709542,19.5,0.007149977308091286,31.0,0.030667092790247492,33.0,0.018931535269709542,0.015144066298739666,0.01411201185013449
general,10,10,model.layers.10.mlp,2,0.0254149377593361,7.0,0.011358110736514522,8.0,0.05505606791785149,9.0,0.0254149377593361,0.02405713677266494,0.025335035446386024
general,10,10,model.layers.10.mlp,3,0.016078838174273857,29.5,0.008821226254538381,21.0,0.04744994838208084,15.0,0.016078838174273857,0.018683868420636206,0.02183494335234607
general,10,10,model.layers.10.mlp,4,0.005964730290456431,58.0,0.008074368678682572,26.0,0.03837788995370825,22.0,0.005964730290456431,0.017101980792590607,0.01766027322883766
general,10,10,model.layers.10.mlp,5,0.01996887966804979,16.0,0.011217805854512448,9.0,0.046962348659256185,16.0,0.01996887966804979,0.023759962901543454,0.021610565609281623
general,10,10,model.layers.10.mlp,6,0.0031120331950207467,60.5,0.0008676615988070539,60.0,0.0028653921698571735,61.0,0.0031120331950207467,0.0018377575495707743,0.0013185615125919693
general,10,10,model.layers.10.mlp,7,0.016856846473029045,28.0,0.007284457258169087,30.0,0.03812627475786011,24.0,0.016856846473029045,0.015428902626475241,0.017544487991229093
general,10,10,model.layers.10.mlp,8,0.01867219917012448,21.0,0.010734083246887967,12.0,0.05769113250293178,8.0,0.01867219917012448,0.022735410385583098,0.02654760759676437
general,10,10,model.layers.10.mlp,9,0.020487551867219917,14.0,0.008921263128890041,19.0,0.03680186845454932,28.0,0.020487551867219917,0.018895752317915963,0.01693503871690276
general,10,10,model.layers.10.mlp,10,0.015560165975103735,31.0,0.005257887464341286,43.0,0.021946994348185686,45.0,0.015560165975103735,0.011136510358038192,0.010099302416267008
general,10,10,model.layers.10.mlp,11,0.012188796680497925,42.5,0.006383112357365145,36.0,0.02912184732088904,36.0,0.012188796680497925,0.013519801891238118,0.013400939479365525
general,10,10,model.layers.10.mlp,12,0.012188796680497925,42.5,0.006954715459673236,32.0,0.03533053595990066,30.0,0.012188796680497925,0.01473049038784677,0.016257978724878573
general,10,10,model.layers.10.mlp,13,0.027489626556016597,4.0,0.015133426397173237,5.0,0.0542397009695714,10.0,0.027489626556016597,0.032053474131524116,0.02495936957786097
general,10,10,model.layers.10.mlp,14,0.016078838174273857,29.5,0.007528597883169087,28.0,0.038263783909967826,23.0,0.016078838174273857,0.01594600661882382,0.017607765289710513
general,10,10,model.layers.10.mlp,15,0.010892116182572614,48.0,0.004611066762837137,49.0,0.01744132003596215,51.0,0.010892116182572614,0.009766506627272355,0.008025935706163804
general,10,10,model.layers.10.mlp,16,0.01504149377593361,32.5,0.005633975460321577,40.0,0.026514563446717637,38.0,0.01504149377593361,0.011933086528824122,0.012201151120533145
general,10,10,model.layers.10.mlp,17,0.025155601659751038,8.5,0.010741174468360995,11.0,0.06141799910929193,5.0,0.025155601659751038,0.022750430003618118,0.0282625919962491
general,10,10,model.layers.10.mlp,18,0.020487551867219917,14.0,0.019807807637448133,2.0,0.10225740946922064,2.0,0.020487551867219917,0.041954084491252014,0.04705557791420667
general,10,10,model.layers.10.mlp,19,0.0028526970954356845,62.0,0.0006660683026452282,62.0,0.0014896013337299537,62.0,0.0028526970954356845,0.0014107712654323223,0.0006854667254360109
general,10,10,model.layers.10.mlp,20,0.00466804979253112,59.0,0.0014916890884336099,59.0,0.003364780399932901,59.0,0.00466804979253112,0.003159483936652615,0.0015483639483444547
general,10,10,model.layers.10.mlp,21,0.010114107883817428,50.0,0.004740228296810166,48.0,0.025416289622358267,41.0,0.010114107883817428,0.010040078241481664,0.011695760755360322
general,10,10,model.layers.10.mlp,22,0.0018153526970954357,63.0,0.00048093677061721994,63.0,0.0014092779072983135,63.0,0.0018153526970954357,0.0010186519517323119,0.0006485044625505252
general,10,10,model.layers.10.mlp,23,0.017634854771784232,24.5,0.008755885713822614,23.0,0.0390861595196348,20.0,0.017634854771784232,0.018545473368742082,0.017986196151359473
general,10,10,model.layers.10.mlp,24,0.020487551867219917,14.0,0.00878146476270747,22.0,0.042553602412528514,17.0,0.020487551867219917,0.01859965127665412,0.019581802084039923
general,10,10,model.layers.10.mlp,25,0.001037344398340249,64.0,0.00025806981003630706,64.0,0.0010605859125798174,64.0,0.001037344398340249,0.0005466068134887971,0.000488047597755069
general,10,10,model.layers.10.mlp,26,0.012448132780082987,40.0,0.006618135697614108,35.0,0.04177565520235117,18.0,0.012448132780082987,0.014017594946113097,0.019223815745918787
general,10,10,model.layers.10.mlp,27,0.012966804979253113,37.5,0.0057935279434647305,39.0,0.03147896617280002,32.0,0.012966804979253113,0.012271027934612093,0.014485609923931482
general,10,10,model.layers.10.mlp,28,0.021265560165975105,12.0,0.010704198813537345,13.0,0.04865924649218801,13.0,0.021265560165975105,0.02267211342386408,0.02239142353052601
general,10,10,model.layers.10.mlp,29,0.008298755186721992,54.0,0.003519778429719917,54.0,0.015237833454401167,55.0,0.008298755186721992,0.0074550946946685985,0.007011961901627312
general,10,10,model.layers.10.mlp,30,0.011151452282157677,46.0,0.004889397205653527,45.0,0.02182407572061689,46.0,0.011151452282157677,0.010356026635146925,0.010042739208899509
general,10,10,model.layers.10.mlp,31,0.03449170124481328,2.0,0.015503182945409751,3.0,0.07875546578055101,3.0,0.03449170124481328,0.03283663992906449,0.03624073771712183
general,10,10,model.layers.10.mlp,32,0.017894190871369293,22.0,0.007415138339600623,29.0,0.036788185602401796,29.0,0.017894190871369293,0.015705692730263485,0.016928742307491855
general,10,10,model.layers.10.mlp,33,0.011670124481327801,45.0,0.004176982705523859,51.0,0.016290711231251476,52.0,0.011670124481327801,0.008847091437557145,0.007496462462710164
general,10,10,model.layers.10.mlp,34,0.02671161825726141,5.0,0.015457469892699688,4.0,0.0769833333759387,4.0,0.02671161825726141,0.03273981703423159,0.03542525926062304
general,10,10,model.layers.10.mlp,35,0.0031120331950207467,60.5,0.0008565182507780083,61.0,0.002925859509167335,60.0,0.0031120331950207467,0.0018141552926585985,0.0013463866414598243
general,10,10,model.layers.10.mlp,36,0.01945020746887967,17.5,0.008499082193335063,24.0,0.04064883335002725,19.0,0.01945020746887967,0.018001548629902397,0.018705288494517813
general,10,10,model.layers.10.mlp,37,0.022562240663900415,10.0,0.009924924225233403,14.0,0.05048174086448068,11.0,0.022562240663900415,0.021021564684801246,0.023230076948197755
general,10,10,model.layers.10.mlp,38,0.012188796680497925,42.5,0.0055564785399377595,41.0,0.030069115003609558,34.0,0.012188796680497925,0.011768943560298537,0.013836841664656872
general,10,10,model.layers.10.mlp,39,0.017634854771784232,24.5,0.008864280099196058,20.0,0.04995685543756762,12.0,0.017634854771784232,0.018775058958705973,0.022988541520786273
general,10,10,model.layers.10.mlp,40,0.04797717842323652,1.0,0.022725338757780083,1.0,0.11420323585326246,1.0,0.04797717842323652,0.04813358448280348,0.05255266381811921
general,10,10,model.layers.10.mlp,41,0.013744813278008298,35.0,0.005808976675959544,38.0,0.023109849743328647,44.0,0.013744813278008298,0.012303749245331246,0.010634411147586627
general,10,10,model.layers.10.mlp,42,0.009854771784232365,51.0,0.003613737114237552,53.0,0.018627068808464587,49.0,0.009854771784232365,0.007654104633632626,0.008571579234987583
general,10,10,model.layers.10.mlp,43,0.006224066390041493,57.0,0.002019985088174274,57.0,0.00807237068647171,57.0,0.006224066390041493,0.004278445480261674,0.003714645909389695
general,10,10,model.layers.10.mlp,44,0.017634854771784232,24.5,0.004980823311073652,44.0,0.018895917444555592,48.0,0.017634854771784232,0.010549672424812731,0.008695294748693376
general,10,10,model.layers.10.mlp,45,0.01504149377593361,32.5,0.006722224698521784,34.0,0.02983291459528737,35.0,0.01504149377593361,0.014238061482270012,0.013728149817534365
general,10,10,model.layers.10.mlp,46,0.014782157676348547,34.0,0.008252408989237552,25.0,0.026795882244760566,37.0,0.014782157676348547,0.017479080488255597,0.012330605002542783
general,10,10,model.layers.10.mlp,47,0.022043568464730292,11.0,0.009236315968620332,15.0,0.03894076876620534,21.0,0.022043568464730292,0.01956305249061475,0.017919291992907618
general,10,10,model.layers.10.mlp,48,0.006742738589211619,56.0,0.0019371697516856847,58.0,0.004481025264285412,58.0,0.006742738589211619,0.004103037798209822,0.002062024009346516
general,10,10,model.layers.10.mlp,49,0.026452282157676348,6.0,0.014319961991052904,6.0,0.05802560396708888,7.0,0.026452282157676348,0.030330509376935284,0.026701520629799507
general,10,10,model.layers.10.mlp,50,0.012188796680497925,42.5,0.006017914451504149,37.0,0.024384445298262156,43.0,0.012188796680497925,0.01274629156243454,0.011220939114172051
general,10,10,model.layers.10.mlp,51,0.013226141078838174,36.0,0.0048709093782417015,47.0,0.024979686016734705,42.0,0.013226141078838174,0.010316868345269906,0.011494849788725411
general,10,10,model.layers.10.mlp,52,0.01270746887966805,39.0,0.005386289224585062,42.0,0.02639725470443979,39.0,0.01270746887966805,0.011408472727458034,0.012147169402328807
general,10,10,model.layers.10.mlp,53,0.018931535269709542,19.5,0.009071698327282158,17.0,0.0371532999133668,27.0,0.018931535269709542,0.019214382786230336,0.017096756195154217
general,10,10,model.layers.10.mlp,54,0.025155601659751038,8.5,0.009112726108661826,16.0,0.04766212085346958,14.0,0.025155601659751038,0.019301282004861527,0.021932578314061858
general,10,10,model.layers.10.mlp,55,0.01945020746887967,17.5,0.011198051737551867,10.0,0.03775305947080193,25.0,0.01945020746887967,0.023718122537017324,0.017372746294367258
general,10,10,model.layers.10.mlp,56,0.010892116182572614,48.0,0.0028038183188537342,56.0,0.010608747083678285,56.0,0.010892116182572614,0.005938649688061308,0.004881804923078901
general,10,10,model.layers.10.mlp,57,0.01737551867219917,27.0,0.006910142067557054,33.0,0.02568504733663377,40.0,0.01737551867219917,0.014636081360198066,0.011819434429764734
general,10,10,model.layers.10.mlp,58,0.007780082987551867,55.0,0.004003754295254149,52.0,0.01784294358303933,50.0,0.007780082987551867,0.008480183625558777,0.008210749972531062
general,10,10,model.layers.10.mlp,59,0.008817427385892116,52.5,0.004878253857624481,46.0,0.016285776350013447,53.0,0.008817427385892116,0.010332424378234749,0.007494191588748085
general,10,10,model.layers.10.mlp,60,0.010892116182572614,48.0,0.007991553342193983,27.0,0.03721356144584561,26.0,0.010892116182572614,0.016926573110538756,0.017124486618323595
general,10,10,model.layers.10.mlp,61,0.008817427385892116,52.5,0.003328062192038382,55.0,0.015579890196996111,54.0,0.008817427385892116,0.007049028592793212,0.007169365436352108
general,10,10,model.layers.10.mlp,62,0.03163900414937759,3.0,0.014159649734180497,7.0,0.059120517796005946,6.0,0.03163900414937759,0.029990958726357847,0.027205364832907912
general,10,10,model.layers.10.mlp,63,0.012966804979253113,37.5,0.004316781071706431,50.0,0.019851862394958116,47.0,0.012966804979253113,0.009143192478818986,0.009135189934077454
general,11,11,model.layers.11.mlp,0,0.01841286307053942,21.0,0.009586318399896265,17.0,0.07483358971805493,11.0,0.01841286307053942,0.020094313530110947,0.025380859393272254
general,11,11,model.layers.11.mlp,1,0.007780082987551867,49.5,0.0023770787409232363,54.0,0.01444178151886493,51.0,0.007780082987551867,0.004982701754032055,0.004898132342704297
general,11,11,model.layers.11.mlp,2,0.014263485477178423,35.5,0.00886985177321058,21.0,0.05328402754800448,23.0,0.014263485477178423,0.018592495581873498,0.018072023755621842
general,11,11,model.layers.11.mlp,3,0.012448132780082987,39.0,0.005401737957079876,40.0,0.04349416890084991,31.0,0.012448132780082987,0.011322826093303824,0.014751656167489266
general,11,11,model.layers.11.mlp,4,0.006742738589211619,53.5,0.002834715783843361,51.0,0.018962492463005035,44.0,0.006742738589211619,0.005941975360417727,0.006431394735476617
general,11,11,model.layers.11.mlp,5,0.008817427385892116,44.0,0.004408207177126556,43.0,0.022003016531220117,42.0,0.008817427385892116,0.009240241501244613,0.00746263103120931
general,11,11,model.layers.11.mlp,6,0.025155601659751038,10.0,0.01101823862162863,13.0,0.07186844833658938,12.0,0.025155601659751038,0.023095825965365285,0.02437519019087673
general,11,11,model.layers.11.mlp,7,0.014782157676348547,33.0,0.0058130288025155605,38.0,0.026367029461128583,41.0,0.014782157676348547,0.01218495134884911,0.008942747099164093
general,11,11,model.layers.11.mlp,8,0.01737551867219917,25.0,0.008271403332468879,26.0,0.05752975812096813,20.0,0.01737551867219917,0.017338060865830694,0.019512022706629113
general,11,11,model.layers.11.mlp,9,0.03604771784232365,2.5,0.027248271768023857,1.0,0.14455784294615148,2.0,0.03604771784232365,0.05711632904518035,0.049028815800958324
general,11,11,model.layers.11.mlp,10,0.005705394190871369,58.5,0.0016765673625518671,60.0,0.0055022863052878145,59.0,0.005705394190871369,0.0035143283200183466,0.0018661774155455727
general,11,11,model.layers.11.mlp,11,0.017634854771784232,22.5,0.008053601530082987,29.0,0.05435456279897096,21.0,0.017634854771784232,0.016881516703411394,0.018435110770192335
general,11,11,model.layers.11.mlp,12,0.02074688796680498,15.5,0.015925870396784232,6.0,0.07999753160595399,10.0,0.02074688796680498,0.03338293384834346,0.027132282563877858
general,11,11,model.layers.11.mlp,13,0.00025933609958506224,64.0,8.864026841286307e-05,64.0,0.0003654025031323255,64.0,0.00025933609958506224,0.00018580285679855308,0.00012393137344998573
general,11,11,model.layers.11.mlp,14,0.007520746887966805,51.5,0.0021302789078708508,57.0,0.008549289770146129,56.0,0.007520746887966805,0.004465373514174369,0.002899611289341469
general,11,11,model.layers.11.mlp,15,0.01970954356846473,19.0,0.00844032635827282,24.0,0.052232043871741074,24.0,0.01970954356846473,0.017692148024358225,0.017715228767276957
general,11,11,model.layers.11.mlp,16,0.007520746887966805,51.5,0.0027936880024636928,52.0,0.013789672079917306,52.0,0.007520746887966805,0.005855975180985254,0.0046769602989561124
general,11,11,model.layers.11.mlp,17,0.03319502074688797,6.0,0.016717554622665973,4.0,0.12340208207917906,4.0,0.03319502074688797,0.03504241879220711,0.04185354338725545
general,11,11,model.layers.11.mlp,18,0.014782157676348547,33.0,0.00599106911307054,35.0,0.035865614028392494,37.0,0.014782157676348547,0.012558149658361634,0.012164325006159321
general,11,11,model.layers.11.mlp,19,0.014263485477178423,35.5,0.005819106992349585,37.0,0.04300533463846104,32.0,0.014263485477178423,0.01219769211617244,0.014585861185221932
general,11,11,model.layers.11.mlp,20,0.013485477178423237,38.0,0.008220751750518672,28.0,0.05913512291255334,19.0,0.013485477178423237,0.01723188780480295,0.020056504645871207
general,11,11,model.layers.11.mlp,21,0.016597510373443983,27.0,0.006378806972899377,34.0,0.04892642270479954,27.0,0.016597510373443983,0.013370904440529017,0.01659408107996609
general,11,11,model.layers.11.mlp,22,0.014004149377593362,37.0,0.007624835888874481,30.0,0.06176009959699702,17.0,0.014004149377593362,0.015982761741811534,0.020946802230010872
general,11,11,model.layers.11.mlp,23,0.014782157676348547,33.0,0.004879013631353735,41.0,0.015776650106758498,47.0,0.014782157676348547,0.0102271201034975,0.00535087170834839
general,11,11,model.layers.11.mlp,24,0.016078838174273857,29.0,0.006894946592971992,31.0,0.04781745751369049,28.0,0.016078838174273857,0.014452807932401735,0.016217960013295125
general,11,11,model.layers.11.mlp,25,0.01037344398340249,42.0,0.004757196576763485,42.0,0.03178930452626771,39.0,0.01037344398340249,0.009971773891725775,0.01078178758270164
general,11,11,model.layers.11.mlp,26,0.010632780082987552,40.5,0.005585096683739627,39.0,0.029717219815709284,40.0,0.010632780082987552,0.01170717257422426,0.01007901105029451
general,11,11,model.layers.11.mlp,27,0.0025933609958506223,61.0,0.0006521391176089211,62.0,0.002136029287616247,63.0,0.0025933609958506223,0.0013669781607322119,0.0007244642307439557
general,11,11,model.layers.11.mlp,28,0.006483402489626556,55.0,0.0019295720143931536,59.0,0.005791165367448973,58.0,0.006483402489626556,0.0040446627598519315,0.0019641547928970662
general,11,11,model.layers.11.mlp,29,0.010632780082987552,40.5,0.004387946544346473,44.0,0.01644547416585115,46.0,0.010632780082987552,0.009197772276833516,0.005577712749472101
general,11,11,model.layers.11.mlp,30,0.020487551867219917,17.5,0.009202885924533196,20.0,0.06832894101677099,13.0,0.020487551867219917,0.01929058345813092,0.02317471674112995
general,11,11,model.layers.11.mlp,31,0.01737551867219917,25.0,0.008245064509854771,27.0,0.05132333965222371,25.0,0.01737551867219917,0.017282850874096266,0.017407029012159785
general,11,11,model.layers.11.mlp,32,0.010114107883817428,43.0,0.0063932426737551866,33.0,0.03507727310370608,38.0,0.010114107883817428,0.013401163762921926,0.01189694814720048
general,11,11,model.layers.11.mlp,33,0.006224066390041493,56.0,0.0037228912733402487,46.0,0.015541437750535387,49.0,0.006224066390041493,0.007803719985539229,0.005271096145484823
general,11,11,model.layers.11.mlp,34,0.02074688796680498,15.5,0.009625573375907677,16.0,0.062383104904064006,16.0,0.02074688796680498,0.02017659765240745,0.02115810320006329
general,11,11,model.layers.11.mlp,35,0.007780082987551867,49.5,0.0030360558220954357,49.0,0.0176577087012564,45.0,0.007780082987551867,0.006364013278003012,0.005988859059714735
general,11,11,model.layers.11.mlp,36,0.015300829875518672,30.0,0.006788578270876556,32.0,0.04671437679731994,30.0,0.015300829875518672,0.014229844504243472,0.015843834748596297
general,11,11,model.layers.11.mlp,37,0.005964730290456431,57.0,0.0019521119683609959,58.0,0.00458256541693359,60.0,0.005964730290456431,0.004091909772009277,0.0015542412029928556
general,11,11,model.layers.11.mlp,38,0.02308091286307054,11.5,0.009582772789159751,18.0,0.0506905416003525,26.0,0.02308091286307054,0.020086881415839003,0.01719240669563867
general,11,11,model.layers.11.mlp,39,0.008558091286307055,46.0,0.003922205248314315,45.0,0.02053231272954664,43.0,0.008558091286307055,0.008221510980683404,0.006963821251536005
general,11,11,model.layers.11.mlp,40,0.008558091286307055,46.0,0.0032872876685684648,47.0,0.013591743974764812,53.0,0.008558091286307055,0.006890631660700626,0.004609830211708137
general,11,11,model.layers.11.mlp,41,0.021265560165975105,14.0,0.01575188221278527,7.0,0.06807578540565562,14.0,0.021265560165975105,0.03301822938371316,0.02308885547221922
general,11,11,model.layers.11.mlp,42,0.01737551867219917,25.0,0.005928767667271784,36.0,0.037053671120608,36.0,0.01737551867219917,0.012427556793297507,0.012567271198134214
general,11,11,model.layers.11.mlp,43,0.03449170124481328,4.5,0.017523927807313277,2.0,0.08223472146077769,9.0,0.03449170124481328,0.0367326939237688,0.027891056816927436
general,11,11,model.layers.11.mlp,44,0.01867219917012448,20.0,0.010799297158648859,14.0,0.1328404671918307,3.0,0.01867219917012448,0.02263689290907286,0.045054703806611474
general,11,11,model.layers.11.mlp,45,0.017634854771784232,22.5,0.009295831577411826,19.0,0.04188713394260011,34.0,0.017634854771784232,0.01948541102511683,0.014206607767845669
general,11,11,model.layers.11.mlp,46,0.021524896265560166,13.0,0.008810842680238589,22.0,0.04099998854997247,35.0,0.021524896265560166,0.018468803965776177,0.013905719990625504
general,11,11,model.layers.11.mlp,47,0.03604771784232365,2.5,0.013240070263874481,9.0,0.0846610868743841,8.0,0.03604771784232365,0.027753107287347305,0.028713992608614913
general,11,11,model.layers.11.mlp,48,0.03630705394190872,1.0,0.017340315822743774,3.0,0.17191787546353715,1.0,0.03630705394190872,0.03634781657754323,0.05830835378564465
general,11,11,model.layers.11.mlp,49,0.020487551867219917,17.5,0.008282293422588174,25.0,0.04778536016515676,29.0,0.020487551867219917,0.017360888073951662,0.016207073748275624
general,11,11,model.layers.11.mlp,50,0.002074688796680498,62.0,0.0006789844560425311,61.0,0.004530865807256263,61.0,0.002074688796680498,0.0014232498830769166,0.0015367065567350575
general,11,11,model.layers.11.mlp,51,0.004927385892116182,60.0,0.0025872828060165974,53.0,0.01472640995523618,50.0,0.004927385892116182,0.005423319957297195,0.004994668060823438
general,11,11,model.layers.11.mlp,52,0.008039419087136929,48.0,0.0030028790359180497,50.0,0.011332524762608698,55.0,0.008039419087136929,0.00629446992302984,0.0038435843937759374
general,11,11,model.layers.11.mlp,53,0.006742738589211619,53.5,0.0022666582922717844,55.0,0.013290851937290049,54.0,0.006742738589211619,0.004751244480991571,0.00450777846563428
general,11,11,model.layers.11.mlp,54,0.016338174273858922,28.0,0.008501108256613071,23.0,0.05413293789036541,22.0,0.016338174273858922,0.017819555697591517,0.018359943580370793
general,11,11,model.layers.11.mlp,55,0.03449170124481328,4.5,0.014610955329356846,8.0,0.08484819420145755,7.0,0.03449170124481328,0.030626681184063212,0.02877745267751972
general,11,11,model.layers.11.mlp,56,0.01504149377593361,31.0,0.012449145811721992,10.0,0.06642537196147491,15.0,0.01504149377593361,0.02609521493939907,0.022529094651906598
general,11,11,model.layers.11.mlp,57,0.03189834024896265,7.0,0.016695521184517635,5.0,0.11873580929649322,5.0,0.03189834024896265,0.034996233510660044,0.040270911659521715
general,11,11,model.layers.11.mlp,58,0.026970954356846474,9.0,0.011158290245720954,12.0,0.09617643336537468,6.0,0.026970954356846474,0.023389394479106998,0.0326195835505142
general,11,11,model.layers.11.mlp,59,0.028526970954356846,8.0,0.011452322678941909,11.0,0.04201121918888013,33.0,0.028526970954356846,0.024005729098373056,0.01424869301593384
general,11,11,model.layers.11.mlp,60,0.008558091286307055,46.0,0.003078096635114108,48.0,0.015605726553691373,48.0,0.008558091286307055,0.00645213691865604,0.005292900592920948
general,11,11,model.layers.11.mlp,61,0.02308091286307054,11.5,0.010557562483791494,15.0,0.05958134900484837,18.0,0.02308091286307054,0.02213018197531795,0.020207848470867713
general,11,11,model.layers.11.mlp,62,0.005705394190871369,58.5,0.002172193091934647,56.0,0.006754212977975236,57.0,0.005705394190871369,0.004553231722174827,0.002290785869715457
general,11,11,model.layers.11.mlp,63,0.0007780082987551867,63.0,0.00034746985217842325,63.0,0.002693892885540531,62.0,0.0007780082987551867,0.000728347198650328,0.0009136714783567893
general,12,12,model.layers.12.mlp,0,0.00933609958506224,49.0,0.004408713692946058,51.0,0.030189678629404283,49.0,0.00933609958506224,0.008350644562978697,0.007425792416196198
general,12,12,model.layers.12.mlp,1,0.012188796680497925,39.0,0.005380211034751037,43.0,0.04130966284339359,44.0,0.012188796680497925,0.010190779704499048,0.010160988622095413
general,12,12,model.layers.12.mlp,2,0.03475103734439834,5.0,0.016044141840637967,6.0,0.14040470055277418,5.0,0.03475103734439834,0.03038957282337221,0.034535517034209054
general,12,12,model.layers.12.mlp,3,0.020487551867219917,12.5,0.008650277165456431,26.0,0.04768155515193939,38.0,0.020487551867219917,0.016384686103693726,0.011728290817075817
general,12,12,model.layers.12.mlp,4,0.013485477178423237,36.0,0.00654063877723029,37.0,0.055277861005537735,32.0,0.013485477178423237,0.012388772201487123,0.013596763518995084
general,12,12,model.layers.12.mlp,5,0.016078838174273857,27.5,0.008495536582598547,27.0,0.11018415874341711,9.0,0.016078838174273857,0.01609158845732539,0.02710213316364706
general,12,12,model.layers.12.mlp,6,0.008298755186721992,54.5,0.0043428666364107886,52.0,0.04497213779148719,41.0,0.008298755186721992,0.008225922160268767,0.011061852093612226
general,12,12,model.layers.12.mlp,7,0.016856846473029045,24.0,0.010583141532676348,18.0,0.08604312932342909,15.0,0.016856846473029045,0.020045768324779056,0.021164134439423686
general,12,12,model.layers.12.mlp,8,0.0,64.0,0.0,64.0,0.0,64.0,0.0,0.0,0.0
general,12,12,model.layers.12.mlp,9,0.015300829875518672,29.5,0.008314203919216804,28.0,0.06316165013926653,27.0,0.015300829875518672,0.0157481221483242,0.015535948837222119
general,12,12,model.layers.12.mlp,10,0.021784232365145227,10.0,0.015706422417984957,8.0,0.10160871115957552,10.0,0.021784232365145227,0.029749890807934935,0.024992819765009028
general,12,12,model.layers.12.mlp,11,0.010632780082987552,42.5,0.0035081285658713694,56.0,0.02714686534711434,51.0,0.010632780082987552,0.006644825855145963,0.006677347887425288
general,12,12,model.layers.12.mlp,12,0.01270746887966805,38.0,0.007319280220759855,31.0,0.03384743852703156,48.0,0.01270746887966805,0.013863614613532044,0.008325496120945545
general,12,12,model.layers.12.mlp,13,0.010114107883817428,45.5,0.005315377009854772,44.0,0.03881267912654956,45.0,0.010114107883817428,0.010067976107984657,0.009546802463457538
general,12,12,model.layers.12.mlp,14,0.01996887966804979,14.0,0.009334326779693983,21.0,0.07409015334988037,19.0,0.01996887966804979,0.017680359987230346,0.018224046225006514
general,12,12,model.layers.12.mlp,15,0.016078838174273857,27.5,0.008819706707079876,24.0,0.08486071909117006,16.0,0.016078838174273857,0.016705606439897352,0.020873295539039036
general,12,12,model.layers.12.mlp,16,0.015300829875518672,29.5,0.007237351286955394,34.0,0.06500426231578178,23.0,0.015300829875518672,0.01370843116246796,0.015989178422549034
general,12,12,model.layers.12.mlp,17,0.00933609958506224,49.0,0.005638027586877594,41.0,0.021041055546138297,56.0,0.00933609958506224,0.010679115881263314,0.005175494334381387
general,12,12,model.layers.12.mlp,18,0.009595435684647304,47.0,0.0037958295513485477,54.0,0.030023381175836587,50.0,0.009595435684647304,0.007189766814678579,0.007384888026828735
general,12,12,model.layers.12.mlp,19,0.04823651452282158,1.0,0.023803204421680497,1.0,0.2180945052150869,2.0,0.04823651452282158,0.045086189176541926,0.05364497392373241
general,12,12,model.layers.12.mlp,20,0.01737551867219917,21.0,0.016027173560684647,7.0,0.09987557676323222,12.0,0.01737551867219917,0.03035743281959696,0.024566518564038974
general,12,12,model.layers.12.mlp,21,0.018931535269709542,16.0,0.010146778154175312,19.0,0.09191496095222061,14.0,0.018931535269709542,0.019219242556051327,0.02260843609342647
general,12,12,model.layers.12.mlp,22,0.017634854771784232,19.0,0.008025743160010373,29.0,0.07487987779482766,18.0,0.017634854771784232,0.015201742084144928,0.018418295718886937
general,12,12,model.layers.12.mlp,23,0.007261410788381743,58.5,0.002935005916104772,58.0,0.01701583026587592,57.0,0.007261410788381743,0.0055592612500206876,0.004185404717112633
general,12,12,model.layers.12.mlp,24,0.01737551867219917,21.0,0.012030003971084025,11.0,0.06330213816334103,25.0,0.01737551867219917,0.022786303273555325,0.01557050484944554
general,12,12,model.layers.12.mlp,25,0.014782157676348547,31.5,0.0062030459835321575,39.0,0.05313731723801229,34.0,0.014782157676348547,0.011749330036824289,0.013070251333471361
general,12,12,model.layers.12.mlp,26,0.016597510373443983,25.5,0.01114030893412863,14.0,0.06164005476038486,28.0,0.016597510373443983,0.021101111732324616,0.01516168014878323
general,12,12,model.layers.12.mlp,27,0.014263485477178423,33.5,0.005298661987811203,45.0,0.04677071511992775,39.0,0.014263485477178423,0.010036315805758289,0.01150425037315098
general,12,12,model.layers.12.mlp,28,0.00933609958506224,49.0,0.004636139295902489,50.0,0.02417517858422149,53.0,0.00933609958506224,0.00878141655387684,0.00594639843618776
general,12,12,model.layers.12.mlp,29,0.00907676348547718,51.0,0.0040189497698392114,53.0,0.02198810448785046,55.0,0.00907676348547718,0.007612383879245689,0.005408441128398703
general,12,12,model.layers.12.mlp,30,0.01711618257261411,23.0,0.009015981587136929,22.0,0.052462009473460344,35.0,0.01711618257261411,0.017077375140282722,0.012904145051315577
general,12,12,model.layers.12.mlp,31,0.00466804979253112,62.0,0.0012635037117479254,62.0,0.00549306451532356,62.0,0.00466804979253112,0.0023932310273840026,0.0013511358408379
general,12,12,model.layers.12.mlp,32,0.021524896265560166,11.0,0.010909844236255187,16.0,0.09426927665457191,13.0,0.021524896265560166,0.020664583322839863,0.02318753002491417
general,12,12,model.layers.12.mlp,33,0.008817427385892116,52.5,0.0036780646233143155,55.0,0.023575712783702678,54.0,0.008817427385892116,0.006966705594447359,0.005798947095287235
general,12,12,model.layers.12.mlp,34,0.01737551867219917,21.0,0.008681174630446058,25.0,0.06774922426310813,22.0,0.01737551867219917,0.016443209692657616,0.01666436009180171
general,12,12,model.layers.12.mlp,35,0.03760373443983402,2.0,0.02310294630121888,2.0,0.22512249395065784,1.0,0.03760373443983402,0.0437598143938767,0.055373656964527826
general,12,12,model.layers.12.mlp,36,0.013744813278008298,35.0,0.007060070750129668,35.0,0.061021556992748464,29.0,0.013744813278008298,0.013372640078248916,0.0150095474915023
general,12,12,model.layers.12.mlp,37,0.007261410788381743,58.5,0.0020944429136410788,61.0,0.01414324735828455,58.0,0.007261410788381743,0.003967131809273543,0.0034788319631612035
general,12,12,model.layers.12.mlp,38,0.0005186721991701245,63.0,0.00011827144385373444,63.0,0.00044449149820319846,63.0,0.0005186721991701245,0.00022402062332898965,0.00010933212098542065
general,12,12,model.layers.12.mlp,39,0.010114107883817428,45.5,0.0061136459413900415,40.0,0.053176117141217116,33.0,0.010114107883817428,0.011579995390068116,0.013079794993425625
general,12,12,model.layers.12.mlp,40,0.035269709543568464,4.0,0.01926760851594917,4.0,0.15937588125838284,4.0,0.035269709543568464,0.03649521413757217,0.03920188170603386
general,12,12,model.layers.12.mlp,41,0.014782157676348547,31.5,0.006650299452152489,36.0,0.04970156404487325,37.0,0.014782157676348547,0.012596482972154044,0.01222515489111691
general,12,12,model.layers.12.mlp,42,0.010632780082987552,42.5,0.005488605420124481,42.0,0.044747788752757665,42.0,0.010632780082987552,0.010396091967421549,0.011006668684380569
general,12,12,model.layers.12.mlp,43,0.03189834024896265,6.0,0.016427067800181536,5.0,0.1659178983621083,3.0,0.03189834024896265,0.031114881565285343,0.0408110297063095
general,12,12,model.layers.12.mlp,44,0.008817427385892116,52.5,0.0072484946349844395,33.0,0.05051606374162856,36.0,0.008817427385892116,0.01372953803061887,0.012425498384183071
general,12,12,model.layers.12.mlp,45,0.020487551867219917,12.5,0.007249760924533195,32.0,0.059003111237806896,30.0,0.020487551867219917,0.013731936538363292,0.014513067904437406
general,12,12,model.layers.12.mlp,46,0.01945020746887967,15.0,0.009672426089211619,20.0,0.08111194802517713,17.0,0.01945020746887967,0.018320761554990947,0.01995120570517136
general,12,12,model.layers.12.mlp,47,0.016597510373443983,25.5,0.011204889701115146,13.0,0.06951935706791541,20.0,0.016597510373443983,0.021223435627290125,0.017099761836846968
general,12,12,model.layers.12.mlp,48,0.014263485477178423,33.5,0.0076483888744813275,30.0,0.06938902248485454,21.0,0.014263485477178423,0.014486986776307253,0.017067703279008632
general,12,12,model.layers.12.mlp,49,0.012966804979253113,37.0,0.006350948602826764,38.0,0.041423651316353886,43.0,0.012966804979253113,0.012029475741372747,0.010189026507110127
general,12,12,model.layers.12.mlp,50,0.02308091286307054,9.0,0.010776883833635892,17.0,0.11042358865381771,8.0,0.02308091286307054,0.020412740009675582,0.02716102603344832
general,12,12,model.layers.12.mlp,51,0.023858921161825725,8.0,0.013247541372212138,9.0,0.10152031277225225,11.0,0.023858921161825725,0.025092468469816817,0.02497107630486004
general,12,12,model.layers.12.mlp,52,0.0254149377593361,7.0,0.011104093053034232,15.0,0.11074966216977701,7.0,0.0254149377593361,0.021032514410834157,0.027241230737567783
general,12,12,model.layers.12.mlp,53,0.011151452282157677,40.0,0.005233827962914938,46.0,0.03800705780132183,47.0,0.011151452282157677,0.009913512209243898,0.009348642794365357
general,12,12,model.layers.12.mlp,54,0.005705394190871369,60.0,0.002693651128112033,59.0,0.011004783305884397,61.0,0.005705394190871369,0.005102105673933905,0.0027068600967194664
general,12,12,model.layers.12.mlp,55,0.03656639004149378,3.0,0.019541886832209542,3.0,0.11597613477113336,6.0,0.03656639004149378,0.037014730915013914,0.028526792637150515
general,12,12,model.layers.12.mlp,56,0.01841286307053942,17.5,0.012232357040975105,10.0,0.064464811374785,24.0,0.01841286307053942,0.02316958481111392,0.01585648901052389
general,12,12,model.layers.12.mlp,57,0.01841286307053942,17.5,0.011264152051996887,12.0,0.06321053138907025,26.0,0.01841286307053942,0.021335685789729063,0.015547972218409527
general,12,12,model.layers.12.mlp,58,0.005446058091286307,61.0,0.002386196025674274,60.0,0.013227262375760376,59.0,0.005446058091286307,0.004519747993588309,0.003253526009425324
general,12,12,model.layers.12.mlp,59,0.007780082987551867,56.0,0.008895937337914937,23.0,0.013198368158577884,60.0,0.007780082987551867,0.016849996606111542,0.0032464188632559477
general,12,12,model.layers.12.mlp,60,0.008298755186721992,54.5,0.005124167287992739,47.0,0.0554229006233057,31.0,0.008298755186721992,0.009705801438576975,0.013632439092322333
general,12,12,model.layers.12.mlp,61,0.010632780082987552,42.5,0.0048027830005186725,48.0,0.04667605404042604,40.0,0.010632780082987552,0.00909706017304274,0.011480966470897441
general,12,12,model.layers.12.mlp,62,0.010632780082987552,42.5,0.0047328838174273856,49.0,0.038799523070640086,46.0,0.010632780082987552,0.00896466254555066,0.009543566452190282
general,12,12,model.layers.12.mlp,63,0.007520746887966805,57.0,0.0029669164127334026,57.0,0.02621757022696412,52.0,0.007520746887966805,0.005619703645180114,0.00644876802275265
general,13,13,model.layers.13.mlp,0,0.012448132780082987,39.5,0.006821501799144191,37.0,0.07252948709543315,30.0,0.012448132780082987,0.012456823417533089,0.014358006428701022
general,13,13,model.layers.13.mlp,1,0.021524896265560166,18.5,0.009645580750778008,25.0,0.13819142792729422,10.0,0.021524896265560166,0.017613906689443667,0.02735650685025177
general,13,13,model.layers.13.mlp,2,0.00466804979253112,58.5,0.009019527197873444,28.0,0.020715795859261667,52.0,0.00466804979253112,0.016470663047782566,0.004100918702645359
general,13,13,model.layers.13.mlp,3,0.022562240663900415,14.0,0.010707491166364108,19.0,0.10675884158779476,21.0,0.022562240663900415,0.019553073594575143,0.02113408208472975
general,13,13,model.layers.13.mlp,4,0.008298755186721992,50.0,0.0033475630510892114,51.0,0.019827423995955853,53.0,0.008298755186721992,0.0061130236470374,0.003925055761444095
general,13,13,model.layers.13.mlp,5,0.010892116182572614,43.0,0.005153545205523859,46.0,0.02944798044149312,49.0,0.010892116182572614,0.009410948569644731,0.005829550289455209
general,13,13,model.layers.13.mlp,6,0.0005186721991701245,62.0,0.00010282271135892116,62.0,0.00041105879540265347,63.0,0.0005186721991701245,0.00018776574373560178,8.137359111887361e-05
general,13,13,model.layers.13.mlp,7,0.004927385892116182,56.5,0.001180688375259336,60.0,0.0069755583661473145,60.0,0.004927385892116182,0.002156068712550186,0.0013808881859751721
general,13,13,model.layers.13.mlp,8,0.02411825726141079,11.0,0.01128669200596473,16.0,0.13022985596874442,12.0,0.02411825726141079,0.02061075895399219,0.025780426473273325
general,13,13,model.layers.13.mlp,9,0.005705394190871369,54.0,0.0021511726854253114,55.0,0.013673503121894425,56.0,0.005705394190871369,0.003928281348005423,0.0027068197169063573
general,13,13,model.layers.13.mlp,10,0.021524896265560166,18.5,0.016688176705134856,7.0,0.12263263211705377,18.0,0.021524896265560166,0.030474472703728432,0.024276472794966898
general,13,13,model.layers.13.mlp,11,0.0,64.0,0.0,64.0,0.0,64.0,0.0,0.0,0.0
general,13,13,model.layers.13.mlp,12,0.00933609958506224,47.5,0.0055635697614107886,43.0,0.038354774728355565,44.0,0.00933609958506224,0.010159699158580542,0.007592747779899628
general,13,13,model.layers.13.mlp,13,0.005964730290456431,52.5,0.0020559477113589212,56.0,0.01849316354238146,54.0,0.005964730290456431,0.003754389920309397,0.0036609242897190056
general,13,13,model.layers.13.mlp,14,0.00025933609958506224,63.0,5.3690676867219916e-05,63.0,0.000443681579902459,62.0,0.00025933609958506224,9.804516667967383e-05,8.783162864716916e-05
general,13,13,model.layers.13.mlp,15,0.00907676348547718,49.0,0.0036869286501556016,50.0,0.029277799535094455,50.0,0.00907676348547718,0.00673274309680515,0.005795861114941964
general,13,13,model.layers.13.mlp,16,0.019190871369294607,23.0,0.005226230225622406,44.0,0.03164739381228245,47.0,0.019190871369294607,0.009543679526423345,0.006264948257672092
general,13,13,model.layers.13.mlp,17,0.021784232365145227,16.0,0.010558322257520746,22.0,0.05907297666142096,35.0,0.021784232365145227,0.019280674522998125,0.011694142791209576
general,13,13,model.layers.13.mlp,18,0.021784232365145227,16.0,0.021399280342323652,4.0,0.15556132737779024,7.0,0.021784232365145227,0.03907747360266849,0.03079506870920935
general,13,13,model.layers.13.mlp,19,0.024636929460580912,10.0,0.012811051364756224,12.0,0.10246072329302547,22.0,0.024636929460580912,0.02339440922873255,0.02028322248846079
general,13,13,model.layers.13.mlp,20,0.03812240663900415,1.0,0.023692783973029045,1.0,0.28340869029033233,1.0,0.03812240663900415,0.043265667137815315,0.05610385458515874
general,13,13,model.layers.13.mlp,21,0.018931535269709542,24.0,0.008597093004408713,30.0,0.04720842034490277,41.0,0.018931535269709542,0.015699251075982114,0.009345423908886475
general,13,13,model.layers.13.mlp,22,0.021784232365145227,16.0,0.010694321755057055,21.0,0.1242845839979243,16.0,0.021784232365145227,0.019529024780106544,0.02460349476458644
general,13,13,model.layers.13.mlp,23,0.009854771784232365,46.0,0.004584031480971214,48.0,0.029548840898695822,48.0,0.009854771784232365,0.008370952963178144,0.005849516721742435
general,13,13,model.layers.13.mlp,24,0.012966804979253113,37.0,0.006019433998962656,40.0,0.049850606695745,40.0,0.012966804979253113,0.010992158120955131,0.00986847363845788
general,13,13,model.layers.13.mlp,25,0.005186721991701245,55.0,0.0012832578287085062,59.0,0.0073972194768581155,58.0,0.005186721991701245,0.0023433719790844684,0.0014643606215426932
general,13,13,model.layers.13.mlp,26,0.01504149377593361,34.0,0.008475782465637967,31.0,0.08149132664272894,26.0,0.01504149377593361,0.015477724496550209,0.016132100731391357
general,13,13,model.layers.13.mlp,27,0.01867219917012448,25.5,0.013285656687629668,10.0,0.12559019758740897,15.0,0.01867219917012448,0.024261091504004764,0.024861955275779005
general,13,13,model.layers.13.mlp,28,0.02308091286307054,13.0,0.02160821811786826,2.0,0.15012959598011,8.0,0.02308091286307054,0.039459017293756844,0.029719797982087653
general,13,13,model.layers.13.mlp,29,0.021265560165975105,20.0,0.013804455515754668,9.0,0.0881856458563033,25.0,0.021265560165975105,0.02520847605090718,0.017457314546536748
general,13,13,model.layers.13.mlp,30,0.01711618257261411,27.0,0.009651912198521784,24.0,0.07889188819901083,27.0,0.01711618257261411,0.01762546861947665,0.015617513418278158
general,13,13,model.layers.13.mlp,31,0.016597510373443983,29.5,0.0074776930433091285,34.0,0.057618759974404486,37.0,0.016597510373443983,0.013655101846151178,0.011406264669123402
general,13,13,model.layers.13.mlp,32,0.03682572614107884,2.0,0.02059569299468361,5.0,0.1743055240741904,4.0,0.03682572614107884,0.03761003344288262,0.03450568776148023
general,13,13,model.layers.13.mlp,33,0.016597510373443983,29.5,0.009287727324299793,27.0,0.1266462673661125,14.0,0.016597510373443983,0.016960426403979618,0.02507101585622722
general,13,13,model.layers.13.mlp,34,0.016856846473029045,28.0,0.007803635973158714,33.0,0.057969285739407996,36.0,0.016856846473029045,0.01425031000424901,0.011475655083820854
general,13,13,model.layers.13.mlp,35,0.020487551867219917,22.0,0.01076903283843361,18.0,0.1316449998325332,11.0,0.020487551867219917,0.01966545555449571,0.02606056970201395
general,13,13,model.layers.13.mlp,36,0.023858921161825725,12.0,0.010110562273080912,23.0,0.1241497459253335,17.0,0.023858921161825725,0.01846301483106575,0.02457680209115632
general,13,13,model.layers.13.mlp,37,0.016338174273858922,31.0,0.009450825418179461,26.0,0.11122523229646485,19.0,0.016338174273858922,0.01725826172162919,0.02201825304851716
general,13,13,model.layers.13.mlp,38,0.010892116182572614,43.0,0.006009810198392116,41.0,0.06024312688601957,34.0,0.010892116182572614,0.010974583987305001,0.011925786845512983
general,13,13,model.layers.13.mlp,39,0.00933609958506224,47.5,0.00668448926996888,39.0,0.060519384645327495,33.0,0.00933609958506224,0.012206623251619394,0.011980475094981818
general,13,13,model.layers.13.mlp,40,0.012448132780082987,39.5,0.00499272643283195,47.0,0.052177136864404956,39.0,0.012448132780082987,0.009117275546807028,0.010329035769198355
general,13,13,model.layers.13.mlp,41,0.02774896265560166,5.0,0.013107616377074688,11.0,0.15573341322143047,6.0,0.02774896265560166,0.023935970031477353,0.030829134986915464
general,13,13,model.layers.13.mlp,42,0.030342323651452282,4.0,0.020047706192459804,6.0,0.2184231180033001,3.0,0.030342323651452282,0.03660934839852817,0.04323924872571962
general,13,13,model.layers.13.mlp,43,0.0254149377593361,9.0,0.01655553287490275,8.0,0.17049174235662237,5.0,0.0254149377593361,0.030232250269537495,0.03375070789589186
general,13,13,model.layers.13.mlp,44,0.01270746887966805,38.0,0.005208248914030083,45.0,0.04636241514158447,42.0,0.01270746887966805,0.009510843645129682,0.009177947912096703
general,13,13,model.layers.13.mlp,45,0.00466804979253112,58.5,0.001486117414419087,58.0,0.010375524117491552,57.0,0.00466804979253112,0.0027138162173411607,0.0020539486482797184
general,13,13,model.layers.13.mlp,46,0.021006224066390043,21.0,0.011162595630186721,17.0,0.073053781422342,29.0,0.021006224066390043,0.020384145125345775,0.014461796233616972
general,13,13,model.layers.13.mlp,47,0.01867219917012448,25.5,0.010703692297717842,20.0,0.09390565394365936,23.0,0.01867219917012448,0.019546136436555353,0.018589652802044023
general,13,13,model.layers.13.mlp,48,0.013744813278008298,36.0,0.007271034588952282,35.0,0.07042374267123053,31.0,0.013744813278008298,0.013277720449874698,0.01394115125447208
general,13,13,model.layers.13.mlp,49,0.010632780082987552,45.0,0.004550031606587137,49.0,0.03431188392441303,45.0,0.010632780082987552,0.00830886539890104,0.006792413261096746
general,13,13,model.layers.13.mlp,50,0.012188796680497925,41.0,0.0070380373119813275,36.0,0.06996888243805818,32.0,0.012188796680497925,0.012852241424661019,0.013851106688963768
general,13,13,model.layers.13.mlp,51,0.0038900414937759337,60.0,0.0016104670481068464,57.0,0.007338952396791505,59.0,0.0038900414937759337,0.002940892523188896,0.0014528260148098863
general,13,13,model.layers.13.mlp,52,0.032676348547717844,3.0,0.021550981830264524,3.0,0.26530232379421653,2.0,0.032676348547717844,0.039354497446258706,0.052519501007563724
general,13,13,model.layers.13.mlp,53,0.005964730290456431,52.5,0.002718723661177386,53.0,0.022210224257217897,51.0,0.005964730290456431,0.004964692756161786,0.004396757173374597
general,13,13,model.layers.13.mlp,54,0.015819502074688796,32.0,0.008805017748314315,29.0,0.09065383746910886,24.0,0.015819502074688796,0.01607894485826519,0.017945920111847022
general,13,13,model.layers.13.mlp,55,0.02567427385892116,8.0,0.011773327079551348,15.0,0.11023998408891353,20.0,0.02567427385892116,0.021499408896327062,0.021823212373828883
general,13,13,model.layers.13.mlp,56,0.026452282157676348,7.0,0.01229997690287863,14.0,0.12776377389045177,13.0,0.026452282157676348,0.022461130236470374,0.025292238513426855
general,13,13,model.layers.13.mlp,57,0.014004149377593362,35.0,0.006761986190352697,38.0,0.05417760402829815,38.0,0.014004149377593362,0.012348141275223073,0.010725050156585252
general,13,13,model.layers.13.mlp,58,0.015560165975103735,33.0,0.00819567921745332,32.0,0.07414512676322114,28.0,0.015560165975103735,0.014966224711891156,0.014677839997991835
general,13,13,model.layers.13.mlp,59,0.006224066390041493,51.0,0.00238518299403527,54.0,0.01599324862492035,55.0,0.006224066390041493,0.004355610282024378,0.0031660387487681407
general,13,13,model.layers.13.mlp,60,0.004927385892116182,56.5,0.002914492025414938,52.0,0.03203224888481045,46.0,0.004927385892116182,0.005322187632781541,0.006341134534823129
general,13,13,model.layers.13.mlp,61,0.010892116182572614,43.0,0.005814041834154565,42.0,0.04130664171024972,43.0,0.010892116182572614,0.010617089110685247,0.008177102182501974
general,13,13,model.layers.13.mlp,62,0.0025933609958506223,61.0,0.0006194688472510373,61.0,0.0029319613800998547,61.0,0.0025933609958506223,0.0011312192344268028,0.0005804138706893944
general,13,13,model.layers.13.mlp,63,0.02671161825726141,6.0,0.01269277992090249,13.0,0.1451632573396833,9.0,0.02671161825726141,0.023178432375716478,0.02873665684898508
general,14,14,model.layers.14.mlp,0,0.016338174273858922,28.5,0.008544415359180497,30.0,0.1193900825571717,28.0,0.016338174273858922,0.01523544596181994,0.01679738685781248
general,14,14,model.layers.14.mlp,1,0.04486514522821577,1.0,0.03335558626167012,2.0,0.33082159030486935,2.0,0.04486514522821577,0.059475951326322156,0.04654438722417848
general,14,14,model.layers.14.mlp,2,0.029304979253112033,5.0,0.015025538527619295,9.0,0.2662555260035012,3.0,0.029304979253112033,0.026791860023380614,0.037460373403875376
general,14,14,model.layers.14.mlp,3,0.025933609958506226,9.0,0.012972376653267635,13.0,0.18819699835233175,10.0,0.025933609958506226,0.02313089137045293,0.02647806014615509
general,14,14,model.layers.14.mlp,4,0.0025933609958506223,61.0,0.0006103515625,61.0,0.004593329836471447,61.0,0.0025933609958506223,0.0010883106517276084,0.000646250815613568
general,14,14,model.layers.14.mlp,5,0.03008298755186722,4.0,0.017135176915845436,6.0,0.18403075715812905,11.0,0.03008298755186722,0.030553531280181852,0.02589189784872586
general,14,14,model.layers.14.mlp,6,0.0005186721991701245,63.0,0.00015524709867738588,63.0,0.0015333615768994534,63.0,0.0005186721991701245,0.0002768192653564415,0.00021573372803182066
general,14,14,model.layers.14.mlp,7,0.03578838174273859,3.0,0.017522661517764524,5.0,0.26037936784419774,4.0,0.03578838174273859,0.031244450490614733,0.03663363721502782
general,14,14,model.layers.14.mlp,8,0.00933609958506224,47.0,0.002621599252787863,53.0,0.019731574224238574,54.0,0.00933609958506224,0.004674542618820888,0.002776100648053929
general,14,14,model.layers.14.mlp,9,0.00907676348547718,48.0,0.00838866174468361,31.0,0.06858398607657658,35.0,0.00907676348547718,0.014957723534096919,0.009649308566542067
general,14,14,model.layers.14.mlp,10,0.014522821576763486,30.5,0.006661949316001037,38.0,0.11448185621950141,29.0,0.014522821576763486,0.011878843026429354,0.01610683220860138
general,14,14,model.layers.14.mlp,11,0.011410788381742738,42.5,0.0044798791655860995,47.0,0.04754852803416272,47.0,0.011410788381742738,0.00798801955120733,0.006689760177751013
general,14,14,model.layers.14.mlp,12,0.011410788381742738,42.5,0.003947689325483014,48.0,0.029552918004791765,52.0,0.011410788381742738,0.0070390781421724325,0.004157898092297448
general,14,14,model.layers.14.mlp,13,0.01867219917012448,20.5,0.008366121790715768,32.0,0.07983290617396722,33.0,0.01867219917012448,0.014917532808784157,0.011231956459577986
general,14,14,model.layers.14.mlp,14,0.01841286307053942,22.0,0.007395637480549793,34.0,0.08102593821361352,32.0,0.01841286307053942,0.01318707371441893,0.011399808095781585
general,14,14,model.layers.14.mlp,15,0.021784232365145227,15.5,0.010262263761021784,21.0,0.18150457010229593,12.0,0.021784232365145227,0.018298521128072374,0.025536480209813455
general,14,14,model.layers.14.mlp,16,0.016597510373443983,26.5,0.008670031282417013,29.0,0.1256827635389146,25.0,0.016597510373443983,0.015459430228731514,0.017682725024594618
general,14,14,model.layers.14.mlp,17,0.0038900414937759337,60.0,0.0017788835580912863,58.0,0.015921722525630254,58.0,0.0038900414937759337,0.003171906231425196,0.00224007997127977
general,14,14,model.layers.14.mlp,18,0.01867219917012448,20.5,0.011837274701763486,15.0,0.19082981521163245,9.0,0.01867219917012448,0.02110690450694955,0.026848479885920887
general,14,14,model.layers.14.mlp,19,0.018931535269709542,19.0,0.022685830523858922,3.0,0.15492592622135684,17.0,0.018931535269709542,0.040450836074337033,0.02179704261280556
general,14,14,model.layers.14.mlp,20,0.01815352697095436,23.0,0.011138536128760373,16.0,0.16128346732048573,15.0,0.01815352697095436,0.019860992022253922,0.02269150616471216
general,14,14,model.layers.14.mlp,21,0.01970954356846473,18.0,0.010106763404434647,23.0,0.13025573838919524,22.0,0.01970954356846473,0.018021250281532643,0.018326112029662042
general,14,14,model.layers.14.mlp,22,0.005186721991701245,57.0,0.0022470941187435166,57.0,0.01793782116219216,56.0,0.005186721991701245,0.004006766944031593,0.002523731577983549
general,14,14,model.layers.14.mlp,23,0.014263485477178423,32.5,0.0060110764879408715,39.0,0.06206757547449769,38.0,0.014263485477178423,0.01071827938537543,0.008732493137127702
general,14,14,model.layers.14.mlp,24,0.005446058091286307,56.0,0.0024198793276711617,54.0,0.031286625322959234,51.0,0.005446058091286307,0.00431485820633083,0.004401819127426427
general,14,14,model.layers.14.mlp,25,0.011151452282157677,45.0,0.004912950191260373,42.0,0.06804794258596492,37.0,0.011151452282157677,0.008760223374632314,0.009573890829226201
general,14,14,model.layers.14.mlp,26,0.013744813278008298,34.5,0.008842879805822096,28.0,0.056805444456235005,39.0,0.013744813278008298,0.015767634386326574,0.007992146464128911
general,14,14,model.layers.14.mlp,27,0.014263485477178423,32.5,0.010428907465637967,19.0,0.06825287522616723,36.0,0.014263485477178423,0.018595661546676842,0.009602723482354008
general,14,14,model.layers.14.mlp,28,0.0,64.0,0.0,64.0,0.0,64.0,0.0,0.0,0.0
general,14,14,model.layers.14.mlp,29,0.007261410788381743,53.0,0.0022889449883298756,55.0,0.018842371914891288,55.0,0.007261410788381743,0.004081390734570176,0.002650995824729813
general,14,14,model.layers.14.mlp,30,0.008298755186721992,50.0,0.0036304521362811202,50.0,0.05608997036436287,40.0,0.008298755186721992,0.006473416262454468,0.00789148404016113
general,14,14,model.layers.14.mlp,31,0.016338174273858922,28.5,0.009232010584154564,26.0,0.12042146500710135,26.0,0.016338174273858922,0.016461488874450834,0.016942495476876634
general,14,14,model.layers.14.mlp,32,0.006224066390041493,54.0,0.0022770418665715767,56.0,0.01776070815522641,57.0,0.006224066390041493,0.004060166418955572,0.002498812961362864
general,14,14,model.layers.14.mlp,33,0.03812240663900415,2.0,0.03950874043698133,1.0,0.774599898637454,1.0,0.03812240663900415,0.07044756775552298,0.10898102990426377
general,14,14,model.layers.14.mlp,34,0.008039419087136929,51.0,0.00277342736968361,52.0,0.023932514225298934,53.0,0.008039419087136929,0.004945265538202921,0.00336714483575251
general,14,14,model.layers.14.mlp,35,0.011929460580912862,39.5,0.007073493419346473,37.0,0.0718919830203551,34.0,0.011929460580912862,0.012612662449274732,0.010114721632677612
general,14,14,model.layers.14.mlp,36,0.0012966804979253112,62.0,0.0002661740631483402,62.0,0.002839787928889896,62.0,0.0012966804979253112,0.0004746118236372268,0.0003995391862876661
general,14,14,model.layers.14.mlp,37,0.028267634854771784,7.0,0.013836017782757391,11.0,0.15479520865990412,18.0,0.028267634854771784,0.024670839653117914,0.021778651525356737
general,14,14,model.layers.14.mlp,38,0.025155601659751038,10.0,0.0133423864594139,12.0,0.21478314815220498,6.0,0.025155601659751038,0.02379065147923884,0.03021855377580288
general,14,14,model.layers.14.mlp,39,0.028526970954356846,6.0,0.01774603499416494,4.0,0.19383842025060377,8.0,0.028526970954356846,0.03164274509427604,0.027271770511570342
general,14,14,model.layers.14.mlp,40,0.012448132780082987,38.0,0.007085143283195021,36.0,0.04799026297212142,46.0,0.012448132780082987,0.012633435183706047,0.006751909331873181
general,14,14,model.layers.14.mlp,41,0.013744813278008298,34.5,0.005433141937889004,40.0,0.05261051308564625,42.0,0.013744813278008298,0.009687771125108874,0.007401947650588347
general,14,14,model.layers.14.mlp,42,0.008558091286307055,49.0,0.0038897882358661824,49.0,0.04810612231369335,45.0,0.008558091286307055,0.006935835394142879,0.006768209967066588
general,14,14,model.layers.14.mlp,43,0.021784232365145227,15.5,0.010397503484828837,20.0,0.1600826700446022,16.0,0.021784232365145227,0.01853966547994895,0.022522562011656866
general,14,14,model.layers.14.mlp,44,0.024896265560165973,11.5,0.010590232754149378,18.0,0.24836097218683648,5.0,0.024896265560165973,0.01888331876043223,0.0349427292522975
general,14,14,model.layers.14.mlp,45,0.014522821576763486,30.5,0.007280658389522822,35.0,0.1351632765219914,20.0,0.014522821576763486,0.012982055857205514,0.0190165698530459
general,14,14,model.layers.14.mlp,46,0.023340248962655602,13.0,0.010204520957598547,22.0,0.1269039885137091,23.0,0.023340248962655602,0.018195560618282376,0.017854543218389925
general,14,14,model.layers.14.mlp,47,0.022562240663900415,14.0,0.01623509830459025,8.0,0.13051676305003185,21.0,0.022562240663900415,0.028948611754771095,0.01836283645528929
general,14,14,model.layers.14.mlp,48,0.024896265560165973,11.5,0.012722664354253113,14.0,0.17650268038278794,13.0,0.024896265560165973,0.02268563232372952,0.024832747748631367
general,14,14,model.layers.14.mlp,49,0.027230290456431536,8.0,0.016388572597899376,7.0,0.20381243542393213,7.0,0.027230290456431536,0.02922226995184451,0.02867504780063546
general,14,14,model.layers.14.mlp,50,0.016597510373443983,26.5,0.009339138679979254,25.0,0.12623804727283255,24.0,0.016597510373443983,0.01665250771498228,0.01776084973558143
general,14,14,model.layers.14.mlp,51,0.00466804979253112,58.0,0.0015273984537085062,59.0,0.01509778207763102,59.0,0.00466804979253112,0.002723486116418758,0.0021241570557711475
general,14,14,model.layers.14.mlp,52,0.01737551867219917,24.0,0.015001732284102696,10.0,0.1666507484754586,14.0,0.01737551867219917,0.026749411392151406,0.02344664675933863
general,14,14,model.layers.14.mlp,53,0.016856846473029045,25.0,0.009340404969528008,24.0,0.12005526495177717,27.0,0.016856846473029045,0.016654765620898727,0.0168909735760212
general,14,14,model.layers.14.mlp,54,0.005705394190871369,55.0,0.003070245639911826,51.0,0.033599992263366574,50.0,0.005705394190871369,0.0054745186850181735,0.0047272943981507606
general,14,14,model.layers.14.mlp,55,0.011670124481327801,41.0,0.004600683188537344,45.0,0.05052124415195829,44.0,0.011670124481327801,0.008203423775636405,0.007108001471998843
general,14,14,model.layers.14.mlp,56,0.011929460580912862,39.5,0.00745591286307054,33.0,0.10411515275472427,31.0,0.011929460580912862,0.013294550036041823,0.014648306300851042
general,14,14,model.layers.14.mlp,57,0.013485477178423237,36.0,0.0052371203157417015,41.0,0.04599743438459531,48.0,0.013485477178423237,0.009338247289242829,0.006471531665579548
general,14,14,model.layers.14.mlp,58,0.004149377593360996,59.0,0.0009599107924338693,60.0,0.0073524837409188635,60.0,0.004149377593360996,0.0017116055799628912,0.0010344453334543047
general,14,14,model.layers.14.mlp,59,0.011151452282157677,45.0,0.004604988573003112,44.0,0.052192611256575684,43.0,0.011151452282157677,0.008211100655752326,0.007343151655635212
general,14,14,model.layers.14.mlp,60,0.007780082987551867,52.0,0.008995467696447096,27.0,0.1487830723964327,19.0,0.007780082987551867,0.016039712049258477,0.02093278412585098
general,14,14,model.layers.14.mlp,61,0.01270746887966805,37.0,0.0045962511751167015,46.0,0.03380637173830721,49.0,0.01270746887966805,0.008195521104928839,0.00475633061125858
general,14,14,model.layers.14.mlp,62,0.011151452282157677,45.0,0.004621956852956431,43.0,0.05449128880540365,41.0,0.011151452282157677,0.00824135659503272,0.007666560227118038
general,14,14,model.layers.14.mlp,63,0.021265560165975105,17.0,0.010746239626556017,17.0,0.1081504247989892,30.0,0.021265560165975105,0.01916149276933854,0.015216042114012703
general,15,15,model.layers.15.mlp,0,0.023340248962655602,16.0,0.0178098559874222,7.0,0.3587356395246577,8.0,0.023340248962655602,0.031142456934060255,0.03261967498685509
general,15,15,model.layers.15.mlp,1,0.0028526970954356845,55.0,0.0013245388679979254,52.0,0.029616864390393016,50.0,0.0028526970954356845,0.0023160992813892342,0.0026930485407708647
general,15,15,model.layers.15.mlp,2,0.02567427385892116,11.5,0.012394188845306017,20.0,0.30633341919831714,12.0,0.02567427385892116,0.021672577960211804,0.027854763984703858
general,15,15,model.layers.15.mlp,3,0.037863070539419084,3.0,0.0192995190125778,6.0,0.5287385718951086,3.0,0.037863070539419084,0.03374729364020394,0.0480779673608283
general,15,15,model.layers.15.mlp,4,0.005446058091286307,48.5,0.003399480922588174,46.0,0.08572192261327846,41.0,0.005446058091286307,0.00594435958969172,0.007794656975255142
general,15,15,model.layers.15.mlp,5,0.007002074688796681,45.5,0.003930816017245851,44.0,0.05694083653050339,46.0,0.007002074688796681,0.006873456395113252,0.005177605390882827
general,15,15,model.layers.15.mlp,6,0.01711618257261411,29.0,0.013050633347380705,17.0,0.14234013132039935,30.0,0.01711618257261411,0.022820442078254042,0.012942925959099074
general,15,15,model.layers.15.mlp,7,0.035529045643153526,4.0,0.01661371887966805,8.0,0.6050978379625502,1.0,0.035529045643153526,0.029050881999834376,0.05502128206648505
general,15,15,model.layers.15.mlp,8,0.0005186721991701245,62.5,0.00010586180627593361,63.0,0.0016475184453473546,64.0,0.0005186721991701245,0.00018511080298674952,0.00014980813251030657
general,15,15,model.layers.15.mlp,9,0.0015560165975103733,58.0,0.000671133460840249,58.0,0.008065880086906717,58.0,0.0015560165975103733,0.0011735493490786751,0.0007334269526899321
general,15,15,model.layers.15.mlp,10,0.019190871369294607,25.5,0.01081082039354253,26.0,0.20913231125511075,23.0,0.019190871369294607,0.018903887194008078,0.01901630970212713
general,15,15,model.layers.15.mlp,11,0.0036307053941908715,52.0,0.001830801429590249,50.0,0.02344518875185385,52.0,0.0036307053941908715,0.0032013540545244314,0.0021318607710800823
general,15,15,model.layers.15.mlp,12,0.0005186721991701245,62.5,0.0006817702930497925,57.0,0.00960763757159601,57.0,0.0005186721991701245,0.0011921489991395448,0.0008736182872497065
general,15,15,model.layers.15.mlp,13,0.022043568464730292,18.0,0.011877795967323652,21.0,0.2994432696662998,14.0,0.022043568464730292,0.020769609234637686,0.027228245697747344
general,15,15,model.layers.15.mlp,14,0.004149377593360996,51.0,0.0012705949332209544,53.0,0.015742945411393258,54.0,0.004149377593360996,0.0022217724846519673,0.0014314991488883063
general,15,15,model.layers.15.mlp,15,0.0254149377593361,13.0,0.011480434306924274,22.0,0.2319698116096718,18.0,0.0254149377593361,0.020074779450220914,0.021092913632712526
general,15,15,model.layers.15.mlp,16,0.019190871369294607,25.5,0.011343548406703837,23.0,0.1413115915915778,31.0,0.019190871369294607,0.019835419667889962,0.01284940129087909
general,15,15,model.layers.15.mlp,17,0.04538381742738589,1.0,0.02527159378241701,2.0,0.5233520491983881,4.0,0.04538381742738589,0.04419011145176026,0.04758817320513982
general,15,15,model.layers.15.mlp,18,0.0005186721991701245,62.5,0.00010814112746369294,62.0,0.001776528618147759,63.0,0.0005186721991701245,0.0001890964422855073,0.00016153897116442904
general,15,15,model.layers.15.mlp,19,0.0031120331950207467,53.5,0.001126237924662863,54.0,0.016558230170570468,53.0,0.0031120331950207467,0.001969348662397309,0.0015056326358798297
general,15,15,model.layers.15.mlp,20,0.013485477178423237,37.0,0.008304326860736514,33.0,0.1382630366012763,33.0,0.013485477178423237,0.014521012511807456,0.012572197517384613
general,15,15,model.layers.15.mlp,21,0.030601659751037343,5.0,0.014493443659232365,15.0,0.30054237634809183,13.0,0.030601659751037343,0.025343351754367707,0.027328186988173474
general,15,15,model.layers.15.mlp,22,0.01037344398340249,41.0,0.005629670075855809,40.0,0.07553735882414822,42.0,0.01037344398340249,0.009844086219120706,0.00686857903907761
general,15,15,model.layers.15.mlp,23,0.012966804979253113,38.0,0.007970532935684647,34.0,0.12418367852808529,36.0,0.012966804979253113,0.01393733777894493,0.011291967638414146
general,15,15,model.layers.15.mlp,24,0.005446058091286307,48.5,0.0018132000048625518,51.0,0.03526525156131918,49.0,0.005446058091286307,0.003170576062161802,0.0032066539187022903
general,15,15,model.layers.15.mlp,25,0.00907676348547718,42.0,0.0031692694826244813,47.0,0.046827468139996664,48.0,0.00907676348547718,0.0055418100205171855,0.004258001221200132
general,15,15,model.layers.15.mlp,26,0.03967842323651452,2.0,0.01508049549403527,12.0,0.24300083579858803,16.0,0.03967842323651452,0.026369875298203317,0.022095959843262934
general,15,15,model.layers.15.mlp,27,0.014782157676348547,35.0,0.00858139101400415,32.0,0.10751938918814125,40.0,0.014782157676348547,0.01500548911101201,0.009776691088595557
general,15,15,model.layers.15.mlp,28,0.016338174273858922,31.5,0.0077200608629408715,35.0,0.19906315071454186,25.0,0.016338174273858922,0.013499360304892549,0.018100725332926906
general,15,15,model.layers.15.mlp,29,0.006483402489626556,47.0,0.002582470905731328,48.0,0.06391157549941194,45.0,0.006483402489626556,0.004515729325492547,0.005811451640130033
general,15,15,model.layers.15.mlp,30,0.0005186721991701245,62.5,9.345216869813277e-05,64.0,0.0019597855099009283,62.0,0.0005186721991701245,0.00016341121124906837,0.00017820244027502678
general,15,15,model.layers.15.mlp,31,0.022821576763485476,17.0,0.020030421340119293,5.0,0.34554664030114646,9.0,0.022821576763485476,0.03502535530867226,0.03142040504912912
general,15,15,model.layers.15.mlp,32,0.0007780082987551867,59.5,0.00028288908519190874,60.0,0.0028493000016667535,60.0,0.0007780082987551867,0.0004946621218569359,0.0002590856044232726
general,15,15,model.layers.15.mlp,33,0.0007780082987551867,59.5,0.00022742560295643154,61.0,0.002368437304041692,61.0,0.0007780082987551867,0.0003976782322538303,0.00021536096939504945
general,15,15,model.layers.15.mlp,34,0.02982365145228216,7.0,0.027996015746563796,1.0,0.5468677675575636,2.0,0.02982365145228216,0.048954057535803217,0.049726447202602525
general,15,15,model.layers.15.mlp,35,0.014004149377593362,36.0,0.005676649418114627,39.0,0.06793395142337594,43.0,0.014004149377593362,0.009926234673556213,0.00617720452570481
general,15,15,model.layers.15.mlp,36,0.02567427385892116,11.5,0.015692493232948652,10.0,0.38125809792166426,7.0,0.02567427385892116,0.027440019449919778,0.03466763228986742
general,15,15,model.layers.15.mlp,37,0.008817427385892116,43.0,0.003688448197614108,45.0,0.05182317727828916,47.0,0.008817427385892116,0.00644965008301201,0.004712258870749229
general,15,15,model.layers.15.mlp,38,0.029304979253112033,8.0,0.014617286777100622,14.0,0.30741741152719837,11.0,0.029304979253112033,0.025559904822933546,0.027953330933622574
general,15,15,model.layers.15.mlp,39,0.008039419087136929,44.0,0.00430411817621888,42.0,0.06636226906815999,44.0,0.008039419087136929,0.007526215542487579,0.006034292135740848
general,15,15,model.layers.15.mlp,40,0.01970954356846473,24.0,0.01105724033973029,25.0,0.1780263687565119,27.0,0.01970954356846473,0.01933477908708489,0.01618785993948693
general,15,15,model.layers.15.mlp,41,0.02411825726141079,14.0,0.014664012861449688,13.0,0.2414953154647004,17.0,0.02411825726141079,0.02564161042855808,0.021959063536995206
general,15,15,model.layers.15.mlp,42,0.005186721991701245,50.0,0.0018528348677385891,49.0,0.024491677269401393,51.0,0.005186721991701245,0.00323988190107909,0.0022270175148179187
general,15,15,model.layers.15.mlp,43,0.01996887966804979,23.0,0.024903863297458508,3.0,0.43023942169806767,6.0,0.01996887966804979,0.04354709497822734,0.039121482663165424
general,15,15,model.layers.15.mlp,44,0.002074688796680498,57.0,0.0006534054071576763,59.0,0.007861692628425187,59.0,0.002074688796680498,0.0011425499323105593,0.0007148602762903274
general,15,15,model.layers.15.mlp,45,0.015560165975103735,33.5,0.007271034588952282,38.0,0.10993371588560555,39.0,0.015560165975103735,0.01271418936303727,0.009996224760487556
general,15,15,model.layers.15.mlp,46,0.016597510373443983,30.0,0.010026480647043569,30.0,0.1402800891903921,32.0,0.016597510373443983,0.017532384426424436,0.012755607228155288
general,15,15,model.layers.15.mlp,47,0.021265560165975105,20.5,0.010810060619813279,27.0,0.2231069264075568,19.0,0.021265560165975105,0.01890255864757516,0.02028701535307163
general,15,15,model.layers.15.mlp,48,0.02671161825726141,9.5,0.016036290845435685,9.0,0.21649556078356827,21.0,0.02671161825726141,0.028041186710815742,0.01968584676508429
general,15,15,model.layers.15.mlp,49,0.03008298755186722,6.0,0.01448230031120332,16.0,0.29023635517264795,15.0,0.03008298755186722,0.02532386640668489,0.026391064984917598
general,15,15,model.layers.15.mlp,50,0.0031120331950207467,53.5,0.0010535529045643153,55.0,0.012079211500670406,56.0,0.0031120331950207467,0.0018422510536480335,0.0010983574249033257
general,15,15,model.layers.15.mlp,51,0.0025933609958506223,56.0,0.0008833635892116183,56.0,0.012518520671796996,55.0,0.0025933609958506223,0.0015446566526741204,0.00113830361591987
general,15,15,model.layers.15.mlp,52,0.007002074688796681,45.5,0.004002994521524896,43.0,0.1518424635606188,29.0,0.007002074688796681,0.006999668306240581,0.01380696887856977
general,15,15,model.layers.15.mlp,53,0.01841286307053942,27.0,0.010052819469657677,29.0,0.13096291494567364,34.0,0.01841286307053942,0.017578440702765635,0.011908400644328476
general,15,15,model.layers.15.mlp,54,0.020487551867219917,22.0,0.011068130429849585,24.0,0.20179556415288774,24.0,0.020487551867219917,0.01935382158595673,0.01834918249320978
general,15,15,model.layers.15.mlp,55,0.021784232365145227,19.0,0.012671506256483403,19.0,0.21873881510184515,20.0,0.021784232365145227,0.022157497408227332,0.019889824900270442
general,15,15,model.layers.15.mlp,56,0.023599585062240663,15.0,0.012839162992738589,18.0,0.3414083773664419,10.0,0.023599585062240663,0.022450663321091517,0.03104411460829342
general,15,15,model.layers.15.mlp,57,0.01815352697095436,28.0,0.015393269012577801,11.0,0.1656428402390223,28.0,0.01815352697095436,0.02691679357975508,0.015061831101186363
general,15,15,model.layers.15.mlp,58,0.012188796680497925,39.0,0.005012733807702282,41.0,0.12954849425193185,35.0,0.012188796680497925,0.00876530651559027,0.011779787988541962
general,15,15,model.layers.15.mlp,59,0.02671161825726141,9.5,0.020569607429979254,4.0,0.4352560269634753,5.0,0.02671161825726141,0.03596818042723396,0.03957764038842455
general,15,15,model.layers.15.mlp,60,0.015560165975103735,33.5,0.00745844544216805,36.0,0.2127308281625455,22.0,0.015560165975103735,0.013041897483157353,0.019343521272493436
general,15,15,model.layers.15.mlp,61,0.016338174273858922,31.5,0.008895177564185685,31.0,0.12088933673637042,37.0,0.016338174273858922,0.015554178787807663,0.010992414578440112
general,15,15,model.layers.15.mlp,62,0.021265560165975105,20.5,0.010540594203838174,28.0,0.18136206207433678,26.0,0.021265560165975105,0.018431367512699796,0.016491173075665565
general,15,15,model.layers.15.mlp,63,0.011670124481327801,40.0,0.0073290306502852695,37.0,0.11650169316169137,38.0,0.011670124481327801,0.012815601740750106,0.010593448064954474
math,0,0,model.layers.0.mlp,0,0.006932021466905188,56.5,0.0015832017274150269,60.0,0.0010317936539649963,60.0,0.006932021466905188,0.004392658867324132,0.0043762321917107105
math,0,0,model.layers.0.mlp,1,0.008273703041144902,48.5,0.003041931043157424,48.0,0.0016804694502959312,50.0,0.008273703041144902,0.008439963865079331,0.007127514767425527
math,0,0,model.layers.0.mlp,2,0.0073792486583184255,54.5,0.00483760936102415,29.0,0.0024923495615104445,32.0,0.0073792486583184255,0.013422147846597447,0.010571009370104252
math,0,0,model.layers.0.mlp,3,0.007826475849731663,52.5,0.003423428066301431,46.0,0.002796325862594282,27.0,0.007826475849731663,0.009498443181109022,0.011860289323715372
math,0,0,model.layers.0.mlp,4,0.01050983899821109,40.0,0.004355879290585868,34.0,0.0027219449338204958,28.0,0.01050983899821109,0.01208556778296751,0.011544811307642764
math,0,0,model.layers.0.mlp,5,0.010286225402504472,42.0,0.004097326070550089,37.0,0.0028126919891998466,26.0,0.010286225402504472,0.011368201148634852,0.011929704336910747
math,0,0,model.layers.0.mlp,6,0.09347048300536673,1.0,0.02699413538405635,1.0,0.0270934612465246,1.0,0.09347048300536673,0.07489634839783069,0.11491374931050889
math,0,0,model.layers.0.mlp,7,0.018559928443649374,18.0,0.00422332709078712,35.0,0.0011243405943479861,58.0,0.018559928443649374,0.011717796206075683,0.004768759222858851
math,0,0,model.layers.0.mlp,8,0.0129695885509839,31.5,0.004556782130478533,31.0,0.002356121839692213,36.0,0.0129695885509839,0.0126429810461314,0.009993215409719437
math,0,0,model.layers.0.mlp,9,0.029293381037567085,5.0,0.009274504905523256,8.0,0.006240361768332491,8.0,0.029293381037567085,0.025732498586775614,0.026467765093875925
math,0,0,model.layers.0.mlp,10,0.01721824686940966,22.5,0.008117784967576029,10.0,0.003086704900738165,25.0,0.01721824686940966,0.022523131135711347,0.013091898075755984
math,0,0,model.layers.0.mlp,11,0.020125223613595707,13.0,0.005108391449575134,28.0,0.0023316191592668593,37.0,0.020125223613595707,0.014173443983905298,0.00988929015446266
math,0,0,model.layers.0.mlp,12,0.00648479427549195,58.0,0.001413962922070662,61.0,0.001286728267619563,55.0,0.00648479427549195,0.003923098781506725,0.005457507559870995
math,0,0,model.layers.0.mlp,13,0.01050983899821109,40.0,0.0028351321416592128,53.0,0.0013639924378002692,53.0,0.01050983899821109,0.007866191734409545,0.005785214507390265
math,0,0,model.layers.0.mlp,14,0.0073792486583184255,54.5,0.003679142441860465,42.0,0.002385394517765489,35.0,0.0073792486583184255,0.010207933323679582,0.010117372052503168
math,0,0,model.layers.0.mlp,15,0.016547406082289804,26.0,0.005366507924306798,25.0,0.0021233715396874278,39.0,0.016547406082289804,0.014889598850274556,0.009006032215098023
math,0,0,model.layers.0.mlp,16,0.006932021466905188,56.5,0.0021328456926431125,58.0,0.0010397230709814642,59.0,0.006932021466905188,0.00591766884926273,0.004409863887230077
math,0,0,model.layers.0.mlp,17,0.011404293381037567,36.0,0.003891837404964222,41.0,0.0026208351038009836,31.0,0.011404293381037567,0.010798064321855266,0.011115965780894835
math,0,0,model.layers.0.mlp,18,0.02101967799642218,12.0,0.008102062136627907,11.0,0.004575014860770783,13.0,0.02101967799642218,0.022479507489028955,0.019404390824000185
math,0,0,model.layers.0.mlp,19,0.016547406082289804,26.0,0.004818829312947227,30.0,0.0027009870103945244,29.0,0.016547406082289804,0.013370041824171256,0.011455920724902995
math,0,0,model.layers.0.mlp,20,0.018112701252236137,19.0,0.005386379835644007,24.0,0.0034653019819788516,20.0,0.018112701252236137,0.014944734292609245,0.01469767334704818
math,0,0,model.layers.0.mlp,21,0.013193202146690518,30.0,0.0028855762242844364,51.0,0.0011397187259841264,57.0,0.013193202146690518,0.008006150934182218,0.004833983770863994
math,0,0,model.layers.0.mlp,22,0.01677101967799642,24.0,0.006778942237813059,17.0,0.004978083540587178,11.0,0.01677101967799642,0.018808456443909383,0.021113959520516597
math,0,0,model.layers.0.mlp,23,0.01050983899821109,40.0,0.002023222621310376,59.0,0.0007733035772665668,61.0,0.01050983899821109,0.0056135150904493905,0.0032798767425970313
math,0,0,model.layers.0.mlp,24,0.01945438282647585,15.5,0.007085319068649374,14.0,0.003757632962279755,18.0,0.01945438282647585,0.019658511670234313,0.015937561033613233
math,0,0,model.layers.0.mlp,25,0.022808586762075134,9.0,0.012032769873658318,5.0,0.007403145989066586,5.0,0.022808586762075134,0.0333854191596268,0.031399578464926595
math,0,0,model.layers.0.mlp,26,0.009838998211091235,43.0,0.003525626467464222,44.0,0.0024043043445602513,34.0,0.009838998211091235,0.009781996884544565,0.010197575872754345
math,0,0,model.layers.0.mlp,27,0.009391771019677997,44.5,0.00302402448568873,49.0,0.001767734722076034,45.0,0.009391771019677997,0.008390281378579941,0.007497640218493116
math,0,0,model.layers.0.mlp,28,0.0008944543828264759,64.0,0.00014914852135509838,64.0,8.283073685676766e-05,64.0,0.0008944543828264759,0.00041381875950101816,0.0003513168894795343
math,0,0,model.layers.0.mlp,29,0.030635062611806797,4.0,0.017142034813841682,2.0,0.00958822067820322,4.0,0.030635062611806797,0.0475612866794589,0.040667317376816066
math,0,0,model.layers.0.mlp,30,0.013416815742397137,29.0,0.0057923345958184255,23.0,0.0026568232340761504,30.0,0.013416815742397137,0.016071072614589323,0.011268605229319866
math,0,0,model.layers.0.mlp,31,0.01095706618962433,38.0,0.003559692601185152,43.0,0.0015045830943290152,52.0,0.01095706618962433,0.009876514785689747,0.00638151334542878
math,0,0,model.layers.0.mlp,32,0.008050089445438283,50.5,0.002860026623993739,52.0,0.001765615343447768,46.0,0.008050089445438283,0.007935262508323332,0.007488651121745138
math,0,0,model.layers.0.mlp,33,0.022584973166368514,10.0,0.009966527839892665,6.0,0.0065319119604414395,7.0,0.022584973166368514,0.027652544924782533,0.027704341158579948
math,0,0,model.layers.0.mlp,34,0.0015652951699463328,63.0,0.0002934928443649374,63.0,9.918999266752403e-05,63.0,0.0015652951699463328,0.0008143080714046391,0.0004207027610017595
math,0,0,model.layers.0.mlp,35,0.007826475849731663,52.5,0.002651917486583184,54.0,0.0018508408238614822,44.0,0.007826475849731663,0.007357855073763345,0.007850125036134187
math,0,0,model.layers.0.mlp,36,0.011851520572450805,34.0,0.005219979874776386,26.0,0.0031443072986090973,23.0,0.011851520572450805,0.014483050698553936,0.013336211914006297
math,0,0,model.layers.0.mlp,37,0.009391771019677997,44.5,0.0030628948177549194,47.0,0.0017352886860340514,48.0,0.009391771019677997,0.00849812872732252,0.007360024148773475
math,0,0,model.layers.0.mlp,38,0.012745974955277281,33.0,0.0058663629248658315,21.0,0.004407624599118992,15.0,0.012745974955277281,0.016276467284385584,0.018694424593054263
math,0,0,model.layers.0.mlp,39,0.01721824686940966,22.5,0.0044246666759839,33.0,0.0016152290943910056,51.0,0.01721824686940966,0.012276421237202973,0.00685080542286555
math,0,0,model.layers.0.mlp,40,0.023479427549194992,8.0,0.007852025450022362,13.0,0.00696455920531626,6.0,0.023479427549194992,0.021785770329982593,0.02953936388177686
math,0,0,model.layers.0.mlp,41,0.03197674418604651,3.0,0.01530704941860465,4.0,0.019556596368711196,2.0,0.03197674418604651,0.0424700435812348,0.08294701780744831
math,0,0,model.layers.0.mlp,42,0.01945438282647585,15.5,0.007061734822227192,15.0,0.0036397453977298224,19.0,0.01945438282647585,0.019593076200210727,0.01543755470676361
math,0,0,model.layers.0.mlp,43,0.0176654740608229,21.0,0.004058018993179785,38.0,0.0011663200843526128,56.0,0.0176654740608229,0.011259142031928874,0.004946810323332161
math,0,0,model.layers.0.mlp,44,0.009168157423971377,46.0,0.0039154216513864045,40.0,0.0024712246731056937,33.0,0.009168157423971377,0.010863499791878853,0.010481410624921136
math,0,0,model.layers.0.mlp,45,0.0129695885509839,31.5,0.003972416913573345,39.0,0.0020936422703091277,40.0,0.0129695885509839,0.011021635511102522,0.008879938993658448
math,0,0,model.layers.0.mlp,46,0.016547406082289804,26.0,0.006913241418828265,16.0,0.003153930756401717,22.0,0.016547406082289804,0.019181075092654806,0.01337702868548555
math,0,0,model.layers.0.mlp,47,0.008273703041144902,48.5,0.0029995667486583184,50.0,0.0019401895392133,43.0,0.008273703041144902,0.008322422372629555,0.008229087169607328
math,0,0,model.layers.0.mlp,48,0.011404293381037567,36.0,0.005189189330836315,27.0,0.0034625774419371684,21.0,0.011404293381037567,0.014397621057134253,0.014686117528893844
math,0,0,model.layers.0.mlp,49,0.011404293381037567,36.0,0.005889728798635957,20.0,0.003122457931208056,24.0,0.011404293381037567,0.016341296870427468,0.013243540375834386
math,0,0,model.layers.0.mlp,50,0.004695885509838999,61.0,0.0022145170645125225,57.0,0.0013197896758857482,54.0,0.004695885509838999,0.006144269458418485,0.005597733658957547
math,0,0,model.layers.0.mlp,51,0.0029069767441860465,62.0,0.0008252302521243292,62.0,0.0006051320442679956,62.0,0.0029069767441860465,0.0022896355668438474,0.002566596840545361
math,0,0,model.layers.0.mlp,52,0.02392665474060823,7.0,0.00845538908765653,9.0,0.004495139038840005,14.0,0.02392665474060823,0.02345982777141936,0.019065606860821555
math,0,0,model.layers.0.mlp,53,0.017889087656529516,20.0,0.004500005240943649,32.0,0.0019485526359998263,42.0,0.017889087656529516,0.01248545121088943,0.00826455826718478
math,0,0,model.layers.0.mlp,54,0.025268336314847942,6.0,0.009802529978197675,7.0,0.006129282531670039,9.0,0.025268336314847942,0.02719752605452592,0.02599663549403312
math,0,0,model.layers.0.mlp,55,0.015652951699463326,28.0,0.008052273171958856,12.0,0.005164679133188319,10.0,0.015652951699463326,0.022341365941201383,0.021905382918048128
math,0,0,model.layers.0.mlp,56,0.00849731663685152,47.0,0.003506846419387299,45.0,0.0017537215794561588,47.0,0.00849731663685152,0.009729890862118376,0.0074382051118664465
math,0,0,model.layers.0.mlp,57,0.005590339892665474,60.0,0.0025121589892665476,55.0,0.003938150320581972,16.0,0.005590339892665474,0.006970089325475422,0.016703204310763626
math,0,0,model.layers.0.mlp,58,0.05143112701252236,2.0,0.016265268615831843,3.0,0.013847990837847823,3.0,0.05143112701252236,0.04512866249293388,0.05873463464542742
math,0,0,model.layers.0.mlp,59,0.008050089445438283,50.5,0.004191663056238819,36.0,0.002143337109754252,38.0,0.008050089445438283,0.011629943028729202,0.009090713847046938
math,0,0,model.layers.0.mlp,60,0.01900715563506261,17.0,0.006581533360353309,18.0,0.003933338551700435,17.0,0.01900715563506261,0.01826073732445269,0.016682795755431332
math,0,0,model.layers.0.mlp,61,0.019901610017889086,14.0,0.006501608969700358,19.0,0.0046171603827655635,12.0,0.019901610017889086,0.018038983787150534,0.01958314612975463
math,0,0,model.layers.0.mlp,62,0.006037567084078712,59.0,0.002466519104986583,56.0,0.0016940311930260634,49.0,0.006037567084078712,0.0068434595733001475,0.00718503531417752
math,0,0,model.layers.0.mlp,63,0.02191413237924866,11.0,0.005800414383944544,22.0,0.0020746738518286688,41.0,0.02191413237924866,0.016093490321912218,0.008799486663620333
math,1,1,model.layers.1.mlp,0,0.014534883720930232,30.0,0.0049404628801431125,23.0,0.0038424568227450624,23.0,0.014534883720930232,0.016057404653836736,0.012109167649254612
math,1,1,model.layers.1.mlp,1,0.015429338103756709,26.5,0.005705203907647585,21.0,0.005483651683667478,12.0,0.015429338103756709,0.01854295235087246,0.017281250156041754
math,1,1,model.layers.1.mlp,2,0.01095706618962433,38.0,0.002487046134279964,45.0,0.0017841996255202456,45.0,0.01095706618962433,0.008083353147212986,0.0056227495536897544
math,1,1,model.layers.1.mlp,3,0.007826475849731663,48.5,0.002039382197562612,51.0,0.00122697180227005,57.0,0.007826475849731663,0.006628363775732907,0.0038666946539640742
math,1,1,model.layers.1.mlp,4,0.006261180679785331,57.0,0.001415054785330948,59.0,0.0009160146103881979,59.0,0.006261180679785331,0.004599185915702884,0.0028867401764148004
math,1,1,model.layers.1.mlp,5,0.02146690518783542,11.0,0.004633212558698569,27.0,0.00386913115415249,22.0,0.02146690518783542,0.01505878511936236,0.012193229478923673
math,1,1,model.layers.1.mlp,6,0.006708407871198569,55.0,0.001684963383273703,57.0,0.0013486566805082484,49.0,0.006708407871198569,0.005476438044068434,0.004250173937906374
math,1,1,model.layers.1.mlp,7,0.01744186046511628,18.0,0.007180092799642219,9.0,0.003896748603776444,20.0,0.01744186046511628,0.023336610016714634,0.012280263463420704
math,1,1,model.layers.1.mlp,8,0.014534883720930232,30.0,0.0035210406417710196,36.0,0.002292941482687679,37.0,0.014534883720930232,0.01144402371987551,0.007226005158845145
math,1,1,model.layers.1.mlp,9,0.010286225402504472,40.0,0.0043248703739937385,31.0,0.04492787554300322,2.0,0.010286225402504472,0.014056616830323398,0.14158628246768662
math,1,1,model.layers.1.mlp,10,0.006037567084078712,58.0,0.0012790086230992845,61.0,0.0007707064109979354,62.0,0.006037567084078712,0.004157011096955524,0.0024288140556026033
math,1,1,model.layers.1.mlp,11,0.06507155635062611,1.0,0.022829332164020572,1.0,0.022492256488697685,3.0,0.06507155635062611,0.07419948968909361,0.07088238520194967
math,1,1,model.layers.1.mlp,12,0.01050983899821109,39.0,0.003042586161113596,40.0,0.0034824948298056778,27.0,0.01050983899821109,0.009888959469674118,0.010974778813949797
math,1,1,model.layers.1.mlp,13,0.014758497316636851,28.0,0.00455066769622093,28.0,0.003377311957970075,32.0,0.014758497316636851,0.014790499274279691,0.010643304164358951
math,1,1,model.layers.1.mlp,14,0.009391771019677997,43.0,0.0025278818202146692,43.0,0.0014974266917099893,48.0,0.009391771019677997,0.008216076567928485,0.004719009656803635
math,1,1,model.layers.1.mlp,15,0.015429338103756709,26.5,0.003871310375670841,35.0,0.0021382455908974937,39.0,0.015429338103756709,0.012582464184194557,0.006738494543956816
math,1,1,model.layers.1.mlp,16,0.014534883720930232,30.0,0.0034701598138416816,37.0,0.0019280631128491996,43.0,0.014534883720930232,0.011278651757165822,0.0060761227904066175
math,1,1,model.layers.1.mlp,17,0.01744186046511628,18.0,0.006978316469141324,11.0,0.003978609383999235,19.0,0.01744186046511628,0.022680800173179222,0.012538240574770104
math,1,1,model.layers.1.mlp,18,0.04159212880143113,3.0,0.012603814358788015,3.0,0.04613378777273652,1.0,0.04159212880143113,0.04096469344083694,0.1453866097150062
math,1,1,model.layers.1.mlp,19,0.029740608228980323,5.0,0.009048925955948122,6.0,0.006428647579788522,10.0,0.029740608228980323,0.029410658329459275,0.020259322327536532
math,1,1,model.layers.1.mlp,20,0.008944543828264758,45.0,0.002275879779740608,47.0,0.0012847885476135396,53.0,0.008944543828264758,0.007397024014422138,0.0040488990858146365
math,1,1,model.layers.1.mlp,21,0.03242397137745975,4.0,0.011859381987924866,4.0,0.012372544711732268,5.0,0.03242397137745975,0.0385451525787025,0.03899099588456322
math,1,1,model.layers.1.mlp,22,0.00648479427549195,56.0,0.0015294820550089446,58.0,0.0012767256465815475,54.0,0.00648479427549195,0.004971095394071451,0.004023489556224661
math,1,1,model.layers.1.mlp,23,0.011404293381037567,37.0,0.004139471992397138,33.0,0.002058934680251188,41.0,0.011404293381037567,0.01345403830525677,0.006488553124252049
math,1,1,model.layers.1.mlp,24,0.016323792486583184,24.0,0.00617645209078712,16.0,0.003798086602700631,25.0,0.016323792486583184,0.02007459482094759,0.011969338769468138
math,1,1,model.layers.1.mlp,25,0.01900715563506261,15.0,0.004198869353756708,32.0,0.003383759815705697,30.0,0.01900715563506261,0.013647090553570225,0.010663624025817643
math,1,1,model.layers.1.mlp,26,0.008944543828264758,45.0,0.0029353651889534884,41.0,0.0021963450984366253,38.0,0.008944543828264758,0.009540471771431816,0.006921590076212626
math,1,1,model.layers.1.mlp,27,0.009838998211091235,41.5,0.0032871635314177102,38.0,0.001938759514225617,42.0,0.009838998211091235,0.010683880492141282,0.006109831566714537
math,1,1,model.layers.1.mlp,28,0.005813953488372093,60.5,0.001255424376677102,62.0,0.0009007566543512566,60.0,0.005813953488372093,0.004080357998360476,0.00283865605832072
math,1,1,model.layers.1.mlp,29,0.023255813953488372,9.0,0.005887981817419499,19.0,0.0029437982865437628,34.0,0.023255813953488372,0.019137013864984082,0.009277123627346477
math,1,1,model.layers.1.mlp,30,0.005813953488372093,60.5,0.00191032396019678,54.0,0.0016274017170204887,46.0,0.005813953488372093,0.006208900986198893,0.005128614616418134
math,1,1,model.layers.1.mlp,31,0.01744186046511628,18.0,0.006812789998881932,12.0,0.004801978845289227,15.0,0.01744186046511628,0.02214280898118805,0.015133017641624467
math,1,1,model.layers.1.mlp,32,0.021243291592128802,12.0,0.007380340521578712,7.0,0.005082367837748928,13.0,0.021243291592128802,0.023987451603859625,0.0160166391039665
math,1,1,model.layers.1.mlp,33,0.005366726296958855,63.0,0.0010307189177101968,64.0,0.0005296832633626269,64.0,0.005366726296958855,0.0033500243089687673,0.0016692506208775394
math,1,1,model.layers.1.mlp,34,0.01721824686940966,20.0,0.006324508748881932,15.0,0.003650423399237699,26.0,0.01721824686940966,0.02055580593990539,0.011503991058656068
math,1,1,model.layers.1.mlp,35,0.022361359570661897,10.0,0.006708407871198569,13.0,0.007832865595604312,6.0,0.022361359570661897,0.021803548044813673,0.02468459296921662
math,1,1,model.layers.1.mlp,36,0.007602862254025045,50.5,0.002242687136627907,48.0,0.00129970396687285,52.0,0.007602862254025045,0.007289141875658737,0.004095903729120134
math,1,1,model.layers.1.mlp,37,0.020348837209302327,13.0,0.006511872484347049,14.0,0.0069676797590443405,7.0,0.020348837209302327,0.021164772223188272,0.021958035241710205
math,1,1,model.layers.1.mlp,38,0.005813953488372093,60.5,0.0011892574631037567,63.0,0.0007228492184380513,63.0,0.005813953488372093,0.0038653034717465906,0.0022779962859662763
math,1,1,model.layers.1.mlp,39,0.012522361359570662,35.0,0.0048183925676431125,24.0,0.0040045315549710565,18.0,0.012522361359570662,0.01566065389351607,0.012619932036407969
math,1,1,model.layers.1.mlp,40,0.013864042933810376,32.0,0.004635614657871198,26.0,0.0047361491937756755,16.0,0.013864042933810376,0.015066592379404447,0.014925561234632201
math,1,1,model.layers.1.mlp,41,0.01677101967799642,22.5,0.0044224829494633276,29.0,0.00344309106815693,28.0,0.01677101967799642,0.014373875488397346,0.010850601294766879
math,1,1,model.layers.1.mlp,42,0.024373881932021467,8.0,0.007163714850737925,10.0,0.005552104739255683,11.0,0.024373881932021467,0.02328337869824585,0.017496973992238082
math,1,1,model.layers.1.mlp,43,0.004695885509838999,64.0,0.002074321821891771,50.0,0.00253174444810489,35.0,0.004695885509838999,0.006741923921799645,0.007978571882889769
math,1,1,model.layers.1.mlp,44,0.011851520572450805,36.0,0.004061512955612702,34.0,0.0029988577306163974,33.0,0.011851520572450805,0.013200657229345361,0.009450638664653774
math,1,1,model.layers.1.mlp,45,0.01699463327370304,21.0,0.0047030918073568875,25.0,0.0034125751160978203,29.0,0.01699463327370304,0.015285905411495836,0.010754432932568763
math,1,1,model.layers.1.mlp,46,0.00849731663685152,47.0,0.0028523835811717353,42.0,0.0020811817273897436,40.0,0.00849731663685152,0.009270766424523314,0.006558662753567071
math,1,1,model.layers.1.mlp,47,0.061493738819320215,2.0,0.01746566308419052,2.0,0.015199728963200224,4.0,0.061493738819320215,0.056766587766023516,0.04790062054806182
math,1,1,model.layers.1.mlp,48,0.02728085867620751,6.5,0.009834194012745975,5.0,0.006938420276095914,9.0,0.02728085867620751,0.03196292261230921,0.021865826532361615
math,1,1,model.layers.1.mlp,49,0.007602862254025045,50.5,0.001784759685263864,56.0,0.0013225613185246217,50.0,0.007602862254025045,0.005800794211271555,0.004167936679895502
math,1,1,model.layers.1.mlp,50,0.0073792486583184255,53.0,0.002020820522137746,52.0,0.001551023182960657,47.0,0.0073792486583184255,0.006568034948134952,0.004887914325848813
math,1,1,model.layers.1.mlp,51,0.0073792486583184255,53.0,0.002192024681350626,49.0,0.0013149982594846614,51.0,0.0073792486583184255,0.0071244796638619675,0.004144102358761695
math,1,1,model.layers.1.mlp,52,0.0129695885509839,34.0,0.0031163961175089444,39.0,0.0022936357128598823,36.0,0.0129695885509839,0.010128855278240102,0.007228192964702226
math,1,1,model.layers.1.mlp,53,0.013416815742397137,33.0,0.005915933516882826,18.0,0.004172185619156775,17.0,0.013416815742397137,0.019227861981837475,0.013148279201764899
math,1,1,model.layers.1.mlp,54,0.008944543828264758,45.0,0.002337024122316637,46.0,0.0012748985549631614,55.0,0.008944543828264758,0.00759575427003893,0.00401773163629525
math,1,1,model.layers.1.mlp,55,0.015876565295169946,25.0,0.0044067601185152055,30.0,0.0038813287275635067,21.0,0.015876565295169946,0.014322773422667315,0.012231669068009954
math,1,1,model.layers.1.mlp,56,0.0073792486583184255,53.0,0.0018771313170840788,55.0,0.0012539854916295767,56.0,0.0073792486583184255,0.006101018847435492,0.0039518259406302195
math,1,1,model.layers.1.mlp,57,0.009838998211091235,41.5,0.0020151428331842574,53.0,0.0008591196111575009,61.0,0.009838998211091235,0.0065495814243991075,0.002707440547070746
math,1,1,model.layers.1.mlp,58,0.007826475849731663,48.5,0.002511503871310376,44.0,0.0019070273781718423,44.0,0.007826475849731663,0.008162845249459701,0.006009830506697523
math,1,1,model.layers.1.mlp,59,0.0176654740608229,16.0,0.005743419121757603,20.0,0.0069547029002194755,8.0,0.0176654740608229,0.018667158760632956,0.02191713980258885
math,1,1,model.layers.1.mlp,60,0.02728085867620751,6.5,0.007340159953600179,8.0,0.004976630317503736,14.0,0.02728085867620751,0.023856857435882877,0.015683416528273177
math,1,1,model.layers.1.mlp,61,0.005813953488372093,60.5,0.001329452705724508,60.0,0.0009660076046752376,58.0,0.005813953488372093,0.004320963557839376,0.003044288738971584
math,1,1,model.layers.1.mlp,62,0.019901610017889086,14.0,0.006171866265093918,17.0,0.0038272253835777053,24.0,0.019901610017889086,0.020059690051776328,0.012061167096762995
math,1,1,model.layers.1.mlp,63,0.01677101967799642,22.5,0.005091576755366726,22.0,0.003378631043945954,31.0,0.01677101967799642,0.016548552285575377,0.010647461148799517
math,2,2,model.layers.2.mlp,0,0.013864042933810376,28.0,0.0050197321528398925,24.0,0.005472434867899832,19.0,0.013864042933810376,0.015612889718387094,0.007277165795342695
math,2,2,model.layers.2.mlp,1,0.012522361359570662,31.5,0.0034240831842576027,39.0,0.003995262233003947,34.0,0.012522361359570662,0.010649937390016516,0.005312842704804756
math,2,2,model.layers.2.mlp,2,0.00424865831842576,61.0,0.0011831430288461538,58.0,0.001076449789206809,58.0,0.00424865831842576,0.0036799337231574925,0.0014314475686808721
math,2,2,model.layers.2.mlp,3,0.01677101967799642,21.5,0.004392565896131485,29.0,0.004604172594645369,28.0,0.01677101967799642,0.013662212410725906,0.006122563014526277
math,2,2,model.layers.2.mlp,4,0.05590339892665474,1.0,0.015175807454718247,2.0,0.014647309596721943,3.0,0.05590339892665474,0.04720136472698965,0.01947778328368965
math,2,2,model.layers.2.mlp,5,0.011404293381037567,37.5,0.0022636509112254023,47.0,0.00207748647932503,47.0,0.011404293381037567,0.007040641006690765,0.0027626118743434174
math,2,2,model.layers.2.mlp,6,0.01073345259391771,41.0,0.0034380590339892665,37.0,0.0037497200191767355,37.0,0.01073345259391771,0.010693406522220665,0.004986324172760198
math,2,2,model.layers.2.mlp,7,0.0073792486583184255,52.5,0.0022162640457289804,49.0,0.001259634994330261,56.0,0.0073792486583184255,0.006893253480311072,0.0016750446403896154
math,2,2,model.layers.2.mlp,8,0.023479427549194992,12.0,0.0056353246589892665,19.0,0.0051746666431427,21.0,0.023479427549194992,0.01752756915094172,0.0068811978592319975
math,2,2,model.layers.2.mlp,9,0.022137745974955277,13.0,0.006067484137410555,16.0,0.005411954226775331,20.0,0.022137745974955277,0.018871716223316893,0.007196739501837895
math,2,2,model.layers.2.mlp,10,0.0017889087656529517,63.0,0.00030528496757602864,64.0,0.00015634249842497446,64.0,0.0017889087656529517,0.0009495288565843806,0.00020790202338822396
math,2,2,model.layers.2.mlp,11,0.00648479427549195,55.0,0.0022210682440742396,48.0,0.0026564221689227654,41.0,0.00648479427549195,0.006908195994506249,0.0035324722929217043
math,2,2,model.layers.2.mlp,12,0.01677101967799642,21.5,0.005299467520125224,22.0,0.00605097077187144,16.0,0.01677101967799642,0.016482951567660765,0.008046494584700324
math,2,2,model.layers.2.mlp,13,0.012745974955277281,30.0,0.0046688073009839,27.0,0.004930854643393501,25.0,0.012745974955277281,0.01452140697694854,0.0065569801411781165
math,2,2,model.layers.2.mlp,14,0.030635062611806797,7.5,0.012628272095818426,5.0,0.011719358201956706,8.0,0.030635062611806797,0.03927775697240211,0.015584235300981795
math,2,2,model.layers.2.mlp,15,0.009391771019677997,47.0,0.0038237051375223613,33.0,0.005033967639977689,23.0,0.009391771019677997,0.011892882888978903,0.006694098332606809
math,2,2,model.layers.2.mlp,16,0.03242397137745975,4.5,0.011378307035442755,6.0,0.012557705954277024,6.0,0.03242397137745975,0.03538998646089353,0.016699058178742086
math,2,2,model.layers.2.mlp,17,0.0073792486583184255,52.5,0.0018170788377683362,55.0,0.0012951646473305383,55.0,0.0073792486583184255,0.0056516663917300656,0.001722291465938996
math,2,2,model.layers.2.mlp,18,0.009838998211091235,45.5,0.00325309739769678,40.0,0.0035880568682187786,38.0,0.009838998211091235,0.01011811972570638,0.004771346821559661
math,2,2,model.layers.2.mlp,19,0.01095706618962433,40.0,0.003473217030970483,36.0,0.002901729216302657,40.0,0.01095706618962433,0.010802758557921727,0.0038586781039804553
math,2,2,model.layers.2.mlp,20,0.020572450805008944,14.0,0.006587647794610912,15.0,0.010308674388366863,10.0,0.020572450805008944,0.020489582987540066,0.01370832809621696
math,2,2,model.layers.2.mlp,21,0.012075134168157423,35.0,0.0037608138137298747,34.0,0.0040965389380354785,33.0,0.012075134168157423,0.011697271794060231,0.0054475190219307225
math,2,2,model.layers.2.mlp,22,0.01967799642218247,16.0,0.006011143993179785,17.0,0.005985039451254502,17.0,0.01967799642218247,0.018696481284118917,0.00795882005538802
math,2,2,model.layers.2.mlp,23,0.012522361359570662,31.5,0.004047537105881038,30.0,0.004711521572844927,26.0,0.012522361359570662,0.012589068209435977,0.006265314153859364
math,2,2,model.layers.2.mlp,24,0.03242397137745975,4.5,0.009136711762075134,11.0,0.008079425593394926,13.0,0.03242397137745975,0.028417945178462436,0.010743904860184096
math,2,2,model.layers.2.mlp,25,0.016547406082289804,23.5,0.005352532074575134,21.0,0.005958719362299856,18.0,0.016547406082289804,0.016647998428998393,0.00792381997668546
math,2,2,model.layers.2.mlp,26,0.015429338103756709,25.0,0.007462011893448122,13.0,0.006564709336258644,15.0,0.015429338103756709,0.023209120571062142,0.008729656796540732
math,2,2,model.layers.2.mlp,27,0.004919499105545617,59.0,0.0011180679785330948,59.0,0.0006605945252655124,60.0,0.004919499105545617,0.0034775305763319235,0.0008784491729725644
math,2,2,model.layers.2.mlp,28,0.011404293381037567,37.5,0.002851291717911449,43.0,0.002301504125748636,44.0,0.011404293381037567,0.008868382174837095,0.0030605073438115943
math,2,2,model.layers.2.mlp,29,0.012298747763864044,33.5,0.003883757616838104,32.0,0.004603991194999708,29.0,0.012298747763864044,0.012079664316418605,0.006122321791866062
math,2,2,model.layers.2.mlp,30,0.018559928443649374,20.0,0.013742190993962433,3.0,0.43828600506449855,1.0,0.018559928443649374,0.042742382650110926,0.582826475165852
math,2,2,model.layers.2.mlp,31,0.006932021466905188,54.0,0.0022099312388193203,50.0,0.001954538357812305,49.0,0.006932021466905188,0.006873556529781067,0.002599117216833239
math,2,2,model.layers.2.mlp,32,0.030858676207513418,6.0,0.013323079281501565,4.0,0.01445965146336018,4.0,0.030858676207513418,0.04143881808787947,0.01922823817583857
math,2,2,model.layers.2.mlp,33,0.013416815742397137,29.0,0.004500223613595707,28.0,0.004699423642619138,27.0,0.013416815742397137,0.013997060569735991,0.0062492264988833375
math,2,2,model.layers.2.mlp,34,0.050983899821109124,2.0,0.02135722752333967,1.0,0.022403088153368247,2.0,0.050983899821109124,0.06642745625854897,0.02979130693286904
math,2,2,model.layers.2.mlp,35,0.008050089445438283,51.0,0.001663562863372093,56.0,0.0012546619916857888,57.0,0.008050089445438283,0.005174185142675116,0.0016684316124380572
math,2,2,model.layers.2.mlp,36,0.008944543828264758,49.0,0.002015579578488372,52.0,0.0020272170821594637,48.0,0.008944543828264758,0.00626906391006712,0.0026957643473401135
math,2,2,model.layers.2.mlp,37,0.010062611806797853,44.0,0.0035289020572450806,35.0,0.004225838472916743,32.0,0.010062611806797853,0.010975955881547634,0.005619459698303315
math,2,2,model.layers.2.mlp,38,0.019901610017889086,15.0,0.005399918940071556,20.0,0.004238603260094877,31.0,0.019901610017889086,0.016795385955378085,0.005636434130138479
math,2,2,model.layers.2.mlp,39,0.011851520572450805,36.0,0.005079566259503578,23.0,0.005028309263888753,24.0,0.011851520572450805,0.01579899194063611,0.006686573904829125
math,2,2,model.layers.2.mlp,40,0.014534883720930232,26.0,0.0026486146002208184,44.0,0.0018860637235300272,50.0,0.014534883720930232,0.008237994857228098,0.0025080606253020136
math,2,2,model.layers.2.mlp,41,0.00424865831842576,61.0,0.0008824438869633273,61.0,0.0005530807721113689,61.0,0.00424865831842576,0.002744668175577598,0.0007354789182562188
math,2,2,model.layers.2.mlp,42,0.005590339892665474,57.0,0.0011071493459302326,60.0,0.0007388241695696638,59.0,0.005590339892665474,0.003443570316797432,0.0009824778376262698
math,2,2,model.layers.2.mlp,43,0.008273703041144902,50.0,0.0018513633441413237,54.0,0.0016752203546584398,52.0,0.008273703041144902,0.005758301606668369,0.0022276841221247406
math,2,2,model.layers.2.mlp,44,0.005813953488372093,56.0,0.0021520624860241503,51.0,0.002160218192767585,45.0,0.005813953488372093,0.006693567154248263,0.0028726273262925615
math,2,2,model.layers.2.mlp,45,0.030635062611806797,7.5,0.009859798206199687,7.0,0.012033186146526303,7.0,0.030635062611806797,0.030666963366134132,0.016001559223325895
math,2,2,model.layers.2.mlp,46,0.010286225402504472,43.0,0.0024634618878577818,45.0,0.0015514587753573982,53.0,0.010286225402504472,0.007662113756171959,0.0020631077400557526
math,2,2,model.layers.2.mlp,47,0.01050983899821109,42.0,0.002985809271578712,42.0,0.0024431539242937227,42.0,0.01050983899821109,0.009286772572302029,0.003248871224565297
math,2,2,model.layers.2.mlp,48,0.009168157423971377,48.0,0.002461714906641324,46.0,0.0021255772647469544,46.0,0.009168157423971377,0.00765668011464644,0.0028265623145389534
math,2,2,model.layers.2.mlp,49,0.014311270125223614,27.0,0.003921972830948122,31.0,0.003142646398921772,39.0,0.014311270125223614,0.012198525224789326,0.004179046335523974
math,2,2,model.layers.2.mlp,50,0.005143112701252236,58.0,0.001614429016659213,57.0,0.0014765154177153047,54.0,0.005143112701252236,0.005021363974769905,0.001963449132509734
math,2,2,model.layers.2.mlp,51,0.0015652951699463328,64.0,0.0005033489629919499,63.0,0.0005084738828415095,62.0,0.0015652951699463328,0.0015655679645400554,0.0006761613134482811
math,2,2,model.layers.2.mlp,52,0.011180679785330949,39.0,0.003165748336873882,41.0,0.0024267959146892022,43.0,0.011180679785330949,0.009846437649430448,0.0032271185768230335
math,2,2,model.layers.2.mlp,53,0.012298747763864044,33.5,0.003433909953600179,38.0,0.0038528381871835915,36.0,0.012298747763864044,0.010680501623597558,0.005123449241072958
math,2,2,model.layers.2.mlp,54,0.019230769230769232,18.0,0.004997021397025939,25.0,0.004531808290797184,30.0,0.019230769230769232,0.015542252378555353,0.006026333995912138
math,2,2,model.layers.2.mlp,55,0.00424865831842576,61.0,0.0007186643979203935,62.0,0.00030222662253062075,63.0,0.00424865831842576,0.0022352642825602268,0.0004018966498482661
math,2,2,model.layers.2.mlp,56,0.018783542039355994,19.0,0.007115454494633274,14.0,0.00832248134588513,12.0,0.018783542039355994,0.022131221933437382,0.011067116931424658
math,2,2,model.layers.2.mlp,57,0.016547406082289804,23.5,0.0048924208966905185,26.0,0.005055312713698112,22.0,0.016547406082289804,0.015216913092214925,0.006722482707044681
math,2,2,model.layers.2.mlp,58,0.026386404293381037,10.0,0.00967914942978533,8.0,0.014335762995939989,5.0,0.026386404293381037,0.030105090872135972,0.019063493059759438
math,2,2,model.layers.2.mlp,59,0.009838998211091235,45.5,0.0018914347257938282,53.0,0.0018823678290374804,51.0,0.009838998211091235,0.0058829357591599525,0.002503145877546472
math,2,2,model.layers.2.mlp,60,0.02571556350626118,11.0,0.007882597621310376,12.0,0.007750852483329704,14.0,0.02571556350626118,0.02451726976833075,0.010306973027178356
math,2,2,model.layers.2.mlp,61,0.03466010733452594,3.0,0.00929481356216458,10.0,0.008559006271294063,11.0,0.03466010733452594,0.028909689736521874,0.011381644402007866
math,2,2,model.layers.2.mlp,62,0.02728085867620751,9.0,0.009342637172965117,9.0,0.010556318678881486,9.0,0.02728085867620751,0.029058435673282947,0.014037641939843672
math,2,2,model.layers.2.mlp,63,0.01945438282647585,17.0,0.00592990936661449,18.0,0.003922940926603,35.0,0.01945438282647585,0.018443816953182302,0.005216670863582377
math,3,3,model.layers.3.mlp,0,0.022808586762075134,15.0,0.008718200574407423,12.0,0.010924156002153865,11.0,0.022808586762075134,0.025150895292117285,0.023292893897273972
math,3,3,model.layers.3.mlp,1,0.013864042933810376,30.0,0.005593397109794275,23.0,0.006855338758560754,20.0,0.013864042933810376,0.016136236352331135,0.014617209631713611
math,3,3,model.layers.3.mlp,2,0.016323792486583184,24.0,0.005496876397584973,25.0,0.006551702248602306,22.0,0.016323792486583184,0.01585778642386505,0.013969784511786154
math,3,3,model.layers.3.mlp,3,0.00648479427549195,49.5,0.0015238043660554563,51.0,0.0012571920169274155,53.0,0.00648479427549195,0.004395980997367325,0.0026806318266616143
math,3,3,model.layers.3.mlp,4,0.018336314847942754,20.0,0.0054835556658094815,26.0,0.007377036409002724,19.0,0.018336314847942754,0.015819357813827872,0.015729592868991255
math,3,3,model.layers.3.mlp,5,0.005366726296958855,51.5,0.0015943387326699462,50.0,0.001377222469752931,50.0,0.005366726296958855,0.004599463637400235,0.002936565246282795
math,3,3,model.layers.3.mlp,6,0.010062611806797853,39.0,0.0018186074463327371,46.0,0.0013431706440789968,52.0,0.010062611806797853,0.005246450235894967,0.002863958670335414
math,3,3,model.layers.3.mlp,7,0.007826475849731663,47.0,0.002278063506261181,44.0,0.0019114918353732456,47.0,0.007826475849731663,0.006571922293570642,0.004075754364737731
math,3,3,model.layers.3.mlp,8,0.0024597495527728087,62.0,0.0007062171567531306,60.0,0.0009062871176996044,57.0,0.0024597495527728087,0.0020373463091839968,0.0019324192797027947
math,3,3,model.layers.3.mlp,9,0.03443649373881932,5.0,0.013555919121757604,4.0,0.017348758862995292,4.0,0.03443649373881932,0.039107095496355895,0.0369916723420524
math,3,3,model.layers.3.mlp,10,0.015429338103756709,28.0,0.004592595245415922,32.0,0.005008320322456855,34.0,0.015429338103756709,0.013249050781833221,0.01067892785964861
math,3,3,model.layers.3.mlp,11,0.018336314847942754,20.0,0.006569304491838104,18.0,0.00656653335567877,21.0,0.018336314847942754,0.018951604520464495,0.014001407952850441
math,3,3,model.layers.3.mlp,12,0.01744186046511628,23.0,0.006173831618962433,21.0,0.006048905828131333,26.0,0.01744186046511628,0.017810715786410004,0.01289770318379611
math,3,3,model.layers.3.mlp,13,0.004472271914132379,55.0,0.0010698076224284437,56.0,0.0008189431283363077,58.0,0.004472271914132379,0.003086258370034756,0.0017461811596683715
math,3,3,model.layers.3.mlp,14,0.00424865831842576,57.5,0.000801864378354204,59.0,0.0004179064844183504,63.0,0.00424865831842576,0.0023132763287951877,0.0008910758321851278
math,3,3,model.layers.3.mlp,15,0.008944543828264758,43.0,0.001882809006037567,45.0,0.0013554931913164305,51.0,0.008944543828264758,0.0054316635367298765,0.0028902332663123574
math,3,3,model.layers.3.mlp,16,0.004472271914132379,55.0,0.0009656438673971377,57.0,0.0006803074428455134,61.0,0.004472271914132379,0.002785759239088322,0.0014505769672825961
math,3,3,model.layers.3.mlp,17,0.0031305903398926656,60.0,0.0006704040418157424,61.0,0.0005389458011695865,62.0,0.0031305903398926656,0.0019340300461332313,0.001149160389191564
math,3,3,model.layers.3.mlp,18,0.00849731663685152,45.0,0.0023564592883497317,42.0,0.0028119283413417864,41.0,0.00849731663685152,0.006798084113297622,0.005995698751344991
math,3,3,model.layers.3.mlp,19,0.031082289803220035,7.0,0.012747066818537567,5.0,0.014504017898136472,7.0,0.031082289803220035,0.03677365989672154,0.030926009287934472
math,3,3,model.layers.3.mlp,20,0.03600178890876565,4.0,0.012704702524038462,6.0,0.015172455306556443,5.0,0.03600178890876565,0.036651444317259044,0.03235127652397772
math,3,3,model.layers.3.mlp,21,0.0029069767441860465,61.0,0.0005867673160778175,62.0,0.0006837939213768101,60.0,0.0029069767441860465,0.0016927487732768705,0.0014580109671713385
math,3,3,model.layers.3.mlp,22,0.013416815742397137,32.0,0.003525626467464222,37.0,0.0034026281444992277,40.0,0.013416815742397137,0.01017098211557688,0.007255210958729625
math,3,3,model.layers.3.mlp,23,0.011851520572450805,35.0,0.0023322199239713777,43.0,0.0019558347455077606,44.0,0.011851520572450805,0.0067281566425742385,0.004170303975770013
math,3,3,model.layers.3.mlp,24,0.0033542039355992843,59.0,0.0008374591206395349,58.0,0.0010092532918630217,54.0,0.0033542039355992843,0.0024159626146322286,0.002151967606303389
math,3,3,model.layers.3.mlp,25,0.0022361359570661895,63.0,0.0005620912063953489,63.0,0.0007728509878163261,59.0,0.0022361359570661895,0.0016215613481260383,0.0016479017742020258
math,3,3,model.layers.3.mlp,26,0.0017889087656529517,64.0,0.0003673028007602862,64.0,0.00023147827830692096,64.0,0.0017889087656529517,0.0010596216734840701,0.0004935666403028014
math,3,3,model.layers.3.mlp,27,0.00424865831842576,57.5,0.0011409971069991055,55.0,0.0014360723933721485,49.0,0.00424865831842576,0.0032916309417088383,0.003062047253904696
math,3,3,model.layers.3.mlp,28,0.011851520572450805,35.0,0.004083131848166368,34.0,0.006141317551805636,25.0,0.011851520572450805,0.01177931394221471,0.01309474691641814
math,3,3,model.layers.3.mlp,29,0.024373881932021467,10.5,0.010277272123770125,7.0,0.01325171961980557,9.0,0.024373881932021467,0.029648617609501063,0.028255812073692075
math,3,3,model.layers.3.mlp,30,0.02392665474060823,12.5,0.007899630688170841,14.0,0.009291854762007385,14.0,0.02392665474060823,0.022789425706472195,0.01981244015900584
math,3,3,model.layers.3.mlp,31,0.038461538461538464,2.0,0.014805665809481217,3.0,0.02588482385031439,3.0,0.038461538461538464,0.042712455090499375,0.05519258928343045
math,3,3,model.layers.3.mlp,32,0.015876565295169946,26.0,0.005096162581059928,30.0,0.005887531157256452,27.0,0.015876565295169946,0.014701778236681179,0.012553614076531898
math,3,3,model.layers.3.mlp,33,0.02392665474060823,12.5,0.00878185620248211,11.0,0.013519444704482296,8.0,0.02392665474060823,0.025334533649917883,0.028826665509855392
math,3,3,model.layers.3.mlp,34,0.014311270125223614,29.0,0.007261764171511628,16.0,0.010525458933842203,12.0,0.014311270125223614,0.020949262265183868,0.02244277710037848
math,3,3,model.layers.3.mlp,35,0.03354203935599284,6.0,0.007617274849060823,15.0,0.007459875402808829,18.0,0.03354203935599284,0.021974865169126834,0.015906225269050545
math,3,3,model.layers.3.mlp,36,0.020796064400715564,18.0,0.006212046833072451,20.0,0.005201737761284243,32.0,0.020796064400715564,0.017920961798811738,0.011091339754865096
math,3,3,model.layers.3.mlp,37,0.018112701252236137,22.0,0.005386598208296065,27.0,0.00539297617185521,30.0,0.018112701252236137,0.015539647930934338,0.011499105444556327
math,3,3,model.layers.3.mlp,38,0.024373881932021467,10.5,0.009395920100067083,10.0,0.009254722241212302,15.0,0.024373881932021467,0.027106029574910276,0.019733264809729645
math,3,3,model.layers.3.mlp,39,0.005366726296958855,51.5,0.005507358284883721,24.0,0.062676012622649,1.0,0.005366726296958855,0.01588802533012381,0.13364013765784052
math,3,3,model.layers.3.mlp,40,0.013193202146690518,33.0,0.005101185152057245,29.0,0.005046104755725758,33.0,0.013193202146690518,0.014716267712596836,0.010759493241077406
math,3,3,model.layers.3.mlp,41,0.009615384615384616,40.0,0.0034771477387075134,38.0,0.005623143652790561,29.0,0.009615384615384616,0.010031127174130112,0.011989877153690917
math,3,3,model.layers.3.mlp,42,0.018336314847942754,20.0,0.007168300676431127,17.0,0.007897727284747075,17.0,0.018336314847942754,0.02067963201770992,0.016839829423613922
math,3,3,model.layers.3.mlp,43,0.00872093023255814,44.0,0.0016220720594812164,49.0,0.001465523865387137,48.0,0.00872093023255814,0.004679470743543206,0.0031248447837668113
math,3,3,model.layers.3.mlp,44,0.02101967799642218,17.0,0.005860466863260286,22.0,0.005651758907092919,28.0,0.02101967799642218,0.016906698484715807,0.012050891668878811
math,3,3,model.layers.3.mlp,45,0.009168157423971377,42.0,0.0024328897165697676,41.0,0.002670630679360869,42.0,0.009168157423971377,0.007018576138101085,0.005694418593151949
math,3,3,model.layers.3.mlp,46,0.010286225402504472,37.5,0.003882229008273703,36.0,0.004769069510836934,36.0,0.010286225402504472,0.011199734905588465,0.010168788333189932
math,3,3,model.layers.3.mlp,47,0.011851520572450805,35.0,0.004006483047294275,35.0,0.004950350853539537,35.0,0.011851520572450805,0.011558191940197523,0.010555323190463532
math,3,3,model.layers.3.mlp,48,0.007155635062611807,48.0,0.0018155502292039355,47.0,0.0019966302063042876,43.0,0.007155635062611807,0.0052376305549028295,0.00425728958267974
math,3,3,model.layers.3.mlp,49,0.013640429338103756,31.0,0.004708769496310375,31.0,0.006326581902921946,24.0,0.013640429338103756,0.013584198659534485,0.013489774493161705
math,3,3,model.layers.3.mlp,50,0.009391771019677997,41.0,0.0030013137298747763,40.0,0.0034990540983851777,39.0,0.009391771019677997,0.008658406825425125,0.007460813983106614
math,3,3,model.layers.3.mlp,51,0.015876565295169946,26.0,0.004093613735465116,33.0,0.0036569147075864623,38.0,0.015876565295169946,0.011809552848473471,0.0077974102766747
math,3,3,model.layers.3.mlp,52,0.07983005366726297,1.0,0.03724978861527281,1.0,0.0548382871692637,2.0,0.07983005366726297,0.10746088313985683,0.11692824638260864
math,3,3,model.layers.3.mlp,53,0.004472271914132379,55.0,0.0011728795141994633,54.0,0.0009683502391513856,55.0,0.004472271914132379,0.0033836076149125686,0.0020647525878892525
math,3,3,model.layers.3.mlp,54,0.023255813953488372,14.0,0.006518205291256708,19.0,0.006411341627083439,23.0,0.023255813953488372,0.018804189852453038,0.013670502346303551
math,3,3,model.layers.3.mlp,55,0.008050089445438283,46.0,0.0014522873225067084,52.0,0.000921338603353671,56.0,0.008050089445438283,0.004189663459872656,0.001964512620210509
math,3,3,model.layers.3.mlp,56,0.022584973166368514,16.0,0.007927582387634169,13.0,0.011089653469795404,10.0,0.022584973166368514,0.022870062789828893,0.023645773785961197
math,3,3,model.layers.3.mlp,57,0.010286225402504472,37.5,0.0031653115915697676,39.0,0.0040695856263684455,37.0,0.010286225402504472,0.009131519712931984,0.00867732264004484
math,3,3,model.layers.3.mlp,58,0.004695885509838999,53.0,0.0013921256568649374,53.0,0.0019346750432988613,46.0,0.004695885509838999,0.0040161047374916445,0.0041251864675293185
math,3,3,model.layers.3.mlp,59,0.02571556350626118,9.0,0.010140789216234347,8.0,0.015031549606425604,6.0,0.02571556350626118,0.029254881850923453,0.032050832121497425
math,3,3,model.layers.3.mlp,60,0.00648479427549195,49.5,0.0017126967100849731,48.0,0.0019393013790249825,45.0,0.00648479427549195,0.004940911287238741,0.0041350509135497215
math,3,3,model.layers.3.mlp,61,0.03711985688729875,3.0,0.014846283122763863,2.0,0.009126271139530462,16.0,0.03711985688729875,0.042829630852252075,0.01945937656775716
math,3,3,model.layers.3.mlp,62,0.028622540250447227,8.0,0.009601190393000895,9.0,0.009973967117998809,13.0,0.028622540250447227,0.027698208155811005,0.021266865629586375
math,3,3,model.layers.3.mlp,63,0.015876565295169946,26.0,0.005306018699686941,28.0,0.005377619872152912,31.0,0.015876565295169946,0.015307186339070116,0.01146636216813755
math,4,4,model.layers.4.mlp,0,0.0,63.0,0.0,63.0,0.0,63.0,0.0,0.0,0.0
math,4,4,model.layers.4.mlp,1,0.013193202146690518,34.0,0.003907123490608229,33.0,0.006171471610905233,29.0,0.013193202146690518,0.01178224964448122,0.010943273198161952
math,4,4,model.layers.4.mlp,2,0.01721824686940966,18.0,0.00546936144342576,18.0,0.006548430817285037,27.0,0.01721824686940966,0.01649330564473936,0.011611698468511924
math,4,4,model.layers.4.mlp,3,0.0,63.0,0.0,63.0,0.0,63.0,0.0,0.0,0.0
math,4,4,model.layers.4.mlp,4,0.013416815742397137,32.0,0.002750621925313059,44.0,0.002727611706807063,47.0,0.013416815742397137,0.008294724822372314,0.004836609802004137
math,4,4,model.layers.4.mlp,5,0.014534883720930232,27.0,0.004750915418157424,22.0,0.008436935319030434,20.0,0.014534883720930232,0.01432677304188092,0.014960400690853873
math,4,4,model.layers.4.mlp,6,0.023032200357781755,11.0,0.011061994248937836,7.0,0.017841275561474305,9.0,0.023032200357781755,0.03335834613881416,0.03163620688587522
math,4,4,model.layers.4.mlp,7,0.013416815742397137,32.0,0.004393330200413685,27.0,0.005552249139238129,36.0,0.013416815742397137,0.013248445644561558,0.00984526593099407
math,4,4,model.layers.4.mlp,8,0.04136851520572451,3.0,0.013993537916480323,4.0,0.02175019188302574,5.0,0.04136851520572451,0.04219865523518897,0.03856750980881247
math,4,4,model.layers.4.mlp,9,0.02795169946332737,6.0,0.011069309732781753,6.0,0.021567655590651075,6.0,0.02795169946332737,0.03338040657717153,0.03824383587138305
math,4,4,model.layers.4.mlp,10,0.011627906976744186,41.0,0.004150172252347943,28.0,0.007781259169092332,22.0,0.011627906976744186,0.012515183014384394,0.013797753644789088
math,4,4,model.layers.4.mlp,11,0.018559928443649374,14.5,0.005259723697450805,19.0,0.005953799286767281,32.0,0.018559928443649374,0.015861125918677322,0.01055729593683723
math,4,4,model.layers.4.mlp,12,0.0022361359570661895,54.0,0.0005278067000223614,55.0,0.0004889910244291285,57.0,0.0022361359570661895,0.001591644164470775,0.0008670804484170881
math,4,4,model.layers.4.mlp,13,0.0033542039355992843,53.0,0.000920440728421288,51.0,0.0014316784834392596,51.0,0.0033542039355992843,0.002775664109741132,0.0025386568656528136
math,4,4,model.layers.4.mlp,14,0.012745974955277281,37.0,0.010157385537790697,8.0,0.04817552207460984,2.0,0.012745974955277281,0.030630424768801668,0.08542498981846694
math,4,4,model.layers.4.mlp,15,0.002012522361359571,55.0,0.000376911197450805,58.0,0.00033988817953146423,61.0,0.002012522361359571,0.0011366064658157044,0.0006026908069813117
math,4,4,model.layers.4.mlp,16,0.0038014311270125225,51.0,0.0007429037622987477,52.0,0.0005673031507589736,55.0,0.0038014311270125225,0.0022402869042323446,0.0010059437612843353
math,4,4,model.layers.4.mlp,17,0.11292486583184258,1.0,0.04358084854371646,1.0,0.06701890215251015,1.0,0.11292486583184258,0.13142160428117378,0.11883813163781637
math,4,4,model.layers.4.mlp,18,0.01520572450805009,24.0,0.0037785019985465116,35.0,0.0048453914458082056,38.0,0.01520572450805009,0.01139438104172024,0.008591863608319912
math,4,4,model.layers.4.mlp,19,0.006037567084078712,49.0,0.0012062905299642219,49.0,0.0016709775239069262,50.0,0.006037567084078712,0.0036376675070486394,0.002962982689540315
math,4,4,model.layers.4.mlp,20,0.0011180679785330948,61.0,0.0002941479623211091,61.0,0.00051512778445092,56.0,0.0011180679785330948,0.000887027178130796,0.0009134262348787564
math,4,4,model.layers.4.mlp,21,0.06395348837209303,2.0,0.024837050327034885,2.0,0.04307804465933648,3.0,0.06395348837209303,0.07489815156574785,0.07638612656286582
math,4,4,model.layers.4.mlp,22,0.01050983899821109,44.0,0.0026595605294051877,45.0,0.004286828002690843,42.0,0.01050983899821109,0.008020121753864117,0.00760141712457716
math,4,4,model.layers.4.mlp,23,0.024373881932021467,9.0,0.006635253032759391,13.0,0.0122621368636812,10.0,0.024373881932021467,0.02000914685041146,0.02174326030365283
math,4,4,model.layers.4.mlp,24,0.008273703041144902,47.0,0.002338989476185152,46.0,0.003591750117022151,45.0,0.008273703041144902,0.0070534135894275846,0.006368902794699597
math,4,4,model.layers.4.mlp,25,0.018559928443649374,14.5,0.004436458799194991,26.0,0.0053486019532880975,37.0,0.018559928443649374,0.013378503452787863,0.009484158089559602
math,4,4,model.layers.4.mlp,26,0.016323792486583184,22.0,0.004133794303443649,29.0,0.006136631229909034,30.0,0.016323792486583184,0.012465793973285797,0.010881494123152397
math,4,4,model.layers.4.mlp,27,0.01677101967799642,20.5,0.0055654454103309485,16.0,0.011111567826518433,12.0,0.01677101967799642,0.016783054685851128,0.019703067607186472
math,4,4,model.layers.4.mlp,28,0.011851520572450805,38.5,0.003395694739490161,40.0,0.003630289461377055,44.0,0.011851520572450805,0.01023999452110904,0.006437240883366896
math,4,4,model.layers.4.mlp,29,0.02191413237924866,12.0,0.006221000111806798,14.0,0.009162234172411595,17.0,0.02191413237924866,0.018759933370890956,0.0162465029373324
math,4,4,model.layers.4.mlp,30,0.004695885509838999,50.0,0.0010754853113819321,50.0,0.0017509172955437935,49.0,0.004695885509838999,0.0032432136988078475,0.0031047321482715368
math,4,4,model.layers.4.mlp,31,0.0129695885509839,35.5,0.003671062653734347,37.0,0.006049406456499492,31.0,0.0129695885509839,0.011070388932113446,0.010726826875978854
math,4,4,model.layers.4.mlp,32,0.0015652951699463328,59.0,0.000399185207960644,57.0,0.00043176794308029474,59.0,0.0015652951699463328,0.0012037755617097959,0.0007656122975575104
math,4,4,model.layers.4.mlp,33,0.0129695885509839,35.5,0.0036841650128577818,36.0,0.005860177903354488,34.0,0.0129695885509839,0.011109900164992323,0.010391286200348175
math,4,4,model.layers.4.mlp,34,0.03913237924865832,4.0,0.017061455305232558,3.0,0.03206421522846802,4.0,0.03913237924865832,0.05145021041377809,0.05685636899143447
math,4,4,model.layers.4.mlp,35,0.011627906976744186,41.0,0.004133575930791592,30.0,0.006663112126437411,26.0,0.011627906976744186,0.012465135452737816,0.011815051732676614
math,4,4,model.layers.4.mlp,36,0.011627906976744186,41.0,0.0038453240300760287,34.0,0.006503118891835426,28.0,0.011627906976744186,0.011595888329402514,0.011531351217387308
math,4,4,model.layers.4.mlp,37,0.009615384615384616,45.0,0.0030888811633497317,41.0,0.004586000721868334,40.0,0.009615384615384616,0.00931477315119533,0.008131911147041935
math,4,4,model.layers.4.mlp,38,0.013416815742397137,32.0,0.0034727802856663686,39.0,0.005873231213933027,33.0,0.013416815742397137,0.010472452274546436,0.01041443237241336
math,4,4,model.layers.4.mlp,39,0.014534883720930232,27.0,0.004123749161449016,31.0,0.007872634075835267,21.0,0.014534883720930232,0.012435502028078659,0.01395977992166243
math,4,4,model.layers.4.mlp,40,0.016100178890876567,23.0,0.005132630813953488,21.0,0.008931215405997308,18.0,0.016100178890876567,0.015477866959752212,0.01583685972187846
math,4,4,model.layers.4.mlp,41,0.01699463327370304,19.0,0.00757709428108229,10.0,0.010562018759561993,13.0,0.01699463327370304,0.022849345973854757,0.0187286054440822
math,4,4,model.layers.4.mlp,42,0.018336314847942754,16.0,0.005548849088774598,17.0,0.008660744042643921,19.0,0.018336314847942754,0.016733007124204547,0.01535725903535415
math,4,4,model.layers.4.mlp,43,0.027504472271914132,7.0,0.006730900254360465,12.0,0.010009286655296367,14.0,0.027504472271914132,0.020297578850427263,0.01774849910904124
math,4,4,model.layers.4.mlp,44,0.0017889087656529517,56.5,0.00045224976241055456,56.0,0.0005768274951706206,54.0,0.0017889087656529517,0.0013637960548692491,0.001022832359255987
math,4,4,model.layers.4.mlp,45,0.023479427549194992,10.0,0.007530144160889982,11.0,0.012025098574609363,11.0,0.023479427549194992,0.022707764056038783,0.02132294325137079
math,4,4,model.layers.4.mlp,46,0.014758497316636851,25.0,0.0029552371002906975,42.0,0.004270703066973439,43.0,0.014758497316636851,0.008911758575830781,0.007572824336992018
math,4,4,model.layers.4.mlp,47,0.011851520572450805,38.5,0.002311474522025939,47.0,0.0023793494978616406,48.0,0.011851520572450805,0.0069704400003819415,0.0042190701392840315
math,4,4,model.layers.4.mlp,48,0.014534883720930232,27.0,0.004598491307021467,24.0,0.009785880876141925,15.0,0.014534883720930232,0.01386712569938998,0.017352355266944446
math,4,4,model.layers.4.mlp,49,0.020125223613595707,13.0,0.0058685466513864045,15.0,0.009294258847112945,16.0,0.020125223613595707,0.017697081206449156,0.016480609512756376
math,4,4,model.layers.4.mlp,50,0.006932021466905188,48.0,0.0020203837768336314,48.0,0.003308031288157209,46.0,0.006932021466905188,0.006092632109922884,0.005865811659961928
math,4,4,model.layers.4.mlp,51,0.013640429338103756,29.5,0.003578035903957961,38.0,0.004844563698299456,39.0,0.013640429338103756,0.010789859178673417,0.00859039584379008
math,4,4,model.layers.4.mlp,52,0.03354203935599284,5.0,0.01233150366167263,5.0,0.019197858083653322,8.0,0.03354203935599284,0.037186655344503376,0.0340417033528482
math,4,4,model.layers.4.mlp,53,0.0015652951699463328,59.0,0.00032057105322003576,59.0,0.00046152065712991893,58.0,0.0015652951699463328,0.0009667081644365319,0.0008183699052659369
math,4,4,model.layers.4.mlp,54,0.0,63.0,0.0,63.0,0.0,63.0,0.0,0.0,0.0
math,4,4,model.layers.4.mlp,55,0.0015652951699463328,59.0,0.0002974235521019678,60.0,0.00037193236362742185,60.0,0.0015652951699463328,0.0008969049863505154,0.0006595116567045148
math,4,4,model.layers.4.mlp,56,0.0035778175313059034,52.0,0.0006169027420617173,54.0,0.0007207948147620812,53.0,0.0035778175313059034,0.0018603205480471408,0.0012781156707942793
math,4,4,model.layers.4.mlp,57,0.0017889087656529517,56.5,0.0006787022025939177,53.0,0.001177758031752967,52.0,0.0017889087656529517,0.0020466818631258454,0.00208840430863
math,4,4,model.layers.4.mlp,58,0.011180679785330949,43.0,0.003970233187052773,32.0,0.006945793605234628,24.0,0.011180679785330949,0.011972562082847811,0.012316303434956521
math,4,4,model.layers.4.mlp,59,0.01744186046511628,17.0,0.005219106384168158,20.0,0.007530425976768589,23.0,0.01744186046511628,0.0157386410967528,0.013352975425941672
math,4,4,model.layers.4.mlp,60,0.008944543828264758,46.0,0.002888415068761181,43.0,0.005719770898972513,35.0,0.008944543828264758,0.008710251288148507,0.010142316051126003
math,4,4,model.layers.4.mlp,61,0.01677101967799642,20.5,0.0047338823512969586,23.0,0.006847846273446125,25.0,0.01677101967799642,0.014275408439138378,0.012142622912972339
math,4,4,model.layers.4.mlp,62,0.025491949910554562,8.0,0.008628340228085868,9.0,0.02029476332110028,7.0,0.025491949910554562,0.026019463891836684,0.035986739228030015
math,4,4,model.layers.4.mlp,63,0.013640429338103756,29.5,0.0044516356985129695,25.0,0.0043873894086677405,41.0,0.013640429338103756,0.013424270630872563,0.007779732931272583
math,5,5,model.layers.5.mlp,0,0.10755813953488372,1.0,0.04971297098613596,1.0,0.10679828971357806,1.0,0.10755813953488372,0.14740806259656067,0.1682739056079067
math,5,5,model.layers.5.mlp,1,0.008944543828264758,41.5,0.002593830361135957,41.0,0.004299025855998447,43.0,0.008944543828264758,0.007691182012554019,0.006773646591517092
math,5,5,model.layers.5.mlp,2,0.008944543828264758,41.5,0.00264274583519678,40.0,0.003976723482442456,45.0,0.008944543828264758,0.007836225350726447,0.0062658193657214555
math,5,5,model.layers.5.mlp,3,0.0,63.5,0.0,63.5,0.0,63.5,0.0,0.0,0.0
math,5,5,model.layers.5.mlp,4,0.010062611806797853,38.0,0.003104167248993739,34.0,0.007250179731568625,29.0,0.010062611806797853,0.00920442433982618,0.011423554282210827
math,5,5,model.layers.5.mlp,5,0.0033542039355992843,52.0,0.0007302381484794276,54.0,0.0005372427953723719,58.0,0.0033542039355992843,0.002165289834145533,0.0008464924267932794
math,5,5,model.layers.5.mlp,6,0.036449016100178894,5.0,0.0153190599144678,4.0,0.03398271579435345,3.0,0.036449016100178894,0.04542381792916964,0.053543968964442405
math,5,5,model.layers.5.mlp,7,0.009168157423971377,40.0,0.0024846440351073344,43.0,0.00560122744341869,35.0,0.009168157423971377,0.007367424561276278,0.008825426143340394
math,5,5,model.layers.5.mlp,8,0.020348837209302327,14.0,0.005653012843805903,20.0,0.01573655814305614,9.0,0.020348837209302327,0.01676221828245377,0.024794892377581756
math,5,5,model.layers.5.mlp,9,0.01073345259391771,36.0,0.002991268587880143,36.0,0.006179826790616849,33.0,0.01073345259391771,0.008869659135204997,0.009737080929164562
math,5,5,model.layers.5.mlp,10,0.05791592128801431,2.0,0.020316299684145795,2.0,0.04106668069665462,2.0,0.05791592128801431,0.0602415489592493,0.064705631239152
math,5,5,model.layers.5.mlp,11,0.009391771019677997,39.0,0.0028897253046735244,37.0,0.006566586029550897,32.0,0.009391771019677997,0.008568564705516698,0.010346467913168851
math,5,5,model.layers.5.mlp,12,0.0038014311270125225,51.0,0.0010191451671511629,51.0,0.0019317555686122403,52.0,0.0038014311270125225,0.003021952050226436,0.003043719661447691
math,5,5,model.layers.5.mlp,13,0.008273703041144902,45.0,0.0023935826391994633,45.0,0.0046583383688986405,40.0,0.008273703041144902,0.007097410846910642,0.007339787866266549
math,5,5,model.layers.5.mlp,14,0.03466010733452594,6.0,0.013099738651610017,5.0,0.02558222994181679,5.0,0.03466010733452594,0.038843123974498274,0.04030796521193484
math,5,5,model.layers.5.mlp,15,0.011404293381037567,34.0,0.0027785736247763863,38.0,0.0042718506296546815,44.0,0.011404293381037567,0.008238979620115957,0.006730828663581089
math,5,5,model.layers.5.mlp,16,0.016100178890876567,23.0,0.004986757882379248,26.0,0.009890127613847286,20.0,0.016100178890876567,0.014786650314756995,0.01558311846571735
math,5,5,model.layers.5.mlp,17,0.029516994633273702,8.5,0.01005016456563059,7.0,0.015766420176715885,8.0,0.029516994633273702,0.029800578360310963,0.024841943702530837
math,5,5,model.layers.5.mlp,18,0.008050089445438283,46.0,0.0020138325972719143,47.0,0.0043256521118348315,42.0,0.008050089445438283,0.005971382431366658,0.006815599548566498
math,5,5,model.layers.5.mlp,19,0.044722719141323794,3.0,0.016483204522584973,3.0,0.02691323727315995,4.0,0.044722719141323794,0.04887571987469291,0.042405131773670474
math,5,5,model.layers.5.mlp,20,0.010286225402504472,37.0,0.0030984895600402506,35.0,0.0052891598218029,39.0,0.010286225402504472,0.009187588952359738,0.008333725034231873
math,5,5,model.layers.5.mlp,21,0.03980322003577817,4.0,0.012054170393559929,6.0,0.02300608563295204,6.0,0.03980322003577817,0.035742822621062625,0.03624893144440121
math,5,5,model.layers.5.mlp,22,0.016323792486583184,22.0,0.005860030117956171,16.0,0.013327521586887311,13.0,0.016323792486583184,0.017376062410076366,0.020999157528775354
math,5,5,model.layers.5.mlp,23,0.014087656529516995,28.0,0.004094487226073345,29.0,0.008042139795897045,28.0,0.014087656529516995,0.012140904422915294,0.012671385249049701
math,5,5,model.layers.5.mlp,24,0.005143112701252236,49.0,0.001184016519454383,50.0,0.002226656765971926,50.0,0.005143112701252236,0.003510825801655825,0.003508372947387469
math,5,5,model.layers.5.mlp,25,0.0,63.5,0.0,63.5,0.0,63.5,0.0,0.0,0.0
math,5,5,model.layers.5.mlp,26,0.0026833631484794273,57.0,0.0006977006233228981,56.0,0.0005999576960138857,57.0,0.0026833631484794273,0.002068810113664766,0.0009453075042543713
math,5,5,model.layers.5.mlp,27,0.005590339892665474,48.0,0.0021846000111806797,46.0,0.006032450147946107,34.0,0.005590339892665474,0.006477739085165045,0.0095048708130279
math,5,5,model.layers.5.mlp,28,0.00424865831842576,50.0,0.0018312730601520572,49.0,0.002439618390553326,49.0,0.00424865831842576,0.005430059972830275,0.0038439203087639955
math,5,5,model.layers.5.mlp,29,0.0029069767441860465,55.5,0.0008870297126565295,52.0,0.001968086352288616,51.0,0.0029069767441860465,0.0026302055341803693,0.003100963301579154
math,5,5,model.layers.5.mlp,30,0.017889087656529516,18.5,0.005417388752236136,22.0,0.009282064459191665,23.0,0.017889087656529516,0.016063549702596405,0.014625039809546164
math,5,5,model.layers.5.mlp,31,0.012075134168157423,33.0,0.0037409419023926656,31.0,0.004477211582426095,41.0,0.012075134168157423,0.011092577795677967,0.00705440022708538
math,5,5,model.layers.5.mlp,32,0.03242397137745975,7.0,0.009561009825022362,9.0,0.0188751961762662,7.0,0.03242397137745975,0.02835014497858668,0.029740204531495656
math,5,5,model.layers.5.mlp,33,0.018559928443649374,17.0,0.005401884293940072,23.0,0.010159464609644281,18.0,0.018559928443649374,0.016017576144514965,0.016007492192384797
math,5,5,model.layers.5.mlp,34,0.00872093023255814,43.0,0.002452106509950805,44.0,0.005336050857158381,36.0,0.00872093023255814,0.007270944840795511,0.008407607656120546
math,5,5,model.layers.5.mlp,35,0.017889087656529516,18.5,0.0072113200888864045,11.0,0.012444694161628354,16.0,0.017889087656529516,0.021382884627089694,0.019608153803673475
math,5,5,model.layers.5.mlp,36,0.0031305903398926656,53.5,0.0006494402672182469,57.0,0.001160254918558653,55.0,0.0031305903398926656,0.0019257093202000044,0.001828125030562412
math,5,5,model.layers.5.mlp,37,0.015429338103756709,25.5,0.005710881596601073,18.0,0.01098296638038376,17.0,0.015429338103756709,0.016933809731630972,0.01730502101619836
math,5,5,model.layers.5.mlp,38,0.012745974955277281,32.0,0.0025497190854203936,42.0,0.003526187646794191,46.0,0.012745974955277281,0.007560384002237811,0.005555944470868932
math,5,5,model.layers.5.mlp,39,0.024821109123434704,10.0,0.008756961720147585,10.0,0.012688974201785858,15.0,0.024821109123434704,0.025965995107377397,0.019993047199715685
math,5,5,model.layers.5.mlp,40,0.020796064400715564,13.0,0.005384196109123435,24.0,0.008515753343448123,25.0,0.020796064400715564,0.015965127437407974,0.013417621931387727
math,5,5,model.layers.5.mlp,41,0.0129695885509839,31.0,0.004651119116167263,28.0,0.008311783158501913,27.0,0.0129695885509839,0.013791419909529219,0.013096241694489589
math,5,5,model.layers.5.mlp,42,0.01945438282647585,15.5,0.003724782326140429,32.0,0.005309988059809895,37.0,0.01945438282647585,0.011044661692888862,0.008366542497561741
math,5,5,model.layers.5.mlp,43,0.00849731663685152,44.0,0.0027394849200581394,39.0,0.0033445069583029566,47.0,0.00849731663685152,0.008123074452558526,0.00526968409059557
math,5,5,model.layers.5.mlp,44,0.0008944543828264759,61.0,0.00014936689400715564,61.0,0.00017548549073966542,61.0,0.0008944543828264759,0.0004429001933479499,0.000276499080495381
math,5,5,model.layers.5.mlp,45,0.015429338103756709,25.5,0.004669025673635957,27.0,0.009513111468504495,22.0,0.015429338103756709,0.013844516131538767,0.014989082929902925
math,5,5,model.layers.5.mlp,46,0.00022361359570661896,62.0,4.083568593470483e-05,62.0,8.278270127095135e-05,62.0,0.00022361359570661896,0.0001210852867778752,0.000130434377713303
math,5,5,model.layers.5.mlp,47,0.007602862254025045,47.0,0.001998546511627907,48.0,0.003278972251150817,48.0,0.007602862254025045,0.005926056388187774,0.005166426059451661
math,5,5,model.layers.5.mlp,48,0.0015652951699463328,59.0,0.0003618434844588551,59.0,0.0007892061618018449,56.0,0.0015652951699463328,0.001072932193534434,0.0012434918530285957
math,5,5,model.layers.5.mlp,49,0.0011180679785330948,60.0,0.00021072960923524151,60.0,0.0003357824797813709,60.0,0.0011180679785330948,0.0006248518809660404,0.00052906679928167
math,5,5,model.layers.5.mlp,50,0.0029069767441860465,55.5,0.0007293646578711985,55.0,0.0015253214988597604,54.0,0.0029069767441860465,0.002162699774535311,0.0024033325496991124
math,5,5,model.layers.5.mlp,51,0.014758497316636851,27.0,0.006440464627124329,15.0,0.008639054029700154,24.0,0.014758497316636851,0.01909715702106884,0.013611897402422041
math,5,5,model.layers.5.mlp,52,0.022808586762075134,12.0,0.006838557971824687,14.0,0.01405051462552202,12.0,0.022808586762075134,0.020277576688427484,0.022138322422376858
math,5,5,model.layers.5.mlp,53,0.013864042933810376,29.5,0.003858208016547406,30.0,0.005297303093140795,38.0,0.013864042933810376,0.011440293298350262,0.0083465557647251
math,5,5,model.layers.5.mlp,54,0.011180679785330949,35.0,0.003609699938506261,33.0,0.007234551932176239,30.0,0.011180679785330949,0.010703421339242123,0.0113989307526874
math,5,5,model.layers.5.mlp,55,0.029516994633273702,8.5,0.009703607166815743,8.0,0.01526009631284874,11.0,0.029516994633273702,0.02877297220995541,0.024044167873873742
math,5,5,model.layers.5.mlp,56,0.01699463327370304,20.0,0.00556369842911449,21.0,0.00967645112005244,21.0,0.01699463327370304,0.01649738468730858,0.015246444739537904
math,5,5,model.layers.5.mlp,57,0.015876565295169946,24.0,0.006901667668269231,13.0,0.015558402418877017,10.0,0.015876565295169946,0.020464708495266017,0.024514186014264264
math,5,5,model.layers.5.mlp,58,0.01945438282647585,15.5,0.005659782396019678,19.0,0.010107423197178167,19.0,0.01945438282647585,0.01678229124443299,0.015925494514776747
math,5,5,model.layers.5.mlp,59,0.016547406082289804,21.0,0.005737086314847943,17.0,0.013034433852847872,14.0,0.016547406082289804,0.01701151151993763,0.02053736157843892
math,5,5,model.layers.5.mlp,60,0.024373881932021467,11.0,0.0071903563142889084,12.0,0.00844597240680019,26.0,0.024373881932021467,0.021320723196444367,0.013307673440843382
math,5,5,model.layers.5.mlp,61,0.013864042933810376,29.5,0.005210589850737925,25.0,0.007022118739024044,31.0,0.013864042933810376,0.015450353089876363,0.011064216000341196
math,5,5,model.layers.5.mlp,62,0.002012522361359571,58.0,0.0005262780914579606,58.0,0.00033895060759910745,59.0,0.002012522361359571,0.0015605109151587125,0.0005340585762360139
math,5,5,model.layers.5.mlp,63,0.0031305903398926656,53.5,0.0007415935263864043,53.0,0.0016219712967096374,53.0,0.0031305903398926656,0.002198960609078418,0.0025556162520320885
math,6,6,model.layers.6.mlp,0,0.006932021466905188,43.0,0.0018179523283765654,44.0,0.003734442970193989,43.0,0.006932021466905188,0.005139866097998879,0.004877542921164504
math,6,6,model.layers.6.mlp,1,0.029516994633273702,9.0,0.012183665376229875,7.0,0.019371006484534957,10.0,0.029516994633273702,0.03444667257725543,0.025300403917954916
math,6,6,model.layers.6.mlp,2,0.024597495527728087,12.0,0.007189046078376565,15.0,0.015508172923635712,15.0,0.024597495527728087,0.020325469286753283,0.020255170494662855
math,6,6,model.layers.6.mlp,3,0.030635062611806797,7.0,0.00997875670840787,9.0,0.020242853699941755,9.0,0.030635062611806797,0.028212771317015828,0.026439120521149825
math,6,6,model.layers.6.mlp,4,0.011627906976744186,27.5,0.006064863665585868,19.0,0.011484728622948335,20.0,0.011627906976744186,0.017147087223990734,0.015000163945052063
math,6,6,model.layers.6.mlp,5,0.0626118067978533,3.0,0.01873877564568426,4.0,0.05111125884627613,4.0,0.0626118067978533,0.052979825794039856,0.06675623667765124
math,6,6,model.layers.6.mlp,6,0.010286225402504472,30.5,0.003044769887634168,31.0,0.007519625940348467,27.0,0.010286225402504472,0.00860842678731512,0.00982135717907252
math,6,6,model.layers.6.mlp,7,0.0033542039355992843,50.0,0.0009042811521690518,50.0,0.0019039974043109122,50.0,0.0033542039355992843,0.0025566589203379407,0.002486804360230963
math,6,6,model.layers.6.mlp,8,0.008273703041144902,35.5,0.0023306913154069768,35.0,0.004171536065811335,39.0,0.008273703041144902,0.006589524428101145,0.005448428686842034
math,6,6,model.layers.6.mlp,9,0.018783542039355994,17.0,0.005050959442084078,22.0,0.011830857060249889,19.0,0.018783542039355994,0.014280492834440129,0.015452241088189217
math,6,6,model.layers.6.mlp,10,0.01744186046511628,18.5,0.0048413216961091235,24.0,0.008854660796991189,25.0,0.01744186046511628,0.013687787554670887,0.011565041542844535
math,6,6,model.layers.6.mlp,11,0.0026833631484794273,51.5,0.0006898392078488372,53.0,0.0015292995757621602,51.0,0.0026833631484794273,0.0019503708112406557,0.0019974128349618705
math,6,6,model.layers.6.mlp,12,0.013416815742397137,25.0,0.0038765513193202146,27.0,0.010406207526519174,22.0,0.013416815742397137,0.010960108465066197,0.013591511307643769
math,6,6,model.layers.6.mlp,13,0.008050089445438283,38.0,0.0019465738204382827,43.0,0.003878074756461947,42.0,0.008050089445438283,0.005503515483190631,0.005065139895588002
math,6,6,model.layers.6.mlp,14,0.00022361359570661896,57.5,5.284618179785331e-05,57.0,0.00010946225075047856,57.0,0.00022361359570661896,0.00014941112260849593,0.00014296826341814409
math,6,6,model.layers.6.mlp,15,0.00022361359570661896,57.5,4.585825693202147e-05,58.0,6.704182365712625e-05,58.0,0.00022361359570661896,0.00012965427994952126,8.756309174103918e-05
math,6,6,model.layers.6.mlp,16,0.028622540250447227,10.0,0.009648140513193203,11.0,0.01877201611112823,11.0,0.028622540250447227,0.02727802569871309,0.024518064683168344
math,6,6,model.layers.6.mlp,17,0.024150268336314847,14.5,0.008267370234235242,12.0,0.02247059323919907,8.0,0.024150268336314847,0.023374197069566314,0.029348763353194026
math,6,6,model.layers.6.mlp,18,0.059481216457960645,4.0,0.025247809285554562,3.0,0.08390933243234597,2.0,0.059481216457960645,0.07138270732954166,0.10959368604409783
math,6,6,model.layers.6.mlp,19,0.00022361359570661896,57.5,4.563988427996422e-05,59.0,5.896761347014917e-05,59.0,0.00022361359570661896,0.0001290368786164283,7.701739401428058e-05
math,6,6,model.layers.6.mlp,20,0.03264758497316637,6.0,0.014841260551766548,5.0,0.028246288009534368,5.0,0.03264758497316637,0.04196044680099673,0.036892378121634956
math,6,6,model.layers.6.mlp,21,0.008050089445438283,38.0,0.0022335154852415025,40.0,0.004402704443615963,36.0,0.008050089445438283,0.0063147808348747786,0.005750356897757911
math,6,6,model.layers.6.mlp,22,0.00648479427549195,45.5,0.0022636509112254023,38.0,0.005767699644262761,31.0,0.00648479427549195,0.0063999822188416065,0.007533172362199845
math,6,6,model.layers.6.mlp,23,0.0129695885509839,26.0,0.003925903538685152,26.0,0.004634725386426786,35.0,0.0129695885509839,0.011099641166345207,0.006053398640850873
math,6,6,model.layers.6.mlp,24,0.024373881932021467,13.0,0.009744879598054562,10.0,0.018235431374292253,12.0,0.024373881932021467,0.02755153448927327,0.02381723323236076
math,6,6,model.layers.6.mlp,25,0.011627906976744186,27.5,0.0029899583519677995,33.0,0.005522697470908941,32.0,0.011627906976744186,0.008453459052708787,0.0072131758792304546
math,6,6,model.layers.6.mlp,26,0.02101967799642218,16.0,0.007650249119521467,13.0,0.01664298442267348,14.0,0.02101967799642218,0.02162942090224561,0.02173734383032909
math,6,6,model.layers.6.mlp,27,0.009838998211091235,33.5,0.002279155369521467,36.0,0.004990406454355858,33.0,0.009838998211091235,0.006443817713491207,0.006517952441488926
math,6,6,model.layers.6.mlp,28,0.00022361359570661896,57.5,6.63852862254025e-05,56.0,0.00014164392071674463,56.0,0.00022361359570661896,0.00018769000526025936,0.00018500063016949913
math,6,6,model.layers.6.mlp,29,0.006932021466905188,43.0,0.002265179519789803,37.0,0.004144371162320293,40.0,0.006932021466905188,0.0064043040281732575,0.005412948701263363
math,6,6,model.layers.6.mlp,30,0.00648479427549195,45.5,0.001971686675424866,42.0,0.004039038645773326,41.0,0.00648479427549195,0.005574516636496322,0.005275374269265702
math,6,6,model.layers.6.mlp,31,0.010286225402504472,30.5,0.0022370094476744187,39.0,0.004203136870387628,37.0,0.010286225402504472,0.006324659256204266,0.0054897023873361666
math,6,6,model.layers.6.mlp,32,0.014087656529516995,24.0,0.006703822045505367,17.0,0.010132582435027859,23.0,0.014087656529516995,0.01895360352462073,0.013234130531257958
math,6,6,model.layers.6.mlp,33,0.004025044722719142,48.0,0.0009654254947450805,49.0,0.0019395058984619986,49.0,0.004025044722719142,0.002729531293603969,0.002533181880431478
math,6,6,model.layers.6.mlp,34,0.0,62.0,0.0,62.0,0.0,62.0,0.0,0.0,0.0
math,6,6,model.layers.6.mlp,35,0.006932021466905188,43.0,0.001712478337432916,46.0,0.003457567306345392,45.0,0.006932021466905188,0.00484166125411498,0.00451591658357518
math,6,6,model.layers.6.mlp,36,0.0377906976744186,5.0,0.013217223138416816,6.0,0.027433381737451433,6.0,0.0377906976744186,0.0373688330867844,0.0358306440786694
math,6,6,model.layers.6.mlp,37,0.0026833631484794273,51.5,0.0007273993040026834,52.0,0.001229043083668608,52.0,0.0026833631484794273,0.0020565638405326443,0.001605248879257249
math,6,6,model.layers.6.mlp,38,0.01721824686940966,20.5,0.004866216178443649,23.0,0.008899160915709138,24.0,0.01721824686940966,0.013758171306643485,0.011623162992489392
math,6,6,model.layers.6.mlp,39,0.006261180679785331,47.0,0.0014218243375447228,47.0,0.002866481385845191,48.0,0.006261180679785331,0.004019900079768253,0.003743901327124231
math,6,6,model.layers.6.mlp,40,0.014534883720930232,23.0,0.004420954340898927,25.0,0.006959917400305514,29.0,0.014534883720930232,0.012499289988466944,0.009090323809654107
math,6,6,model.layers.6.mlp,41,0.0,62.0,0.0,62.0,0.0,62.0,0.0,0.0,0.0
math,6,6,model.layers.6.mlp,42,0.0013416815742397137,55.0,0.00026554114490161,55.0,0.0003969122210854068,55.0,0.0013416815742397137,0.0007507600210410375,0.0005184056657794513
math,6,6,model.layers.6.mlp,43,0.01050983899821109,29.0,0.0030262082122093025,32.0,0.007054483314746181,28.0,0.01050983899821109,0.008555947674002218,0.009213836020242118
math,6,6,model.layers.6.mlp,44,0.007155635062611807,40.5,0.0017897822562611806,45.0,0.0028954363146493603,47.0,0.007155635062611807,0.005060221326029887,0.0037817192585128737
math,6,6,model.layers.6.mlp,45,0.0,62.0,0.0,62.0,0.0,62.0,0.0,0.0,0.0
math,6,6,model.layers.6.mlp,46,0.0017889087656529517,54.0,0.0003952545002236136,54.0,0.0007498585060905259,54.0,0.0017889087656529517,0.0011174964128982548,0.0009793875759915125
math,6,6,model.layers.6.mlp,47,0.016323792486583184,22.0,0.005793863204382826,20.0,0.013003342853249292,17.0,0.016323792486583184,0.016380892169622373,0.016983620687624663
math,6,6,model.layers.6.mlp,48,0.01744186046511628,18.5,0.005669609165362254,21.0,0.01389843086863673,16.0,0.01744186046511628,0.016029590811092478,0.018152692018507888
math,6,6,model.layers.6.mlp,49,0.010062611806797853,32.0,0.003485445899485689,30.0,0.0036462220714855707,44.0,0.010062611806797853,0.00985434267749671,0.004762317913464985
math,6,6,model.layers.6.mlp,50,0.0038014311270125225,49.0,0.0013556574239713774,48.0,0.00298166904125316,46.0,0.0038014311270125225,0.0038328274758410857,0.0038943475215700626
math,6,6,model.layers.6.mlp,51,0.0,62.0,0.0,62.0,0.0,62.0,0.0,0.0,0.0
math,6,6,model.layers.6.mlp,52,0.03018783542039356,8.0,0.0068049285834078715,16.0,0.011030688588649088,21.0,0.03018783542039356,0.01923946034184277,0.01440714384194776
math,6,6,model.layers.6.mlp,53,0.008273703041144902,35.5,0.0035852422014758497,28.0,0.00678692312914485,30.0,0.008273703041144902,0.01013649508672019,0.00886437659625808
math,6,6,model.layers.6.mlp,54,0.002012522361359571,53.0,0.0007315483843917711,51.0,0.001186046609405115,53.0,0.002012522361359571,0.0020682944658614107,0.001549091334383016
math,6,6,model.layers.6.mlp,55,0.024150268336314847,14.5,0.007533201378018784,14.0,0.016959218731506565,13.0,0.024150268336314847,0.021298493787707786,0.02215037635667613
math,6,6,model.layers.6.mlp,56,0.008050089445438283,38.0,0.001992213704718247,41.0,0.004196831759911744,38.0,0.008050089445438283,0.00563255236180706,0.005481467304563644
math,6,6,model.layers.6.mlp,57,0.09458855098389982,1.0,0.039509290446109124,2.0,0.08090123976705753,3.0,0.09458855098389982,0.11170395359117659,0.10566482671945741
math,6,6,model.layers.6.mlp,58,0.007155635062611807,40.5,0.0027093494940742396,34.0,0.00470026996992995,34.0,0.007155635062611807,0.007660098339684335,0.006139006192455798
math,6,6,model.layers.6.mlp,59,0.01721824686940966,20.5,0.006246331339445439,18.0,0.012777496749045384,18.0,0.01721824686940966,0.017660147731790983,0.016688643879671127
math,6,6,model.layers.6.mlp,60,0.0,62.0,0.0,62.0,0.0,62.0,0.0,0.0,0.0
math,6,6,model.layers.6.mlp,61,0.08810375670840787,2.0,0.039529162357446336,1.0,0.09002272430174253,1.0,0.08810375670840787,0.11176013711248806,0.11757836581424595
math,6,6,model.layers.6.mlp,62,0.026386404293381037,11.0,0.011292923328488372,8.0,0.023393315364721636,7.0,0.026386404293381037,0.031928292539569254,0.030553927498815095
math,6,6,model.layers.6.mlp,63,0.009838998211091235,33.5,0.0035109954997763863,29.0,0.00823619239338822,26.0,0.009838998211091235,0.009926578633468585,0.010757262120843917
math,7,7,model.layers.7.mlp,0,0.008944543828264758,40.5,0.0023752393364266547,44.0,0.003965762838694618,49.0,0.008944543828264758,0.006804849041459091,0.0046623782461215285
math,7,7,model.layers.7.mlp,1,0.010062611806797853,37.5,0.003000003493962433,40.0,0.0066951169950591,39.0,0.010062611806797853,0.008594742680110784,0.00787116353212815
math,7,7,model.layers.7.mlp,2,0.027057245080500895,9.0,0.007337102736471378,18.0,0.013428083472686932,24.0,0.027057245080500895,0.02102014553130312,0.015786825086788955
math,7,7,model.layers.7.mlp,3,0.008273703041144902,42.0,0.002490103351408766,43.0,0.005324700957227479,44.0,0.008273703041144902,0.007133924208858879,0.0062600238390078805
math,7,7,model.layers.7.mlp,4,0.09615384615384616,1.0,0.03753017910051431,1.0,0.11518604299036889,1.0,0.09615384615384616,0.10752061881146308,0.13541931853693223
math,7,7,model.layers.7.mlp,5,0.01699463327370304,23.0,0.005554308405076028,24.0,0.018414884858992956,16.0,0.01699463327370304,0.01591259863652772,0.02164959481027929
math,7,7,model.layers.7.mlp,6,0.0026833631484794273,57.0,0.0006496586398703041,57.0,0.0014905261545573663,56.0,0.0026833631484794273,0.0018612141121946122,0.001752348035156566
math,7,7,model.layers.7.mlp,7,0.0008944543828264759,61.0,0.0002738393056797853,60.0,0.00037294945451356006,61.0,0.0008944543828264759,0.0007845252089721155,0.00043846076892466705
math,7,7,model.layers.7.mlp,8,0.0004472271914132379,62.0,0.00010198002851073346,62.0,0.00026470241478389404,62.0,0.0004472271914132379,0.00029216369425038116,0.00031119934060164304
math,7,7,model.layers.7.mlp,9,0.011851520572450805,31.5,0.0037293681518336314,32.0,0.007169850370538469,37.0,0.011851520572450805,0.010684307431280534,0.008429287316270373
math,7,7,model.layers.7.mlp,10,0.018336314847942754,20.0,0.005507139912231664,25.0,0.010971220426781232,29.0,0.018336314847942754,0.015777465107709554,0.012898395978733388
math,7,7,model.layers.7.mlp,11,0.0015652951699463328,58.0,0.0005138308502906977,58.0,0.0014099941883829283,57.0,0.0015652951699463328,0.0014720795986534194,0.001657670036879522
math,7,7,model.layers.7.mlp,12,0.012298747763864044,30.0,0.004930854483452594,27.0,0.009230103656942814,33.0,0.012298747763864044,0.014126458707009864,0.01085143924384097
math,7,7,model.layers.7.mlp,13,0.015876565295169946,25.0,0.006654469826140429,21.0,0.013734581218849141,22.0,0.015876565295169946,0.019064463072573586,0.016147161416094603
math,7,7,model.layers.7.mlp,14,0.011627906976744186,33.5,0.00404338802549195,30.0,0.011959325275608806,26.0,0.011627906976744186,0.011583946387023678,0.014060068710927657
math,7,7,model.layers.7.mlp,15,0.02101967799642218,15.0,0.005757831716793381,22.0,0.013640729600500336,23.0,0.02101967799642218,0.016495674788650536,0.016036824070784057
math,7,7,model.layers.7.mlp,16,0.010062611806797853,37.5,0.0036839466402057244,34.0,0.01088988940916249,30.0,0.010062611806797853,0.010554178847974155,0.012802778569749504
math,7,7,model.layers.7.mlp,17,0.057245080500894455,2.0,0.014772473166368516,4.0,0.025356250500209856,9.0,0.057245080500894455,0.042321819247644075,0.02981026237421205
math,7,7,model.layers.7.mlp,18,0.014758497316636851,26.0,0.004459387927661001,28.0,0.010585325241941885,31.0,0.014758497316636851,0.012775749037017203,0.012444715466746381
math,7,7,model.layers.7.mlp,19,0.009168157423971377,39.0,0.0036588337852191412,35.0,0.009475782860157102,32.0,0.009168157423971377,0.010482232756242263,0.011140273805861274
math,7,7,model.layers.7.mlp,20,0.007826475849731663,43.5,0.0022031616866055458,46.0,0.005033635416056475,45.0,0.007826475849731663,0.006311861908548384,0.005917830494990876
math,7,7,model.layers.7.mlp,21,0.027057245080500895,9.0,0.011923583547629697,7.0,0.028970993482149564,6.0,0.027057245080500895,0.034160004354302595,0.03405996154428739
math,7,7,model.layers.7.mlp,22,0.0031305903398926656,54.0,0.000908866977862254,53.0,0.0020228518516305096,51.0,0.0031305903398926656,0.002603822902505538,0.002378180655723017
math,7,7,model.layers.7.mlp,23,0.022584973166368514,14.0,0.009383472858899821,10.0,0.02383962300254535,10.0,0.022584973166368514,0.026882813580168904,0.028027228103078415
math,7,7,model.layers.7.mlp,24,0.013864042933810376,27.0,0.005436387172965116,26.0,0.012905188024790428,25.0,0.013864042933810376,0.015574764814482311,0.015172079208018475
math,7,7,model.layers.7.mlp,25,0.027504472271914132,7.0,0.008972713900380144,13.0,0.018576496135783323,15.0,0.027504472271914132,0.02570602576671073,0.021839594296351267
math,7,7,model.layers.7.mlp,26,0.020572450805008944,16.0,0.007551107935487478,16.0,0.020057787195727737,13.0,0.020572450805008944,0.021633251356496637,0.023581085024609854
math,7,7,model.layers.7.mlp,27,0.005813953488372093,47.5,0.0013161319739490162,51.0,0.0017049373935554876,55.0,0.005813953488372093,0.003770600824940144,0.002004422185096873
math,7,7,model.layers.7.mlp,28,0.00424865831842576,52.0,0.0009492659184928444,52.0,0.0019675495639470053,52.0,0.00424865831842576,0.0027195622674655393,0.00231316411450665
math,7,7,model.layers.7.mlp,29,0.044946332737030414,4.0,0.015578923370415922,2.0,0.03921618572501249,3.0,0.044946332737030414,0.04463222721952129,0.0461047971492779
math,7,7,model.layers.7.mlp,30,0.0129695885509839,28.5,0.003262705794387299,39.0,0.011462792194380103,28.0,0.0129695885509839,0.009347361361445278,0.013476315942402946
math,7,7,model.layers.7.mlp,31,0.008944543828264758,40.5,0.0029694313226744187,41.0,0.006716492284282589,38.0,0.008944543828264758,0.008507156133654567,0.007896293548100801
math,7,7,model.layers.7.mlp,32,0.03398926654740608,6.0,0.01225529160610465,6.0,0.030163399435326536,5.0,0.03398926654740608,0.03511031838335255,0.03546182237227077
math,7,7,model.layers.7.mlp,33,0.0031305903398926656,54.0,0.0008212995443872987,55.0,0.0011151626252957447,58.0,0.0031305903398926656,0.0023529500087273738,0.0013110491415008754
math,7,7,model.layers.7.mlp,34,0.01699463327370304,23.0,0.007429474368291592,17.0,0.01687923159070433,18.0,0.01699463327370304,0.021284782025238688,0.019844192751993055
math,7,7,model.layers.7.mlp,35,0.04606440071556351,3.0,0.015396145460644007,3.0,0.04155649908540074,2.0,0.04606440071556351,0.04410858479535091,0.04885620376243114
math,7,7,model.layers.7.mlp,36,0.011180679785330949,35.0,0.0036297902224955276,36.0,0.008415740483135571,34.0,0.011180679785330949,0.010399025537108855,0.00989402718960649
math,7,7,model.layers.7.mlp,37,0.0129695885509839,28.5,0.003883102498881932,31.0,0.006046977713837393,41.0,0.0129695885509839,0.01112474263631751,0.007109173819647102
math,7,7,model.layers.7.mlp,38,0.03980322003577817,5.0,0.013826919582960643,5.0,0.03778300814210622,4.0,0.03980322003577817,0.03961289248939108,0.04441987138413287
math,7,7,model.layers.7.mlp,39,0.01721824686940966,21.0,0.0066990178471601075,20.0,0.013745362728780838,21.0,0.01721824686940966,0.019192089183124074,0.01615983677753463
math,7,7,model.layers.7.mlp,40,0.0029069767441860465,56.0,0.0008154034827817531,56.0,0.0018797102575865115,54.0,0.0029069767441860465,0.002336058317625103,0.0022098951880006024
math,7,7,model.layers.7.mlp,41,0.01699463327370304,23.0,0.005623750908430232,23.0,0.013849976664152469,20.0,0.01699463327370304,0.016111545220621127,0.01628282692000074
math,7,7,model.layers.7.mlp,42,0.005813953488372093,47.5,0.0027237620891100178,42.0,0.005689388470914155,42.0,0.005813953488372093,0.007803335671059966,0.006688771396439879
math,7,7,model.layers.7.mlp,43,0.0,63.5,0.0,63.5,0.0,63.5,0.0,0.0,0.0
math,7,7,model.layers.7.mlp,44,0.007602862254025045,45.0,0.0018483061270125223,47.0,0.004503435640194335,46.0,0.007602862254025045,0.005295232351467294,0.005294497229330482
math,7,7,model.layers.7.mlp,45,0.01050983899821109,36.0,0.004154758078041145,29.0,0.006515239027190507,40.0,0.01050983899821109,0.011903011663399897,0.007659688676354087
math,7,7,model.layers.7.mlp,46,0.026610017889087657,11.0,0.009226026176766548,12.0,0.026368343339623193,8.0,0.026610017889087657,0.026431742865919386,0.031000136763949727
math,7,7,model.layers.7.mlp,47,0.0013416815742397137,59.0,0.00043609018615831845,59.0,0.0007997444549272226,59.0,0.0013416815742397137,0.001249359523379039,0.000940225449874949
math,7,7,model.layers.7.mlp,48,0.023255813953488372,13.0,0.00931774269063059,11.0,0.02193990013893687,12.0,0.023255813953488372,0.02669450250528804,0.0257938049476324
math,7,7,model.layers.7.mlp,49,0.004695885509838999,51.0,0.0015497907116502683,49.0,0.00318613872331882,50.0,0.004695885509838999,0.004440012287141231,0.0037458074214081834
math,7,7,model.layers.7.mlp,50,0.0011180679785330948,60.0,0.00024872645069320216,61.0,0.000583648355094606,60.0,0.0011180679785330948,0.000712579117240223,0.0006861704809038501
math,7,7,model.layers.7.mlp,51,0.0,63.5,0.0,63.5,0.0,63.5,0.0,0.0,0.0
math,7,7,model.layers.7.mlp,52,0.007826475849731663,43.5,0.003384994479539356,38.0,0.007989104617260436,36.0,0.007826475849731663,0.009697707547270146,0.009392449596346726
math,7,7,model.layers.7.mlp,53,0.0031305903398926656,54.0,0.000829597705165474,54.0,0.0019080901988290503,53.0,0.0031305903398926656,0.0023767234999083468,0.002243260274632705
math,7,7,model.layers.7.mlp,54,0.01967799642218247,18.0,0.006818904433139535,19.0,0.0236518139915944,11.0,0.01967799642218247,0.01953555356887024,0.027806429058178508
math,7,7,model.layers.7.mlp,55,0.011627906976744186,33.5,0.0035664621533989267,37.0,0.00812338813739514,35.0,0.011627906976744186,0.010217596262306693,0.009550321004334084
math,7,7,model.layers.7.mlp,56,0.020348837209302327,17.0,0.00788783856495975,15.0,0.016251086548957076,19.0,0.020348837209302327,0.02259795460389297,0.01910570941419076
math,7,7,model.layers.7.mlp,57,0.005143112701252236,50.0,0.0014244448093694096,50.0,0.004113423136564402,48.0,0.005143112701252236,0.004080907446670741,0.004835976161227948
math,7,7,model.layers.7.mlp,58,0.01945438282647585,19.0,0.00844665418157424,14.0,0.017666092285743125,17.0,0.01945438282647585,0.024198911549474823,0.020769271314806086
math,7,7,model.layers.7.mlp,59,0.0073792486583184255,46.0,0.0022208498714221827,45.0,0.004400441559674701,47.0,0.0073792486583184255,0.0063625369818551955,0.005173411481133777
math,7,7,model.layers.7.mlp,60,0.005590339892665474,49.0,0.001702869940742397,48.0,0.005436340470220194,43.0,0.005590339892665474,0.00487857063761129,0.0063912736534713615
math,7,7,model.layers.7.mlp,61,0.027057245080500895,9.0,0.011104686102415027,8.0,0.027191055268848945,7.0,0.027057245080500895,0.03181393614565393,0.03196736409388996
math,7,7,model.layers.7.mlp,62,0.011851520572450805,31.5,0.0036937734095483007,33.0,0.011656315334154583,27.0,0.011851520572450805,0.01058233166647794,0.01370383284487679
math,7,7,model.layers.7.mlp,63,0.02392665474060823,12.0,0.010604831101855993,9.0,0.019139554478188107,14.0,0.02392665474060823,0.030381896111094774,0.02250155797741431
math,8,8,model.layers.8.mlp,0,0.007826475849731663,41.0,0.0022258724424194993,47.0,0.006504841482063525,45.0,0.007826475849731663,0.005677768664209252,0.0057571834530987165
math,8,8,model.layers.8.mlp,1,0.020125223613595707,16.5,0.007148974696724061,18.0,0.01882484688528535,22.0,0.020125223613595707,0.0182356471739969,0.016661143441223575
math,8,8,model.layers.8.mlp,2,0.00424865831842576,50.0,0.0018162053471601073,49.0,0.004772951889763151,48.0,0.00424865831842576,0.00463278740118006,0.00422435500049474
math,8,8,model.layers.8.mlp,3,0.005813953488372093,48.0,0.001336659003242397,50.0,0.002569880049962264,50.0,0.005813953488372093,0.0034095577350755257,0.0022745013757656946
math,8,8,model.layers.8.mlp,4,0.00022361359570661896,62.0,5.0880827929338105e-05,62.0,0.00010041842547000414,62.0,0.00022361359570661896,0.00012978711848923337,8.887646210845643e-05
math,8,8,model.layers.8.mlp,5,0.0017889087656529517,58.5,0.0005057510621645796,58.0,0.0014374288388782836,56.0,0.0017889087656529517,0.0012900728172577877,0.001272212635621631
math,8,8,model.layers.8.mlp,6,0.01699463327370304,24.5,0.007179656054338104,17.0,0.022139996023638732,14.0,0.01699463327370304,0.01831390936347217,0.019595253644602108
math,8,8,model.layers.8.mlp,7,0.0015652951699463328,60.0,0.0003188240720035778,60.0,0.00020075841325340203,61.0,0.0015652951699463328,0.0008132583390312478,0.00017768350205610018
math,8,8,model.layers.8.mlp,8,0.0011180679785330948,61.0,0.00028803352806350626,61.0,0.0007897448561059341,60.0,0.0011180679785330948,0.0007347176364261752,0.0006989726083687074
math,8,8,model.layers.8.mlp,9,0.00849731663685152,38.5,0.0025569253829382825,46.0,0.008790523720128805,42.0,0.00849731663685152,0.006522220473778685,0.007780152344241721
math,8,8,model.layers.8.mlp,10,0.023479427549194992,11.0,0.009151561102415027,8.0,0.021641085740705297,15.0,0.023479427549194992,0.023343856487754475,0.01915368746141297
math,8,8,model.layers.8.mlp,11,0.08765652951699464,2.0,0.03836501774932916,2.0,0.11490739778030751,1.0,0.08765652951699464,0.09786171544592041,0.10170009076524918
math,8,8,model.layers.8.mlp,12,0.01744186046511628,22.0,0.0061950137662119854,23.0,0.018560640500568534,23.0,0.01744186046511628,0.015802277958888677,0.016427304595113497
math,8,8,model.layers.8.mlp,13,0.006932021466905188,44.0,0.0025844403370974957,44.0,0.00917741917540221,40.0,0.006932021466905188,0.006592405782489601,0.008122578538534243
math,8,8,model.layers.8.mlp,14,0.03197674418604651,6.0,0.00917186975905635,7.0,0.020150407162463302,19.0,0.03197674418604651,0.023395659929898244,0.017834345542288903
math,8,8,model.layers.8.mlp,15,0.00648479427549195,45.0,0.0019083586063282647,48.0,0.005073288019100114,47.0,0.00648479427549195,0.004867852482735667,0.004490170885317495
math,8,8,model.layers.8.mlp,16,0.02817531305903399,8.0,0.012050676431127012,5.0,0.022222043789776578,13.0,0.02817531305903399,0.030738937110342725,0.019667870947095187
math,8,8,model.layers.8.mlp,17,0.016100178890876567,28.0,0.005116252865049195,30.0,0.015197889749393907,26.0,0.016100178890876567,0.013050568236413086,0.013451064046448151
math,8,8,model.layers.8.mlp,18,0.019230769230769232,19.0,0.005882304128466011,26.0,0.013518414898294029,29.0,0.019230769230769232,0.015004616355126522,0.01196462585278746
math,8,8,model.layers.8.mlp,19,0.0,63.5,0.0,63.5,0.0,63.5,0.0,0.0,0.0
math,8,8,model.layers.8.mlp,20,0.026386404293381037,10.0,0.008821818397808587,11.0,0.03527976340599265,6.0,0.026386404293381037,0.022502746835742705,0.03122475323499896
math,8,8,model.layers.8.mlp,21,0.011180679785330949,31.0,0.004297573792486583,33.0,0.012510450240324563,32.0,0.011180679785330949,0.010962276789133531,0.011072515343073821
math,8,8,model.layers.8.mlp,22,0.0031305903398926656,52.0,0.006589613148479428,22.0,0.030308351960293082,7.0,0.0031305903398926656,0.01680882441000475,0.02682474936209173
math,8,8,model.layers.8.mlp,23,0.010286225402504472,33.5,0.004554598403957961,32.0,0.01087152765987171,35.0,0.010286225402504472,0.011617896696695024,0.009621968394756831
math,8,8,model.layers.8.mlp,24,0.009615384615384616,35.0,0.003569519370527728,36.0,0.011590382280844481,34.0,0.009615384615384616,0.009105151239592312,0.010258198799519148
math,8,8,model.layers.8.mlp,25,0.023032200357781755,12.0,0.007074837181350626,19.0,0.02507838388248505,12.0,0.023032200357781755,0.018046536758859155,0.02219590702045804
math,8,8,model.layers.8.mlp,26,0.006261180679785331,46.5,0.002826397235576923,42.0,0.008836980069419352,41.0,0.006261180679785331,0.007209590878137973,0.007821269061100141
math,8,8,model.layers.8.mlp,27,0.03264758497316637,5.0,0.009863674320773704,6.0,0.0366964994901408,5.0,0.03264758497316637,0.02516031912034413,0.03247865151423545
math,8,8,model.layers.8.mlp,28,0.01073345259391771,32.0,0.0036490070158765654,35.0,0.012246909742918338,33.0,0.01073345259391771,0.009307908798090514,0.010839265848051968
math,8,8,model.layers.8.mlp,29,0.016323792486583184,26.5,0.006999280243738819,20.0,0.018982739056159003,21.0,0.016323792486583184,0.01785380567303394,0.016800887691107932
math,8,8,model.layers.8.mlp,30,0.020125223613595707,16.5,0.0074006491782200355,16.0,0.026136706254989817,11.0,0.020125223613595707,0.018877619938197938,0.023132587194422207
math,8,8,model.layers.8.mlp,31,0.010286225402504472,33.5,0.003563186563618068,37.0,0.01023735940349763,37.0,0.010286225402504472,0.00908899747806361,0.00906069061386937
math,8,8,model.layers.8.mlp,32,0.021243291592128802,13.0,0.008311699882602863,13.0,0.028581638029095097,9.0,0.021243291592128802,0.021201533493292707,0.02529650168682717
math,8,8,model.layers.8.mlp,33,0.004472271914132379,49.0,0.0009599661784436494,51.0,0.0013999161652034425,57.0,0.004472271914132379,0.0024486874372475105,0.0012390116199231247
math,8,8,model.layers.8.mlp,34,0.01744186046511628,22.0,0.005863087335084973,27.0,0.013969820279341478,28.0,0.01744186046511628,0.014955598044280802,0.012364147285795796
math,8,8,model.layers.8.mlp,35,0.020125223613595707,16.5,0.00901813541200805,10.0,0.029314242876493014,8.0,0.020125223613595707,0.023003513443132492,0.025944901884853395
math,8,8,model.layers.8.mlp,36,0.0029069767441860465,53.5,0.000842044946332737,53.0,0.002488904687607651,51.0,0.0029069767441860465,0.0021478932570578708,0.0022028332163582555
math,8,8,model.layers.8.mlp,37,0.050983899821109124,3.0,0.02841858019342576,3.0,0.0970180712786898,3.0,0.050983899821109124,0.07249028337318392,0.08586694021020726
math,8,8,model.layers.8.mlp,38,0.007602862254025045,42.0,0.002991268587880143,40.0,0.009754066817022606,39.0,0.007602862254025045,0.0076301457041438574,0.008632947049397969
math,8,8,model.layers.8.mlp,39,0.0022361359570661895,56.5,0.0007186643979203935,55.0,0.0018486193979362256,54.0,0.0022361359570661895,0.00183317342037797,0.0016361414860334967
math,8,8,model.layers.8.mlp,40,0.009391771019677997,36.5,0.0032196863819320214,39.0,0.010192831854914083,38.0,0.009391771019677997,0.008212795171696381,0.009021281003870554
math,8,8,model.layers.8.mlp,41,0.0073792486583184255,43.0,0.0029803499552772806,41.0,0.008366846980956884,44.0,0.0073792486583184255,0.007602294391163335,0.007405172459036337
math,8,8,model.layers.8.mlp,42,0.027057245080500895,9.0,0.009070108103197675,9.0,0.021364269881427606,16.0,0.027057245080500895,0.023136085692919778,0.018908688457366027
math,8,8,model.layers.8.mlp,43,0.0024597495527728087,55.0,0.0006066392274150269,56.0,0.0020639837747822936,53.0,0.0024597495527728087,0.0015474189491978126,0.0018267521612027504
math,8,8,model.layers.8.mlp,44,0.00849731663685152,38.5,0.0039132379248658315,34.0,0.012796442815784051,31.0,0.00849731663685152,0.00998191057221915,0.011325636303466868
math,8,8,model.layers.8.mlp,45,0.04181574239713775,4.0,0.022160019985465115,4.0,0.047649148964924545,4.0,0.04181574239713775,0.05652591077274861,0.042172417687890464
math,8,8,model.layers.8.mlp,46,0.0,63.5,0.0,63.5,0.0,63.5,0.0,0.0,0.0
math,8,8,model.layers.8.mlp,47,0.0022361359570661895,56.5,0.0005933184956395349,57.0,0.0015832557341280478,55.0,0.0022361359570661895,0.0015134403473615755,0.0014012783769873026
math,8,8,model.layers.8.mlp,48,0.006261180679785331,46.5,0.0025835668464892665,45.0,0.0062757330765024705,46.0,0.006261180679785331,0.006590177677451159,0.005554408470018959
math,8,8,model.layers.8.mlp,49,0.0029069767441860465,53.5,0.000931140988372093,52.0,0.0023955541241360906,52.0,0.0029069767441860465,0.0023751599709789318,0.0021202122453725923
math,8,8,model.layers.8.mlp,50,0.01699463327370304,24.5,0.006601186899038462,21.0,0.017503667816066572,24.0,0.01699463327370304,0.016838346801764104,0.01549181897776658
math,8,8,model.layers.8.mlp,51,0.028622540250447227,7.0,0.00790530837712433,15.0,0.021350611727651417,18.0,0.028622540250447227,0.020164907624157673,0.01889660015404042
math,8,8,model.layers.8.mlp,52,0.009391771019677997,36.5,0.003358134643336315,38.0,0.008652071620142737,43.0,0.009391771019677997,0.008565949820289402,0.00765761374875335
math,8,8,model.layers.8.mlp,53,0.013416815742397137,30.0,0.005824653748322898,28.0,0.017465929439114757,25.0,0.013416815742397137,0.014857561422589365,0.015458418200832526
math,8,8,model.layers.8.mlp,54,0.09056350626118068,1.0,0.0393669114769678,1.0,0.11010742699310903,2.0,0.09056350626118068,0.10041735192501312,0.09745182238428783
math,8,8,model.layers.8.mlp,55,0.020125223613595707,16.5,0.008300126132043829,14.0,0.02135410121173893,17.0,0.020125223613595707,0.021172011101533356,0.018899688561360393
math,8,8,model.layers.8.mlp,56,0.017889087656529516,20.0,0.006193485157647585,24.0,0.01342457775459733,30.0,0.017889087656529516,0.015798378775071405,0.01188157422847558
math,8,8,model.layers.8.mlp,57,0.020796064400715564,14.0,0.008354500922406083,12.0,0.0269107394226975,10.0,0.020796064400715564,0.021310710640176353,0.023817653995444794
math,8,8,model.layers.8.mlp,58,0.0017889087656529517,58.5,0.0003941626369633274,59.0,0.0009702560300264034,59.0,0.0017889087656529517,0.001005432398596851,0.0008587360624759203
math,8,8,model.layers.8.mlp,59,0.0035778175313059034,51.0,0.0007726024429785331,54.0,0.0010800338975005585,58.0,0.0035778175313059034,0.00197075890650175,0.0009558962044842043
math,8,8,model.layers.8.mlp,60,0.008050089445438283,40.0,0.00267047916200805,43.0,0.004445091876232986,49.0,0.008050089445438283,0.0068118741287761155,0.003934178790969369
math,8,8,model.layers.8.mlp,61,0.01744186046511628,22.0,0.005377863302213775,29.0,0.01445657388042252,27.0,0.01744186046511628,0.013717885695426396,0.012794954060350895
math,8,8,model.layers.8.mlp,62,0.014311270125223614,29.0,0.004697195745751341,31.0,0.010605226902287847,36.0,0.014311270125223614,0.011981634844220644,0.00938627590027607
math,8,8,model.layers.8.mlp,63,0.016323792486583184,26.5,0.005971400170505367,25.0,0.019119556986581875,20.0,0.016323792486583184,0.015231883069047582,0.016921979946359612
math,9,9,model.layers.9.mlp,0,0.009615384615384616,40.0,0.0030487005953711986,45.0,0.009258247978572129,45.0,0.009615384615384616,0.006947679163631007,0.005523740508283141
math,9,9,model.layers.9.mlp,1,0.02392665474060823,11.0,0.011501687583855098,6.0,0.0398975847445575,9.0,0.02392665474060823,0.026211178393270192,0.023804061583384037
math,9,9,model.layers.9.mlp,2,0.011851520572450805,33.0,0.004187295603197675,36.0,0.015461303893483389,37.0,0.011851520572450805,0.0095424216003599,0.009224664410045503
math,9,9,model.layers.9.mlp,3,0.0033542039355992843,58.0,0.000989883231775492,58.0,0.003987434351806777,57.0,0.0033542039355992843,0.002255843395798249,0.002379019519046384
math,9,9,model.layers.9.mlp,4,0.0006708407871198568,63.0,0.0001729511404293381,63.0,0.0003694253232270106,63.0,0.0006708407871198568,0.00039413809165502167,0.00022040991205004947
math,9,9,model.layers.9.mlp,5,0.1167262969588551,1.0,0.07875871743627012,1.0,0.28894412155014887,1.0,0.1167262969588551,0.17948312173293363,0.1723924820906557
math,9,9,model.layers.9.mlp,6,0.01498211091234347,24.5,0.006304418464892665,24.0,0.02743471116627265,20.0,0.01498211091234347,0.01436712967939454,0.016368348066818573
math,9,9,model.layers.9.mlp,7,0.03868515205724508,5.0,0.021313607586091233,3.0,0.1118787772327075,2.0,0.03868515205724508,0.04857154800721392,0.06675013838987738
math,9,9,model.layers.9.mlp,8,0.01095706618962433,36.0,0.010297799153063506,9.0,0.07669356726576476,3.0,0.01095706618962433,0.023467638873959414,0.04575761690669023
math,9,9,model.layers.9.mlp,9,0.008050089445438283,43.5,0.002674846615049195,48.0,0.006090657682239689,51.0,0.008050089445438283,0.00609570389480096,0.0036338638411219106
math,9,9,model.layers.9.mlp,10,0.005366726296958855,53.0,0.0015910631428890877,56.0,0.004938559956542068,53.0,0.005366726296958855,0.0036258713835839495,0.0029464887684660674
math,9,9,model.layers.9.mlp,11,0.009838998211091235,39.0,0.004066972271914132,39.0,0.01500774805362408,38.0,0.009838998211091235,0.009268216943160509,0.008954059780400918
math,9,9,model.layers.9.mlp,12,0.022137745974955277,12.5,0.007741528888081395,19.0,0.021800517396125044,25.0,0.022137745974955277,0.017642158443512846,0.013006823895969924
math,9,9,model.layers.9.mlp,13,0.021243291592128802,14.0,0.010295615426542934,10.0,0.03022793751070026,16.0,0.021243291592128802,0.023462662382903166,0.01803486829216017
math,9,9,model.layers.9.mlp,14,0.006708407871198569,48.5,0.0038079823065742396,40.0,0.010546916819215888,44.0,0.006708407871198569,0.008678005103889228,0.006292597887487195
math,9,9,model.layers.9.mlp,15,0.004919499105545617,54.5,0.0012556427493291592,57.0,0.003461443674159178,58.0,0.004919499105545617,0.0028614823573439073,0.0020651981545910503
math,9,9,model.layers.9.mlp,16,0.018336314847942754,18.0,0.008125864755702147,17.0,0.027468314964144303,19.0,0.018336314847942754,0.018518020869412892,0.01638839707176696
math,9,9,model.layers.9.mlp,17,0.006037567084078712,51.0,0.0017465444711538462,53.0,0.0044052255388236,55.0,0.006037567084078712,0.003980197546788969,0.002628285914704588
math,9,9,model.layers.9.mlp,18,0.0015652951699463328,61.0,0.00033585713886404294,61.0,0.0008235631880478697,61.0,0.0015652951699463328,0.0007653843244512921,0.0004913617947455783
math,9,9,model.layers.9.mlp,19,0.0,64.0,0.0,64.0,0.0,64.0,0.0,0.0,0.0
math,9,9,model.layers.9.mlp,20,0.008050089445438283,43.5,0.004521624133497317,32.0,0.025100208339089783,23.0,0.008050089445438283,0.010304322381071816,0.014975515658024062
math,9,9,model.layers.9.mlp,21,0.020348837209302327,15.0,0.008726826294163685,14.0,0.03429013885197785,13.0,0.020348837209302327,0.01988755120809297,0.020458495975664685
math,9,9,model.layers.9.mlp,22,0.007602862254025045,45.5,0.0027366460755813954,47.0,0.012212686547226471,41.0,0.007602862254025045,0.006236538591692843,0.007286444643955576
math,9,9,model.layers.9.mlp,23,0.012522361359570662,29.0,0.004255646243291592,35.0,0.01588497200251052,34.0,0.012522361359570662,0.009698185770420533,0.009477437148615184
math,9,9,model.layers.9.mlp,24,0.00648479427549195,50.0,0.00232566874440966,49.0,0.007983585376432416,48.0,0.00648479427549195,0.005299962974906542,0.004763239659080501
math,9,9,model.layers.9.mlp,25,0.0008944543828264759,62.0,0.00024545086091234345,62.0,0.0007415767192627321,62.0,0.0008944543828264759,0.0005593575947225308,0.00044244627856933084
math,9,9,model.layers.9.mlp,26,0.017889087656529516,19.0,0.008344019035107335,15.0,0.0319312418509468,14.0,0.017889087656529516,0.019015172325932295,0.019051109291961663
math,9,9,model.layers.9.mlp,27,0.014087656529516995,27.0,0.006403341276274598,23.0,0.026640156513889703,21.0,0.014087656529516995,0.014592564724242677,0.01589429360969337
math,9,9,model.layers.9.mlp,28,0.025044722719141325,10.0,0.009233887592240609,12.0,0.028254227902680264,18.0,0.025044722719141325,0.02104309243135428,0.016857295630611186
math,9,9,model.layers.9.mlp,29,0.008944543828264758,41.0,0.0032266743067978533,43.0,0.010948785355777774,43.0,0.008944543828264758,0.007353263184715404,0.006532364365934203
math,9,9,model.layers.9.mlp,30,0.012075134168157423,31.0,0.005280250726744186,27.0,0.018680607910019766,30.0,0.012075134168157423,0.012033155374013161,0.011145394989500469
math,9,9,model.layers.9.mlp,31,0.004919499105545617,54.5,0.002247054589669052,50.0,0.005908485721923371,52.0,0.004919499105545617,0.005120809296881532,0.003525174741521039
math,9,9,model.layers.9.mlp,32,0.0129695885509839,28.0,0.004728641407647585,31.0,0.015592552255006083,35.0,0.0129695885509839,0.010776093733204343,0.009302971006808373
math,9,9,model.layers.9.mlp,33,0.0073792486583184255,47.0,0.003505317810822898,42.0,0.013471533446064575,39.0,0.0073792486583184255,0.00798826344349294,0.008037509383734891
math,9,9,model.layers.9.mlp,34,0.01520572450805009,23.0,0.0055628249385062615,26.0,0.013326293880483118,40.0,0.01520572450805009,0.012677113316691947,0.007950855226958733
math,9,9,model.layers.9.mlp,35,0.029293381037567085,6.0,0.010994407913126118,7.0,0.05686584824099737,7.0,0.029293381037567085,0.02505513952090325,0.03392782200192518
math,9,9,model.layers.9.mlp,36,0.014311270125223614,26.0,0.00504135104539356,28.0,0.015582737801113368,36.0,0.014311270125223614,0.011488727252459382,0.009297115417645137
math,9,9,model.layers.9.mlp,37,0.020125223613595707,16.0,0.007809879528175313,18.0,0.031890140663106026,15.0,0.020125223613595707,0.017797922613573477,0.019026587125700826
math,9,9,model.layers.9.mlp,38,0.016323792486583184,20.5,0.006952330123546512,21.0,0.025383172926621275,22.0,0.016323792486583184,0.015843654575783996,0.01514434057588918
math,9,9,model.layers.9.mlp,39,0.005590339892665474,52.0,0.0016941350346601073,54.0,0.004487113897190537,54.0,0.005590339892665474,0.0038607617614389625,0.0026771428953466228
math,9,9,model.layers.9.mlp,40,0.007602862254025045,45.5,0.002975764129584079,46.0,0.006398970411160764,50.0,0.007602862254025045,0.006781464362352248,0.0038178121987271813
math,9,9,model.layers.9.mlp,41,0.022137745974955277,12.5,0.00982982655970483,11.0,0.03612270007619704,11.0,0.022137745974955277,0.022401176840604983,0.021551855398695575
math,9,9,model.layers.9.mlp,42,0.019230769230769232,17.0,0.0083309166759839,16.0,0.034703415920141555,12.0,0.019230769230769232,0.018985313379594793,0.020705069116483975
math,9,9,model.layers.9.mlp,43,0.011851520572450805,33.0,0.004783016198009839,30.0,0.01972164344275787,27.0,0.011851520572450805,0.010900008360504974,0.011766507121737225
math,9,9,model.layers.9.mlp,44,0.026386404293381037,7.5,0.010530802772808587,8.0,0.04512975616830406,8.0,0.026386404293381037,0.02399863046966132,0.02692572750835397
math,9,9,model.layers.9.mlp,45,0.006708407871198569,48.5,0.0019909034688059034,51.0,0.007373467114402485,49.0,0.006708407871198569,0.0045370668959833745,0.0043992253264964
math,9,9,model.layers.9.mlp,46,0.026386404293381037,7.5,0.0070077967771690515,20.0,0.01850012333960354,31.0,0.026386404293381037,0.015970057448612754,0.011037712635880692
math,9,9,model.layers.9.mlp,47,0.00424865831842576,56.5,0.0019011523088103756,52.0,0.00835532781689666,47.0,0.00424865831842576,0.0043325331135714885,0.004985032030789805
math,9,9,model.layers.9.mlp,48,0.01498211091234347,24.5,0.005575708924977638,25.0,0.02217286494635512,24.0,0.01498211091234347,0.012706474613923824,0.013228977293797043
math,9,9,model.layers.9.mlp,49,0.011404293381037567,35.0,0.004123094043492845,37.5,0.016026877333311786,32.0,0.011404293381037567,0.009396112763306142,0.00956210200376947
math,9,9,model.layers.9.mlp,50,0.04382826475849732,3.0,0.019684110856440073,4.0,0.06291840967850523,6.0,0.04382826475849732,0.04485809038103997,0.03753895651340224
math,9,9,model.layers.9.mlp,51,0.04159212880143113,4.0,0.015375836804002683,5.0,0.06750595420332416,5.0,0.04159212880143113,0.0350399711761638,0.04027601924751179
math,9,9,model.layers.9.mlp,52,0.025491949910554562,9.0,0.008894754863595707,13.0,0.036483805593309764,10.0,0.025491949910554562,0.020270243370318616,0.021767301471997628
math,9,9,model.layers.9.mlp,53,0.012298747763864044,30.0,0.004467904461091235,33.0,0.016008025311826594,33.0,0.012298747763864044,0.01018190070108806,0.00955085433844642
math,9,9,model.layers.9.mlp,54,0.04830053667262969,2.0,0.02136295980545617,2.0,0.07028824869336724,4.0,0.04830053667262969,0.048684016705085174,0.04193601720999823
math,9,9,model.layers.9.mlp,55,0.016323792486583184,20.5,0.006659055651833632,22.0,0.028536733446479483,17.0,0.016323792486583184,0.015175311826929584,0.017025846669610142
math,9,9,model.layers.9.mlp,56,0.0026833631484794273,59.5,0.0006756449854651163,60.0,0.0022103830718823536,59.0,0.0026833631484794273,0.0015397263328038348,0.0013187789462151488
math,9,9,model.layers.9.mlp,57,0.0026833631484794273,59.5,0.0006767368487254025,59.0,0.0011547639672786051,60.0,0.0026833631484794273,0.0015422145783319599,0.0006889658300712672
math,9,9,model.layers.9.mlp,58,0.015429338103756709,22.0,0.004849401484235242,29.0,0.018967830857565236,29.0,0.015429338103756709,0.011051293688614983,0.011316760569028842
math,9,9,model.layers.9.mlp,59,0.01073345259391771,37.0,0.004291240985576923,34.0,0.019012716034017437,28.0,0.01073345259391771,0.009779302574637412,0.011343540373152073
math,9,9,model.layers.9.mlp,60,0.00424865831842576,56.5,0.0016858368738819321,55.0,0.0042590548839146845,56.0,0.00424865831842576,0.0038418510954252114,0.0025410762429058445
math,9,9,model.layers.9.mlp,61,0.011851520572450805,33.0,0.003743344001565295,41.0,0.009164151863889745,46.0,0.011851520572450805,0.00853070096862422,0.005467600024517087
math,9,9,model.layers.9.mlp,62,0.010062611806797853,38.0,0.004123094043492845,37.5,0.019898313529163013,26.0,0.010062611806797853,0.009396112763306142,0.011871913643050612
math,9,9,model.layers.9.mlp,63,0.00849731663685152,42.0,0.00321662916480322,44.0,0.01129741315631619,42.0,0.00849731663685152,0.007330371325856653,0.0067403658699557775
math,10,10,model.layers.10.mlp,0,0.014758497316636851,24.5,0.007408073848389982,23.0,0.03078180812765746,30.0,0.014758497316636851,0.016232441053089422,0.01456051253234111
math,10,10,model.layers.10.mlp,1,0.012745974955277281,29.5,0.0047891306322674415,38.0,0.0201385679099982,43.0,0.012745974955277281,0.010493858764747793,0.009526011897055068
math,10,10,model.layers.10.mlp,2,0.0377906976744186,7.0,0.015372779586873882,7.0,0.07819594808042796,3.0,0.0377906976744186,0.033684564108428725,0.03698850559010398
math,10,10,model.layers.10.mlp,3,0.00648479427549195,52.5,0.003694865272808587,46.0,0.02137692413944251,40.0,0.00648479427549195,0.008096123765424863,0.010111783250172092
math,10,10,model.layers.10.mlp,4,0.011851520572450805,32.5,0.010703972285889983,13.0,0.04455388381357483,17.0,0.011851520572450805,0.023454355709800857,0.021075025253280828
math,10,10,model.layers.10.mlp,5,0.027057245080500895,9.0,0.01601479518392218,6.0,0.07178023377556707,5.0,0.027057245080500895,0.035091337386818154,0.03395372322279032
math,10,10,model.layers.10.mlp,6,0.022137745974955277,12.0,0.010269192335644007,16.0,0.044057222513052136,19.0,0.022137745974955277,0.02250167353385754,0.020840092884766324
math,10,10,model.layers.10.mlp,7,0.01050983899821109,36.5,0.004429470874329159,40.0,0.02229101521384524,39.0,0.01050983899821109,0.009705778632262288,0.01054416962881966
math,10,10,model.layers.10.mlp,8,0.01073345259391771,35.0,0.005842560305791592,30.0,0.03241189797150641,25.0,0.01073345259391771,0.012802115327656158,0.01533158301337886
math,10,10,model.layers.10.mlp,9,0.009838998211091235,39.5,0.003787892022584973,43.0,0.016435259569949456,46.0,0.009838998211091235,0.008299962342497616,0.007774260756485968
math,10,10,model.layers.10.mlp,10,0.009838998211091235,39.5,0.0032817042151162793,51.0,0.013949567175508612,47.0,0.009838998211091235,0.007190812526406905,0.006598470331482262
math,10,10,model.layers.10.mlp,11,0.01744186046511628,20.5,0.012297000782647585,9.0,0.04883122785360101,14.0,0.01744186046511628,0.026944971718593665,0.023098308656310584
math,10,10,model.layers.10.mlp,12,0.013864042933810376,27.0,0.00693420519342576,26.0,0.03142430701281389,28.0,0.013864042933810376,0.01519410839523056,0.014864429476743405
math,10,10,model.layers.10.mlp,13,0.04203935599284436,5.0,0.025455263305008944,2.0,0.09122712539645556,2.0,0.04203935599284436,0.055777125005203626,0.04315255611742492
math,10,10,model.layers.10.mlp,14,0.011851520572450805,32.5,0.004972345287343471,35.0,0.024554149835821982,36.0,0.011851520572450805,0.010895315492832394,0.011614685041332406
math,10,10,model.layers.10.mlp,15,0.0129695885509839,28.0,0.005128918478868515,34.0,0.021362149864701765,41.0,0.0129695885509839,0.01123839591480696,0.010104794673944642
math,10,10,model.layers.10.mlp,16,0.046735241502683364,4.0,0.016256533709749554,5.0,0.07010060090285081,6.0,0.046735241502683364,0.035621030590619884,0.03315921773463015
math,10,10,model.layers.10.mlp,17,0.023032200357781755,11.0,0.009498773619186046,18.0,0.05884561299851201,10.0,0.023032200357781755,0.020813545599790227,0.027835346188396063
math,10,10,model.layers.10.mlp,18,0.00648479427549195,52.5,0.0053228333938953485,32.0,0.031206479705936794,29.0,0.00648479427549195,0.01166329886419805,0.014761392084705985
math,10,10,model.layers.10.mlp,19,0.005143112701252236,57.0,0.0013390611024150269,59.0,0.0038312492302364017,60.0,0.005143112701252236,0.0029341271234979466,0.0018122701629491532
math,10,10,model.layers.10.mlp,20,0.0073792486583184255,48.5,0.0034284506372987476,49.0,0.00985403660158352,55.0,0.0073792486583184255,0.007512360704324488,0.004661188934596346
math,10,10,model.layers.10.mlp,21,0.008050089445438283,45.0,0.00352497134950805,48.0,0.01891230822462515,44.0,0.008050089445438283,0.007723855190395279,0.008945962491161452
math,10,10,model.layers.10.mlp,22,0.052772808586762074,2.0,0.017817898171958856,4.0,0.06519723407697592,8.0,0.052772808586762074,0.03904226492411798,0.030839810966102214
math,10,10,model.layers.10.mlp,23,0.015429338103756709,23.0,0.010391262648144007,15.0,0.0501920903411449,13.0,0.015429338103756709,0.02276915185447648,0.02374202832419039
math,10,10,model.layers.10.mlp,24,0.008944543828264758,43.0,0.0036372148926654743,47.0,0.016809492503594415,45.0,0.008944543828264758,0.00796980126695724,0.007951281654600665
math,10,10,model.layers.10.mlp,25,0.0,64.0,0.0,64.0,0.0,64.0,0.0,0.0,0.0
math,10,10,model.layers.10.mlp,26,0.008944543828264758,43.0,0.004859446626229875,36.0,0.029881030587689393,32.0,0.008944543828264758,0.010647933933333301,0.014134423765717557
math,10,10,model.layers.10.mlp,27,0.010286225402504472,38.0,0.004558747484347049,39.0,0.02428426917422436,37.0,0.010286225402504472,0.009989047265189682,0.011487025199547547
math,10,10,model.layers.10.mlp,28,0.01050983899821109,36.5,0.0037533891435599285,44.0,0.013583817614212446,49.0,0.01050983899821109,0.008224360241141994,0.006425462266170916
math,10,10,model.layers.10.mlp,29,0.006261180679785331,54.0,0.0025363983536449016,53.0,0.011351069792012196,50.0,0.006261180679785331,0.005557711438262989,0.005369320518035794
math,10,10,model.layers.10.mlp,30,0.020348837209302327,15.0,0.01098163311298077,11.0,0.07776265835292864,4.0,0.020348837209302327,0.024062761227988665,0.036783549452335064
math,10,10,model.layers.10.mlp,31,0.012745974955277281,29.5,0.005148790390205725,33.0,0.026574889321233378,34.0,0.012745974955277281,0.011281938897233298,0.012570541905877428
math,10,10,model.layers.10.mlp,32,0.01721824686940966,22.0,0.006648137019230769,27.0,0.032010870884057664,27.0,0.01721824686940966,0.014567280846016224,0.015141887856148664
math,10,10,model.layers.10.mlp,33,0.006037567084078712,55.0,0.0020775974116726296,58.0,0.008161057619801147,57.0,0.006037567084078712,0.004552394887958164,0.0038603704258524203
math,10,10,model.layers.10.mlp,34,0.0073792486583184255,48.5,0.004273006869130143,41.0,0.023480782740164633,38.0,0.0073792486583184255,0.009362937457443913,0.011106957393128435
math,10,10,model.layers.10.mlp,35,0.01095706618962433,34.0,0.006188680959302325,29.0,0.03792934042396614,21.0,0.01095706618962433,0.013560528812774267,0.017941461862676478
math,10,10,model.layers.10.mlp,36,0.01744186046511628,20.5,0.007044265010062611,25.0,0.032067919459880356,26.0,0.01744186046511628,0.015435269528668747,0.01516887316187774
math,10,10,model.layers.10.mlp,37,0.02169051878354204,13.0,0.009517335294610912,17.0,0.04569024135473589,16.0,0.02169051878354204,0.020854217616342305,0.021612548850032425
math,10,10,model.layers.10.mlp,38,0.018336314847942754,18.0,0.008972058782423971,20.0,0.051832790238272954,12.0,0.018336314847942754,0.019659417318336047,0.02451811760766816
math,10,10,model.layers.10.mlp,39,0.023479427549194992,10.0,0.010521194376118068,14.0,0.045721309982600065,15.0,0.023479427549194992,0.023053855970341007,0.02162724503498371
math,10,10,model.layers.10.mlp,40,0.007826475849731663,46.0,0.0023134398758944542,55.0,0.010289638234912177,53.0,0.007826475849731663,0.005069168745325709,0.00486723865769534
math,10,10,model.layers.10.mlp,41,0.006708407871198569,50.5,0.003352893699686941,50.0,0.013820489132127096,48.0,0.006708407871198569,0.007346801672241923,0.0065374134091431895
math,10,10,model.layers.10.mlp,42,0.014534883720930232,26.0,0.00657672916200805,28.0,0.03391351469514195,23.0,0.014534883720930232,0.014410813205868829,0.016041882714832176
math,10,10,model.layers.10.mlp,43,0.02728085867620751,8.0,0.011565889143559929,10.0,0.05304023916691488,11.0,0.02728085867620751,0.02534297276075428,0.02508926908729343
math,10,10,model.layers.10.mlp,44,0.03801431127012522,6.0,0.014199900072674418,8.0,0.062162264515120996,9.0,0.03801431127012522,0.031114571156649947,0.029404199641471902
math,10,10,model.layers.10.mlp,45,0.018559928443649374,17.0,0.007727771411001789,22.0,0.028033736260184662,33.0,0.018559928443649374,0.016932956726409872,0.013260610502539303
math,10,10,model.layers.10.mlp,46,0.004472271914132379,59.0,0.0012698369717128802,60.0,0.0025437042143775655,61.0,0.004472271914132379,0.002782444426474325,0.0012032313676445508
math,10,10,model.layers.10.mlp,47,0.020572450805008944,14.0,0.009391334274373882,19.0,0.044485220968829925,18.0,0.020572450805008944,0.02057812639810057,0.02104254612771198
math,10,10,model.layers.10.mlp,48,0.012298747763864044,31.0,0.0038127865049194993,42.0,0.01017647437844592,54.0,0.012298747763864044,0.008354510694108634,0.004813709516604876
math,10,10,model.layers.10.mlp,49,0.007602862254025045,47.0,0.0037446542374776387,45.0,0.02021084988426437,42.0,0.007602862254025045,0.0082052204686469,0.009560202955221636
math,10,10,model.layers.10.mlp,50,0.004472271914132379,59.0,0.00221866614490161,56.0,0.008364790880616108,56.0,0.004472271914132379,0.004861502213753937,0.003956741005678287
math,10,10,model.layers.10.mlp,51,0.006708407871198569,50.5,0.002416293395013417,54.0,0.010988927431311291,52.0,0.006708407871198569,0.005294539566455443,0.005198018742662199
math,10,10,model.layers.10.mlp,52,0.014758497316636851,24.5,0.005536620220259391,31.0,0.02511356810977506,35.0,0.014758497316636851,0.012131744796015483,0.011879302920663404
math,10,10,model.layers.10.mlp,53,0.018112701252236137,19.0,0.008887766938729875,21.0,0.03999037222273661,20.0,0.018112701252236137,0.019474718513758385,0.01891637793034527
math,10,10,model.layers.10.mlp,54,0.004025044722719142,61.0,0.0012499650603756708,61.0,0.0058932737289046555,58.0,0.004025044722719142,0.002738901444047985,0.002787655800801818
math,10,10,model.layers.10.mlp,55,0.004472271914132379,59.0,0.0021494420141994633,57.0,0.005782560700274111,59.0,0.004472271914132379,0.004709819516730314,0.0027352859583876527
math,10,10,model.layers.10.mlp,56,0.04986583184257603,3.0,0.018685929463886405,3.0,0.06970524574648289,7.0,0.04986583184257603,0.04094427981581797,0.032972205532970415
math,10,10,model.layers.10.mlp,57,0.0038014311270125225,62.0,0.0009874811326028622,62.0,0.002343106934924032,62.0,0.0038014311270125225,0.0021637512805704035,0.0011083441800783219
math,10,10,model.layers.10.mlp,58,0.005590339892665474,56.0,0.0027440707457513417,52.0,0.011215082541348042,51.0,0.005590339892665474,0.006012759529333855,0.005304995379651381
math,10,10,model.layers.10.mlp,59,0.020125223613595707,16.0,0.010730613749440966,12.0,0.03296230943983484,24.0,0.020125223613595707,0.023512732015910892,0.015591940463769813
math,10,10,model.layers.10.mlp,60,0.009615384615384616,41.0,0.0070490692084078715,24.0,0.034761433951116846,22.0,0.009615384615384616,0.015445796403541049,0.016442968281405596
math,10,10,model.layers.10.mlp,61,0.008944543828264758,43.0,0.004832805162678891,37.0,0.030692636220314422,31.0,0.008944543828264758,0.010589557627223264,0.014518332142254328
math,10,10,model.layers.10.mlp,62,0.052996422182468694,1.0,0.02593590151218694,1.0,0.1576457919289686,1.0,0.052996422182468694,0.05683029098674618,0.07457013309722264
math,10,10,model.layers.10.mlp,63,0.0011180679785330948,63.0,0.0003148933642665474,63.0,0.0012730840386986093,63.0,0.0011180679785330948,0.0006899887984481472,0.0006021984161333024
math,11,11,model.layers.11.mlp,0,0.015876565295169946,23.0,0.007716416033094812,20.0,0.04841107375293384,19.0,0.015876565295169946,0.016182095282756194,0.016441135436216007
math,11,11,model.layers.11.mlp,1,0.04002683363148479,5.0,0.016577323135621647,5.0,0.1130468765396978,5.0,0.04002683363148479,0.034764302671492844,0.03839243511341709
math,11,11,model.layers.11.mlp,2,0.007602862254025045,38.5,0.00360424062220483,37.0,0.016170790029126546,41.0,0.007602862254025045,0.007558452644382245,0.005491845736294348
math,11,11,model.layers.11.mlp,3,0.008050089445438283,36.0,0.0032509136711762073,41.0,0.02008152253299365,36.0,0.008050089445438283,0.006817490731106845,0.0068199898522259775
math,11,11,model.layers.11.mlp,4,0.012745974955277281,27.0,0.006145224801542934,25.0,0.039159860082090645,26.0,0.012745974955277281,0.012887150309940063,0.013299282857445468
math,11,11,model.layers.11.mlp,5,0.007602862254025045,38.5,0.0033587897612924866,39.0,0.019080723707492534,37.0,0.007602862254025045,0.007043717668781781,0.0064801033808280445
math,11,11,model.layers.11.mlp,6,0.0017889087656529517,61.5,0.0005834917262969589,61.0,0.0029394067890528915,60.0,0.0017889087656529517,0.001223640440217471,0.0009982671602697649
math,11,11,model.layers.11.mlp,7,0.03734347048300537,6.0,0.014928391239937389,7.0,0.06849904137135406,11.0,0.03734347048300537,0.03130632775978546,0.02326331413727721
math,11,11,model.layers.11.mlp,8,0.01520572450805009,25.5,0.00687633644063059,23.0,0.0448942679198782,22.0,0.01520572450805009,0.01442036445434429,0.015246774796763384
math,11,11,model.layers.11.mlp,9,0.0031305903398926656,59.0,0.0013370957485465116,57.0,0.005192291971182781,57.0,0.0031305903398926656,0.002804023359076188,0.0017633811627121698
math,11,11,model.layers.11.mlp,10,0.006261180679785331,44.5,0.0019190588662790697,52.0,0.006445460651263142,54.0,0.006261180679785331,0.00402445815442782,0.0021889762672284508
math,11,11,model.layers.11.mlp,11,0.024373881932021467,10.0,0.010264606509950805,14.0,0.0631916407822283,12.0,0.024373881932021467,0.021525905274110115,0.02146084034077769
math,11,11,model.layers.11.mlp,12,0.006261180679785331,44.5,0.004930854483452594,33.0,0.029163612875827524,32.0,0.006261180679785331,0.010340494438664107,0.009904405581828174
math,11,11,model.layers.11.mlp,13,0.01900715563506261,15.0,0.005152502725290698,31.0,0.020781787648823692,34.0,0.01900715563506261,0.010805312944210789,0.007057810514278975
math,11,11,model.layers.11.mlp,14,0.01050983899821109,33.5,0.0033893619325805007,38.0,0.013601042930043447,45.0,0.01050983899821109,0.0071078305660985655,0.004619120617482292
math,11,11,model.layers.11.mlp,15,0.026833631484794274,8.0,0.01319080004751789,8.0,0.0885858126317879,6.0,0.026833631484794274,0.027662425445859406,0.03008508653700776
math,11,11,model.layers.11.mlp,16,0.006261180679785331,44.5,0.002220194753466011,48.0,0.010568520890578813,48.0,0.006261180679785331,0.004655970192998139,0.0035892301048570377
math,11,11,model.layers.11.mlp,17,0.012298747763864044,29.0,0.0055388039467799645,29.0,0.04787754841908572,20.0,0.012298747763864044,0.011615425196735005,0.016259942134922673
math,11,11,model.layers.11.mlp,18,0.01744186046511628,18.0,0.006904943258050089,22.0,0.0388953502361591,27.0,0.01744186046511628,0.014480355808262138,0.013209451299001475
math,11,11,model.layers.11.mlp,19,0.005590339892665474,48.5,0.0017738410526610018,53.0,0.009116450821137812,52.0,0.005590339892665474,0.0037199218921730973,0.0030960850695621266
math,11,11,model.layers.11.mlp,20,0.016323792486583184,22.0,0.008952186871086763,19.0,0.05859959871909699,15.0,0.016323792486583184,0.0187736301821539,0.019901313157512777
math,11,11,model.layers.11.mlp,21,0.004472271914132379,53.0,0.001633209064736136,56.0,0.0103631415979167,49.0,0.004472271914132379,0.0034250025645158927,0.003519480179794749
math,11,11,model.layers.11.mlp,22,0.019901610017889086,13.0,0.010980213690742396,10.0,0.08670588768019019,7.0,0.019901610017889086,0.0230266050205894,0.029446635489694097
math,11,11,model.layers.11.mlp,23,0.01699463327370304,19.5,0.005009468638193202,32.0,0.015485474376644347,43.0,0.01699463327370304,0.01050535617462155,0.005259102138899222
math,11,11,model.layers.11.mlp,24,0.01677101967799642,21.0,0.006455095594812165,24.0,0.04103058139412049,25.0,0.01677101967799642,0.013536980319172321,0.013934608209067821
math,11,11,model.layers.11.mlp,25,0.008050089445438283,36.0,0.0031598522752683362,43.0,0.016594382326163632,40.0,0.008050089445438283,0.006626525886956139,0.005635704109708396
math,11,11,model.layers.11.mlp,26,0.006932021466905188,41.0,0.003605769230769231,36.0,0.02058013543246684,35.0,0.006932021466905188,0.0075616582892480836,0.006989326360900013
math,11,11,model.layers.11.mlp,27,0.0436046511627907,4.0,0.01785480315015653,4.0,0.08427732191273479,8.0,0.0436046511627907,0.0374433058808013,0.028621857693971846
math,11,11,model.layers.11.mlp,28,0.0035778175313059034,56.5,0.0016650914719364938,55.0,0.00489921273400404,58.0,0.0035778175313059034,0.003491863157431967,0.0016638470053706063
math,11,11,model.layers.11.mlp,29,0.004919499105545617,52.0,0.002105221552157871,50.0,0.006283966794423426,55.0,0.004919499105545617,0.004414859904160378,0.0021341305022704337
math,11,11,model.layers.11.mlp,30,0.012298747763864044,29.0,0.005716122540250447,28.0,0.036979798127585534,28.0,0.012298747763864044,0.01198728000117235,0.012558900728425075
math,11,11,model.layers.11.mlp,31,0.01520572450805009,25.5,0.006936170547294275,21.0,0.04453763424390544,23.0,0.01520572450805009,0.014545842553378567,0.01512565658736964
math,11,11,model.layers.11.mlp,32,0.005590339892665474,48.5,0.003273624426990161,40.0,0.01745501311232664,38.0,0.005590339892665474,0.006865117454827884,0.005927987387457954
math,11,11,model.layers.11.mlp,33,0.0176654740608229,17.0,0.010313740356663685,13.0,0.0537415071122335,17.0,0.0176654740608229,0.021628943859083514,0.018251431511061043
math,11,11,model.layers.11.mlp,34,0.02191413237924866,11.0,0.009119897067866726,18.0,0.04659832184984347,21.0,0.02191413237924866,0.019125335218863112,0.015825497375736904
math,11,11,model.layers.11.mlp,35,0.0033542039355992843,58.0,0.0010901162790697674,59.0,0.005753553724033035,56.0,0.0033542039355992843,0.002286082738609886,0.0019539941728856903
math,11,11,model.layers.11.mlp,36,0.012298747763864044,29.0,0.005309731034771914,30.0,0.0316602262486712,31.0,0.012298747763864044,0.011135036416125677,0.010752293377175894
math,11,11,model.layers.11.mlp,37,0.006261180679785331,44.5,0.003207457513416816,42.0,0.009527262080334166,51.0,0.006261180679785331,0.006726358827063702,0.003235602808533169
math,11,11,model.layers.11.mlp,38,0.0011180679785330948,63.0,0.00014085036057692306,63.0,0.00014420227215946894,63.0,0.0011180679785330948,0.0002953772769237533,4.897328034663206e-05
math,11,11,model.layers.11.mlp,39,0.004025044722719142,54.0,0.0017736226800089446,54.0,0.009794126469675245,50.0,0.004025044722719142,0.003719463942906549,0.003326234005656613
math,11,11,model.layers.11.mlp,40,0.0038014311270125225,55.0,0.0010942653594588551,58.0,0.0047067713012422345,59.0,0.0038014311270125225,0.0022947837746743064,0.001598490973903022
math,11,11,model.layers.11.mlp,41,0.005366726296958855,50.5,0.003964992243403399,35.0,0.01610890441375896,42.0,0.005366726296958855,0.008314984832720291,0.005470828442007411
math,11,11,model.layers.11.mlp,42,0.011404293381037567,32.0,0.004446285568537567,34.0,0.032391929882370295,30.0,0.011404293381037567,0.009324305016193087,0.01100079103707523
math,11,11,model.layers.11.mlp,43,0.05433810375670841,3.0,0.02589484745360018,3.0,0.15938410136268902,3.0,0.05433810375670841,0.054304081976582305,0.05412925997586955
math,11,11,model.layers.11.mlp,44,0.027728085867620753,7.0,0.015608949610073792,6.0,0.13496648860105676,4.0,0.027728085867620753,0.03273352664898372,0.04583666806824339
math,11,11,model.layers.11.mlp,45,0.01050983899821109,33.5,0.006102423761739714,26.0,0.032614413975389785,29.0,0.01050983899821109,0.012797392253696567,0.011076350011957819
math,11,11,model.layers.11.mlp,46,0.008050089445438283,36.0,0.002877278063506261,44.0,0.012770106306229594,46.0,0.008050089445438283,0.006033939536042439,0.004336921927968454
math,11,11,model.layers.11.mlp,47,0.09928443649373882,1.0,0.05438527224955277,1.0,0.36880882140348975,2.0,0.09928443649373882,0.11405134893535955,0.12525307357799526
math,11,11,model.layers.11.mlp,48,0.0017889087656529517,61.5,0.0004315043604651163,62.0,0.001977867938324889,62.0,0.0017889087656529517,0.0009049077506997464,0.0006717139721979029
math,11,11,model.layers.11.mlp,49,0.011627906976744186,31.0,0.005733155607110912,27.0,0.04169010348311477,24.0,0.011627906976744186,0.012023000043963129,0.014158591920804311
math,11,11,model.layers.11.mlp,50,0.0,64.0,0.0,64.0,0.0,64.0,0.0,0.0,0.0
math,11,11,model.layers.11.mlp,51,0.015652951699463326,24.0,0.010473152392665474,12.0,0.04968390951003073,18.0,0.015652951699463326,0.021963246823663886,0.016873409778596613
math,11,11,model.layers.11.mlp,52,0.021243291592128802,12.0,0.010525343456507156,11.0,0.06075688892698885,13.0,0.021243291592128802,0.02207269669836897,0.020633961655750706
math,11,11,model.layers.11.mlp,53,0.007155635062611807,40.0,0.002498619884838998,47.0,0.016749398866151868,39.0,0.007155635062611807,0.0052398555078474185,0.005688350079550074
math,11,11,model.layers.11.mlp,54,0.01699463327370304,19.5,0.009417320619968694,16.0,0.05395050082948852,16.0,0.01699463327370304,0.01974906211990211,0.0183224089495753
math,11,11,model.layers.11.mlp,55,0.005366726296958855,50.5,0.0020900446528398925,51.0,0.008700436684228013,53.0,0.005366726296958855,0.00438303243013526,0.0029548003543496282
math,11,11,model.layers.11.mlp,56,0.017889087656529516,16.0,0.012820003284324687,9.0,0.07102682935956979,10.0,0.017889087656529516,0.02688482759126013,0.024121789305177742
math,11,11,model.layers.11.mlp,57,0.09324686940966011,2.0,0.053286202691748656,2.0,0.37996579410778175,1.0,0.09324686940966011,0.11174649027682117,0.1290421508503892
math,11,11,model.layers.11.mlp,58,0.024597495527728087,9.0,0.009316432454718247,17.0,0.07929936803090977,9.0,0.024597495527728087,0.019537489558756723,0.026931268999657615
math,11,11,model.layers.11.mlp,59,0.0026833631484794273,60.0,0.0007723840703264759,60.0,0.0025760624724338647,61.0,0.0026833631484794273,0.0016197665557818842,0.000874869915457554
math,11,11,model.layers.11.mlp,60,0.006261180679785331,44.5,0.002606932720259392,45.0,0.015197286878800776,44.0,0.006261180679785331,0.005466998344055452,0.005161229290483353
math,11,11,model.layers.11.mlp,61,0.01967799642218247,14.0,0.009758855447786225,15.0,0.06014525869024887,14.0,0.01967799642218247,0.02046529477278389,0.020426242743948688
math,11,11,model.layers.11.mlp,62,0.0035778175313059034,56.5,0.0025765789216234346,46.0,0.022190043026304843,33.0,0.0035778175313059034,0.005403343396005217,0.007536075415159095
math,11,11,model.layers.11.mlp,63,0.006261180679785331,44.5,0.002202724941301431,49.0,0.012133434654774948,47.0,0.006261180679785331,0.004619334251674262,0.004120698571647406
math,12,12,model.layers.12.mlp,0,0.006261180679785331,44.5,0.003054378284324687,47.0,0.022389239936480582,40.0,0.006261180679785331,0.006050358081534275,0.005951084254985894
math,12,12,model.layers.12.mlp,1,0.005813953488372093,48.5,0.0021942084078711986,53.0,0.012206462606761025,56.0,0.005813953488372093,0.0043464644314904115,0.0032444909980980947
math,12,12,model.layers.12.mlp,2,0.10062611806797854,1.5,0.05899686591569767,1.0,0.4675413005467178,1.0,0.10062611806797854,0.1168657354297411,0.12427298470751788
math,12,12,model.layers.12.mlp,3,0.004472271914132379,55.5,0.0015683523870751342,57.0,0.007361773461476635,57.0,0.004472271914132379,0.0031067185058682462,0.001956767369489064
math,12,12,model.layers.12.mlp,4,0.022361359570661897,11.5,0.010329899932915922,15.0,0.09115443033481113,13.0,0.022361359570661897,0.02046229632436529,0.024228946434837077
math,12,12,model.layers.12.mlp,5,0.012075134168157423,29.0,0.0057172144035107335,30.0,0.05741729847220487,23.0,0.012075134168157423,0.011325117961868079,0.015261580199737498
math,12,12,model.layers.12.mlp,6,0.023255813953488372,10.0,0.011779457597271914,7.0,0.13944433754799831,5.0,0.023255813953488372,0.02333369669222291,0.03706445613978607
math,12,12,model.layers.12.mlp,7,0.013640429338103756,26.0,0.00797737135230322,21.0,0.0678014217847575,20.0,0.013640429338103756,0.01580221856556292,0.0180216914372107
math,12,12,model.layers.12.mlp,8,0.010062611806797853,35.5,0.002917458631484794,50.0,0.013932329597541386,53.0,0.010062611806797853,0.00577913662467276,0.0037032283158530354
math,12,12,model.layers.12.mlp,9,0.020572450805008944,16.5,0.010907713970259391,12.0,0.08611560507622516,15.0,0.020572450805008944,0.021606876826527274,0.022889621216782806
math,12,12,model.layers.12.mlp,10,0.005366726296958855,50.0,0.0027602303220035777,52.0,0.014025316522031863,52.0,0.005366726296958855,0.005467686147893989,0.003727944341221685
math,12,12,model.layers.12.mlp,11,0.02728085867620751,8.0,0.011454082345706619,8.0,0.09117612514598211,12.0,0.02728085867620751,0.022689167233333505,0.024234712939173127
math,12,12,model.layers.12.mlp,12,0.00648479427549195,42.0,0.0035665713397249553,42.0,0.01848011073358157,45.0,0.00648479427549195,0.0070649512666517865,0.004912033473624947
math,12,12,model.layers.12.mlp,13,0.006261180679785331,44.5,0.0030067730461762073,48.0,0.020225064059276272,44.0,0.006261180679785331,0.005956057798287368,0.005375843959898175
math,12,12,model.layers.12.mlp,14,0.01900715563506261,19.0,0.008353409059145797,20.0,0.053046198351865165,24.0,0.01900715563506261,0.01654710428919215,0.01409973704753938
math,12,12,model.layers.12.mlp,15,0.022137745974955277,13.0,0.009942070102862254,17.0,0.08093022873661812,16.0,0.022137745974955277,0.019694051814977652,0.02151134256246675
math,12,12,model.layers.12.mlp,16,0.008944543828264758,38.0,0.00442226457681127,38.0,0.04200452896691392,29.0,0.008944543828264758,0.008759977229509587,0.011164849350950952
math,12,12,model.layers.12.mlp,17,0.010286225402504472,34.0,0.003316207094141324,44.0,0.014279066556681461,51.0,0.010286225402504472,0.006569009639392256,0.003795391375609165
math,12,12,model.layers.12.mlp,18,0.0004472271914132379,63.0,0.00010176165585867621,63.0,0.000508741810518002,63.0,0.0004472271914132379,0.00020157766969292713,0.00013522412493751718
math,12,12,model.layers.12.mlp,19,0.0035778175313059034,58.0,0.0010034223362030412,58.0,0.006148152999673205,58.0,0.0035778175313059034,0.0019876596399978543,0.001634185734638694
math,12,12,model.layers.12.mlp,20,0.004695885509838999,54.0,0.003851220091681574,40.0,0.021200876516391638,41.0,0.004695885509838999,0.0076288064006533535,0.005635215969213073
math,12,12,model.layers.12.mlp,21,0.014087656529516995,25.0,0.007030507532983005,28.0,0.05803269457092012,21.0,0.014087656529516995,0.013926594583184097,0.015425153150138409
math,12,12,model.layers.12.mlp,22,0.016547406082289804,21.0,0.007331425047517889,25.0,0.06895880366480628,19.0,0.016547406082289804,0.014522676190130134,0.01832932479604311
math,12,12,model.layers.12.mlp,23,0.007826475849731663,39.0,0.004799394146914132,36.0,0.026033346043076624,38.0,0.007826475849731663,0.009507025803672001,0.0069196916099468955
math,12,12,model.layers.12.mlp,24,0.006261180679785331,44.5,0.004266783248546512,39.0,0.02068451546759,43.0,0.006261180679785331,0.008451987313583913,0.0054979666424771305
math,12,12,model.layers.12.mlp,25,0.022361359570661897,11.5,0.011157969029516995,11.0,0.10040575745707121,9.0,0.022361359570661897,0.022102602168733488,0.026687959216476872
math,12,12,model.layers.12.mlp,26,0.005813953488372093,48.5,0.0031504622512298747,46.0,0.015163241857279606,49.0,0.005813953488372093,0.006240688928454635,0.004030406129346453
math,12,12,model.layers.12.mlp,27,0.009838998211091235,37.0,0.003728057915921288,41.0,0.0288342013555264,36.0,0.009838998211091235,0.007384836860509983,0.0076641619893658385
math,12,12,model.layers.12.mlp,28,0.006261180679785331,44.5,0.0031679320633944542,45.0,0.01746428897854254,46.0,0.006261180679785331,0.0062752945369856095,0.004642026949534108
math,12,12,model.layers.12.mlp,29,0.011180679785330949,32.0,0.00469020782088551,37.0,0.031518151807017315,35.0,0.011180679785330949,0.00929074075035341,0.008377558929965181
math,12,12,model.layers.12.mlp,30,0.03331842576028623,5.0,0.02182853029964222,4.0,0.14306315795680064,4.0,0.03331842576028623,0.04323970785945278,0.038026342528852584
math,12,12,model.layers.12.mlp,31,0.0024597495527728087,60.0,0.0006387400072674419,60.0,0.003636146167523106,60.0,0.0024597495527728087,0.0012652675619137593,0.0009664915945233086
math,12,12,model.layers.12.mlp,32,0.03398926654740608,4.0,0.013088820019007156,5.0,0.08749015941176304,14.0,0.03398926654740608,0.025927387051619455,0.023254979249795513
math,12,12,model.layers.12.mlp,33,0.01095706618962433,33.0,0.005679217562052773,31.0,0.03709094085079186,30.0,0.01095706618962433,0.01124985076331321,0.009858812301176216
math,12,12,model.layers.12.mlp,34,0.014311270125223614,24.0,0.007356974647808587,24.0,0.057587244856122995,22.0,0.014311270125223614,0.014573286892606684,0.015306752132880212
math,12,12,model.layers.12.mlp,35,0.0033542039355992843,59.0,0.0009815850709973166,59.0,0.005348016129729999,59.0,0.0033542039355992843,0.0019444026293341363,0.0014215084869044323
math,12,12,model.layers.12.mlp,36,0.004472271914132379,55.5,0.002112537036001789,55.0,0.01710244538745641,47.0,0.004472271914132379,0.004184683211608105,0.004545848530624427
math,12,12,model.layers.12.mlp,37,0.0,64.0,0.0,64.0,0.0,64.0,0.0,0.0,0.0
math,12,12,model.layers.12.mlp,38,0.018559928443649374,20.0,0.005453638612477638,33.0,0.020789530068262747,42.0,0.018559928443649374,0.010803005843157,0.005525879637218365
math,12,12,model.layers.12.mlp,39,0.006037567084078712,47.0,0.00346076978980322,43.0,0.025654954432588143,39.0,0.006037567084078712,0.0068553710499860716,0.006819114709534673
math,12,12,model.layers.12.mlp,40,0.0015652951699463328,61.5,0.0005417825497540251,61.0,0.0023354867170023363,62.0,0.0015652951699463328,0.0010732064345668503,0.00062077490208299
math,12,12,model.layers.12.mlp,41,0.02169051878354204,15.0,0.010413099913349731,14.0,0.0759174802435532,17.0,0.02169051878354204,0.020627105534994056,0.020178948576966758
math,12,12,model.layers.12.mlp,42,0.013416815742397137,27.5,0.007218526386404293,26.0,0.048894058293221465,27.0,0.013416815742397137,0.01429903744499871,0.01299609371718991
math,12,12,model.layers.12.mlp,43,0.10062611806797854,1.5,0.05000428010398032,2.0,0.39934354178167625,2.0,0.10062611806797854,0.09905249843842191,0.10614594647114256
math,12,12,model.layers.12.mlp,44,0.007155635062611807,40.5,0.005607809704830054,32.0,0.03571202865866727,32.0,0.007155635062611807,0.011108400338442851,0.009492295945156912
math,12,12,model.layers.12.mlp,45,0.02996422182468694,6.0,0.010133801291368516,16.0,0.09443473986521603,10.0,0.02996422182468694,0.0200738483686051,0.02510085626532958
math,12,12,model.layers.12.mlp,46,0.016100178890876567,22.0,0.007157600416480322,27.0,0.0509834050705693,25.0,0.016100178890876567,0.014178350385246938,0.013551444356387839
math,12,12,model.layers.12.mlp,47,0.007155635062611807,40.5,0.005916807007491055,29.0,0.04671804972112925,28.0,0.007155635062611807,0.011720487039334464,0.012417708278969096
math,12,12,model.layers.12.mlp,48,0.01967799642218247,18.0,0.010870808992061717,13.0,0.11306321855521159,6.0,0.01967799642218247,0.021533772478505592,0.030052326102666057
math,12,12,model.layers.12.mlp,49,0.010062611806797853,35.5,0.0054099640820661895,34.0,0.0370319009040464,31.0,0.010062611806797853,0.010716491821829564,0.009843119419305777
math,12,12,model.layers.12.mlp,50,0.02191413237924866,14.0,0.009478901707848836,18.0,0.09179766574784554,11.0,0.02191413237924866,0.018776570618800188,0.024399919105174188
math,12,12,model.layers.12.mlp,51,0.020572450805008944,16.5,0.007958591304226296,22.0,0.06927947366813428,18.0,0.020572450805008944,0.015765017536392124,0.018414559230676246
math,12,12,model.layers.12.mlp,52,0.027728085867620753,7.0,0.011350792081283543,10.0,0.1115111417548601,7.0,0.027728085867620753,0.022484561572894118,0.02963978240599278
math,12,12,model.layers.12.mlp,53,0.011627906976744186,30.5,0.004902247666033095,35.0,0.03309815002468703,34.0,0.011627906976744186,0.009710766323898114,0.008797524169640844
math,12,12,model.layers.12.mlp,54,0.01498211091234347,23.0,0.00899127557580501,19.0,0.04998102938766343,26.0,0.01498211091234347,0.01781064157067936,0.0132850118128515
math,12,12,model.layers.12.mlp,55,0.0436046511627907,3.0,0.029726086447618514,3.0,0.17609970556815324,3.0,0.0436046511627907,0.058883822051039814,0.04680749271022479
math,12,12,model.layers.12.mlp,56,0.00424865831842576,57.0,0.0029711783038908765,49.0,0.014581855273204115,50.0,0.00424865831842576,0.005885548870905507,0.003875872944818191
math,12,12,model.layers.12.mlp,57,0.004919499105545617,52.5,0.0028438670477415025,51.0,0.013844786448427517,54.0,0.004919499105545617,0.00563336049873603,0.003679959251882956
math,12,12,model.layers.12.mlp,58,0.013416815742397137,27.5,0.007492147319432022,23.0,0.035165947963598586,33.0,0.013416815742397137,0.014841047788615102,0.009347147104213907
math,12,12,model.layers.12.mlp,59,0.011627906976744186,30.5,0.011379398898703041,9.0,0.027482275033039783,37.0,0.011627906976744186,0.02254122825686359,0.0073048185067609624
math,12,12,model.layers.12.mlp,60,0.004919499105545617,52.5,0.002113628899262075,54.0,0.015992799683845534,48.0,0.004919499105545617,0.004186846062141291,0.004250903499256405
math,12,12,model.layers.12.mlp,61,0.0015652951699463328,61.5,0.0005230025016771019,62.0,0.00301544749459555,61.0,0.0015652951699463328,0.0010360054053960524,0.000801509214146422
math,12,12,model.layers.12.mlp,62,0.005143112701252236,51.0,0.002022567503354204,56.0,0.012955459557833527,55.0,0.005143112701252236,0.004006464327673586,0.0034435751999381627
math,12,12,model.layers.12.mlp,63,0.025044722719141325,9.0,0.01265338495080501,6.0,0.11072603534500586,8.0,0.025044722719141325,0.025064842258984914,0.02943110027084985
math,13,13,model.layers.13.mlp,0,0.0176654740608229,19.0,0.00999316930344365,12.0,0.10420780318367673,11.0,0.0176654740608229,0.020273678264673797,0.024172982226602465
math,13,13,model.layers.13.mlp,1,0.018783542039355994,17.5,0.007690866432804115,18.0,0.11983166866950784,9.0,0.018783542039355994,0.015602873012620654,0.027797235028805118
math,13,13,model.layers.13.mlp,2,0.03220035778175313,8.0,0.018561457052213775,6.0,0.10545464022641532,10.0,0.03220035778175313,0.03765662293647585,0.024462209796446394
math,13,13,model.layers.13.mlp,3,0.024373881932021467,11.5,0.00917339836762075,16.0,0.09866657666528801,13.0,0.024373881932021467,0.018610565022123528,0.022887589328467073
math,13,13,model.layers.13.mlp,4,0.0031305903398926656,60.0,0.001413962922070662,58.0,0.007954104481954693,57.0,0.0031305903398926656,0.0028685823776006913,0.0018451058404131868
math,13,13,model.layers.13.mlp,5,0.02370304114490161,13.5,0.012471262158989267,10.0,0.08155008974570067,17.0,0.02370304114490161,0.025301118082590807,0.018917094591525244
math,13,13,model.layers.13.mlp,6,0.0008944543828264759,63.0,0.000200466094588551,63.0,0.0008753154273536423,63.0,0.0008944543828264759,0.00040669631237643777,0.00020304606393818414
math,13,13,model.layers.13.mlp,7,0.009168157423971377,38.0,0.0023634472132155636,48.0,0.011995216921531663,53.0,0.009168157423971377,0.004794852057571008,0.0027825187422610004
math,13,13,model.layers.13.mlp,8,0.024373881932021467,11.5,0.009926347271914132,13.0,0.08639696373709199,15.0,0.024373881932021467,0.020138112827214984,0.020041419212801177
math,13,13,model.layers.13.mlp,9,0.008050089445438283,44.0,0.00217903150855322,51.0,0.01475380358414488,51.0,0.008050089445438283,0.004420718031643011,0.003422425393477473
math,13,13,model.layers.13.mlp,10,0.010286225402504472,34.0,0.006412949672965116,25.0,0.044716488909849327,31.0,0.010286225402504472,0.01301029477729722,0.01037284021570443
math,13,13,model.layers.13.mlp,11,0.010286225402504472,34.0,0.003371892120415921,44.0,0.027566207649456154,39.0,0.010286225402504472,0.006840738300004984,0.006394506238564635
math,13,13,model.layers.13.mlp,12,0.011627906976744186,29.0,0.006949928024373882,21.0,0.05199399233290889,26.0,0.011627906976744186,0.01409969154432735,0.012060995569959258
math,13,13,model.layers.13.mlp,13,0.01945438282647585,16.0,0.007256304855210197,19.0,0.0777444742446722,20.0,0.01945438282647585,0.014721254644832952,0.01803430968428085
math,13,13,model.layers.13.mlp,14,0.0011180679785330948,62.0,0.00029458470762522363,62.0,0.0022161672281664473,62.0,0.0011180679785330948,0.0005976397880128699,0.0005140821452998242
math,13,13,model.layers.13.mlp,15,0.004695885509838999,54.0,0.0015489172210420394,56.0,0.010051823632661687,55.0,0.004695885509838999,0.003142371398350842,0.002331711700984545
math,13,13,model.layers.13.mlp,16,0.004919499105545617,52.5,0.0011936249161449016,59.0,0.006070068462590198,60.0,0.004919499105545617,0.002421570853430946,0.0014080678469137644
math,13,13,model.layers.13.mlp,17,0.011627906976744186,29.0,0.004577745905076028,37.0,0.0209860743051778,45.0,0.011627906976744186,0.009287118514539503,0.004868119139706471
math,13,13,model.layers.13.mlp,18,0.005590339892665474,48.0,0.005704985534995528,29.0,0.05130689557848335,27.0,0.005590339892665474,0.011574009979122479,0.011901610407569745
math,13,13,model.layers.13.mlp,19,0.03443649373881932,7.0,0.017358878857334527,7.0,0.14159636079518653,7.0,0.03443649373881932,0.035216888086522645,0.03284596938312378
math,13,13,model.layers.13.mlp,20,0.03689624329159213,6.0,0.01189235625838551,11.0,0.08038759146265566,18.0,0.03689624329159213,0.024126660648919853,0.018647431001314326
math,13,13,model.layers.13.mlp,21,0.005143112701252236,50.5,0.001547606985129696,57.0,0.006868384738514376,58.0,0.005143112701252236,0.0031397132525183163,0.0015932524929724527
math,13,13,model.layers.13.mlp,22,0.020572450805008944,15.0,0.009606431336650269,14.0,0.10409343989036164,12.0,0.020572450805008944,0.01948908221977328,0.024146453485258512
math,13,13,model.layers.13.mlp,23,0.0038014311270125225,58.5,0.0023081989322450806,49.0,0.01754177834885278,49.0,0.0038014311270125225,0.0046827669082995065,0.00406914917400581
math,13,13,model.layers.13.mlp,24,0.01050983899821109,32.0,0.004937624035666368,36.0,0.03798869428139893,35.0,0.01050983899821109,0.01001722256987324,0.008812200273116735
math,13,13,model.layers.13.mlp,25,0.014534883720930232,22.0,0.005226967799642219,33.0,0.04277923047435945,34.0,0.014534883720930232,0.010604229774556006,0.009923456270368865
math,13,13,model.layers.13.mlp,26,0.00424865831842576,56.0,0.002223033597942755,50.0,0.019815759070230938,46.0,0.00424865831842576,0.004509987429185334,0.004596642258805061
math,13,13,model.layers.13.mlp,27,0.09414132379248659,1.0,0.06376721649988819,1.0,0.5606454224833862,1.0,0.09414132379248659,0.12936797045027884,0.13005237054301327
math,13,13,model.layers.13.mlp,28,0.006037567084078712,47.0,0.005072141589333632,35.0,0.03190220281988222,37.0,0.006037567084078712,0.010290125542012548,0.0074003227991978
math,13,13,model.layers.13.mlp,29,0.004025044722719142,57.0,0.001817733955724508,55.0,0.008218309320576076,56.0,0.004025044722719142,0.0036877343183240392,0.0019063931785304675
math,13,13,model.layers.13.mlp,30,0.011404293381037567,31.0,0.005972928779069768,28.0,0.04925623776021285,28.0,0.011404293381037567,0.012117600801873993,0.01142592131827455
math,13,13,model.layers.13.mlp,31,0.011627906976744186,29.0,0.007223112212097495,20.0,0.0798244885767082,19.0,0.011627906976744186,0.014653914950408967,0.01851680857537407
math,13,13,model.layers.13.mlp,32,0.04785330948121646,3.0,0.025907949812723614,4.0,0.2251825042615423,3.0,0.04785330948121646,0.05256084661944766,0.05223536536569795
math,13,13,model.layers.13.mlp,33,0.013416815742397137,23.0,0.0067204183670617175,23.0,0.05922062111242086,24.0,0.013416815742397137,0.013634072999329925,0.013737349582887538
math,13,13,model.layers.13.mlp,34,0.01498211091234347,21.0,0.006838557971824687,22.0,0.0707223718196207,22.0,0.01498211091234347,0.013873749148562663,0.016405399449843233
math,13,13,model.layers.13.mlp,35,0.018783542039355994,17.5,0.008704115538349731,17.0,0.0973030902405331,14.0,0.018783542039355994,0.01765850578977389,0.02257130271551814
math,13,13,model.layers.13.mlp,36,0.015429338103756709,20.0,0.006327347593358676,26.0,0.07704573667113385,21.0,0.015429338103756709,0.012836629249572205,0.01787222421246229
math,13,13,model.layers.13.mlp,37,0.011851520572450805,27.0,0.006062243193761181,27.0,0.06790378311239116,23.0,0.011851520572450805,0.012298797742791164,0.015751574182997625
math,13,13,model.layers.13.mlp,38,0.012745974955277281,25.0,0.005132630813953488,34.0,0.043820263021533946,33.0,0.012745974955277281,0.010412843274614154,0.010164943572579892
math,13,13,model.layers.13.mlp,39,0.006708407871198569,46.0,0.0038786258595147585,40.0,0.025306109665544814,40.0,0.006708407871198569,0.007868776200734312,0.0058702335188032155
math,13,13,model.layers.13.mlp,40,0.004919499105545617,52.5,0.0019120709414132378,53.0,0.01913870297945463,48.0,0.004919499105545617,0.003879120818265892,0.004439586219346085
math,13,13,model.layers.13.mlp,41,0.029293381037567085,10.0,0.012576517777280858,9.0,0.12261708691209715,8.0,0.029293381037567085,0.025514655797803706,0.028443365775396967
math,13,13,model.layers.13.mlp,42,0.009615384615384616,37.0,0.003631537203711986,42.0,0.023344275776516772,43.0,0.009615384615384616,0.007367494199150501,0.005415148829536398
math,13,13,model.layers.13.mlp,43,0.0038014311270125225,58.5,0.0009407493850626118,61.0,0.005860464450818268,61.0,0.0038014311270125225,0.0019085487077534792,0.0013594462092206946
math,13,13,model.layers.13.mlp,44,0.012522361359570662,26.0,0.005338556224843471,32.0,0.05444443806979225,25.0,0.012522361359570662,0.010830615194626116,0.01262942307188566
math,13,13,model.layers.13.mlp,45,0.00872093023255814,39.5,0.0028401547126565294,45.0,0.014401613706339664,52.0,0.00872093023255814,0.005761974116304956,0.0033407282518385798
math,13,13,model.layers.13.mlp,46,0.044946332737030414,4.0,0.026484671986806797,3.0,0.21371504659089718,4.0,0.044946332737030414,0.0537308738100644,0.04957527042090554
math,13,13,model.layers.13.mlp,47,0.008273703041144902,42.5,0.003768020111247764,41.0,0.024969422113490233,41.0,0.008273703041144902,0.007644384390038598,0.0057921324365129735
math,13,13,model.layers.13.mlp,48,0.005143112701252236,50.5,0.0020166714417486583,52.0,0.011690241066415748,54.0,0.005143112701252236,0.00409132946056253,0.002711773791306937
math,13,13,model.layers.13.mlp,49,0.007155635062611807,45.0,0.0028001925173300538,46.0,0.02231213935585909,44.0,0.007155635062611807,0.0056809006684129205,0.00517572515309625
math,13,13,model.layers.13.mlp,50,0.005366726296958855,49.0,0.0027661263836091235,47.0,0.023966113868467708,42.0,0.005366726296958855,0.005611788876767252,0.005559396003791281
math,13,13,model.layers.13.mlp,51,0.008273703041144902,42.5,0.003506846419387299,43.0,0.01925492499936672,47.0,0.008273703041144902,0.007114527320755135,0.004466546127681576
math,13,13,model.layers.13.mlp,52,0.0,64.0,0.0,64.0,0.0,64.0,0.0,0.0,0.0
math,13,13,model.layers.13.mlp,53,0.04203935599284436,5.0,0.019278811214221824,5.0,0.15966167166322628,5.0,0.04203935599284436,0.03911195777978369,0.03703656188377806
math,13,13,model.layers.13.mlp,54,0.03130590339892665,9.0,0.014298386138752237,8.0,0.14790193083461153,6.0,0.03130590339892665,0.029007902446047947,0.0343086663005797
math,13,13,model.layers.13.mlp,55,0.05567978533094812,2.0,0.03295931193397809,2.0,0.36687260663573346,2.0,0.05567978533094812,0.06686632295364305,0.08510307989125773
math,13,13,model.layers.13.mlp,56,0.004472271914132379,55.0,0.0018839008692978533,54.0,0.016825751243209158,50.0,0.004472271914132379,0.003821970682866589,0.0039030530663277606
math,13,13,model.layers.13.mlp,57,0.010062611806797853,36.0,0.005582915222495528,31.0,0.04728430584206351,29.0,0.010062611806797853,0.011326359392392165,0.01096849419906472
math,13,13,model.layers.13.mlp,58,0.00872093023255814,39.5,0.004104969113372093,38.0,0.031016723840948935,38.0,0.00872093023255814,0.008327970893303133,0.0071949191061359994
math,13,13,model.layers.13.mlp,59,0.013193202146690518,24.0,0.006507068286001789,24.0,0.04664074633543734,30.0,0.013193202146690518,0.013201238252933652,0.010819208329483389
math,13,13,model.layers.13.mlp,60,0.0029069767441860465,61.0,0.0009785278538685153,60.0,0.006699414207385137,59.0,0.0029069767441860465,0.0019851919125913045,0.0015540565640590745
math,13,13,model.layers.13.mlp,61,0.00849731663685152,41.0,0.005590558265317532,30.0,0.04395754179502429,32.0,0.00849731663685152,0.011341865243081898,0.010196787995456967
math,13,13,model.layers.13.mlp,62,0.010286225402504472,34.0,0.004001023730992845,39.0,0.034911162738083514,36.0,0.010286225402504472,0.008117091323922758,0.008098308289737653
math,13,13,model.layers.13.mlp,63,0.02370304114490161,13.5,0.009335430875447227,15.0,0.0816733603613961,16.0,0.02370304114490161,0.018939289056745877,0.018945689555733593
math,14,14,model.layers.14.mlp,0,0.011627906976744186,39.0,0.005704548789691413,34.0,0.0738386254830949,27.0,0.011627906976744186,0.01189082589530834,0.012525848172294931
math,14,14,model.layers.14.mlp,1,0.05165474060822898,2.0,0.030659738721489267,2.0,0.3642836487143965,2.0,0.05165474060822898,0.06390858042825044,0.06179640595410091
math,14,14,model.layers.14.mlp,2,0.012745974955277281,32.0,0.004400645684257603,44.0,0.08776396374369777,21.0,0.012745974955277281,0.009172909828207084,0.01488811685835133
math,14,14,model.layers.14.mlp,3,0.013640429338103756,29.0,0.005346636012969588,37.0,0.07754648083651002,26.0,0.013640429338103756,0.011144775914739096,0.013154841912330652
math,14,14,model.layers.14.mlp,4,0.014087656529516995,28.0,0.0038042699714892665,48.0,0.026309203589751598,53.0,0.014087656529516995,0.007929796651309827,0.004463044748505963
math,14,14,model.layers.14.mlp,5,0.012298747763864044,35.5,0.004312423132826476,45.0,0.037081445052500064,48.0,0.012298747763864044,0.008989014653008809,0.0062904279121941825
math,14,14,model.layers.14.mlp,6,0.009838998211091235,43.5,0.0024730702845483007,57.0,0.019409561306504744,56.0,0.009838998211091235,0.005154982324555639,0.003292602163508456
math,14,14,model.layers.14.mlp,7,0.03398926654740608,4.0,0.014994558153510733,6.0,0.3350096550738449,3.0,0.03398926654740608,0.031255351992548606,0.05683041969231401
math,14,14,model.layers.14.mlp,8,0.03331842576028623,5.0,0.01431956828600179,8.0,0.1797881300206261,8.0,0.03331842576028623,0.0298483718278509,0.03049892661307422
math,14,14,model.layers.14.mlp,9,0.018783542039355994,18.0,0.010925183782423971,12.0,0.08218716977960522,24.0,0.018783542039355994,0.0227729594434895,0.013942079821158826
math,14,14,model.layers.14.mlp,10,0.01498211091234347,26.0,0.006689409450469588,25.0,0.1199019471306707,17.0,0.01498211091234347,0.013943715103586126,0.020339945055791484
math,14,14,model.layers.14.mlp,11,0.03220035778175313,7.5,0.016028115915697673,4.0,0.20919408098742873,7.0,0.03220035778175313,0.03340974769604722,0.03548729787218504
math,14,14,model.layers.14.mlp,12,0.009615384615384616,45.0,0.0033997619301347273,51.0,0.02124374966288722,55.0,0.009615384615384616,0.0070866213415130275,0.003603750491651401
math,14,14,model.layers.14.mlp,13,0.03220035778175313,7.5,0.013003873057356887,10.0,0.09394382023000973,20.0,0.03220035778175313,0.02710587571257958,0.015936456308979892
math,14,14,model.layers.14.mlp,14,0.00022361359570661896,63.0,4.738686549642218e-05,63.0,0.0002613906783579927,63.0,0.00022361359570661896,9.877537875748995e-05,4.4341832331575544e-05
math,14,14,model.layers.14.mlp,15,0.022584973166368514,13.0,0.010107378200469589,15.0,0.16121155290143008,12.0,0.022584973166368514,0.021068287584287658,0.027347630349992363
math,14,14,model.layers.14.mlp,16,0.012298747763864044,35.5,0.0057855650436046515,32.0,0.07181620555188446,28.0,0.012298747763864044,0.012059699929958242,0.012182768587142513
math,14,14,model.layers.14.mlp,17,0.009168157423971377,47.0,0.005240725276721825,38.0,0.05499547453387266,39.0,0.009168157423971377,0.01092401066728572,0.009329330816596993
math,14,14,model.layers.14.mlp,18,0.009838998211091235,43.5,0.005594707345706619,35.0,0.0638923623694077,33.0,0.009838998211091235,0.011661867298464941,0.010838582451560913
math,14,14,model.layers.14.mlp,19,0.005366726296958855,56.0,0.007687154097719142,21.0,0.05574715321413733,37.0,0.005366726296958855,0.016023460290420097,0.009456844200841964
math,14,14,model.layers.14.mlp,20,0.016547406082289804,20.5,0.00895306036169499,17.0,0.1546004726976316,13.0,0.016547406082289804,0.018662173980084473,0.02622613890366793
math,14,14,model.layers.14.mlp,21,0.016100178890876567,23.0,0.007475114252571556,23.0,0.08155834856101567,25.0,0.016100178890876567,0.015581474609436121,0.013835407750003147
math,14,14,model.layers.14.mlp,22,0.006708407871198569,54.0,0.0036660127861555232,49.0,0.029629012979633693,51.0,0.006708407871198569,0.007641606966167726,0.005026211087350429
math,14,14,model.layers.14.mlp,23,0.0176654740608229,19.0,0.006503574323568873,26.0,0.06774189519114486,30.0,0.0176654740608229,0.013556351751868966,0.01149161009588489
math,14,14,model.layers.14.mlp,24,0.016547406082289804,20.5,0.010463107250670841,14.0,0.1325609910040294,15.0,0.016547406082289804,0.02180978570408467,0.02248740189869296
math,14,14,model.layers.14.mlp,25,0.03242397137745975,6.0,0.01337226772137746,9.0,0.14681303437152787,14.0,0.03242397137745975,0.02787377462485555,0.024905092236213126
math,14,14,model.layers.14.mlp,26,0.0022361359570661895,59.5,0.0009665173580053667,59.0,0.005543128882196593,59.0,0.0022361359570661895,0.002014653577791016,0.0009403261548219605
math,14,14,model.layers.14.mlp,27,0.00424865831842576,58.0,0.0025586723641547408,56.0,0.01601375188938407,57.0,0.00424865831842576,0.005333415266827233,0.002716543320286337
math,14,14,model.layers.14.mlp,28,0.009168157423971377,47.0,0.0033354238875223613,52.0,0.051477732086864056,41.0,0.009168157423971377,0.006952512143511067,0.008732587479188106
math,14,14,model.layers.14.mlp,29,0.006932021466905188,53.0,0.003101546777169052,53.0,0.03724849714576025,47.0,0.006932021466905188,0.006465007854804745,0.006318766321033067
math,14,14,model.layers.14.mlp,30,0.0022361359570661895,59.5,0.0006160292514534884,60.0,0.0051413023834365,60.0,0.0022361359570661895,0.0012840799238473693,0.0008721610490640515
math,14,14,model.layers.14.mlp,31,0.011851520572450805,38.0,0.006281489336426655,29.0,0.08549995627087642,22.0,0.011851520572450805,0.01309342751133271,0.014504054808442317
math,14,14,model.layers.14.mlp,32,0.0013416815742397137,62.0,0.0003183873266994633,62.0,0.002183207672269272,62.0,0.0013416815742397137,0.0006636613005917988,0.0003703553208434957
math,14,14,model.layers.14.mlp,33,0.0015652951699463328,61.0,0.00040529964221824687,61.0,0.00277077245371073,61.0,0.0015652951699463328,0.0008448253593267343,0.0004700287261320103
math,14,14,model.layers.14.mlp,34,0.011404293381037567,40.0,0.005156651805679785,40.0,0.04650738670062507,43.0,0.011404293381037567,0.010748764027554689,0.007889427259661134
math,14,14,model.layers.14.mlp,35,0.009168157423971377,47.0,0.006128191734682468,30.0,0.06362316646814772,35.0,0.009168157423971377,0.012773886885121846,0.01079291655561925
math,14,14,model.layers.14.mlp,36,0.0129695885509839,31.0,0.0035800012578264756,50.0,0.0293033700936169,52.0,0.0129695885509839,0.007462320550001337,0.004970969629076424
math,14,14,model.layers.14.mlp,37,0.02370304114490161,11.0,0.007164369968694097,24.0,0.0640715665595476,32.0,0.02370304114490161,0.014933744821547143,0.010868982319690168
math,14,14,model.layers.14.mlp,38,0.021243291592128802,15.0,0.009112035652392665,16.0,0.17255709380284617,10.0,0.021243291592128802,0.01899354944430315,0.02927226697254483
math,14,14,model.layers.14.mlp,39,0.02101967799642218,16.0,0.008497753382155636,20.0,0.09770587433216184,19.0,0.02101967799642218,0.017713111009073565,0.016574644224738224
math,14,14,model.layers.14.mlp,40,0.004919499105545617,57.0,0.0016570116838103756,58.0,0.01019525069456834,58.0,0.004919499105545617,0.003453951953971584,0.0017295035144970963
math,14,14,model.layers.14.mlp,41,0.007826475849731663,50.0,0.0026558481943202146,55.0,0.024754298820905053,54.0,0.007826475849731663,0.005535973071191671,0.004199273572789695
math,14,14,model.layers.14.mlp,42,0.02817531305903399,9.0,0.014938654754584078,7.0,0.21873528373049494,6.0,0.02817531305903399,0.0311388243567794,0.03710584989910615
math,14,14,model.layers.14.mlp,43,0.012522361359570662,33.5,0.004997458142330054,41.0,0.06034556292463927,36.0,0.012522361359570662,0.01041693337725879,0.010236909938671022
math,14,14,model.layers.14.mlp,44,0.022137745974955277,14.0,0.008652579592464222,18.0,0.16812850836137966,11.0,0.022137745974955277,0.018035837937824997,0.02852100991033766
math,14,14,model.layers.14.mlp,45,0.024373881932021467,10.0,0.010852028943984795,13.0,0.17947200372521907,9.0,0.024373881932021467,0.022620472107619645,0.030445299531670255
math,14,14,model.layers.14.mlp,46,0.014311270125223614,27.0,0.00632865782927102,28.0,0.08482126089242789,23.0,0.014311270125223614,0.013191747704012977,0.014388922176841111
math,14,14,model.layers.14.mlp,47,0.007155635062611807,51.5,0.005579421260062611,36.0,0.03692418622096237,49.0,0.007155635062611807,0.0116300042730593,0.006263750814202366
math,14,14,model.layers.14.mlp,48,0.012075134168157423,37.0,0.004893512759950805,42.0,0.054494072158349435,40.0,0.012075134168157423,0.010200264804500425,0.009244273842852679
math,14,14,model.layers.14.mlp,49,0.011180679785330949,41.5,0.004713573694655635,43.0,0.04719450883234123,42.0,0.011180679785330949,0.009825191476868297,0.008005989390136744
math,14,14,model.layers.14.mlp,50,0.011180679785330949,41.5,0.005707387634168158,33.0,0.05501370950333761,38.0,0.011180679785330949,0.011896743314312246,0.009332424163167978
math,14,14,model.layers.14.mlp,51,0.013193202146690518,30.0,0.004026136585979428,46.0,0.039760713713753414,45.0,0.013193202146690518,0.008392265705768858,0.006744934103825971
math,14,14,model.layers.14.mlp,52,0.057468694096601075,1.0,0.039114472691189624,1.0,0.40417888211436265,1.0,0.057468694096601075,0.08153201978011099,0.06856415972926638
math,14,14,model.layers.14.mlp,53,0.016100178890876567,23.0,0.008565012158989267,19.0,0.10552601822800202,18.0,0.016100178890876567,0.01785330832085839,0.017901239004691424
math,14,14,model.layers.14.mlp,54,0.008944543828264758,49.0,0.005836227498881932,31.0,0.06531493949548929,31.0,0.008944543828264758,0.012165303099874084,0.011079905810143169
math,14,14,model.layers.14.mlp,55,0.0,64.0,0.0,64.0,0.0,64.0,0.0,0.0,0.0
math,14,14,model.layers.14.mlp,56,0.005813953488372093,55.0,0.0030224958771243294,54.0,0.037765341282743885,46.0,0.005813953488372093,0.006300230494849854,0.006406442806696794
math,14,14,model.layers.14.mlp,57,0.022808586762075134,12.0,0.011290302856663685,11.0,0.12521560887317965,16.0,0.022808586762075134,0.02353403056460712,0.021241344828473296
math,14,14,model.layers.14.mlp,58,0.012522361359570662,33.5,0.003998457852331171,47.0,0.032168500325334304,50.0,0.012522361359570662,0.008334570870480784,0.00545700503455077
math,14,14,model.layers.14.mlp,59,0.015876565295169946,25.0,0.0064574976939847945,27.0,0.0636506804626615,34.0,0.015876565295169946,0.013460307489574816,0.010797583978876903
math,14,14,model.layers.14.mlp,60,0.019230769230769232,17.0,0.015540708156305903,5.0,0.24281194683477575,5.0,0.019230769230769232,0.03239377237168447,0.04119017059937111
math,14,14,model.layers.14.mlp,61,0.007155635062611807,51.5,0.00517215626397585,39.0,0.04248056172898076,44.0,0.007155635062611807,0.010781082239037554,0.007206324102184693
math,14,14,model.layers.14.mlp,62,0.04338103756708408,3.0,0.02001166983452594,3.0,0.2979016867008107,4.0,0.04338103756708408,0.041713252116757506,0.05053549241296799
math,14,14,model.layers.14.mlp,63,0.016100178890876567,23.0,0.007552199798747764,22.0,0.07007053883642972,29.0,0.016100178890876567,0.015742155294696,0.011886636906817271
math,15,15,model.layers.15.mlp,0,0.007155635062611807,45.5,0.005567629136851521,35.0,0.14436728114092287,26.0,0.007155635062611807,0.01135675240355491,0.014207597924684762
math,15,15,model.layers.15.mlp,1,0.016323792486583184,23.0,0.01246296399821109,12.0,0.3721491245549565,6.0,0.016323792486583184,0.025421735690919586,0.0366242620067012
math,15,15,model.layers.15.mlp,2,0.03018783542039356,9.0,0.013377290292374777,8.0,0.3181667225518679,10.0,0.03018783542039356,0.027286762452516874,0.031311699100429385
math,15,15,model.layers.15.mlp,3,0.06507155635062611,2.0,0.03280918073568873,2.0,0.7639780061616027,2.0,0.06507155635062611,0.06692359225445967,0.07518526531126583
math,15,15,model.layers.15.mlp,4,0.006708407871198569,48.0,0.0033400097132155636,47.0,0.07282480314933763,41.0,0.006708407871198569,0.006812893317083948,0.007166897609439122
math,15,15,model.layers.15.mlp,5,0.004919499105545617,53.0,0.0019725601660330948,53.0,0.027998347828341298,53.0,0.004919499105545617,0.004023593679844348,0.0027553976590599183
math,15,15,model.layers.15.mlp,6,0.005143112701252236,52.0,0.003929179128466011,42.0,0.055023944441875534,46.0,0.005143112701252236,0.008014670771774533,0.005415064082956956
math,15,15,model.layers.15.mlp,7,0.02370304114490161,13.0,0.009270355825134169,19.0,0.36908345231003326,7.0,0.02370304114490161,0.01890950945386386,0.03632256041420381
math,15,15,model.layers.15.mlp,8,0.011627906976744186,34.0,0.003298518909324687,48.0,0.0440532888197515,49.0,0.011627906976744186,0.006728261101964892,0.004335410418930598
math,15,15,model.layers.15.mlp,9,0.0035778175313059034,57.0,0.0017175009084302326,56.0,0.016111344258985708,58.0,0.0035778175313059034,0.0035033282732177345,0.0015855635670966536
math,15,15,model.layers.15.mlp,10,0.012075134168157423,31.0,0.006022062625782648,30.0,0.11440245879144276,30.0,0.012075134168157423,0.01228369787546414,0.011258673871661625
math,15,15,model.layers.15.mlp,11,0.00424865831842576,56.0,0.00201099375279517,52.0,0.020946076283088096,55.0,0.00424865831842576,0.0041019898370072624,0.0020613634029680032
math,15,15,model.layers.15.mlp,12,0.011851520572450805,33.0,0.004850711720147585,36.0,0.0766191431362855,37.0,0.011851520572450805,0.009894396812839865,0.007540309482947266
math,15,15,model.layers.15.mlp,13,0.0129695885509839,28.0,0.006430201112477638,29.0,0.16566521537111994,22.0,0.0129695885509839,0.013116211612608952,0.01630358867672814
math,15,15,model.layers.15.mlp,14,0.009615384615384616,38.5,0.003558819110576923,46.0,0.05864807019719924,45.0,0.009615384615384616,0.007259216893659176,0.005771724686060453
math,15,15,model.layers.15.mlp,15,0.011404293381037567,35.0,0.00437946353700805,39.0,0.07578503637706231,38.0,0.011404293381037567,0.008933153022171859,0.007458222646043154
math,15,15,model.layers.15.mlp,16,0.006708407871198569,48.0,0.00264274583519678,51.0,0.031097673132935662,52.0,0.006708407871198569,0.005390626670372667,0.003060411145616436
math,15,15,model.layers.15.mlp,17,0.07938282647584974,1.0,0.04629827782591681,1.0,1.0867011491642442,1.0,0.07938282647584974,0.09443841625508684,0.10694537480793459
math,15,15,model.layers.15.mlp,18,0.005590339892665474,51.0,0.0017978620443872989,54.0,0.033017310238908144,51.0,0.005590339892665474,0.00366724751092201,0.003249328135307055
math,15,15,model.layers.15.mlp,19,0.0015652951699463328,62.0,0.0005297720538908765,61.0,0.006844313072177293,62.0,0.0015652951699463328,0.0010806197572569896,0.0006735684667029069
math,15,15,model.layers.15.mlp,20,0.014087656529516995,26.5,0.008476134489601968,24.0,0.1446753889588849,25.0,0.014087656529516995,0.017289470683400684,0.014237919698153528
math,15,15,model.layers.15.mlp,21,0.02191413237924866,14.0,0.009841618682915922,18.0,0.2353165478100717,14.0,0.02191413237924866,0.020074761426239908,0.02315817593771016
math,15,15,model.layers.15.mlp,22,0.012075134168157423,31.0,0.0076395488595706615,26.0,0.10962419305163335,31.0,0.012075134168157423,0.015583017966973837,0.010788431044672033
math,15,15,model.layers.15.mlp,23,0.0176654740608229,18.5,0.010710305092799643,16.0,0.1768008865056183,20.0,0.0176654740608229,0.02184669275120623,0.017399481990297123
math,15,15,model.layers.15.mlp,24,0.01073345259391771,37.0,0.005869856887298748,31.0,0.08867082612885559,33.0,0.01073345259391771,0.011973231275790554,0.008726350148955633
math,15,15,model.layers.15.mlp,25,0.012075134168157423,31.0,0.003881137145013417,43.0,0.07293498260177313,40.0,0.012075134168157423,0.00791667557532089,0.007177740685151252
math,15,15,model.layers.15.mlp,26,0.03488372093023256,6.0,0.012882457862813059,11.0,0.21430782683207011,16.0,0.03488372093023256,0.026277411929044352,0.02109064749076258
math,15,15,model.layers.15.mlp,27,0.012298747763864044,29.0,0.005570904726632379,34.0,0.08439909793396543,34.0,0.012298747763864044,0.011363433894222202,0.008305957133606845
math,15,15,model.layers.15.mlp,28,0.020125223613595707,17.0,0.009084302325581396,21.0,0.19116969100051362,18.0,0.020125223613595707,0.01853000078396157,0.018813557224716757
math,15,15,model.layers.15.mlp,29,0.01744186046511628,20.0,0.011254708114378354,14.0,0.3811263833361576,5.0,0.01744186046511628,0.022957156500110466,0.03750773977410923
math,15,15,model.layers.15.mlp,30,0.016547406082289804,21.5,0.004713792067307692,37.0,0.07788085084481827,36.0,0.016547406082289804,0.009615110502946982,0.0076644777548690105
math,15,15,model.layers.15.mlp,31,0.007155635062611807,45.5,0.005688825958743292,33.0,0.11692490326057393,27.0,0.007155635062611807,0.011603967558244782,0.011506914861735947
math,15,15,model.layers.15.mlp,32,0.0015652951699463328,62.0,0.000388484948009839,63.0,0.0055234297336960525,63.0,0.0015652951699463328,0.000792424793141049,0.0005435765514278805
math,15,15,model.layers.15.mlp,33,0.0013416815742397137,64.0,0.00036380883832737033,64.0,0.003734739713890608,64.0,0.0013416815742397137,0.0007420908967807687,0.00036754643980940716
math,15,15,model.layers.15.mlp,34,0.03622540250447227,4.0,0.013301296609458856,9.0,0.206346098980025,17.0,0.03622540250447227,0.027131751869035655,0.020307111032822345
math,15,15,model.layers.15.mlp,35,0.008273703041144902,43.0,0.004304124972048301,40.0,0.06498514273085619,42.0,0.008273703041144902,0.0087794787368241,0.006395374157507345
math,15,15,model.layers.15.mlp,36,0.021243291592128802,15.0,0.011877506918045616,13.0,0.33404276921198917,9.0,0.021243291592128802,0.0242275305923186,0.03287410635640838
math,15,15,model.layers.15.mlp,37,0.004695885509838999,54.0,0.0017897822562611806,55.0,0.024927254333052526,54.0,0.004695885509838999,0.003650766500609352,0.0024531625457755875
math,15,15,model.layers.15.mlp,38,0.0259391771019678,11.0,0.010262859528734347,17.0,0.1776949841135943,19.0,0.0259391771019678,0.020934001126053894,0.017487472698573644
math,15,15,model.layers.15.mlp,39,0.03220035778175313,7.0,0.017897822562611805,4.0,0.28867493087362517,11.0,0.03220035778175313,0.036507665006093516,0.02840932735157013
math,15,15,model.layers.15.mlp,40,0.008273703041144902,43.0,0.0038424851855992843,44.0,0.06322964135564077,44.0,0.008273703041144902,0.007837833985446822,0.006222610235528753
math,15,15,model.layers.15.mlp,41,0.006037567084078712,50.0,0.003078617648703041,49.0,0.05075774273846785,48.0,0.006037567084078712,0.0062797103618339,0.0049952149454750685
math,15,15,model.layers.15.mlp,42,0.002012522361359571,60.0,0.0007715105797182469,59.0,0.010675412331156313,59.0,0.002012522361359571,0.001573713768503275,0.001050597925531598
math,15,15,model.layers.15.mlp,43,0.006708407871198569,48.0,0.009105702845483005,20.0,0.21764600532852474,15.0,0.006708407871198569,0.01857365318965456,0.02141916720453457
math,15,15,model.layers.15.mlp,44,0.00872093023255814,40.0,0.004235555959302325,41.0,0.05118971391312765,47.0,0.00872093023255814,0.008639612865522082,0.005037726466895419
math,15,15,model.layers.15.mlp,45,0.015429338103756709,25.0,0.008121934047965117,25.0,0.11612568771689864,28.0,0.015429338103756709,0.01656697882591064,0.011428261769359615
math,15,15,model.layers.15.mlp,46,0.011180679785330949,36.0,0.005708479497428444,32.0,0.08436441933319692,35.0,0.011180679785330949,0.011644056502248545,0.008302544313108905
math,15,15,model.layers.15.mlp,47,0.015876565295169946,24.0,0.0067042587908094815,27.0,0.11603731418125104,29.0,0.015876565295169946,0.01367522966510587,0.011419564676419018
math,15,15,model.layers.15.mlp,48,0.0353309481216458,5.0,0.016489318956842577,5.0,0.24048727441559112,13.0,0.0353309481216458,0.03363462401915717,0.023667041963371327
math,15,15,model.layers.15.mlp,49,0.0015652951699463328,62.0,0.00047823610800536674,62.0,0.007771491044749087,61.0,0.0015652951699463328,0.0009754976374249001,0.0007648147084747234
math,15,15,model.layers.15.mlp,50,0.0026833631484794273,59.0,0.0007219399877012523,60.0,0.010280207839123038,60.0,0.0026833631484794273,0.0014726005430715614,0.001011704718729725
math,15,15,model.layers.15.mlp,51,0.014087656529516995,26.5,0.0065450651274597494,28.0,0.09622525694331883,32.0,0.014087656529516995,0.01335050921867539,0.00946980333802673
math,15,15,model.layers.15.mlp,52,0.025268336314847942,12.0,0.01314559690854204,10.0,0.38439864293407244,4.0,0.025268336314847942,0.02681415834598362,0.03782977222013821
math,15,15,model.layers.15.mlp,53,0.026833631484794274,10.0,0.013891121142665474,7.0,0.1642770579547916,23.0,0.026833631484794274,0.0283348656218597,0.01616697612663024
math,15,15,model.layers.15.mlp,54,0.016547406082289804,21.5,0.008716781152169051,22.0,0.14615224555054804,24.0,0.016547406082289804,0.017780337531091202,0.014383261388326997
math,15,15,model.layers.15.mlp,55,0.02101967799642218,16.0,0.011054897137745975,15.0,0.17131828963223425,21.0,0.02101967799642218,0.022549585569405544,0.016859923917688285
math,15,15,model.layers.15.mlp,56,0.0176654740608229,18.5,0.008581826853197675,23.0,0.269014389229162,12.0,0.0176654740608229,0.017505060115598697,0.026474477097007332
math,15,15,model.layers.15.mlp,57,0.004472271914132379,55.0,0.001660068900939177,57.0,0.01666485954056059,56.0,0.004472271914132379,0.003386179470184516,0.00164003659245001
math,15,15,model.layers.15.mlp,58,0.04092128801431127,3.0,0.019108480545617174,3.0,0.5429886765045002,3.0,0.04092128801431127,0.03897714395672532,0.05343707197687098
math,15,15,model.layers.15.mlp,59,0.0029069767441860465,58.0,0.0010169614406305904,58.0,0.016280865733226853,57.0,0.0029069767441860465,0.0020743801358391596,0.0016022466612616462
math,15,15,model.layers.15.mlp,60,0.03175313059033989,8.0,0.01391841772417263,6.0,0.3514679309933685,8.0,0.03175313059033989,0.028390544710753814,0.03458896647156673
math,15,15,model.layers.15.mlp,61,0.008273703041144902,43.0,0.002892345776498211,50.0,0.04006680776906568,50.0,0.008273703041144902,0.0058997562592204575,0.0039430893926224835
math,15,15,model.layers.15.mlp,62,0.00849731663685152,41.0,0.0038184641938729877,45.0,0.064849223988214,43.0,0.00849731663685152,0.007788836387220001,0.006381998004471643
math,15,15,model.layers.15.mlp,63,0.009615384615384616,38.5,0.004574907060599285,38.0,0.07576015085141859,39.0,0.009615384615384616,0.009331815298653724,0.0074557735901373
coding,0,0,model.layers.0.mlp,0,0.0244140625,12.0,0.00617523193359375,21.0,0.004127936961594969,18.0,0.0244140625,0.01769808948533632,0.017369169261711084
coding,0,0,model.layers.0.mlp,1,0.01171875,32.5,0.003444862365722656,34.0,0.001907936274074018,37.0,0.01171875,0.009872905676879765,0.00802804606593254
coding,0,0,model.layers.0.mlp,2,0.0087890625,43.5,0.0032320022583007812,39.0,0.001931031863205135,36.0,0.0087890625,0.009262852925902643,0.008125225649959497
coding,0,0,model.layers.0.mlp,3,0.00703125,50.0,0.0021091461181640624,50.0,0.0009883912629447878,51.0,0.00703125,0.006044770000273321,0.00415886562769872
coding,0,0,model.layers.0.mlp,4,0.008203125,46.0,0.0029857635498046877,43.0,0.0015322817955166102,43.0,0.008203125,0.008557137781179107,0.006447400265696686
coding,0,0,model.layers.0.mlp,5,0.00390625,60.0,0.0012622833251953124,59.0,0.0008216988499043509,54.0,0.00390625,0.003617678410364337,0.0034574719863520982
coding,0,0,model.layers.0.mlp,6,0.083203125,1.0,0.021932411193847656,2.0,0.02361474521458149,1.0,0.083203125,0.06285784568289284,0.09936404323039012
coding,0,0,model.layers.0.mlp,7,0.0095703125,39.5,0.002319526672363281,48.0,0.0007265088788699359,57.0,0.0095703125,0.006647716402000711,0.0030569400174057276
coding,0,0,model.layers.0.mlp,8,0.028125,7.0,0.009188461303710937,11.0,0.0053033310454338786,12.0,0.028125,0.026333943750512477,0.022314888874523094
coding,0,0,model.layers.0.mlp,9,0.00078125,62.0,0.000157928466796875,62.0,8.381213410757482e-05,62.0,0.00078125,0.00045261978298302675,0.0003526573097030092
coding,0,0,model.layers.0.mlp,10,0.00546875,55.0,0.002400970458984375,46.0,0.0012811929744202643,45.0,0.00546875,0.006881132642741958,0.005390890858232086
coding,0,0,model.layers.0.mlp,11,0.00625,52.5,0.0014928817749023438,56.0,0.0007333347137318924,56.0,0.00625,0.0042785688905895534,0.0030856611636278838
coding,0,0,model.layers.0.mlp,12,0.0,63.5,0.0,63.5,0.0,63.5,0.0,0.0,0.0
coding,0,0,model.layers.0.mlp,13,0.0201171875,16.0,0.006297874450683594,20.0,0.0034327689558267594,22.0,0.0201171875,0.018049580452073142,0.014444102607386792
coding,0,0,model.layers.0.mlp,14,0.0099609375,37.0,0.003528404235839844,33.0,0.0013976202200865373,44.0,0.0099609375,0.010112334982370788,0.005880783159269297
coding,0,0,model.layers.0.mlp,15,0.01171875,32.5,0.0024663925170898436,45.0,0.001066988951060921,48.0,0.01171875,0.007068630934484926,0.004489582051222012
coding,0,0,model.layers.0.mlp,16,0.005078125,56.0,0.0012462615966796875,60.0,0.0005749373085564002,59.0,0.005078125,0.003571760461366059,0.002419170525155071
coding,0,0,model.layers.0.mlp,17,0.011328125,35.0,0.0033929824829101564,35.0,0.0025472201872617007,29.0,0.011328125,0.009724218984885341,0.01071796856178275
coding,0,0,model.layers.0.mlp,18,0.0173828125,20.0,0.006546974182128906,19.0,0.004165491089224815,15.0,0.0173828125,0.01876349523054637,0.01752718620948605
coding,0,0,model.layers.0.mlp,19,0.0076171875,48.0,0.0017473220825195313,55.0,0.000833812594646588,53.0,0.0076171875,0.0050077896520622075,0.003508443133629449
coding,0,0,model.layers.0.mlp,20,0.0072265625,49.0,0.00205535888671875,51.0,0.0015426970669068397,42.0,0.0072265625,0.0058906168857791015,0.0064912247265270315
coding,0,0,model.layers.0.mlp,21,0.0716796875,2.0,0.028702735900878906,1.0,0.02219201698899269,2.0,0.0716796875,0.0822614589881652,0.0933776128188856
coding,0,0,model.layers.0.mlp,22,0.0095703125,39.5,0.004313468933105469,29.0,0.003785702493041754,20.0,0.0095703125,0.012362314483286414,0.015929145233535096
coding,0,0,model.layers.0.mlp,23,0.017578125,19.0,0.003620338439941406,32.0,0.002012717362958938,35.0,0.017578125,0.010375816546860907,0.008468934695095461
coding,0,0,model.layers.0.mlp,24,0.025,10.0,0.00840911865234375,14.0,0.004153629159554839,16.0,0.025,0.024100363517096237,0.017477274627471794
coding,0,0,model.layers.0.mlp,25,0.0265625,8.0,0.009893989562988282,10.0,0.004153332859277725,17.0,0.0265625,0.02835597343318665,0.01747602788128517
coding,0,0,model.layers.0.mlp,26,0.0095703125,39.5,0.0033716201782226563,36.0,0.0025681774131953716,28.0,0.0095703125,0.009662995052887638,0.010806150529648171
coding,0,0,model.layers.0.mlp,27,0.0259765625,9.0,0.014177894592285157,3.0,0.012001596810296177,5.0,0.0259765625,0.04063355836772624,0.05049926109537812
coding,0,0,model.layers.0.mlp,28,0.0,63.5,0.0,63.5,0.0,63.5,0.0,0.0,0.0
coding,0,0,model.layers.0.mlp,29,0.0296875,6.0,0.011572456359863282,7.0,0.005135764856822789,13.0,0.0296875,0.03316642523300626,0.021609818637355213
coding,0,0,model.layers.0.mlp,30,0.01484375,27.0,0.0051910400390625,23.0,0.002740225801244378,24.0,0.01484375,0.014877415475442097,0.011530080570496735
coding,0,0,model.layers.0.mlp,31,0.0169921875,21.0,0.005657958984375,22.0,0.0027005111100152136,26.0,0.0169921875,0.016215595703391913,0.01136297259366624
coding,0,0,model.layers.0.mlp,32,0.0150390625,26.0,0.004815483093261718,28.0,0.0020836157258599997,32.0,0.0150390625,0.01380107688523246,0.008767254576688553
coding,0,0,model.layers.0.mlp,33,0.0185546875,18.0,0.00875091552734375,12.0,0.006287986040115356,10.0,0.0185546875,0.025079946429059502,0.026458033361982426
coding,0,0,model.layers.0.mlp,34,0.0048828125,57.0,0.0010051727294921875,61.0,0.0004683144667069428,60.0,0.0048828125,0.0028808046573919697,0.001970532330221901
coding,0,0,model.layers.0.mlp,35,0.0046875,58.0,0.0019336700439453124,52.0,0.0009969631151761859,49.0,0.0046875,0.00554185913029218,0.004194933511893348
coding,0,0,model.layers.0.mlp,36,0.0154296875,24.0,0.010012435913085937,9.0,0.009731590509181843,6.0,0.0154296875,0.02869543827042392,0.04094772868680878
coding,0,0,model.layers.0.mlp,37,0.009375,42.0,0.0023426055908203126,47.0,0.0009958480019122361,50.0,0.009375,0.00671386011424823,0.004190241436600599
coding,0,0,model.layers.0.mlp,38,0.008203125,46.0,0.002706146240234375,44.0,0.0027115891920402647,25.0,0.008203125,0.007755760242709159,0.011409585970657804
coding,0,0,model.layers.0.mlp,39,0.015625,23.0,0.004143714904785156,30.0,0.0012164366198703647,46.0,0.015625,0.011875802880804658,0.005118414777949602
coding,0,0,model.layers.0.mlp,40,0.04140625,3.0,0.01334228515625,4.0,0.01286688055843115,4.0,0.04140625,0.038238718670566045,0.054140125774415515
coding,0,0,model.layers.0.mlp,41,0.023828125,13.0,0.011755752563476562,6.0,0.01574265640228987,3.0,0.023828125,0.03369174843523656,0.06624056186523758
coding,0,0,model.layers.0.mlp,42,0.0162109375,22.0,0.0073566436767578125,16.0,0.003549561556428671,21.0,0.0162109375,0.02108399158170935,0.014935532216715468
coding,0,0,model.layers.0.mlp,43,0.0087890625,43.5,0.0022251129150390623,49.0,0.000762251450214535,55.0,0.0087890625,0.006377128488260858,0.0032073344583356716
coding,0,0,model.layers.0.mlp,44,0.015234375,25.0,0.004982185363769531,25.0,0.002501397836022079,31.0,0.015234375,0.014278842211714543,0.010525161311561795
coding,0,0,model.layers.0.mlp,45,0.010546875,36.0,0.0032047271728515626,40.0,0.0011629508197074756,47.0,0.010546875,0.009184683084155574,0.004893361942896539
coding,0,0,model.layers.0.mlp,46,0.00390625,60.0,0.001441192626953125,58.0,0.0007132807280868292,58.0,0.00390625,0.004130428840845109,0.003001279770626562
coding,0,0,model.layers.0.mlp,47,0.00625,52.5,0.0018222808837890625,54.0,0.0009068383718840778,52.0,0.00625,0.005222620056304152,0.0038157145617318494
coding,0,0,model.layers.0.mlp,48,0.008203125,46.0,0.003116607666015625,41.0,0.0018561800592578948,38.0,0.008203125,0.008932134364665044,0.007810270827635446
coding,0,0,model.layers.0.mlp,49,0.0189453125,17.0,0.008236885070800781,15.0,0.0063448634929955,9.0,0.0189453125,0.023606745565364746,0.026697357294358685
coding,0,0,model.layers.0.mlp,50,0.012890625,29.0,0.0038496017456054687,31.0,0.0016973611200228333,40.0,0.012890625,0.011032880531336267,0.007142006495305785
coding,0,0,model.layers.0.mlp,51,0.0095703125,39.5,0.00306396484375,42.0,0.001787593448534608,39.0,0.0095703125,0.008781261103670703,0.007521678133070759
coding,0,0,model.layers.0.mlp,52,0.030078125,5.0,0.010382843017578126,8.0,0.0069147500209510325,8.0,0.030078125,0.02975701751988411,0.029095275590137085
coding,0,0,model.layers.0.mlp,53,0.03203125,4.0,0.008594131469726563,13.0,0.004177441168576479,14.0,0.03203125,0.024630606499576352,0.017577468699960352
coding,0,0,model.layers.0.mlp,54,0.024609375,11.0,0.01231689453125,5.0,0.00812765364535153,7.0,0.024609375,0.035299969934676254,0.03419882454118867
coding,0,0,model.layers.0.mlp,55,0.0126953125,30.0,0.004877471923828125,26.0,0.002027202257886529,34.0,0.0126953125,0.013978735616475797,0.008529882959101466
coding,0,0,model.layers.0.mlp,56,0.01171875,32.5,0.004855155944824219,27.0,0.0025468324543908238,30.0,0.01171875,0.013914778473228195,0.010716337093588045
coding,0,0,model.layers.0.mlp,57,0.00390625,60.0,0.0032329559326171875,38.0,0.005601861979812384,11.0,0.00390625,0.00926558613715254,0.023571021024146214
coding,0,0,model.layers.0.mlp,58,0.0068359375,51.0,0.00191802978515625,53.0,0.0020510194706730546,33.0,0.0068359375,0.005497034465793861,0.00863009892753319
coding,0,0,model.layers.0.mlp,59,0.0134765625,28.0,0.005086326599121093,24.0,0.00298844869248569,23.0,0.0134765625,0.01457730888020335,0.012574530970954349
coding,0,0,model.layers.0.mlp,60,0.01171875,32.5,0.0033412933349609374,37.0,0.0016915353015065193,41.0,0.01171875,0.009576078935140897,0.00711749312970953
coding,0,0,model.layers.0.mlp,61,0.0220703125,14.5,0.00714569091796875,17.0,0.00398134058341384,19.0,0.0220703125,0.02047940525323202,0.016752333944342765
coding,0,0,model.layers.0.mlp,62,0.005859375,54.0,0.0014720916748046874,57.0,0.00045565027103293686,61.0,0.005859375,0.004218984885341788,0.0019172450440371224
coding,0,0,model.layers.0.mlp,63,0.0220703125,14.5,0.006696891784667969,18.0,0.0026535511948168277,27.0,0.0220703125,0.019193156039030258,0.01116537880209797
coding,1,1,model.layers.1.mlp,0,0.01015625,32.0,0.0025209426879882813,37.0,0.0015402782009914517,39.0,0.01015625,0.00812060047100343,0.0052832660533264795
coding,1,1,model.layers.1.mlp,1,0.015234375,21.0,0.00422515869140625,21.0,0.0029617652762681246,23.0,0.015234375,0.013610315626365133,0.010159069921236486
coding,1,1,model.layers.1.mlp,2,0.0064453125,46.5,0.00157928466796875,47.0,0.0012111667543649673,43.0,0.0064453125,0.005087279405304411,0.004154389897964644
coding,1,1,model.layers.1.mlp,3,0.004296875,57.0,0.0010967254638671875,55.0,0.0006641244806814938,54.0,0.004296875,0.003532832920350285,0.002277995184057719
coding,1,1,model.layers.1.mlp,4,0.01171875,28.0,0.003961753845214844,24.0,0.0024626766797155144,27.0,0.01171875,0.012761821319755786,0.008447159801316925
coding,1,1,model.layers.1.mlp,5,0.0005859375,64.0,0.000131988525390625,64.0,0.00011731346603482962,64.0,0.0005859375,0.0004251687618925908,0.0004023937054364142
coding,1,1,model.layers.1.mlp,6,0.0091796875,37.5,0.0019483566284179688,42.0,0.0008199247880838811,50.0,0.0091796875,0.0062761544837179415,0.002812401549522753
coding,1,1,model.layers.1.mlp,7,0.0125,27.0,0.0035711288452148437,26.0,0.0023988380562514067,28.0,0.0125,0.011503518394385806,0.00822818868816223
coding,1,1,model.layers.1.mlp,8,0.0080078125,41.5,0.0016332626342773437,45.0,0.0006541714246850461,55.0,0.0080078125,0.005261156225558172,0.0022438554793997923
coding,1,1,model.layers.1.mlp,9,0.01015625,32.0,0.0035001754760742186,27.0,0.04146135002374649,2.0,0.01015625,0.011274959464582275,0.14221544066815145
coding,1,1,model.layers.1.mlp,10,0.009375,35.5,0.001966094970703125,41.0,0.0007932553126011044,51.0,0.009375,0.006333294216168824,0.002720923312417611
coding,1,1,model.layers.1.mlp,11,0.0341796875,5.0,0.010461044311523438,6.0,0.01647079549729824,5.0,0.0341796875,0.03369769640861421,0.056496024332581836
coding,1,1,model.layers.1.mlp,12,0.014453125,23.5,0.004179954528808594,22.0,0.004209106834605336,13.0,0.014453125,0.013464701469474174,0.014437542023110319
coding,1,1,model.layers.1.mlp,13,0.00390625,58.0,0.0009489059448242188,59.0,0.0005974995736323762,56.0,0.00390625,0.0030566684832595945,0.0020494669159227415
coding,1,1,model.layers.1.mlp,14,0.0021484375,63.0,0.000403594970703125,63.0,0.00015469073405256496,63.0,0.0021484375,0.001300082514688905,0.0005306004483203139
coding,1,1,model.layers.1.mlp,15,0.061328125,4.0,0.01889972686767578,4.0,0.012097772397100925,6.0,0.061328125,0.060880848912102506,0.041496237618199046
coding,1,1,model.layers.1.mlp,16,0.0171875,17.0,0.004599189758300782,19.0,0.002379757701419294,29.0,0.0171875,0.014815165253635899,0.008162741685857686
coding,1,1,model.layers.1.mlp,17,0.0150390625,22.0,0.005217170715332032,15.0,0.003101812209933996,20.0,0.0150390625,0.016805839803537625,0.010639441071093117
coding,1,1,model.layers.1.mlp,18,0.0697265625,3.0,0.023380088806152343,2.0,0.027699247002601624,3.0,0.0697265625,0.07531323939889001,0.09501042817937184
coding,1,1,model.layers.1.mlp,19,0.005859375,50.5,0.0015613555908203125,48.0,0.0011700539267621934,44.0,0.005859375,0.005029525267128249,0.004013369914503095
coding,1,1,model.layers.1.mlp,20,0.0126953125,26.0,0.0032064437866210936,29.0,0.0023385117063298823,30.0,0.0126953125,0.010328774647653676,0.008021264928249033
coding,1,1,model.layers.1.mlp,21,0.0263671875,8.0,0.007443046569824219,11.0,0.007899855636060238,7.0,0.0263671875,0.02397595461753551,0.02709707835981284
coding,1,1,model.layers.1.mlp,22,0.0091796875,37.5,0.003045463562011719,31.0,0.0028707479359582067,25.0,0.0091796875,0.009810216215518783,0.00984687383613061
coding,1,1,model.layers.1.mlp,23,0.0169921875,18.0,0.004981040954589844,17.0,0.00301071444991976,22.0,0.0169921875,0.016045205515643077,0.010326969140562973
coding,1,1,model.layers.1.mlp,24,0.021484375,12.0,0.006541061401367188,12.0,0.004087612498551607,14.0,0.021484375,0.02107042994269438,0.014020807629978652
coding,1,1,model.layers.1.mlp,25,0.103125,1.0,0.04692840576171875,1.0,0.04883687049150467,1.0,0.103125,0.1511683846474755,0.16751401133404747
coding,1,1,model.layers.1.mlp,26,0.0197265625,14.0,0.005033302307128906,16.0,0.0033416072838008404,17.0,0.0197265625,0.016213552684369335,0.011461955583536472
coding,1,1,model.layers.1.mlp,27,0.0154296875,19.5,0.004116249084472656,23.0,0.004471916958573274,12.0,0.0154296875,0.013259489957231217,0.015338999828289006
coding,1,1,model.layers.1.mlp,28,0.0109375,30.0,0.0032587051391601562,28.0,0.0017960272263735533,35.0,0.0109375,0.010497121816379934,0.006160503777721235
coding,1,1,model.layers.1.mlp,29,0.0224609375,11.0,0.005711936950683593,14.0,0.0030235837679356337,21.0,0.0224609375,0.018399608254909564,0.010371111835667638
coding,1,1,model.layers.1.mlp,30,0.0234375,10.0,0.0105804443359375,5.0,0.0077736456878483295,8.0,0.0234375,0.03408231439263844,0.026664169074626008
coding,1,1,model.layers.1.mlp,31,0.0177734375,16.0,0.00592803955078125,13.0,0.003680451214313507,16.0,0.0177734375,0.01909572994164989,0.012624214865204528
coding,1,1,model.layers.1.mlp,32,0.0095703125,34.0,0.0030305862426757814,32.0,0.0021273787831887605,32.0,0.0095703125,0.009762292568947074,0.007297063673661994
coding,1,1,model.layers.1.mlp,33,0.003515625,59.5,0.0009775161743164062,58.0,0.0007769264382659457,52.0,0.003515625,0.003148829342051341,0.0026649140879746193
coding,1,1,model.layers.1.mlp,34,0.020703125,13.0,0.008235549926757813,7.0,0.005446157697588205,10.0,0.020703125,0.02652881040606689,0.018680716292816087
coding,1,1,model.layers.1.mlp,35,0.00234375,62.0,0.000449371337890625,62.0,0.0003986993440776132,60.0,0.00234375,0.0014475398887556993,0.001367567695688292
coding,1,1,model.layers.1.mlp,36,0.005859375,50.5,0.0019458770751953126,43.0,0.001541230289149098,38.0,0.005859375,0.006268167209289323,0.005286531784828639
coding,1,1,model.layers.1.mlp,37,0.0048828125,54.0,0.0011125564575195312,53.0,0.0011485497932881116,45.0,0.0048828125,0.0035838285955483848,0.003939609175490696
coding,1,1,model.layers.1.mlp,38,0.002734375,61.0,0.0005186080932617187,61.0,0.0002643027692101896,62.0,0.002734375,0.0016705691670317261,0.0009065776867253914
coding,1,1,model.layers.1.mlp,39,0.003515625,59.5,0.0009794235229492188,57.0,0.000844972176128067,49.0,0.003515625,0.003154973399304124,0.002898315908950266
coding,1,1,model.layers.1.mlp,40,0.0072265625,43.0,0.0018140792846679688,44.0,0.0015811253571882844,37.0,0.0072265625,0.00584361285312201,0.005423374764577953
coding,1,1,model.layers.1.mlp,41,0.008203125,40.0,0.003098869323730469,30.0,0.002489003189839423,26.0,0.008203125,0.00998224981859671,0.008537461642341926
coding,1,1,model.layers.1.mlp,42,0.0185546875,15.0,0.004719924926757812,18.0,0.0029268811224028466,24.0,0.0185546875,0.01520408407773707,0.010039414740895165
coding,1,1,model.layers.1.mlp,43,0.005078125,52.0,0.00110321044921875,54.0,0.000587495848594699,57.0,0.005078125,0.0035537227150097476,0.0020151534127748347
coding,1,1,model.layers.1.mlp,44,0.02890625,6.0,0.007985496520996093,9.0,0.0038923852844163775,15.0,0.02890625,0.025723324500227022,0.013351164112033492
coding,1,1,model.layers.1.mlp,45,0.014453125,23.5,0.004367446899414063,20.0,0.0031782235018908978,19.0,0.014453125,0.014068662297422752,0.010901537349951612
coding,1,1,model.layers.1.mlp,46,0.0048828125,54.0,0.0015390396118164062,49.0,0.0009384917779243551,48.0,0.0048828125,0.004957639797270687,0.0032190949326181347
coding,1,1,model.layers.1.mlp,47,0.069921875,2.0,0.020845413208007812,3.0,0.016647357353940608,4.0,0.069921875,0.06714840171566655,0.057101644319224806
coding,1,1,model.layers.1.mlp,48,0.0275390625,7.0,0.007716178894042969,10.0,0.004501933243591339,11.0,0.0275390625,0.02485578361613405,0.015441957865077965
coding,1,1,model.layers.1.mlp,49,0.01015625,32.0,0.002451515197753906,38.0,0.0019169778563082219,34.0,0.01015625,0.007896956787002123,0.006575373219391555
coding,1,1,model.layers.1.mlp,50,0.0060546875,48.5,0.0014507293701171875,50.0,0.0010012200800701976,47.0,0.0060546875,0.004673169946466829,0.003434257563042049
coding,1,1,model.layers.1.mlp,51,0.0154296875,19.5,0.0036718368530273436,25.0,0.002227916684933007,31.0,0.0154296875,0.011827924617332754,0.007641915975678698
coding,1,1,model.layers.1.mlp,52,0.0064453125,46.5,0.0011722564697265625,52.0,0.0006863573915325105,53.0,0.0064453125,0.003776137587560496,0.0023542556823821135
coding,1,1,model.layers.1.mlp,53,0.00859375,39.0,0.002872276306152344,33.0,0.0021076383301988242,33.0,0.00859375,0.009252335816966077,0.007229352486753108
coding,1,1,model.layers.1.mlp,54,0.0046875,56.0,0.0010858535766601562,56.0,0.00044214201625436544,59.0,0.0046875,0.003497811794009421,0.0015165792151848921
coding,1,1,model.layers.1.mlp,55,0.009375,35.5,0.002220344543457031,40.0,0.0014165252214297652,41.0,0.009375,0.007152297047964812,0.004858784348985399
coding,1,1,model.layers.1.mlp,56,0.0068359375,44.0,0.001386260986328125,51.0,0.0005392924649640918,58.0,0.0068359375,0.0044655008113227606,0.0018498123073646996
coding,1,1,model.layers.1.mlp,57,0.0048828125,54.0,0.0008867263793945312,60.0,0.00035886605037376284,61.0,0.0048828125,0.002856372216818865,0.0012309366063939862
coding,1,1,model.layers.1.mlp,58,0.0080078125,41.5,0.002533721923828125,36.0,0.001674348913365975,36.0,0.0080078125,0.008161765654597076,0.005743138330281173
coding,1,1,model.layers.1.mlp,59,0.006640625,45.0,0.0023912429809570313,39.0,0.0032081929966807365,18.0,0.006640625,0.007702804577814178,0.011004334892860797
coding,1,1,model.layers.1.mlp,60,0.012890625,25.0,0.0028598785400390627,34.0,0.0015206222189590335,40.0,0.012890625,0.009212399444822987,0.005215844607934455
coding,1,1,model.layers.1.mlp,61,0.0236328125,9.0,0.008233261108398438,8.0,0.006661524856463074,9.0,0.0236328125,0.026521437537363548,0.022849513883198322
coding,1,1,model.layers.1.mlp,62,0.011328125,29.0,0.002605628967285156,35.0,0.001270980981644243,42.0,0.011328125,0.008393396613026998,0.004359557040034913
coding,1,1,model.layers.1.mlp,63,0.0060546875,48.5,0.0016172409057617187,46.0,0.0011181535199284553,46.0,0.0060546875,0.005209546144634794,0.0038353477511029886
coding,2,2,model.layers.2.mlp,0,0.01015625,29.0,0.0021409988403320312,33.0,0.0017192384228110313,33.0,0.01015625,0.006462993603939403,0.002452843420377241
coding,2,2,model.layers.2.mlp,1,0.0025390625,54.0,0.0006561279296875,53.0,0.0009274325333535671,49.0,0.0025390625,0.001980641246997911,0.0013231712117977316
coding,2,2,model.layers.2.mlp,2,0.00390625,50.5,0.0006380081176757812,54.0,0.00021940132428426294,59.0,0.00390625,0.0019259433055837242,0.0003130206302699988
coding,2,2,model.layers.2.mlp,3,0.01171875,25.0,0.0035335540771484373,20.0,0.0025985507061704995,25.0,0.01171875,0.010666674343570725,0.003707361304620818
coding,2,2,model.layers.2.mlp,4,0.0013671875,61.5,0.0002704620361328125,61.0,0.00021513504907488823,60.0,0.0013671875,0.0008164387465822783,0.00030693392063276106
coding,2,2,model.layers.2.mlp,5,0.0794921875,2.0,0.031038475036621094,2.0,0.036971672996878625,3.0,0.0794921875,0.09369527057128402,0.052747614087438464
coding,2,2,model.layers.2.mlp,6,0.00703125,37.0,0.0015438079833984375,38.0,0.0013131626532413066,35.0,0.00703125,0.004660264608488689,0.0018734937116061015
coding,2,2,model.layers.2.mlp,7,0.0013671875,61.5,0.00048694610595703127,55.0,0.00027544811891857537,58.0,0.0013671875,0.001469935204530717,0.00039298278655268095
coding,2,2,model.layers.2.mlp,8,0.001953125,58.0,0.0003742218017578125,59.0,0.00034434290137141943,56.0,0.001953125,0.001129656432154041,0.0004912752116146319
coding,2,2,model.layers.2.mlp,9,0.01328125,21.0,0.0031183242797851564,24.0,0.003237529459875077,19.0,0.01328125,0.009413227833479315,0.004618994508596386
coding,2,2,model.layers.2.mlp,10,0.006640625,38.0,0.0015066146850585937,39.0,0.0009935086956829764,48.0,0.006640625,0.004547989886638517,0.00141744230175422
coding,2,2,model.layers.2.mlp,11,0.0056640625,41.5,0.0016748428344726563,36.0,0.0018620074901264162,32.0,0.0056640625,0.005055817090083911,0.0026565325438586487
coding,2,2,model.layers.2.mlp,12,0.0173828125,16.0,0.004808235168457031,17.0,0.004858486726880074,16.0,0.0173828125,0.014514530580107654,0.006931619863132738
coding,2,2,model.layers.2.mlp,13,0.0052734375,44.0,0.0014451980590820313,42.0,0.0013531405944377183,34.0,0.0052734375,0.004362592653634642,0.001930530378959961
coding,2,2,model.layers.2.mlp,14,0.03984375,6.0,0.013467216491699218,7.0,0.01023235134780407,8.0,0.03984375,0.04065323736243648,0.014598531155098592
coding,2,2,model.layers.2.mlp,15,0.01953125,14.0,0.00677947998046875,14.0,0.007503010146319866,12.0,0.01953125,0.020465090838166784,0.010704570597214481
coding,2,2,model.layers.2.mlp,16,0.0208984375,13.0,0.006978225708007812,13.0,0.00742263812571764,13.0,0.0208984375,0.021065040890309757,0.010589903556680182
coding,2,2,model.layers.2.mlp,17,0.0083984375,33.0,0.0024724960327148437,29.0,0.0020939428126439453,28.0,0.0083984375,0.007463678047916836,0.0029874354728776594
coding,2,2,model.layers.2.mlp,18,0.0041015625,49.0,0.00124053955078125,46.0,0.0013128017541021108,36.0,0.0041015625,0.003744793799556515,0.0018729788155525636
coding,2,2,model.layers.2.mlp,19,0.0091796875,30.0,0.0027984619140625,26.0,0.002129945275373757,27.0,0.0091796875,0.008447665225567834,0.0030388003113157205
coding,2,2,model.layers.2.mlp,20,0.0060546875,39.0,0.0014528274536132813,41.0,0.001989316823892295,29.0,0.0060546875,0.004385623365809037,0.0028381652118685177
coding,2,2,model.layers.2.mlp,21,0.0046875,45.5,0.0011651992797851562,49.0,0.0012342133210040628,38.0,0.0046875,0.003517365516834371,0.001760856425496201
coding,2,2,model.layers.2.mlp,22,0.0162109375,18.5,0.003456306457519531,21.0,0.0028788103489205243,22.0,0.0162109375,0.010433488382804982,0.004107208708910847
coding,2,2,model.layers.2.mlp,23,0.0046875,45.5,0.0012325286865234376,47.0,0.0010482261335710064,44.0,0.0046875,0.003720611551773401,0.001495507860156591
coding,2,2,model.layers.2.mlp,24,0.0390625,7.0,0.01115727424621582,8.0,0.010879701282829047,7.0,0.0390625,0.03368025742578533,0.015522107552496368
coding,2,2,model.layers.2.mlp,25,0.00234375,55.0,0.00040111541748046877,58.0,0.00032646233739797026,57.0,0.00234375,0.0012108396925687808,0.00046576494898148353
coding,2,2,model.layers.2.mlp,26,0.005859375,40.0,0.0027704238891601562,27.0,0.002218818385154009,26.0,0.005859375,0.008363027358326934,0.0031655958852632414
coding,2,2,model.layers.2.mlp,27,0.011328125,27.0,0.0026981353759765623,28.0,0.0019016432925127447,30.0,0.011328125,0.008144811360474548,0.0027130810805855786
coding,2,2,model.layers.2.mlp,28,0.01640625,17.0,0.004863357543945313,16.0,0.0040316608967259525,17.0,0.01640625,0.014680927475567653,0.00575198458370739
coding,2,2,model.layers.2.mlp,29,0.0123046875,23.5,0.003262901306152344,22.0,0.0034194051753729583,18.0,0.0123046875,0.009849659829184086,0.004878477222666938
coding,2,2,model.layers.2.mlp,30,0.0322265625,9.0,0.017850303649902345,4.0,0.40031529068946836,1.0,0.0322265625,0.05388438150662601,0.5711312135745532
coding,2,2,model.layers.2.mlp,31,0.0044921875,47.0,0.0013721466064453125,43.0,0.0010954841214697807,42.0,0.0044921875,0.004142073584564816,0.0015629309953889036
coding,2,2,model.layers.2.mlp,32,0.029296875,10.0,0.009673309326171876,10.0,0.009258446656167508,11.0,0.029296875,0.029200639965914547,0.013209057953906743
coding,2,2,model.layers.2.mlp,33,0.0177734375,15.0,0.005335426330566407,15.0,0.005164731247350574,15.0,0.0177734375,0.0161059527913583,0.00736853998258566
coding,2,2,model.layers.2.mlp,34,0.0341796875,8.0,0.010930252075195313,9.0,0.009457621350884437,10.0,0.0341796875,0.03299494979664601,0.013493221181624325
coding,2,2,model.layers.2.mlp,35,0.025,12.0,0.007848358154296875,12.0,0.00950581142678857,9.0,0.025,0.023691693613799428,0.013561974130046488
coding,2,2,model.layers.2.mlp,36,0.00546875,43.0,0.001190948486328125,48.0,0.0010695483186282217,43.0,0.00546875,0.003595094170422952,0.0015259282955259587
coding,2,2,model.layers.2.mlp,37,0.003515625,52.0,0.0006671905517578125,51.0,0.0003655292312032543,55.0,0.003515625,0.0020140357796507823,0.0005215018218627848
coding,2,2,model.layers.2.mlp,38,0.0162109375,18.5,0.004447746276855469,18.0,0.0032199193490669133,20.0,0.0162109375,0.013426329429867523,0.004593870102432118
coding,2,2,model.layers.2.mlp,39,0.010546875,28.0,0.0031459808349609377,23.0,0.0032037097960710527,21.0,0.010546875,0.009496714165111494,0.004570743876955989
coding,2,2,model.layers.2.mlp,40,0.1166015625,1.0,0.05440731048583984,1.0,0.05316610559821129,2.0,0.1166015625,0.1642383419614538,0.07585226724425519
coding,2,2,model.layers.2.mlp,41,0.008203125,35.0,0.0015716552734375,37.0,0.0012009404366835953,40.0,0.008203125,0.004744326707925228,0.0017133858860413004
coding,2,2,model.layers.2.mlp,42,0.0126953125,22.0,0.0023035049438476563,31.0,0.0011265611043199896,41.0,0.0126953125,0.0069535477732540025,0.001607268634600501
coding,2,2,model.layers.2.mlp,43,0.0123046875,23.5,0.002257537841796875,32.0,0.0010429731104522944,45.0,0.0123046875,0.006814787732403276,0.0014880133538549257
coding,2,2,model.layers.2.mlp,44,0.0029296875,53.0,0.000662994384765625,52.0,0.00046900371089577677,54.0,0.0029296875,0.0020013688879548653,0.0006691292209036792
coding,2,2,model.layers.2.mlp,45,0.043359375,5.0,0.015517902374267579,6.0,0.015530905872583389,6.0,0.043359375,0.046843604911011485,0.022157997271709175
coding,2,2,model.layers.2.mlp,46,0.0083984375,33.0,0.0023284912109375,30.0,0.0018966511823236942,31.0,0.0083984375,0.007028973355625144,0.002705958819665543
coding,2,2,model.layers.2.mlp,47,0.0056640625,41.5,0.0012762069702148438,45.0,0.0010327324038371445,46.0,0.0056640625,0.0038524623789718084,0.0014734029022109275
coding,2,2,model.layers.2.mlp,48,0.0083984375,33.0,0.00171966552734375,35.0,0.0010310899000614882,47.0,0.0083984375,0.005191122524108477,0.0014710595363777723
coding,2,2,model.layers.2.mlp,49,0.00390625,50.5,0.00131378173828125,44.0,0.0012258524424396456,39.0,0.00390625,0.0039658886364307006,0.0017489279310516825
coding,2,2,model.layers.2.mlp,50,0.0072265625,36.0,0.0014591217041015625,40.0,0.0008839278132654726,50.0,0.0072265625,0.004404623703352912,0.0012611028767677594
coding,2,2,model.layers.2.mlp,51,0.0005859375,63.0,9.8419189453125e-05,63.0,5.403369359555654e-05,64.0,0.0005859375,0.0002970961870496866,7.709005804898087e-05
coding,2,2,model.layers.2.mlp,52,0.004296875,48.0,0.0011211395263671874,50.0,0.0008592100275564007,51.0,0.004296875,0.0033843631540272437,0.0012258379261719829
coding,2,2,model.layers.2.mlp,53,0.001953125,58.0,0.00041561126708984376,57.0,0.0005040577845647932,53.0,0.001953125,0.00125459804570013,0.0007191409893795613
coding,2,2,model.layers.2.mlp,54,0.0115234375,26.0,0.003014373779296875,25.0,0.0028670668601989747,23.0,0.0115234375,0.009099434380103192,0.004090454232823795
coding,2,2,model.layers.2.mlp,55,0.0015625,60.0,0.00031147003173828127,60.0,0.0002020272135268897,61.0,0.0015625,0.0009402288245196477,0.0002882329261966746
coding,2,2,model.layers.2.mlp,56,0.0087890625,31.0,0.0018011093139648437,34.0,0.0012906845659017563,37.0,0.0087890625,0.005436975376570137,0.0018414241464417003
coding,2,2,model.layers.2.mlp,57,0.000390625,64.0,6.7901611328125e-05,64.0,5.6153495097532866e-05,63.0,0.000390625,0.00020497333835210936,8.011438620361049e-05
coding,2,2,model.layers.2.mlp,58,0.0021484375,56.0,0.00047321319580078124,56.0,0.0005441508488729596,52.0,0.0021484375,0.001428479922616807,0.0007763419032762238
coding,2,2,model.layers.2.mlp,59,0.001953125,58.0,0.00023326873779296874,62.0,0.0001844481739681214,62.0,0.001953125,0.0007041640247321061,0.0002631528494916792
coding,2,2,model.layers.2.mlp,60,0.0654296875,3.0,0.027250003814697266,3.0,0.03025746941566467,4.0,0.0654296875,0.08225908255718634,0.043168436552349074
coding,2,2,model.layers.2.mlp,61,0.0626953125,4.0,0.017688751220703125,5.0,0.015787814743816853,5.0,0.0626953125,0.05339670617633321,0.022524530049292873
coding,2,2,model.layers.2.mlp,62,0.02734375,11.0,0.00803680419921875,11.0,0.0068255231715738775,14.0,0.02734375,0.024260552204506968,0.009737997580727381
coding,2,2,model.layers.2.mlp,63,0.0142578125,20.0,0.004046249389648438,19.0,0.002709018113091588,24.0,0.0142578125,0.012214338201690022,0.0038649655371911307
coding,3,3,model.layers.3.mlp,0,0.00234375,56.0,0.000775146484375,50.0,0.0009004832245409489,49.0,0.00234375,0.002245677940275687,0.0019973514494416715
coding,3,3,model.layers.3.mlp,1,0.0,63.0,0.0,63.0,0.0,63.0,0.0,0.0,0.0
coding,3,3,model.layers.3.mlp,2,0.0017578125,57.5,0.00040798187255859376,57.0,0.0003991968231275678,53.0,0.0017578125,0.0011819648411047475,0.0008854538669421929
coding,3,3,model.layers.3.mlp,3,0.0033203125,52.0,0.0005929946899414062,54.0,0.00036032397765666245,55.0,0.0033203125,0.0017179657274402338,0.0007992304569671588
coding,3,3,model.layers.3.mlp,4,0.009765625,35.5,0.003199195861816406,31.0,0.004514072835445404,26.0,0.009765625,0.009268394707737227,0.010012612867228543
coding,3,3,model.layers.3.mlp,5,0.01015625,34.0,0.0023736953735351562,36.0,0.002071700477972627,37.0,0.01015625,0.006876836113860955,0.004595214924294751
coding,3,3,model.layers.3.mlp,6,0.01171875,29.5,0.004329872131347656,27.0,0.0036097439238801598,30.0,0.01171875,0.012544078474950385,0.008006731343774675
coding,3,3,model.layers.3.mlp,7,0.003515625,49.5,0.001202392578125,44.0,0.0013807895476929844,43.0,0.003515625,0.0034834531829473253,0.0030627133624442967
coding,3,3,model.layers.3.mlp,8,0.0041015625,47.0,0.0009517669677734375,47.0,0.0011023195344023406,45.0,0.0041015625,0.0027573653843444086,0.0024450422393029955
coding,3,3,model.layers.3.mlp,9,0.0583984375,3.0,0.020629501342773436,3.0,0.025576187670230864,5.0,0.0583984375,0.05976575656110673,0.05673024674098722
coding,3,3,model.layers.3.mlp,10,0.0015625,59.0,0.0002628326416015625,59.0,0.00012389327894197778,59.0,0.0015625,0.0007614528055363918,0.0002748062523840916
coding,3,3,model.layers.3.mlp,11,0.0150390625,24.0,0.0047245025634765625,24.0,0.004134031431749463,28.0,0.0150390625,0.013687362839721644,0.009169647415088222
coding,3,3,model.layers.3.mlp,12,0.0068359375,40.5,0.001891326904296875,41.0,0.0016654656268656255,40.0,0.0068359375,0.005479365761755342,0.0036941500887050314
coding,3,3,model.layers.3.mlp,13,0.0103515625,33.0,0.002072715759277344,38.0,0.0010289985628332942,46.0,0.0103515625,0.0060048676616574525,0.002282409838335656
coding,3,3,model.layers.3.mlp,14,0.0212890625,16.0,0.004927253723144532,22.0,0.0035859561525285245,31.0,0.0212890625,0.014274753501757336,0.007953967962632959
coding,3,3,model.layers.3.mlp,15,0.0849609375,1.0,0.03447265625,2.0,0.04197155348956585,3.0,0.0849609375,0.09987077958013447,0.09309661847441868
coding,3,3,model.layers.3.mlp,16,0.0046875,44.0,0.000850677490234375,48.0,0.00044763805344700814,51.0,0.0046875,0.0024644989206765657,0.0009929008009376546
coding,3,3,model.layers.3.mlp,17,0.0046875,44.0,0.0008321762084960938,49.0,0.0004034222394693643,52.0,0.0046875,0.0024108988320430172,0.0008948262141717419
coding,3,3,model.layers.3.mlp,18,0.0046875,44.0,0.0015008926391601562,43.0,0.0017957602627575397,39.0,0.0046875,0.004348238118117465,0.003983155117072837
coding,3,3,model.layers.3.mlp,19,0.0392578125,6.0,0.01397876739501953,6.0,0.013596376404166222,10.0,0.0392578125,0.040497906142929335,0.030157965609920154
coding,3,3,model.layers.3.mlp,20,0.011328125,32.0,0.00281829833984375,32.0,0.0031898532062768934,32.0,0.011328125,0.00816489597576613,0.007075376588288223
coding,3,3,model.layers.3.mlp,21,0.0001953125,61.0,3.376007080078125e-05,61.0,3.7306611193343994e-05,61.0,0.0001953125,9.780634730039285e-05,8.274936379716424e-05
coding,3,3,model.layers.3.mlp,22,0.0017578125,57.5,0.0003147125244140625,58.0,0.0002020272586378269,58.0,0.0017578125,0.0009117540850036622,0.00044811433113892645
coding,3,3,model.layers.3.mlp,23,0.0033203125,52.0,0.0005657196044921875,56.0,0.0003512147406581789,56.0,0.0033203125,0.0016389470400732498,0.0007790253634947025
coding,3,3,model.layers.3.mlp,24,0.0029296875,54.0,0.0005815505981445312,55.0,0.00037409412034321575,54.0,0.0029296875,0.0016848110334401005,0.0008297738515629069
coding,3,3,model.layers.3.mlp,25,0.0,63.0,0.0,63.0,0.0,63.0,0.0,0.0,0.0
coding,3,3,model.layers.3.mlp,26,0.0115234375,31.0,0.0026075363159179686,34.0,0.0016198445810005069,42.0,0.0115234375,0.007554297027930343,0.003592958573304851
coding,3,3,model.layers.3.mlp,27,0.0033203125,52.0,0.00075531005859375,52.0,0.0007907553692348302,50.0,0.0033203125,0.0021882098040087892,0.0017539653597657323
coding,3,3,model.layers.3.mlp,28,0.0041015625,47.0,0.0010730743408203125,46.0,0.0016387192299589515,41.0,0.0041015625,0.0031088051407458205,0.003634824214360042
coding,3,3,model.layers.3.mlp,29,0.0330078125,8.0,0.013085651397705077,7.0,0.01478229621425271,7.0,0.0330078125,0.037910458565335606,0.032788440656032605
coding,3,3,model.layers.3.mlp,30,0.0208984375,17.5,0.006218910217285156,15.0,0.0075488087721169,15.0,0.0208984375,0.0180168132979057,0.016743925629743975
coding,3,3,model.layers.3.mlp,31,0.0458984375,4.0,0.017608070373535158,5.0,0.029365522786974907,4.0,0.0458984375,0.051012364766838236,0.0651353272373033
coding,3,3,model.layers.3.mlp,32,0.0068359375,40.5,0.0019428253173828125,40.0,0.0021724255988374353,36.0,0.0068359375,0.005628561884755941,0.004818632152591339
coding,3,3,model.layers.3.mlp,33,0.0076171875,37.5,0.0024555206298828127,35.0,0.004101687762886286,29.0,0.0076171875,0.0071138921759619075,0.009097906296404905
coding,3,3,model.layers.3.mlp,34,0.00078125,60.0,0.0001399993896484375,60.0,0.00011873598996317014,60.0,0.00078125,0.0004055924232682958,0.00026336692921151146
coding,3,3,model.layers.3.mlp,35,0.030078125,9.0,0.009004020690917968,12.0,0.009211881505325436,13.0,0.030078125,0.026085560661071445,0.020432768068640448
coding,3,3,model.layers.3.mlp,36,0.0251953125,12.0,0.006134986877441406,17.0,0.004738761065527797,23.0,0.0251953125,0.017773678875238057,0.010510991237637756
coding,3,3,model.layers.3.mlp,37,0.016796875,21.0,0.006160354614257813,16.0,0.006685404642485082,17.0,0.016796875,0.017847171780271686,0.014828818892854827
coding,3,3,model.layers.3.mlp,38,0.0203125,19.0,0.005772972106933593,19.0,0.005515048024244606,20.0,0.0203125,0.016724885388367177,0.012232864382988259
coding,3,3,model.layers.3.mlp,39,0.0216796875,15.0,0.009443855285644532,11.0,0.05866938829421997,1.0,0.0216796875,0.02735980606714323,0.13013389317391738
coding,3,3,model.layers.3.mlp,40,0.00546875,42.0,0.0020467758178710936,39.0,0.001841940509621054,38.0,0.00546875,0.005929717021923818,0.004085586989754792
coding,3,3,model.layers.3.mlp,41,0.012109375,28.0,0.0033969879150390625,30.0,0.004430340114049613,27.0,0.012109375,0.009841418335706197,0.00982688628411442
coding,3,3,model.layers.3.mlp,42,0.0234375,13.0,0.008586692810058593,14.0,0.011194395646452904,11.0,0.0234375,0.024876519486533254,0.024830159808323534
coding,3,3,model.layers.3.mlp,43,0.0794921875,2.0,0.03784637451171875,1.0,0.055930697917938234,2.0,0.0794921875,0.10964478337137373,0.12405923565275494
coding,3,3,model.layers.3.mlp,44,0.0298828125,10.0,0.010513687133789062,9.0,0.01382430330850184,9.0,0.0298828125,0.030459217377922343,0.030663527646318533
coding,3,3,model.layers.3.mlp,45,0.0146484375,25.0,0.005703353881835937,20.0,0.007105439994484186,16.0,0.0146484375,0.016523194333199702,0.015760494460225715
coding,3,3,model.layers.3.mlp,46,0.009765625,35.5,0.00341339111328125,29.0,0.005377964116632938,21.0,0.009765625,0.009888940063773053,0.011928800149362057
coding,3,3,model.layers.3.mlp,47,0.0041015625,47.0,0.0010732650756835938,45.0,0.0012133586860727519,44.0,0.0041015625,0.003109357718979156,0.0026913369003131785
coding,3,3,model.layers.3.mlp,48,0.0076171875,37.5,0.0023723602294921874,37.0,0.0030138565227389334,34.0,0.0076171875,0.006872968066227606,0.006685000375404663
coding,3,3,model.layers.3.mlp,49,0.01171875,29.5,0.003986549377441406,28.0,0.0048251690343022345,22.0,0.01171875,0.01154943765494639,0.010702651756092073
coding,3,3,model.layers.3.mlp,50,0.0025390625,55.0,0.000772857666015625,51.0,0.0009111466235481203,48.0,0.0025390625,0.00223904700147566,0.0020210038117317143
coding,3,3,model.layers.3.mlp,51,0.018359375,20.0,0.005089282989501953,21.0,0.004675398860126734,25.0,0.018359375,0.01474416871097589,0.0103704482609908
coding,3,3,model.layers.3.mlp,52,0.0333984375,7.0,0.009941673278808594,10.0,0.010581416683271528,12.0,0.0333984375,0.028802035256149022,0.023470518243416293
coding,3,3,model.layers.3.mlp,53,0.003515625,49.5,0.0006578445434570312,53.0,0.00032710814848542215,57.0,0.003515625,0.0019058423267743218,0.0007255548095686138
coding,3,3,model.layers.3.mlp,54,0.0126953125,27.0,0.002716255187988281,33.0,0.0023436421644873915,35.0,0.0126953125,0.007869266620931608,0.005198405641146555
coding,3,3,model.layers.3.mlp,55,0.0228515625,14.0,0.004780483245849609,23.0,0.0030871012713760138,33.0,0.0228515625,0.01384954455120563,0.006847463707166165
coding,3,3,model.layers.3.mlp,56,0.0142578125,26.0,0.004485511779785156,26.0,0.005789789371192455,19.0,0.0142578125,0.012994982313352197,0.012842264994340668
coding,3,3,model.layers.3.mlp,57,0.0158203125,22.0,0.004686737060546875,25.0,0.006121489033102989,18.0,0.0158203125,0.013577952349521204,0.013578004186854842
coding,3,3,model.layers.3.mlp,58,0.0,63.0,0.0,63.0,0.0,63.0,0.0,0.0,0.0
coding,3,3,model.layers.3.mlp,59,0.015234375,23.0,0.005948257446289062,18.0,0.008462400920689107,14.0,0.015234375,0.01723270478480255,0.01877035383231206
coding,3,3,model.layers.3.mlp,60,0.00703125,39.0,0.0015169143676757812,42.0,0.0010191837121965364,47.0,0.00703125,0.0043946546897176515,0.0022606396313944043
coding,3,3,model.layers.3.mlp,61,0.0208984375,17.5,0.008593940734863281,13.0,0.004705295618623495,24.0,0.0208984375,0.024897517459400005,0.01043676191602591
coding,3,3,model.layers.3.mlp,62,0.0408203125,5.0,0.01830120086669922,4.0,0.020091883838176727,6.0,0.0408203125,0.05302043406677963,0.04456557569593132
coding,3,3,model.layers.3.mlp,63,0.0283203125,11.0,0.012048721313476562,8.0,0.014183635357767344,8.0,0.0283203125,0.03490636699980688,0.03146055791836738
coding,4,4,model.layers.4.mlp,0,0.0001953125,62.5,4.08172607421875e-05,62.0,5.2794726798310876e-05,62.0,0.0001953125,0.00012525592595150607,9.887192343217096e-05
coding,4,4,model.layers.4.mlp,1,0.0005859375,59.0,0.00010700225830078125,59.0,0.00011361072538420557,60.0,0.0005859375,0.00032835782457380793,0.00021276577458527473
coding,4,4,model.layers.4.mlp,2,0.0197265625,14.0,0.005997085571289062,15.0,0.00990343876183033,14.0,0.0197265625,0.018403256185828287,0.01854677727030515
coding,4,4,model.layers.4.mlp,3,0.003515625,42.0,0.0008991241455078125,39.0,0.0014297321788035334,35.0,0.003515625,0.002759142219324297,0.0026775471544952974
coding,4,4,model.layers.4.mlp,4,0.023828125,11.0,0.00524139404296875,18.0,0.005135408416390419,22.0,0.023828125,0.016084265631529843,0.009617394359819375
coding,4,4,model.layers.4.mlp,5,0.005078125,32.0,0.0010585784912109375,34.0,0.0015386041020974516,34.0,0.005078125,0.003248459761826442,0.002881438283716443
coding,4,4,model.layers.4.mlp,6,0.056640625,6.0,0.023668289184570312,5.0,0.031592671573162076,7.0,0.056640625,0.0726308778099177,0.059165534026389605
coding,4,4,model.layers.4.mlp,7,0.0068359375,28.0,0.0019671440124511717,26.0,0.0023753408808261157,28.0,0.0068359375,0.00603657473037784,0.004448446576711127
coding,4,4,model.layers.4.mlp,8,0.0078125,26.0,0.0018785476684570312,28.0,0.0030600843019783497,26.0,0.0078125,0.005764699134095249,0.005730807585330127
coding,4,4,model.layers.4.mlp,9,0.00390625,39.0,0.00077362060546875,45.0,0.0009655325440689922,43.0,0.00390625,0.0023740095124266756,0.0018082120233930809
coding,4,4,model.layers.4.mlp,10,0.0015625,53.5,0.000384521484375,53.0,0.0005773182201664895,49.0,0.0015625,0.0011799810594310103,0.0010811792450098371
coding,4,4,model.layers.4.mlp,11,0.0095703125,25.0,0.0018930435180664062,27.0,0.0016108411247842014,33.0,0.0095703125,0.005809182547049989,0.00301672098729662
coding,4,4,model.layers.4.mlp,12,0.0072265625,27.0,0.0012510299682617187,31.0,0.0008065873524174094,45.0,0.0072265625,0.003839035599607141,0.0015105456129024441
coding,4,4,model.layers.4.mlp,13,0.001953125,51.5,0.000445556640625,49.0,0.0007604630431160331,46.0,0.001953125,0.0013672796402930754,0.0014241657894964188
coding,4,4,model.layers.4.mlp,14,0.0041015625,37.0,0.0060977935791015625,14.0,0.04001370072364807,4.0,0.0041015625,0.018712298844250696,0.07493611188291843
coding,4,4,model.layers.4.mlp,15,0.004296875,36.0,0.000786590576171875,42.0,0.0006272740953136236,47.0,0.004296875,0.0024138104608598643,0.0011747346768127829
coding,4,4,model.layers.4.mlp,16,0.0021484375,49.0,0.0004047393798828125,52.0,0.00024864141596481204,55.0,0.0021484375,0.0012420237143415695,0.0004656460319466224
coding,4,4,model.layers.4.mlp,17,0.1072265625,1.0,0.04126186370849609,2.0,0.0577311497181654,2.0,0.1072265625,0.12662027905147316,0.10811666544637313
coding,4,4,model.layers.4.mlp,18,0.0021484375,49.0,0.00043392181396484375,50.0,0.0004944010666804388,51.0,0.0021484375,0.0013315758483162443,0.0009258952053366046
coding,4,4,model.layers.4.mlp,19,0.0767578125,4.0,0.02405853271484375,4.0,0.037580490857362744,5.0,0.0767578125,0.07382841811130453,0.0703792905073135
coding,4,4,model.layers.4.mlp,20,0.0029296875,46.5,0.00077972412109375,43.0,0.0009940563701093196,42.0,0.0029296875,0.002392739370512882,0.0018616303421396807
coding,4,4,model.layers.4.mlp,21,0.1015625,2.0,0.04247589111328125,1.0,0.0850738525390625,1.0,0.1015625,0.13034576488643268,0.15932302228697406
coding,4,4,model.layers.4.mlp,22,0.000390625,60.5,8.58306884765625e-05,60.0,0.00016478842007927597,59.0,0.000390625,0.0002633886293372791,0.00030860938280502433
coding,4,4,model.layers.4.mlp,23,0.018359375,17.0,0.004652976989746094,19.0,0.008333796914666892,17.0,0.018359375,0.014278590250406497,0.015607212697472846
coding,4,4,model.layers.4.mlp,24,0.00390625,39.0,0.0009412765502929688,36.0,0.0013787571515422314,36.0,0.00390625,0.0028884953017321606,0.0025820830940108796
coding,4,4,model.layers.4.mlp,25,0.0861328125,3.0,0.029851722717285156,3.0,0.042928282916545865,3.0,0.0861328125,0.09160597997544047,0.08039442874312007
coding,4,4,model.layers.4.mlp,26,0.00390625,39.0,0.0009222030639648438,38.0,0.0013175270054489375,37.0,0.00390625,0.0028299644952127652,0.0024674136434158535
coding,4,4,model.layers.4.mlp,27,0.0158203125,20.0,0.0056854248046875,16.0,0.011161253228783608,12.0,0.0158203125,0.01744686280730137,0.02090236357996781
coding,4,4,model.layers.4.mlp,28,0.003125,45.0,0.0005899429321289063,47.0,0.0005335484747774899,50.0,0.003125,0.0018103578456448984,0.0009992089578771978
coding,4,4,model.layers.4.mlp,29,0.001953125,51.5,0.0004547119140625,48.0,0.0006246228265808895,48.0,0.001953125,0.0013953744274223853,0.001169769483221718
coding,4,4,model.layers.4.mlp,30,0.0029296875,46.5,0.0007711410522460938,46.0,0.0012904008966870607,38.0,0.0029296875,0.0023664005075791543,0.0024166129155559863
coding,4,4,model.layers.4.mlp,31,0.00078125,57.5,0.0001499176025390625,58.0,0.00021701538353227078,57.0,0.00078125,0.00046005213924244745,0.0004064180209924371
coding,4,4,model.layers.4.mlp,32,0.0021484375,49.0,0.0004116058349609375,51.0,0.0003448318166192621,54.0,0.0021484375,0.0012630948046885517,0.000645787695805387
coding,4,4,model.layers.4.mlp,33,0.01875,16.0,0.005275917053222656,17.0,0.00845861155539751,16.0,0.01875,0.01619020639132995,0.015840960731602773
coding,4,4,model.layers.4.mlp,34,0.0318359375,8.0,0.01243000030517578,7.0,0.021012929314747453,8.0,0.0318359375,0.038143941300624755,0.03935220171192933
coding,4,4,model.layers.4.mlp,35,0.0169921875,18.0,0.003975486755371094,20.0,0.005265789013355971,21.0,0.0169921875,0.012199576002837574,0.009861566101619755
coding,4,4,model.layers.4.mlp,36,0.006640625,29.0,0.0016714096069335937,29.0,0.002641282882541418,27.0,0.006640625,0.005129054575294615,0.0049464924768527095
coding,4,4,model.layers.4.mlp,37,0.0044921875,35.0,0.0009305953979492187,37.0,0.0010121547646122053,41.0,0.0044921875,0.0028557180500812995,0.001895524315724781
coding,4,4,model.layers.4.mlp,38,0.00625,30.0,0.0013589859008789062,30.0,0.0019508703146129847,29.0,0.00625,0.004170319964506919,0.003653514509306667
coding,4,4,model.layers.4.mlp,39,0.0146484375,21.0,0.0037290573120117186,21.0,0.006471443921327591,19.0,0.0146484375,0.011443357982606985,0.012119470005583229
coding,4,4,model.layers.4.mlp,40,0.0001953125,62.5,3.452301025390625e-05,63.0,4.6261237002909184e-05,63.0,0.0001953125,0.0001059407598001056,8.663625631216431e-05
coding,4,4,model.layers.4.mlp,41,0.01953125,15.0,0.0083465576171875,10.0,0.011103668063879014,13.0,0.01953125,0.025613080932887406,0.020794520309236873
coding,4,4,model.layers.4.mlp,42,0.0123046875,23.0,0.0027498245239257813,25.0,0.0037185278721153735,25.0,0.0123046875,0.008438386375901228,0.006963915249656102
coding,4,4,model.layers.4.mlp,43,0.029296875,9.0,0.00848388671875,9.0,0.01501743821427226,10.0,0.029296875,0.026034502739827055,0.02812407775006026
coding,4,4,model.layers.4.mlp,44,0.0052734375,31.0,0.0012418746948242188,32.0,0.0018837070791050791,31.0,0.0052734375,0.0038109408124778316,0.00352773379821476
coding,4,4,model.layers.4.mlp,45,0.0046875,33.5,0.0012323379516601563,33.0,0.0018897985573858023,30.0,0.0046875,0.0037816754092181337,0.003539141683257166
coding,4,4,model.layers.4.mlp,46,0.00078125,57.5,0.00016803741455078124,57.0,0.00023965568398125469,56.0,0.00078125,0.0005156564054358731,0.0004488179004543553
coding,4,4,model.layers.4.mlp,47,0.01640625,19.0,0.003353118896484375,23.0,0.003984808549284935,24.0,0.01640625,0.010289715786109703,0.007462595408096052
coding,4,4,model.layers.4.mlp,48,0.012109375,24.0,0.003660774230957031,22.0,0.006179834809154272,20.0,0.012109375,0.01123381769526755,0.011573355733203923
coding,4,4,model.layers.4.mlp,49,0.0,64.0,0.0,64.0,0.0,64.0,0.0,0.0,0.0
coding,4,4,model.layers.4.mlp,50,0.0015625,53.5,0.00032138824462890625,54.0,0.00036590514646377413,53.0,0.0015625,0.0009862440898518118,0.000685253013294522
coding,4,4,model.layers.4.mlp,51,0.003515625,42.0,0.0007781982421875,44.0,0.0009058316412847489,44.0,0.003515625,0.0023880569059913305,0.001696406480550419
coding,4,4,model.layers.4.mlp,52,0.022265625,13.0,0.006213760375976563,13.0,0.008693179651163518,15.0,0.022265625,0.01906816614788862,0.016280250793521397
coding,4,4,model.layers.4.mlp,53,0.000390625,60.5,6.90460205078125e-05,61.0,6.159303011372685e-05,61.0,0.000390625,0.0002118815196002112,0.00011534904576027923
coding,4,4,model.layers.4.mlp,54,0.001171875,55.5,0.0002094268798828125,56.0,0.0001878641895018518,58.0,0.001171875,0.0006426682555829609,0.0003518247917265143
coding,4,4,model.layers.4.mlp,55,0.0697265625,5.0,0.022082710266113283,6.0,0.03467151485383511,6.0,0.0697265625,0.06776521186396035,0.06493147270184264
coding,4,4,model.layers.4.mlp,56,0.0046875,33.5,0.0008706092834472656,40.0,0.0012103250715881585,40.0,0.0046875,0.002671638663577801,0.0022666500058473624
coding,4,4,model.layers.4.mlp,57,0.0033203125,44.0,0.0010555267333984375,35.0,0.0016430238960310818,32.0,0.0033203125,0.003239094832783339,0.003076991637180131
coding,4,4,model.layers.4.mlp,58,0.003515625,42.0,0.0008031845092773438,41.0,0.0012644963280763477,39.0,0.003515625,0.0024647322625317384,0.002368099840869448
coding,4,4,model.layers.4.mlp,59,0.014453125,22.0,0.0033527374267578124,24.0,0.004735428094863892,23.0,0.014453125,0.010288545169979315,0.008868326675930703
coding,4,4,model.layers.4.mlp,60,0.001171875,55.5,0.0002765655517578125,55.0,0.0004807598830666393,52.0,0.001171875,0.0008486966945312327,0.0009003485239996549
coding,4,4,model.layers.4.mlp,61,0.0330078125,7.0,0.009513664245605468,8.0,0.013612624257802963,11.0,0.0330078125,0.02919458098380921,0.025493196479074665
coding,4,4,model.layers.4.mlp,62,0.0234375,12.0,0.007050895690917968,12.0,0.016642970591783525,9.0,0.0234375,0.02163708324602488,0.03116831194753603
coding,4,4,model.layers.4.mlp,63,0.028515625,10.0,0.008209228515625,11.0,0.00763774998486042,18.0,0.028515625,0.02519165912594776,0.014303682914812339
coding,5,5,model.layers.5.mlp,0,0.1072265625,3.0,0.058780479431152347,1.0,0.12133773267269135,1.0,0.1072265625,0.17083756021575117,0.1920546580603702
coding,5,5,model.layers.5.mlp,1,0.00234375,45.5,0.0005840301513671875,44.0,0.0009537285659462214,39.0,0.00234375,0.0016974051099543773,0.0015095717513471647
coding,5,5,model.layers.5.mlp,2,0.11015625,2.0,0.03804359436035156,3.0,0.05882500484585762,3.0,0.11015625,0.11056859190766825,0.09310884538733007
coding,5,5,model.layers.5.mlp,3,0.0,61.5,0.0,61.5,0.0,61.5,0.0,0.0,0.0
coding,5,5,model.layers.5.mlp,4,0.000390625,55.0,6.7138671875e-05,56.0,0.00012205354869365692,56.0,0.000390625,0.00019512952276418708,0.00019318765929677472
coding,5,5,model.layers.5.mlp,5,0.0060546875,30.0,0.0013347625732421874,31.0,0.0011295078904367984,38.0,0.0060546875,0.003879307955408469,0.0017877971418791124
coding,5,5,model.layers.5.mlp,6,0.0361328125,9.0,0.01414947509765625,6.0,0.029618363082408904,5.0,0.0361328125,0.04112354692255243,0.0468802611422141
coding,5,5,model.layers.5.mlp,7,0.0005859375,53.0,0.00012683868408203125,53.0,0.0002504149219021201,53.0,0.0005859375,0.0003686395813584784,0.0003963594105459169
coding,5,5,model.layers.5.mlp,8,0.03203125,10.5,0.010150527954101563,10.0,0.027851357124745846,6.0,0.03203125,0.029501144722910533,0.04408342525683421
coding,5,5,model.layers.5.mlp,9,0.0041015625,38.0,0.0008493423461914063,40.0,0.0013331327820196748,35.0,0.0041015625,0.0024684993320139917,0.0021100967931427534
coding,5,5,model.layers.5.mlp,10,0.0376953125,8.0,0.010622215270996094,9.0,0.0179025337100029,10.0,0.0376953125,0.030872040489375974,0.028336321392815052
coding,5,5,model.layers.5.mlp,11,0.005078125,34.5,0.0012697219848632813,33.0,0.0021517651970498265,30.0,0.005078125,0.0036902762302306632,0.003405836915218858
coding,5,5,model.layers.5.mlp,12,0.00390625,39.5,0.0008525848388671875,39.0,0.0014621198177337646,34.0,0.00390625,0.0024779232010111256,0.0023142588496822
coding,5,5,model.layers.5.mlp,13,0.0078125,28.0,0.0024219512939453124,26.0,0.0038875484839081763,27.0,0.0078125,0.007039075795623999,0.006153253224074233
coding,5,5,model.layers.5.mlp,14,0.018359375,17.0,0.006373214721679688,16.0,0.011174292303621769,16.0,0.018359375,0.018522891686484508,0.017686789098225072
coding,5,5,model.layers.5.mlp,15,0.0130859375,20.5,0.0028964996337890623,25.0,0.0055077684111893175,23.0,0.0130859375,0.00841828674061632,0.008717754614222679
coding,5,5,model.layers.5.mlp,16,0.0001953125,57.5,3.719329833984375e-05,58.0,4.085927794221789e-05,58.0,0.0001953125,0.00010809732084947864,6.46725011332967e-05
coding,5,5,model.layers.5.mlp,17,0.041015625,7.0,0.012099647521972656,7.0,0.021103835850954055,8.0,0.041015625,0.03516599868065834,0.033403376582372586
coding,5,5,model.layers.5.mlp,18,0.0017578125,49.5,0.00037670135498046875,49.0,0.0007883030106313526,45.0,0.0017578125,0.0010948318393729246,0.0012477344171508387
coding,5,5,model.layers.5.mlp,19,0.0150390625,19.0,0.003326606750488281,21.0,0.004405737388879061,26.0,0.0150390625,0.009668335245824394,0.006973448152417898
coding,5,5,model.layers.5.mlp,20,0.0013671875,52.0,0.00024127960205078125,52.0,0.0002509150857804343,52.0,0.0013671875,0.0007012467224337973,0.00039715107526972464
coding,5,5,model.layers.5.mlp,21,0.04140625,6.0,0.011697196960449218,8.0,0.01995631493628025,9.0,0.04140625,0.033996330234543466,0.03158706823351548
coding,5,5,model.layers.5.mlp,22,0.01796875,18.0,0.005235099792480468,18.0,0.009763029962778091,18.0,0.01796875,0.015215113668490463,0.015453028005660901
coding,5,5,model.layers.5.mlp,23,0.0,61.5,0.0,61.5,0.0,61.5,0.0,0.0,0.0
coding,5,5,model.layers.5.mlp,24,0.000390625,55.0,7.20977783203125e-05,55.0,0.00015362014528363943,55.0,0.000390625,0.00020954249887745089,0.000243151605224233
coding,5,5,model.layers.5.mlp,25,0.0029296875,42.5,0.0006490707397460938,42.0,0.0008599078631959855,42.0,0.0029296875,0.0018864368351321837,0.0013610713418802628
coding,5,5,model.layers.5.mlp,26,0.0029296875,42.5,0.0006946563720703125,41.0,0.0006501175404991955,48.0,0.0029296875,0.0020189253463271857,0.001029012980458657
coding,5,5,model.layers.5.mlp,27,0.0109375,22.5,0.0041370391845703125,19.0,0.00926721952855587,19.0,0.0109375,0.012023748149872778,0.014668253959617239
coding,5,5,model.layers.5.mlp,28,0.005078125,34.5,0.0012926101684570313,32.0,0.0015011136885732413,33.0,0.005078125,0.003756797658445727,0.0023759787645476556
coding,5,5,model.layers.5.mlp,29,0.021484375,15.0,0.0064449310302734375,15.0,0.013137099333107471,13.0,0.021484375,0.018731325494891708,0.020793541009464706
coding,5,5,model.layers.5.mlp,30,0.0072265625,29.0,0.0015695571899414062,30.0,0.0023602973204106094,29.0,0.0072265625,0.0045617069398479985,0.0037359037853052788
coding,5,5,model.layers.5.mlp,31,0.0515625,4.0,0.017315673828125,4.0,0.030725540593266487,4.0,0.0515625,0.05032567782563625,0.04863271352100939
coding,5,5,model.layers.5.mlp,32,0.001953125,47.5,0.00041942596435546876,48.0,0.0007893229922046885,44.0,0.001953125,0.0012190051720410437,0.0012493488548692632
coding,5,5,model.layers.5.mlp,33,0.0109375,22.5,0.003046607971191406,22.0,0.004805790449609049,25.0,0.0109375,0.008854556440660114,0.007606656405878154
coding,5,5,model.layers.5.mlp,34,0.00234375,45.5,0.00043697357177734374,47.0,0.0006085246423026547,49.0,0.00234375,0.0012700049336725927,0.00096317929735841
coding,5,5,model.layers.5.mlp,35,0.0259765625,12.0,0.008636474609375,13.0,0.015198709256947041,11.0,0.0259765625,0.025100752246484066,0.02405667919620607
coding,5,5,model.layers.5.mlp,36,0.002734375,44.0,0.0005083084106445312,45.0,0.0008907246170565486,40.0,0.002734375,0.0014773300516095413,0.0014098484287340793
coding,5,5,model.layers.5.mlp,37,0.000390625,55.0,0.000106048583984375,54.0,0.00018837442621588707,54.0,0.000390625,0.0003082159507297955,0.000298161051944174
coding,5,5,model.layers.5.mlp,38,0.0046875,36.0,0.001074981689453125,34.0,0.0017775260959751904,32.0,0.0046875,0.0031242897451674956,0.0028134872725599606
coding,5,5,model.layers.5.mlp,39,0.0095703125,25.0,0.0022676467895507814,28.0,0.0029636294348165393,28.0,0.0095703125,0.006590610500407444,0.004690864294099669
coding,5,5,model.layers.5.mlp,40,0.0052734375,32.5,0.0009592056274414062,37.0,0.0011608094675466419,37.0,0.0052734375,0.002787802187446298,0.0018373416121454033
coding,5,5,model.layers.5.mlp,41,0.01015625,24.0,0.0036357879638671876,20.0,0.005993339139968157,22.0,0.01015625,0.010566928871962882,0.009486321145223412
coding,5,5,model.layers.5.mlp,42,0.11875,1.0,0.04661102294921875,2.0,0.09823561906814575,2.0,0.11875,0.13546867117903688,0.15548838612613777
coding,5,5,model.layers.5.mlp,43,0.00546875,31.0,0.001061248779296875,36.0,0.0008721652397071011,41.0,0.00546875,0.003084376888238457,0.0013804724482196211
coding,5,5,model.layers.5.mlp,44,0.0033203125,41.0,0.0006444931030273437,43.0,0.0007798543520038947,47.0,0.0033203125,0.001873132549489171,0.0012343617901202826
coding,5,5,model.layers.5.mlp,45,0.0,61.5,0.0,61.5,0.0,61.5,0.0,0.0,0.0
coding,5,5,model.layers.5.mlp,46,0.0,61.5,0.0,61.5,0.0,61.5,0.0,0.0,0.0
coding,5,5,model.layers.5.mlp,47,0.0,61.5,0.0,61.5,0.0,61.5,0.0,0.0,0.0
coding,5,5,model.layers.5.mlp,48,0.001953125,47.5,0.0004749298095703125,46.0,0.0007850145979318768,46.0,0.001953125,0.0013803196354625735,0.0012425294824396978
coding,5,5,model.layers.5.mlp,49,0.0017578125,49.5,0.00035800933837890623,50.0,0.0005305089056491852,50.0,0.0017578125,0.0010405060063306225,0.0008396951568831021
coding,5,5,model.layers.5.mlp,50,0.004296875,37.0,0.0008899688720703125,38.0,0.0012464531289879232,36.0,0.004296875,0.0025865748670957298,0.001972899313371885
coding,5,5,model.layers.5.mlp,51,0.0232421875,13.0,0.009807014465332031,12.0,0.013114656507968902,14.0,0.0232421875,0.02850276895444945,0.02075801826634964
coding,5,5,model.layers.5.mlp,52,0.0193359375,16.0,0.005446052551269532,17.0,0.011688646115362644,15.0,0.0193359375,0.0158282194985393,0.01850091380008028
coding,5,5,model.layers.5.mlp,53,0.0455078125,5.0,0.014536666870117187,5.0,0.025247137993574142,7.0,0.0455078125,0.042248867749857255,0.03996143942658454
coding,5,5,model.layers.5.mlp,54,0.008984375,27.0,0.0029634475708007813,24.0,0.006100904010236263,21.0,0.008984375,0.008612861918145382,0.009656575969700602
coding,5,5,model.layers.5.mlp,55,0.03203125,10.5,0.010053062438964843,11.0,0.014549278095364571,12.0,0.03203125,0.029217874307761387,0.023028752623621102
coding,5,5,model.layers.5.mlp,56,0.0,61.5,0.0,61.5,0.0,61.5,0.0,0.0,0.0
coding,5,5,model.layers.5.mlp,57,0.00390625,39.5,0.0023342132568359374,27.0,0.006187686696648598,20.0,0.00390625,0.006784076987466255,0.009793936531805719
coding,5,5,model.layers.5.mlp,58,0.0130859375,20.5,0.002986717224121094,23.0,0.005474629485979677,24.0,0.0130859375,0.008680492036830698,0.00866530196977782
coding,5,5,model.layers.5.mlp,59,0.0001953125,57.5,5.22613525390625e-05,57.0,8.511720807291567e-05,57.0,0.0001953125,0.00015189059442439562,0.0001347244252172873
coding,5,5,model.layers.5.mlp,60,0.0091796875,26.0,0.001885986328125,29.0,0.0019131519366055727,31.0,0.0091796875,0.005481365684921255,0.0030281573003631147
coding,5,5,model.layers.5.mlp,61,0.021875,14.0,0.007810211181640625,14.0,0.010861959494650363,17.0,0.021875,0.022699328687920264,0.017192425395304665
coding,5,5,model.layers.5.mlp,62,0.0052734375,32.5,0.0010637283325195313,35.0,0.0007973662664880976,43.0,0.0052734375,0.003091583376295089,0.0012620798352342322
coding,5,5,model.layers.5.mlp,63,0.0015625,51.0,0.00029010772705078124,51.0,0.0004693675378803164,51.0,0.0015625,0.0008431591026259334,0.0007429199475434912
coding,6,6,model.layers.6.mlp,0,0.0001953125,53.5,3.204345703125e-05,55.5,4.1211376083083454e-05,55.0,0.0001953125,9.034385516589391e-05,5.423390224889256e-05
coding,6,6,model.layers.6.mlp,1,0.0423828125,8.0,0.016712379455566407,7.0,0.025882041081786156,10.0,0.0423828125,0.04711916031839756,0.03406059732636784
coding,6,6,model.layers.6.mlp,2,0.0208984375,16.0,0.0069915771484375,14.0,0.014928263146430254,13.0,0.0208984375,0.019712168779529804,0.01964549697629674
coding,6,6,model.layers.6.mlp,3,0.008203125,29.0,0.0023019790649414064,30.0,0.004771714564412832,28.0,0.008203125,0.006490238023792699,0.0062795452577039945
coding,6,6,model.layers.6.mlp,4,0.0041015625,35.0,0.0023555755615234375,28.0,0.005266030225902796,25.0,0.0041015625,0.00664134887677851,0.006930061445547278
coding,6,6,model.layers.6.mlp,5,0.0599609375,5.0,0.016041374206542967,8.0,0.036887573823332784,6.0,0.0599609375,0.045227316970340325,0.04854380666397189
coding,6,6,model.layers.6.mlp,6,0.001953125,40.5,0.0005826950073242188,40.0,0.0014270478393882513,38.0,0.001953125,0.0016428599853083683,0.0018779856530353712
coding,6,6,model.layers.6.mlp,7,0.0025390625,39.0,0.0007768630981445313,37.0,0.00215425988426432,36.0,0.0025390625,0.0021903007267302732,0.0028349919630531344
coding,6,6,model.layers.6.mlp,8,0.0173828125,18.0,0.004834175109863281,20.0,0.0088852409273386,20.0,0.0173828125,0.013629553626068934,0.011692919133291086
coding,6,6,model.layers.6.mlp,9,0.030859375,11.0,0.013149070739746093,10.0,0.03188448883593083,8.0,0.030859375,0.03707270851953309,0.04195977943802738
coding,6,6,model.layers.6.mlp,10,0.0052734375,33.5,0.0011859893798828124,36.0,0.0016423358814790846,37.0,0.0052734375,0.0033437981632233825,0.002161303312862374
coding,6,6,model.layers.6.mlp,11,0.0,60.5,0.0,60.5,0.0,60.5,0.0,0.0,0.0
coding,6,6,model.layers.6.mlp,12,0.0005859375,47.0,0.0001285552978515625,46.0,0.0003152212128043175,44.0,0.0005859375,0.0003624509427488839,0.0004148290609743602
coding,6,6,model.layers.6.mlp,13,0.001953125,40.5,0.00058135986328125,41.0,0.0012523329583927988,39.0,0.001953125,0.0016390956580097894,0.0016480620086942695
coding,6,6,model.layers.6.mlp,14,0.0,60.5,0.0,60.5,0.0,60.5,0.0,0.0,0.0
coding,6,6,model.layers.6.mlp,15,0.0001953125,53.5,3.509521484375e-05,53.0,5.003890255466104e-05,53.0,0.0001953125,9.894803184835998e-05,6.585086953466998e-05
coding,6,6,model.layers.6.mlp,16,0.012890625,22.0,0.0036624908447265626,24.0,0.006995052727870643,23.0,0.012890625,0.010326087541044611,0.0092054437858218
coding,6,6,model.layers.6.mlp,17,0.01484375,19.5,0.004764747619628906,21.0,0.011202359944581986,17.0,0.01484375,0.013433808606542832,0.014742232653588982
coding,6,6,model.layers.6.mlp,18,0.060546875,4.0,0.02404155731201172,4.0,0.0767573967576027,3.0,0.060546875,0.06778316614342517,0.10101223371524509
coding,6,6,model.layers.6.mlp,19,0.003515625,37.0,0.0006639480590820313,39.0,0.0007716314605204389,40.0,0.003515625,0.001871946189479028,0.001015461971414582
coding,6,6,model.layers.6.mlp,20,0.0345703125,10.0,0.015486907958984376,9.0,0.02886947989463806,9.0,0.0345703125,0.04366404561934477,0.03799204732755488
coding,6,6,model.layers.6.mlp,21,0.0,60.5,0.0,60.5,0.0,60.5,0.0,0.0,0.0
coding,6,6,model.layers.6.mlp,22,0.008984375,28.0,0.002398681640625,27.0,0.005140122189186513,26.0,0.008984375,0.006762882872418344,0.006764367290082671
coding,6,6,model.layers.6.mlp,23,0.01484375,19.5,0.004253196716308594,22.0,0.004802776966243982,27.0,0.01484375,0.011991533490144453,0.0063204231760033034
coding,6,6,model.layers.6.mlp,24,0.0525390625,6.0,0.021227264404296876,5.0,0.043138498440384865,5.0,0.0525390625,0.05984850195906348,0.05676998270727944
coding,6,6,model.layers.6.mlp,25,0.00078125,44.0,0.00015716552734375,44.0,0.00027245644596405325,45.0,0.00078125,0.00044311509914700343,0.00035855090661630657
coding,6,6,model.layers.6.mlp,26,0.00390625,36.0,0.0019989013671875,31.0,0.004718533577397465,29.0,0.00390625,0.005635735727015287,0.00620955942550377
coding,6,6,model.layers.6.mlp,27,0.0001953125,53.5,3.204345703125e-05,55.5,4.322256427258253e-05,54.0,0.0001953125,9.034385516589391e-05,5.688061279438666e-05
coding,6,6,model.layers.6.mlp,28,0.0,60.5,0.0,60.5,0.0,60.5,0.0,0.0,0.0
coding,6,6,model.layers.6.mlp,29,0.0005859375,47.0,0.00015106201171875,45.0,0.00021482707816176117,47.0,0.0005859375,0.0004259067457820713,0.00028271103430158577
coding,6,6,model.layers.6.mlp,30,0.0009765625,43.0,0.000305938720703125,43.0,0.0006629219860769808,42.0,0.0009765625,0.0008625687124172251,0.0008724010117754527
coding,6,6,model.layers.6.mlp,31,0.000390625,50.0,7.74383544921875e-05,50.0,0.00014473129995167254,49.0,0.000390625,0.00021833098331757695,0.0001904654471646283
coding,6,6,model.layers.6.mlp,32,0.0033203125,38.0,0.0006704330444335938,38.0,0.0007090243452694267,41.0,0.0033203125,0.0018902300649292682,0.0009330714159096348
coding,6,6,model.layers.6.mlp,33,0.0146484375,21.0,0.004949760437011719,19.0,0.010249366611242294,18.0,0.0146484375,0.013955436817917338,0.01348809963992806
coding,6,6,model.layers.6.mlp,34,0.0,60.5,0.0,60.5,0.0,60.5,0.0,0.0,0.0
coding,6,6,model.layers.6.mlp,35,0.0119140625,24.0,0.004067039489746094,23.0,0.008862940676044673,21.0,0.0119140625,0.011466678712514023,0.01166357214797416
coding,6,6,model.layers.6.mlp,36,0.048828125,7.0,0.018554115295410158,6.0,0.034574639052152634,7.0,0.048828125,0.05231178094626584,0.045499999584214135
coding,6,6,model.layers.6.mlp,37,0.0001953125,53.5,4.062652587890625e-05,51.0,8.347346447408199e-05,51.0,0.0001953125,0.00011454310208532978,0.00010985053504491107
coding,6,6,model.layers.6.mlp,38,0.01015625,25.0,0.0023099899291992186,29.0,0.003945591626688838,33.0,0.01015625,0.006512823987584173,0.005192372857545236
coding,6,6,model.layers.6.mlp,39,0.0001953125,53.5,3.35693359375e-05,54.0,3.490880480967462e-05,56.0,0.0001953125,9.464594350712695e-05,4.5939759542528504e-05
coding,6,6,model.layers.6.mlp,40,0.0244140625,13.0,0.007283592224121093,13.0,0.01143723726272583,16.0,0.0244140625,0.020535480935833277,0.015051329672989996
coding,6,6,model.layers.6.mlp,41,0.0,60.5,0.0,60.5,0.0,60.5,0.0,0.0,0.0
coding,6,6,model.layers.6.mlp,42,0.0982421875,2.0,0.03344707489013672,3.0,0.07839676141738891,2.0,0.0982421875,0.09430123867878565,0.10316962691973046
coding,6,6,model.layers.6.mlp,43,0.0005859375,47.0,0.00012569427490234376,47.0,0.00022243328276090325,46.0,0.0005859375,0.0003543845271090719,0.0002927207499656128
coding,6,6,model.layers.6.mlp,44,0.0072265625,31.0,0.0018924713134765626,33.0,0.003492650901898742,34.0,0.0072265625,0.005335665065214282,0.004596305816656203
coding,6,6,model.layers.6.mlp,45,0.0005859375,47.0,0.00010242462158203126,49.0,0.00014068944146856667,50.0,0.0005859375,0.00028877767990526804,0.00018514638775164738
coding,6,6,model.layers.6.mlp,46,0.0005859375,47.0,0.00011463165283203125,48.0,0.00017752767889760434,48.0,0.0005859375,0.00032319438663513234,0.0002336252680423742
coding,6,6,model.layers.6.mlp,47,0.00625,32.0,0.0018953323364257813,32.0,0.004263429902493954,31.0,0.00625,0.0053437314808540935,0.005610645956366776
coding,6,6,model.layers.6.mlp,48,0.0095703125,27.0,0.0027132034301757812,25.0,0.005743286665529012,24.0,0.0095703125,0.007649650831755004,0.007558127808635005
coding,6,6,model.layers.6.mlp,49,0.0248046875,12.0,0.007301902770996094,12.0,0.008530044090002775,22.0,0.0248046875,0.020587105995928074,0.011225482411053258
coding,6,6,model.layers.6.mlp,50,0.009765625,26.0,0.002634620666503906,26.0,0.004445647809188813,30.0,0.009765625,0.007428093282181503,0.005850443533612525
coding,6,6,model.layers.6.mlp,51,0.0,60.5,0.0,60.5,0.0,60.5,0.0,0.0,0.0
coding,6,6,model.layers.6.mlp,52,0.1146484375,1.0,0.04575691223144531,1.0,0.11323052495718003,1.0,0.1146484375,0.12900779861064057,0.14901063264032177
coding,6,6,model.layers.6.mlp,53,0.007421875,30.0,0.001456451416015625,35.0,0.002181190578266978,35.0,0.007421875,0.00410634332170694,0.002870432580786705
coding,6,6,model.layers.6.mlp,54,0.0017578125,42.0,0.000353240966796875,42.0,0.0005116692453157156,43.0,0.0017578125,0.0009959334509954494,0.0006733533910217564
coding,6,6,model.layers.6.mlp,55,0.0236328125,14.0,0.00682830810546875,16.0,0.015612596087157727,12.0,0.0236328125,0.019251845327017868,0.0205460746648041
coding,6,6,model.layers.6.mlp,56,0.0001953125,53.5,3.5858154296875e-05,52.0,7.586906431242824e-05,52.0,0.0001953125,0.00010109907601897652,9.984319400885472e-05
coding,6,6,model.layers.6.mlp,57,0.080078125,3.0,0.03358402252197266,2.0,0.06980942487716675,4.0,0.080078125,0.09468735110741132,0.09186874801770505
coding,6,6,model.layers.6.mlp,58,0.0125,23.0,0.005423164367675782,18.0,0.008999018184840678,19.0,0.0125,0.01529015972578489,0.011842649262396086
coding,6,6,model.layers.6.mlp,59,0.0201171875,17.0,0.006921577453613281,15.0,0.014033965580165387,14.0,0.0201171875,0.019514810476875737,0.018468607209440827
coding,6,6,model.layers.6.mlp,60,0.0,60.5,0.0,60.5,0.0,60.5,0.0,0.0,0.0
coding,6,6,model.layers.6.mlp,61,0.022265625,15.0,0.006638526916503906,17.0,0.011904111597687006,15.0,0.022265625,0.018716773089577008,0.01566573325402438
coding,6,6,model.layers.6.mlp,62,0.034765625,9.0,0.012856292724609374,11.0,0.02505265213549137,11.0,0.034765625,0.036247245319059006,0.03296912688022258
coding,6,6,model.layers.6.mlp,63,0.0052734375,33.5,0.00176239013671875,34.0,0.0040396965807303785,32.0,0.0052734375,0.004968912034124165,0.005316214363549216
coding,7,7,model.layers.7.mlp,0,0.0564453125,5.0,0.019585037231445314,5.0,0.03369807414710522,6.0,0.0564453125,0.051239341147164025,0.03723535575334774
coding,7,7,model.layers.7.mlp,1,0.0208984375,13.5,0.007382965087890625,16.0,0.013466647826135159,18.0,0.0208984375,0.019315677695452223,0.014880239755608251
coding,7,7,model.layers.7.mlp,2,0.0935546875,3.0,0.039745330810546875,3.0,0.11011026501655578,3.0,0.0935546875,0.10398369634644865,0.12166852242323346
coding,7,7,model.layers.7.mlp,3,0.000390625,53.5,7.343292236328125e-05,53.0,0.00010247144382447004,54.0,0.000390625,0.00019211883622892182,0.00011322785535775494
coding,7,7,model.layers.7.mlp,4,0.0986328125,2.0,0.046995353698730466,2.0,0.14926434457302093,1.0,0.0986328125,0.12295156409683189,0.1649325996258501
coding,7,7,model.layers.7.mlp,5,0.0072265625,30.0,0.002027130126953125,31.0,0.0055352899245917795,28.0,0.0072265625,0.005303477899846704,0.006116328447743111
coding,7,7,model.layers.7.mlp,6,0.0,60.0,0.0,60.0,0.0,60.0,0.0,0.0,0.0
coding,7,7,model.layers.7.mlp,7,0.00390625,41.0,0.0008167266845703125,45.0,0.0009667549165897071,46.0,0.00390625,0.0021367606668369955,0.0010682350299418544
coding,7,7,model.layers.7.mlp,8,0.0,60.0,0.0,60.0,0.0,60.0,0.0,0.0,0.0
coding,7,7,model.layers.7.mlp,9,0.0005859375,51.0,0.00012912750244140626,51.0,0.0002132504712790251,51.0,0.0005859375,0.00033782974578436384,0.00023563534010817284
coding,7,7,model.layers.7.mlp,10,0.008984375,27.0,0.002225494384765625,30.0,0.00454255067743361,30.0,0.008984375,0.005822448262646909,0.005019381516091217
coding,7,7,model.layers.7.mlp,11,0.0009765625,48.5,0.0002384185791015625,49.0,0.0007958102622069418,47.0,0.0009765625,0.0006237624552887072,0.0008793463417548431
coding,7,7,model.layers.7.mlp,12,0.0208984375,13.5,0.007632255554199219,15.0,0.013530150102451444,17.0,0.0208984375,0.019967883718702097,0.01495040785600064
coding,7,7,model.layers.7.mlp,13,0.0185546875,18.0,0.007757377624511719,13.0,0.01690147668123245,14.0,0.0185546875,0.020295234255237608,0.01867562206182229
coding,7,7,model.layers.7.mlp,14,0.0076171875,28.5,0.00227508544921875,29.0,0.006280285073444247,27.0,0.0076171875,0.0059521908533469595,0.006939525621591779
coding,7,7,model.layers.7.mlp,15,0.0044921875,39.0,0.0012607574462890625,37.0,0.002759852260351181,38.0,0.0044921875,0.0032984558635666835,0.0030495535232147653
coding,7,7,model.layers.7.mlp,16,0.00234375,45.0,0.0008214950561523437,44.0,0.002028011460788548,41.0,0.00234375,0.0021492359159427698,0.0022408915086565835
coding,7,7,model.layers.7.mlp,17,0.1193359375,1.0,0.06174201965332031,1.0,0.14532161355018616,2.0,0.1193359375,0.161532519481349,0.16057600074028366
coding,7,7,model.layers.7.mlp,18,0.003125,43.5,0.000948333740234375,42.0,0.0022067360812798144,39.0,0.003125,0.002481077542156362,0.002438376824785429
coding,7,7,model.layers.7.mlp,19,0.004296875,40.0,0.0013019561767578125,36.0,0.002956668846309185,35.0,0.004296875,0.003406242015840572,0.003267029915613741
coding,7,7,model.layers.7.mlp,20,0.001171875,47.0,0.000481414794921875,46.0,0.0014415228506550193,44.0,0.001171875,0.0012595011497189576,0.0015928392802628613
coding,7,7,model.layers.7.mlp,21,0.034765625,7.0,0.010634040832519532,7.0,0.018936829082667826,9.0,0.034765625,0.027821302535769036,0.02092462508852455
coding,7,7,model.layers.7.mlp,22,0.0033203125,42.0,0.000844573974609375,43.0,0.0015720200375653804,43.0,0.0033203125,0.0022096161216147163,0.0017370347366027848
coding,7,7,model.layers.7.mlp,23,0.0259765625,9.0,0.008582305908203126,9.0,0.019236617162823676,8.0,0.0259765625,0.022453452350536536,0.021255881876864637
coding,7,7,model.layers.7.mlp,24,0.009765625,26.0,0.0037111282348632813,23.0,0.00744184018112719,24.0,0.009765625,0.009709236874041901,0.008223008988412252
coding,7,7,model.layers.7.mlp,25,0.0013671875,46.0,0.00025539398193359376,47.0,0.00035360336187295616,49.0,0.0013671875,0.0006681743421052632,0.00039072105181566684
coding,7,7,model.layers.7.mlp,26,0.018359375,19.0,0.006405830383300781,18.0,0.016863062232732772,15.0,0.018359375,0.016759249648696985,0.018633175254633542
coding,7,7,model.layers.7.mlp,27,0.01171875,24.0,0.0034397125244140627,24.0,0.004272814909927547,31.0,0.01171875,0.008999145694941237,0.00472133162698937
coding,7,7,model.layers.7.mlp,28,0.000390625,53.5,7.190704345703126e-05,54.0,0.00011667602229863405,53.0,0.000390625,0.0001881267565150741,0.00012892348622683467
coding,7,7,model.layers.7.mlp,29,0.0232421875,12.0,0.007007789611816406,17.0,0.01702688809018582,13.0,0.0232421875,0.018334125095809912,0.01881419788688345
coding,7,7,model.layers.7.mlp,30,0.005078125,38.0,0.0011152267456054688,39.0,0.002913734130561352,36.0,0.005078125,0.0029177112608584567,0.003219588349426293
coding,7,7,model.layers.7.mlp,31,0.0107421875,25.0,0.0023134231567382814,28.0,0.005472489376552403,29.0,0.0107421875,0.006052491856157384,0.0060469357359358026
coding,7,7,model.layers.7.mlp,32,0.025390625,10.0,0.008551216125488282,10.0,0.020050280168652533,7.0,0.025390625,0.02237211372636689,0.02215495496196491
coding,7,7,model.layers.7.mlp,33,0.0052734375,36.0,0.001439666748046875,35.0,0.0034592454321682453,33.0,0.0052734375,0.0037665272100153298,0.003822361887585575
coding,7,7,model.layers.7.mlp,34,0.006640625,31.0,0.0029096603393554688,27.0,0.0071345529519021515,25.0,0.006640625,0.007612397004343382,0.007883465866490616
coding,7,7,model.layers.7.mlp,35,0.0806640625,4.0,0.030410575866699218,4.0,0.07755577862262726,4.0,0.0806640625,0.07956164968702095,0.08569679665178971
coding,7,7,model.layers.7.mlp,36,0.019140625,17.0,0.005760002136230469,21.0,0.011698632314801217,20.0,0.019140625,0.015069601909810935,0.01292663593081485
coding,7,7,model.layers.7.mlp,37,0.016796875,21.0,0.007666206359863282,14.0,0.012423947144998237,19.0,0.016796875,0.020056707492335207,0.013728086946017305
coding,7,7,model.layers.7.mlp,38,0.0158203125,22.0,0.004865074157714843,22.0,0.011480366252362728,22.0,0.0158203125,0.012728247157639243,0.012685458513722672
coding,7,7,model.layers.7.mlp,39,0.0173828125,20.0,0.008111190795898438,11.0,0.01890757419168949,10.0,0.0173828125,0.02122089773888605,0.020892299316186688
coding,7,7,model.layers.7.mlp,40,0.0001953125,55.0,3.08990478515625e-05,55.0,6.537766312249005e-05,55.0,0.0001953125,8.083961420541646e-05,7.224034626019008e-05
coding,7,7,model.layers.7.mlp,41,0.00625,33.0,0.0016490936279296875,33.0,0.0036528257187455893,32.0,0.00625,0.00431444015074093,0.004036262266760853
coding,7,7,model.layers.7.mlp,42,0.0052734375,36.0,0.0010625839233398438,41.0,0.0014273761335061863,45.0,0.0052734375,0.0027799845107307104,0.0015772075844134406
coding,7,7,model.layers.7.mlp,43,0.0005859375,51.0,0.000127410888671875,52.0,0.000213130796328187,52.0,0.0005859375,0.0003333386561062851,0.00023550310289634381
coding,7,7,model.layers.7.mlp,44,0.0,60.0,0.0,60.0,0.0,60.0,0.0,0.0,0.0
coding,7,7,model.layers.7.mlp,45,0.0263671875,8.0,0.010246086120605468,8.0,0.017642483487725256,12.0,0.0263671875,0.02680631626852325,0.019494412237633624
coding,7,7,model.layers.7.mlp,46,0.0205078125,15.0,0.00593109130859375,20.0,0.015379226207733155,16.0,0.0205078125,0.015517213847726112,0.01699358119269097
coding,7,7,model.layers.7.mlp,47,0.0064453125,32.0,0.00163421630859375,34.0,0.002841360098682344,37.0,0.0064453125,0.004275517373530915,0.0031396172266685107
coding,7,7,model.layers.7.mlp,48,0.0248046875,11.0,0.008057785034179688,12.0,0.01810059305280447,11.0,0.0248046875,0.02108117494890138,0.02000060949256492
coding,7,7,model.layers.7.mlp,49,0.0052734375,36.0,0.0011531829833984375,38.0,0.001951756322523579,42.0,0.0052734375,0.003017014243740419,0.0021566318803786645
coding,7,7,model.layers.7.mlp,50,0.0,60.0,0.0,60.0,0.0,60.0,0.0,0.0,0.0
coding,7,7,model.layers.7.mlp,51,0.0,60.0,0.0,60.0,0.0,60.0,0.0,0.0,0.0
coding,7,7,model.layers.7.mlp,52,0.0009765625,48.5,0.0002544403076171875,48.0,0.0004443561425432563,48.0,0.0009765625,0.0006656792922841083,0.0004910001377691427
coding,7,7,model.layers.7.mlp,53,0.0,60.0,0.0,60.0,0.0,60.0,0.0,0.0,0.0
coding,7,7,model.layers.7.mlp,54,0.0140625,23.0,0.0032976150512695314,26.0,0.007076061051338911,26.0,0.0140625,0.008627383271589167,0.007818834080215413
coding,7,7,model.layers.7.mlp,55,0.0,60.0,0.0,60.0,0.0,60.0,0.0,0.0,0.0
coding,7,7,model.layers.7.mlp,56,0.019921875,16.0,0.005989837646484375,19.0,0.011565403826534749,21.0,0.019921875,0.015670908916709247,0.012779422468839938
coding,7,7,model.layers.7.mlp,57,0.0,60.0,0.0,60.0,0.0,60.0,0.0,0.0,0.0
coding,7,7,model.layers.7.mlp,58,0.046875,6.0,0.01892719268798828,6.0,0.04191254451870918,5.0,0.046875,0.04951825578053143,0.04631209780325754
coding,7,7,model.layers.7.mlp,59,0.003125,43.5,0.0011056900024414063,40.0,0.0021565545815974475,40.0,0.003125,0.0028927607626469086,0.0023829277808800537
coding,7,7,model.layers.7.mlp,60,0.0005859375,51.0,0.00013065338134765625,50.0,0.00033623138442635537,50.0,0.0005859375,0.00034182182549821153,0.0003715255405962555
coding,7,7,model.layers.7.mlp,61,0.0076171875,28.5,0.0033111572265625,25.0,0.007834939425811172,23.0,0.0076171875,0.008662812979049566,0.008657371799719607
coding,7,7,model.layers.7.mlp,62,0.0,60.0,0.0,60.0,0.0,60.0,0.0,0.0,0.0
coding,7,7,model.layers.7.mlp,63,0.005859375,34.0,0.001782989501953125,32.0,0.0033631247933954,34.0,0.005859375,0.004664745145631068,0.0037161514802987426
coding,8,8,model.layers.8.mlp,0,0.003515625,44.0,0.0007848739624023438,46.0,0.002060938021168113,44.0,0.003515625,0.001974379605786204,0.0019147677797699877
coding,8,8,model.layers.8.mlp,1,0.0251953125,11.0,0.00870962142944336,11.0,0.02215476520359516,11.0,0.0251953125,0.02190937621599473,0.020583457699601022
coding,8,8,model.layers.8.mlp,2,0.003515625,44.0,0.0014291763305664062,37.0,0.0031268793158233167,39.0,0.003515625,0.003595146144873882,0.002905108112748687
coding,8,8,model.layers.8.mlp,3,0.1173828125,1.0,0.045931434631347655,2.0,0.11385007500648499,2.0,0.1173828125,0.11554222989263502,0.10577535719548532
coding,8,8,model.layers.8.mlp,4,0.0,61.5,0.0,61.5,0.0,61.5,0.0,0.0,0.0
coding,8,8,model.layers.8.mlp,5,0.0013671875,50.5,0.0003292083740234375,50.0,0.0006736997165717185,50.0,0.0013671875,0.0008281358929737515,0.0006259181485722488
coding,8,8,model.layers.8.mlp,6,0.02421875,12.0,0.007513427734375,13.0,0.02184644788503647,13.0,0.02421875,0.018900306544624577,0.020297007519412363
coding,8,8,model.layers.8.mlp,7,0.0072265625,27.5,0.0024812698364257814,28.0,0.0039525158703327175,35.0,0.0072265625,0.006241726437830553,0.0036721871108249485
coding,8,8,model.layers.8.mlp,8,0.0005859375,53.5,0.00012302398681640625,54.0,0.00020876607159152626,54.0,0.0005859375,0.0003094714084403649,0.00019395951905727007
coding,8,8,model.layers.8.mlp,9,0.010546875,25.0,0.0027923583984375,26.0,0.00833328878507018,26.0,0.010546875,0.007024281270646421,0.0077422575066702585
coding,8,8,model.layers.8.mlp,10,0.0177734375,17.0,0.005680084228515625,18.0,0.013385387882590295,19.0,0.0177734375,0.01428846285791328,0.012436040858123824
coding,8,8,model.layers.8.mlp,11,0.016015625,18.0,0.0046966552734375,21.0,0.011032667732797563,23.0,0.016015625,0.011814610792923324,0.01025018534409657
coding,8,8,model.layers.8.mlp,12,0.0103515625,26.0,0.0026561737060546873,27.0,0.006501310877501965,27.0,0.0103515625,0.0066817036185124355,0.006040211043053715
coding,8,8,model.layers.8.mlp,13,0.0005859375,53.5,0.00013580322265625,53.0,0.00035619362606666984,52.0,0.0005859375,0.00034161805086750354,0.0003309309021167623
coding,8,8,model.layers.8.mlp,14,0.026171875,10.0,0.007343482971191406,14.0,0.01620096614933573,17.0,0.026171875,0.018472804180406956,0.01505192667866351
coding,8,8,model.layers.8.mlp,15,0.0,61.5,0.0,61.5,0.0,61.5,0.0,0.0,0.0
coding,8,8,model.layers.8.mlp,16,0.076171875,3.0,0.041815757751464844,3.0,0.08244577944278716,3.0,0.076171875,0.1051890918285634,0.07659838405310031
coding,8,8,model.layers.8.mlp,17,0.0025390625,47.0,0.0007299423217773437,47.0,0.0017980303615331649,47.0,0.0025390625,0.0018361970234128315,0.0016705066178363513
coding,8,8,model.layers.8.mlp,18,0.0236328125,13.0,0.009296607971191407,10.0,0.021940388530492783,12.0,0.0236328125,0.023385962664793526,0.02038428550607816
coding,8,8,model.layers.8.mlp,19,0.0,61.5,0.0,61.5,0.0,61.5,0.0,0.0,0.0
coding,8,8,model.layers.8.mlp,20,0.0142578125,20.0,0.003936576843261719,24.0,0.012328510358929633,21.0,0.0142578125,0.009902605269458435,0.011454121456044216
coding,8,8,model.layers.8.mlp,21,0.0072265625,27.5,0.0017248153686523437,32.0,0.004054294852539897,34.0,0.0072265625,0.00433883712639724,0.003766747507006893
coding,8,8,model.layers.8.mlp,22,0.0056640625,32.0,0.00631561279296875,17.0,0.026962357759475707,10.0,0.0056640625,0.015887158567871876,0.025050075923784495
coding,8,8,model.layers.8.mlp,23,0.00390625,41.0,0.0019678115844726563,29.0,0.0046188356820493935,30.0,0.00390625,0.004950103133146115,0.004291248767892327
coding,8,8,model.layers.8.mlp,24,0.0046875,35.0,0.001612091064453125,33.0,0.0042700883466750385,31.0,0.0046875,0.004055274952151882,0.003967236034759784
coding,8,8,model.layers.8.mlp,25,0.00625,29.0,0.0016086578369140625,34.0,0.005319830123335123,28.0,0.00625,0.004046638540753546,0.0049425257865049555
coding,8,8,model.layers.8.mlp,26,0.0052734375,33.0,0.00110626220703125,42.0,0.0020255307608749717,45.0,0.0052734375,0.0027828436727970795,0.001881871748699238
coding,8,8,model.layers.8.mlp,27,0.0552734375,6.0,0.019297218322753905,7.0,0.07795772403478622,4.0,0.0552734375,0.04854286946687912,0.07242864008176442
coding,8,8,model.layers.8.mlp,28,0.0041015625,39.5,0.0012958526611328125,38.0,0.004214530717581511,33.0,0.0041015625,0.00325976550223851,0.003915618782316451
coding,8,8,model.layers.8.mlp,29,0.0193359375,16.0,0.007251358032226563,15.0,0.018540989607572556,15.0,0.0193359375,0.018241060474551613,0.017225986002969765
coding,8,8,model.layers.8.mlp,30,0.0291015625,9.0,0.009751510620117188,9.0,0.03408326096832752,9.0,0.0291015625,0.024530287175073013,0.0316659352495502
coding,8,8,model.layers.8.mlp,31,0.0001953125,57.5,3.85284423828125e-05,58.0,8.466566214337945e-05,58.0,0.0001953125,9.691972791465691e-05,7.866082349878229e-05
coding,8,8,model.layers.8.mlp,32,0.0349609375,8.0,0.013402175903320313,8.0,0.04022696316242218,8.0,0.0349609375,0.03371367129530337,0.03737390069486091
coding,8,8,model.layers.8.mlp,33,0.0060546875,30.0,0.0012667655944824218,39.0,0.0019620328646851705,46.0,0.0060546875,0.0031865959056692765,0.001822877385715678
coding,8,8,model.layers.8.mlp,34,0.0,61.5,0.0,61.5,0.0,61.5,0.0,0.0,0.0
coding,8,8,model.layers.8.mlp,35,0.020703125,15.0,0.00672607421875,16.0,0.018611237406730652,14.0,0.020703125,0.01691968953060624,0.017291251537908774
coding,8,8,model.layers.8.mlp,36,0.00078125,52.0,0.00017833709716796875,52.0,0.0005246757878921926,51.0,0.00078125,0.00044861359208021883,0.0004874636127640511
coding,8,8,model.layers.8.mlp,37,0.06171875,4.0,0.028315162658691405,4.0,0.0774639181792736,5.0,0.06171875,0.07122784340650773,0.07196985697820393
coding,8,8,model.layers.8.mlp,38,0.003125,46.0,0.0011562347412109376,40.0,0.003925782395526767,36.0,0.003125,0.0029085514387061887,0.0036473496845297534
coding,8,8,model.layers.8.mlp,39,0.000390625,55.5,6.4849853515625e-05,56.0,0.00012408412294462323,56.0,0.000390625,0.00016313221530189775,0.00011528356416109894
coding,8,8,model.layers.8.mlp,40,0.0041015625,39.5,0.000939178466796875,45.0,0.0025754274684004486,41.0,0.0041015625,0.002362538318078072,0.002392767509249378
coding,8,8,model.layers.8.mlp,41,0.000390625,55.5,7.476806640625e-05,55.0,0.00012578838504850864,55.0,0.000390625,0.00018808184823042328,0.00011686695295362227
coding,8,8,model.layers.8.mlp,42,0.0037109375,42.0,0.0010051727294921875,44.0,0.0026390686398372054,40.0,0.0037109375,0.002528549337179415,0.0024518949858072865
coding,8,8,model.layers.8.mlp,43,0.0,61.5,0.0,61.5,0.0,61.5,0.0,0.0,0.0
coding,8,8,model.layers.8.mlp,44,0.0107421875,24.0,0.003984260559082031,23.0,0.011202350072562695,22.0,0.0107421875,0.010022555427768653,0.01040783311110419
coding,8,8,model.layers.8.mlp,45,0.0470703125,7.0,0.024467277526855468,5.0,0.05493772532790899,7.0,0.0470703125,0.0615483454315063,0.05104131481455794
coding,8,8,model.layers.8.mlp,46,0.0,61.5,0.0,61.5,0.0,61.5,0.0,0.0,0.0
coding,8,8,model.layers.8.mlp,47,0.0017578125,49.0,0.00040111541748046877,49.0,0.0011619792319834232,48.0,0.0017578125,0.0010090207317055616,0.001079566862909676
coding,8,8,model.layers.8.mlp,48,0.005859375,31.0,0.0019575119018554687,30.0,0.0038894781726412477,37.0,0.005859375,0.0049241938989511074,0.003613620307160423
coding,8,8,model.layers.8.mlp,49,0.003515625,44.0,0.0010692596435546875,43.0,0.0022108162753283977,43.0,0.003515625,0.0026897623499483494,0.002054016048765303
coding,8,8,model.layers.8.mlp,50,0.0046875,35.0,0.0011470794677734375,41.0,0.0025243327952921392,42.0,0.0046875,0.0028855210083106268,0.002345296681509386
coding,8,8,model.layers.8.mlp,51,0.0611328125,5.0,0.021445846557617186,6.0,0.06304026246070862,6.0,0.0611328125,0.05394782360033759,0.05856918652973025
coding,8,8,model.layers.8.mlp,52,0.0134765625,23.0,0.004636001586914062,22.0,0.012514819763600827,20.0,0.0134765625,0.011662034191552727,0.011627217027802523
coding,8,8,model.layers.8.mlp,53,0.004296875,38.0,0.0018751144409179688,31.0,0.004811365064233542,29.0,0.004296875,0.00471692002539105,0.004470123170653979
coding,8,8,model.layers.8.mlp,54,0.1115234375,2.0,0.058669090270996094,1.0,0.18761060535907745,1.0,0.1115234375,0.14758427578172717,0.17430448591612513
coding,8,8,model.layers.8.mlp,55,0.0046875,35.0,0.0015655517578125,35.0,0.0033123529981821777,38.0,0.0046875,0.003938203597641108,0.00307742723507472
coding,8,8,model.layers.8.mlp,56,0.0013671875,50.5,0.00040912628173828125,48.0,0.0008833235711790621,49.0,0.0013671875,0.0010291723583016785,0.0008206746131290203
coding,8,8,model.layers.8.mlp,57,0.0138671875,22.0,0.00550079345703125,19.0,0.017723909579217434,16.0,0.0138671875,0.013837450262666856,0.01646685666685262
coding,8,8,model.layers.8.mlp,58,0.0001953125,57.5,4.177093505859375e-05,57.0,9.07929555978626e-05,57.0,0.0001953125,0.00010507633867975179,8.435354398010475e-05
coding,8,8,model.layers.8.mlp,59,0.001953125,48.0,0.00029296875,51.0,0.00028944293153472246,53.0,0.001953125,0.0007369737726579852,0.0002689144426918451
coding,8,8,model.layers.8.mlp,60,0.0158203125,19.0,0.005248069763183594,20.0,0.008530451823025942,25.0,0.0158203125,0.013201714423622696,0.00792543692718737
coding,8,8,model.layers.8.mlp,61,0.0140625,21.0,0.0035251617431640626,25.0,0.009563752356916666,24.0,0.0140625,0.008867675303557865,0.008885451517044701
coding,8,8,model.layers.8.mlp,62,0.021484375,14.0,0.008295822143554687,12.0,0.015284756384789943,18.0,0.021484375,0.02086844874217865,0.014200698296905293
coding,8,8,model.layers.8.mlp,63,0.0044921875,37.0,0.001513671875,36.0,0.00424814997240901,32.0,0.0044921875,0.00380769782539959,0.003946853620658211
coding,9,9,model.layers.9.mlp,0,0.0009765625,52.0,0.0002429962158203125,53.0,0.0007376338355243206,54.0,0.0009765625,0.0005579421132867739,0.00045469393343676966
coding,9,9,model.layers.9.mlp,1,0.0115234375,24.0,0.004582595825195312,24.0,0.016927098948508502,23.0,0.0115234375,0.010522070026552614,0.010434240990450025
coding,9,9,model.layers.9.mlp,2,0.0013671875,50.0,0.0004276275634765625,50.0,0.0017926584579981864,47.0,0.0013671875,0.000981873012550194,0.001105034620593966
coding,9,9,model.layers.9.mlp,3,0.000390625,54.5,7.28607177734375e-05,56.0,0.0002079693367704749,56.0,0.000390625,0.00016729504495725873,0.00012819693351402077
coding,9,9,model.layers.9.mlp,4,0.0794921875,4.0,0.03754920959472656,4.0,0.11270474791526794,4.0,0.0794921875,0.08621650869255419,0.06947371809505762
coding,9,9,model.layers.9.mlp,5,0.106640625,2.0,0.05823974609375,1.0,0.18251212537288666,3.0,0.106640625,0.133723922008977,0.11250454112739315
coding,9,9,model.layers.9.mlp,6,0.0265625,9.0,0.010280609130859375,11.0,0.031110764667391776,12.0,0.0265625,0.023605243254440435,0.019177368604284473
coding,9,9,model.layers.9.mlp,7,0.044140625,6.0,0.022862052917480467,5.0,0.11024921536445617,5.0,0.044140625,0.052493418779350536,0.06796007311235833
coding,9,9,model.layers.9.mlp,8,0.0244140625,12.0,0.01500530242919922,9.0,0.08762858659029008,6.0,0.0244140625,0.03445358241317409,0.05401621346439693
coding,9,9,model.layers.9.mlp,9,0.0076171875,29.0,0.0022151947021484377,31.0,0.005247870553284883,35.0,0.0076171875,0.005086294900873306,0.003234904351078165
coding,9,9,model.layers.9.mlp,10,0.0001953125,58.0,3.223419189453125e-05,60.0,8.076471276581287e-05,57.0,0.0001953125,7.401272931355164e-05,4.978516868640516e-05
coding,9,9,model.layers.9.mlp,11,0.0087890625,28.0,0.0027416229248046877,28.0,0.007618194166570902,30.0,0.0087890625,0.006295023497946695,0.004696024645915211
coding,9,9,model.layers.9.mlp,12,0.0251953125,10.5,0.00847625732421875,13.0,0.029441619664430617,14.0,0.0251953125,0.01946228219345701,0.01814847042971353
coding,9,9,model.layers.9.mlp,13,0.0197265625,14.5,0.006774139404296875,16.0,0.019637452065944673,20.0,0.0197265625,0.015554059729586392,0.012104963048764595
coding,9,9,model.layers.9.mlp,14,0.003515625,43.0,0.0013336181640625,41.0,0.002637023897841573,42.0,0.003515625,0.003062112445919249,0.0016255202933092856
coding,9,9,model.layers.9.mlp,15,0.0001953125,58.0,3.528594970703125e-05,59.0,7.93393119238317e-05,58.0,0.0001953125,8.101985161542635e-05,4.890651984418684e-05
coding,9,9,model.layers.9.mlp,16,0.00390625,39.0,0.001659393310546875,34.0,0.004677557991817594,37.0,0.00390625,0.0038101227516443743,0.002883350979509147
coding,9,9,model.layers.9.mlp,17,0.0001953125,58.0,4.177093505859375e-05,57.0,7.623393903486431e-05,59.0,0.0001953125,9.590998650691012e-05,4.69922987961938e-05
coding,9,9,model.layers.9.mlp,18,0.0001953125,58.0,4.062652587890625e-05,58.0,7.081839139573276e-05,60.0,0.0001953125,9.32823156437071e-05,4.3654034552931946e-05
coding,9,9,model.layers.9.mlp,19,0.0,62.5,0.0,62.5,0.0,62.5,0.0,0.0,0.0
coding,9,9,model.layers.9.mlp,20,0.0224609375,13.0,0.010363960266113281,10.0,0.045497915148735045,10.0,0.0224609375,0.02379662528231039,0.028045928760095
coding,9,9,model.layers.9.mlp,21,0.0142578125,22.0,0.005013656616210937,23.0,0.020835251733660697,19.0,0.0142578125,0.011511826051692417,0.012843313455366975
coding,9,9,model.layers.9.mlp,22,0.0009765625,52.0,0.0002513885498046875,52.0,0.0009234370430931449,53.0,0.0009765625,0.0005772116996169294,0.0005692271709672649
coding,9,9,model.layers.9.mlp,23,0.000390625,54.5,0.00015811920166015626,54.0,0.0010714860167354346,51.0,0.000390625,0.00036305652426588353,0.0006604878574009877
coding,9,9,model.layers.9.mlp,24,0.0095703125,25.5,0.002891349792480469,27.0,0.007000767951831221,32.0,0.0095703125,0.006638810435882422,0.004315429368602034
coding,9,9,model.layers.9.mlp,25,0.0,62.5,0.0,62.5,0.0,62.5,0.0,0.0,0.0
coding,9,9,model.layers.9.mlp,26,0.0025390625,44.5,0.00084686279296875,45.0,0.001976568961981684,44.0,0.0025390625,0.0019444764387702325,0.0012184011534580052
coding,9,9,model.layers.9.mlp,27,0.01171875,23.0,0.005641746520996094,22.0,0.023693185672163962,16.0,0.01171875,0.012953979410447005,0.01460500762043574
coding,9,9,model.layers.9.mlp,28,0.0177734375,18.5,0.005961799621582031,19.0,0.0219748480245471,17.0,0.0177734375,0.013688851361856116,0.013545786003504319
coding,9,9,model.layers.9.mlp,29,0.0015625,48.5,0.0005201339721679687,48.0,0.0015783020993694664,49.0,0.0015625,0.0011942764073257712,0.0009729005844799705
coding,9,9,model.layers.9.mlp,30,0.00390625,39.0,0.0015027999877929687,36.0,0.004410639416892082,39.0,0.00390625,0.0034505697885294285,0.0027188164219885454
coding,9,9,model.layers.9.mlp,31,0.001953125,47.0,0.0006250381469726562,47.0,0.0009603587910532952,52.0,0.001953125,0.0014351462364527144,0.0005919865591634809
coding,9,9,model.layers.9.mlp,32,0.0015625,48.5,0.00048980712890625,49.0,0.0013635000446811318,50.0,0.0015625,0.0011246431294508912,0.0008404918113830663
coding,9,9,model.layers.9.mlp,33,0.008984375,27.0,0.003564453125,26.0,0.012614403199404479,26.0,0.008984375,0.008184318848589663,0.007775799227834474
coding,9,9,model.layers.9.mlp,34,0.0177734375,18.5,0.0064487457275390625,17.0,0.015198861248791218,24.0,0.0177734375,0.014806925314149,0.009368916760794
coding,9,9,model.layers.9.mlp,35,0.018359375,17.0,0.005783271789550781,20.0,0.02959185652434826,13.0,0.018359375,0.013278934707196446,0.018241079778001604
coding,9,9,model.layers.9.mlp,36,0.0044921875,35.0,0.0015684127807617187,35.0,0.004629874601960182,38.0,0.0044921875,0.0036012229180197347,0.002853957875438136
coding,9,9,model.layers.9.mlp,37,0.007421875,30.0,0.00236663818359375,29.0,0.009099554643034935,28.0,0.007421875,0.005434023345103839,0.005609168253817116
coding,9,9,model.layers.9.mlp,38,0.0037109375,41.5,0.0017902374267578125,33.0,0.007565631344914436,31.0,0.0037109375,0.004110553120337253,0.004663623751351413
coding,9,9,model.layers.9.mlp,39,0.0427734375,7.0,0.017248153686523438,7.0,0.048040971159935,9.0,0.0427734375,0.03960337935990814,0.029613525154125114
coding,9,9,model.layers.9.mlp,40,0.0185546875,16.0,0.0074005126953125,14.0,0.01902568945661187,21.0,0.0185546875,0.016992271582046175,0.011727858944030368
coding,9,9,model.layers.9.mlp,41,0.0025390625,44.5,0.0007200241088867188,46.0,0.0016791822272352874,48.0,0.0025390625,0.001653242918098565,0.0010350853432801275
coding,9,9,model.layers.9.mlp,42,0.0251953125,10.5,0.009547042846679687,12.0,0.038150643557310106,11.0,0.0251953125,0.021920906231127302,0.023516906826660258
coding,9,9,model.layers.9.mlp,43,0.0041015625,36.5,0.0014026641845703125,39.0,0.0064350497676059605,34.0,0.0041015625,0.0032206485879991645,0.00396670807354478
coding,9,9,model.layers.9.mlp,44,0.0041015625,36.5,0.0012491226196289062,43.0,0.003714799869339913,40.0,0.0041015625,0.002868102747186093,0.0022898854189896656
coding,9,9,model.layers.9.mlp,45,0.0001953125,58.0,0.000102996826171875,55.0,0.000324938097037375,55.0,0.0001953125,0.00023649037768827153,0.00020029908384064547
coding,9,9,model.layers.9.mlp,46,0.1138671875,1.0,0.05493907928466797,2.0,0.2121500551700592,2.0,0.1138671875,0.12614528129435562,0.13077402149744716
coding,9,9,model.layers.9.mlp,47,0.0095703125,25.5,0.004412269592285157,25.0,0.02735280655324459,15.0,0.0095703125,0.010130985013079232,0.016860879481469727
coding,9,9,model.layers.9.mlp,48,0.0197265625,14.5,0.006384086608886719,18.0,0.021535989083349704,18.0,0.0197265625,0.01465846191037803,0.013275263572744212
coding,9,9,model.layers.9.mlp,49,0.0009765625,52.0,0.00032405853271484376,51.0,0.0018814497627317906,45.0,0.0009765625,0.000744068799430321,0.0011597675594315774
coding,9,9,model.layers.9.mlp,50,0.04609375,5.0,0.020701217651367187,6.0,0.06587303690612316,7.0,0.04609375,0.04753193824447937,0.040605607844683915
coding,9,9,model.layers.9.mlp,51,0.0912109375,3.0,0.04335784912109375,3.0,0.22296407520771028,1.0,0.0912109375,0.09955369010388497,0.13744002442515788
coding,9,9,model.layers.9.mlp,52,0.0416015625,8.0,0.01599407196044922,8.0,0.06247308999300003,8.0,0.0416015625,0.0367238900389815,0.03850980480399871
coding,9,9,model.layers.9.mlp,53,0.0048828125,34.0,0.0020503997802734375,32.0,0.007709874771535397,29.0,0.0048828125,0.004707910296572072,0.004752538613799476
coding,9,9,model.layers.9.mlp,54,0.016015625,21.0,0.005642509460449219,21.0,0.01273043043911457,25.0,0.016015625,0.012955731191022475,0.007847321003909311
coding,9,9,model.layers.9.mlp,55,0.0037109375,41.5,0.0013538360595703124,40.0,0.004924742132425308,36.0,0.0037109375,0.003108534631169169,0.003035720791959817
coding,9,9,model.layers.9.mlp,56,0.0,62.5,0.0,62.5,0.0,62.5,0.0,0.0,0.0
coding,9,9,model.layers.9.mlp,57,0.005859375,31.0,0.0012844085693359375,42.0,0.0017988905543461441,46.0,0.005859375,0.0029491225988015194,0.0011088762236570841
coding,9,9,model.layers.9.mlp,58,0.00234375,46.0,0.000867462158203125,44.0,0.002162067824974656,43.0,0.00234375,0.0019917745143078866,0.0013327467862100184
coding,9,9,model.layers.9.mlp,59,0.00390625,39.0,0.0014949798583984374,37.0,0.00679983114823699,33.0,0.00390625,0.0034326140376308746,0.00419156744524879
coding,9,9,model.layers.9.mlp,60,0.0052734375,33.0,0.0014934539794921875,38.0,0.0028203411027789118,41.0,0.0052734375,0.003429110476479937,0.0017385211034203678
coding,9,9,model.layers.9.mlp,61,0.017578125,20.0,0.006844329833984375,15.0,0.017406553030014038,22.0,0.017578125,0.01571522354252951,0.010729787170306464
coding,9,9,model.layers.9.mlp,62,0.0,62.5,0.0,62.5,0.0,62.5,0.0,0.0,0.0
coding,9,9,model.layers.9.mlp,63,0.00546875,32.0,0.0023061752319335936,30.0,0.01088589420542121,27.0,0.00546875,0.0052951947344979464,0.006710307766347453
coding,10,10,model.layers.10.mlp,0,0.00234375,50.0,0.00115966796875,48.0,0.003959638322703541,48.0,0.00234375,0.002513735102346849,0.0018834170528205503
coding,10,10,model.layers.10.mlp,1,0.0021484375,51.0,0.000777435302734375,50.0,0.0029785339254885914,49.0,0.0021484375,0.0016851947824285782,0.0014167510086728083
coding,10,10,model.layers.10.mlp,2,0.0546875,5.0,0.024270248413085938,6.0,0.1256120413541794,5.0,0.0546875,0.05260900276862288,0.05974784600138199
coding,10,10,model.layers.10.mlp,3,0.0130859375,20.0,0.004693031311035156,23.0,0.01797584258019924,23.0,0.0130859375,0.010172771742309903,0.008550278003989262
coding,10,10,model.layers.10.mlp,4,0.0138671875,19.0,0.01001148223876953,13.0,0.04191808849573135,13.0,0.0138671875,0.021701223978138773,0.019938498484022356
coding,10,10,model.layers.10.mlp,5,0.02890625,11.0,0.015780258178710937,10.0,0.060296782106161115,9.0,0.02890625,0.03420581578249411,0.028680394115240877
coding,10,10,model.layers.10.mlp,6,0.0306640625,9.0,0.012176513671875,11.0,0.053119894862174985,12.0,0.0306640625,0.02639421857464191,0.02526668035659015
coding,10,10,model.layers.10.mlp,7,0.0005859375,58.0,0.0002960205078125,55.0,0.0018210719572380185,53.0,0.0005859375,0.0006416639603359062,0.0008661998140106832
coding,10,10,model.layers.10.mlp,8,0.0009765625,55.5,0.0002498626708984375,57.0,0.000873673427850008,57.0,0.0009765625,0.000541610688170127,0.0004155660943006002
coding,10,10,model.layers.10.mlp,9,0.00703125,32.0,0.0026264190673828125,34.0,0.010914707416668534,36.0,0.00703125,0.005693113874887518,0.0051916221633759455
coding,10,10,model.layers.10.mlp,10,0.0009765625,55.5,0.000273895263671875,56.0,0.0015171114588156342,55.0,0.0009765625,0.0005937045406200781,0.0007216198449690474
coding,10,10,model.layers.10.mlp,11,0.0439453125,8.0,0.031143569946289064,3.0,0.13286545872688293,4.0,0.0439453125,0.0675078445693089,0.06319796160730612
coding,10,10,model.layers.10.mlp,12,0.0162109375,18.0,0.004565811157226563,25.0,0.016047966480255128,27.0,0.0162109375,0.009897005078943892,0.0076332763926196725
coding,10,10,model.layers.10.mlp,13,0.0470703125,7.0,0.020349884033203126,8.0,0.05719185620546341,11.0,0.0470703125,0.04411108972690625,0.02720352428205735
coding,10,10,model.layers.10.mlp,14,0.005859375,37.0,0.002615547180175781,35.0,0.012645202316343784,32.0,0.005859375,0.005669547608303016,0.006014738654894804
coding,10,10,model.layers.10.mlp,15,0.0111328125,27.5,0.0037122726440429687,31.0,0.012235557846724986,34.0,0.0111328125,0.008046846430423802,0.005819889702340245
coding,10,10,model.layers.10.mlp,16,0.0236328125,14.0,0.007503890991210937,16.0,0.03435687981545925,15.0,0.0236328125,0.016265685262587124,0.016341980770092385
coding,10,10,model.layers.10.mlp,17,0.00625,35.0,0.002335357666015625,36.0,0.013507920689880848,31.0,0.00625,0.0050621994396603314,0.006425093935877108
coding,10,10,model.layers.10.mlp,18,0.0123046875,21.0,0.004622268676757813,24.0,0.01778595820069313,24.0,0.0123046875,0.010019384287873936,0.0084599587754942
coding,10,10,model.layers.10.mlp,19,0.0572265625,4.0,0.02195320129394531,7.0,0.07722285389900208,7.0,0.0572265625,0.04758649388321013,0.03673134464501944
coding,10,10,model.layers.10.mlp,20,0.011328125,24.5,0.005783462524414062,19.0,0.016155514866113663,26.0,0.011328125,0.012536426936408083,0.007684432192069303
coding,10,10,model.layers.10.mlp,21,0.000390625,59.0,9.307861328125e-05,59.0,0.0003173977369442582,59.0,0.000390625,0.00020176031742520759,0.00015097144273502983
coding,10,10,model.layers.10.mlp,22,0.0265625,12.0,0.008695220947265625,14.0,0.032178986445069314,16.0,0.0265625,0.018848051948320416,0.015306057491570175
coding,10,10,model.layers.10.mlp,23,0.006640625,33.5,0.0019351959228515625,39.0,0.0049313119612634185,47.0,0.006640625,0.004194795452041304,0.002345597320686617
coding,10,10,model.layers.10.mlp,24,0.011328125,24.5,0.005021858215332031,21.0,0.020451613701879978,19.0,0.011328125,0.010885547945672727,0.009727887969707152
coding,10,10,model.layers.10.mlp,25,0.0,62.5,0.0,62.5,0.0,62.5,0.0,0.0,0.0
coding,10,10,model.layers.10.mlp,26,0.0041015625,44.0,0.0013162612915039063,46.0,0.007357436127495021,43.0,0.0041015625,0.002853172029818356,0.00349959252291023
coding,10,10,model.layers.10.mlp,27,0.0009765625,55.5,0.000324249267578125,53.0,0.0020930254831910133,51.0,0.0009765625,0.0007028535648009281,0.0009955555446635848
coding,10,10,model.layers.10.mlp,28,0.0060546875,36.0,0.0019578933715820312,38.0,0.006512639683205634,45.0,0.0060546875,0.004243995201577369,0.0030977618758499122
coding,10,10,model.layers.10.mlp,29,0.0111328125,27.5,0.004130744934082031,28.0,0.015698573365807534,29.0,0.0111328125,0.008953940972290412,0.0074670862266856845
coding,10,10,model.layers.10.mlp,30,0.0255859375,13.0,0.01101999282836914,12.0,0.0713985688984394,8.0,0.0255859375,0.023887305286306365,0.033961001296322645
coding,10,10,model.layers.10.mlp,31,0.002734375,48.5,0.0009916305541992187,49.0,0.004935786640271544,46.0,0.002734375,0.002149491578470603,0.0023477257188035568
coding,10,10,model.layers.10.mlp,32,0.0048828125,40.5,0.0017116546630859375,43.0,0.00808061845600605,40.0,0.0048828125,0.0037102399356020756,0.0038435769524997917
coding,10,10,model.layers.10.mlp,33,0.0001953125,60.0,5.22613525390625e-05,60.0,0.0002337954705581069,60.0,0.0001953125,0.00011328345691497312,0.00011120570623750664
coding,10,10,model.layers.10.mlp,34,0.01796875,17.0,0.008102321624755859,15.0,0.040908646583557126,14.0,0.01796875,0.01756286353291825,0.01945835359292972
coding,10,10,model.layers.10.mlp,35,0.0119140625,23.0,0.004366874694824219,27.0,0.018803091906011104,21.0,0.0119140625,0.009465783744774853,0.008943762297298295
coding,10,10,model.layers.10.mlp,36,0.0056640625,38.0,0.0018497467041015624,40.0,0.00869574686512351,38.0,0.0056640625,0.004009572865552588,0.004136165123687906
coding,10,10,model.layers.10.mlp,37,0.0041015625,44.0,0.00155181884765625,44.0,0.006911918800324201,44.0,0.0041015625,0.0033637744724825595,0.0032876805089999193
coding,10,10,model.layers.10.mlp,38,0.0201171875,15.0,0.0067413330078125,18.0,0.030554641038179398,17.0,0.0201171875,0.014612739055484707,0.014533431410681459
coding,10,10,model.layers.10.mlp,39,0.006640625,33.5,0.0028333663940429688,33.0,0.011786993127316236,35.0,0.006640625,0.006141699826539874,0.005606528184702625
coding,10,10,model.layers.10.mlp,40,0.0,62.5,0.0,62.5,0.0,62.5,0.0,0.0,0.0
coding,10,10,model.layers.10.mlp,41,0.001171875,52.5,0.000316619873046875,54.0,0.0008595669583883137,58.0,0.001171875,0.0006863158338644357,0.00040885629836118036
coding,10,10,model.layers.10.mlp,42,0.001171875,52.5,0.00045928955078125,52.0,0.0019694539718329907,52.0,0.001171875,0.000995571402376844,0.0009367782845284719
coding,10,10,model.layers.10.mlp,43,0.064453125,3.0,0.037555503845214847,2.0,0.2401757925748825,2.0,0.064453125,0.08140656709161055,0.11424053071124211
coding,10,10,model.layers.10.mlp,44,0.0771484375,2.0,0.030126094818115234,4.0,0.14279266595840454,3.0,0.0771484375,0.06530233142729093,0.0679198755456391
coding,10,10,model.layers.10.mlp,45,0.002734375,48.5,0.0007169723510742187,51.0,0.0017557470593601466,54.0,0.002734375,0.0015541332647568758,0.0008351277774735329
coding,10,10,model.layers.10.mlp,46,0.010546875,30.0,0.005658721923828125,20.0,0.018874431680887937,20.0,0.010546875,0.012266035035596432,0.008977695332994258
coding,10,10,model.layers.10.mlp,47,0.0041015625,44.0,0.00179595947265625,41.0,0.0084748025983572,39.0,0.0041015625,0.003892981862450317,0.0040310721414918765
coding,10,10,model.layers.10.mlp,48,0.0111328125,27.5,0.00445404052734375,26.0,0.013702424615621567,30.0,0.0111328125,0.009654727320724279,0.00651761046913727
coding,10,10,model.layers.10.mlp,49,0.0111328125,27.5,0.004039573669433594,29.0,0.016761923860758542,25.0,0.0111328125,0.008756315087599328,0.007972872940546077
coding,10,10,model.layers.10.mlp,50,0.01875,16.0,0.00691070556640625,17.0,0.018683050759136677,22.0,0.01875,0.014979876682274839,0.00888666426847907
coding,10,10,model.layers.10.mlp,51,0.0009765625,55.5,0.0002017974853515625,58.0,0.0009285251842811703,56.0,0.0009765625,0.00043742298327022466,0.00044165654121017397
coding,10,10,model.layers.10.mlp,52,0.004296875,42.0,0.00140838623046875,45.0,0.007461501238867641,42.0,0.004296875,0.003052865130876502,0.0035490914895807617
coding,10,10,model.layers.10.mlp,53,0.0037109375,46.0,0.001976776123046875,37.0,0.010678171273320913,37.0,0.0037109375,0.004284926085645188,0.005079112845685247
coding,10,10,model.layers.10.mlp,54,0.0,62.5,0.0,62.5,0.0,62.5,0.0,0.0,0.0
coding,10,10,model.layers.10.mlp,55,0.012109375,22.0,0.004738235473632812,22.0,0.015869646333158016,28.0,0.012109375,0.010270757798108621,0.007548457735325019
coding,10,10,model.layers.10.mlp,56,0.1146484375,1.0,0.07142200469970703,1.0,0.38052952885627744,1.0,0.1146484375,0.1548167278321536,0.18100032006467223
coding,10,10,model.layers.10.mlp,57,0.005078125,39.0,0.0012895584106445313,47.0,0.002541336906142533,50.0,0.005078125,0.002795289971540632,0.001208796580876365
coding,10,10,model.layers.10.mlp,58,0.003515625,47.0,0.001738739013671875,42.0,0.008002730179578066,41.0,0.003515625,0.003768948880426624,0.00380652909709387
coding,10,10,model.layers.10.mlp,59,0.0291015625,10.0,0.015793991088867188,9.0,0.057241819053888324,10.0,0.0291015625,0.0342355836981798,0.027227289301248982
coding,10,10,model.layers.10.mlp,60,0.0048828125,40.5,0.0028591156005859375,32.0,0.012257647886872291,33.0,0.0048828125,0.0061975146684505366,0.005830396914090463
coding,10,10,model.layers.10.mlp,61,0.008203125,31.0,0.003754997253417969,30.0,0.0231803048402071,18.0,0.008203125,0.00813945772366816,0.011025800304866253
coding,10,10,model.layers.10.mlp,62,0.05390625,6.0,0.024519920349121094,5.0,0.11677495092153549,6.0,0.05390625,0.0531502000135196,0.05554445027134098
coding,10,10,model.layers.10.mlp,63,0.0,62.5,0.0,62.5,0.0,62.5,0.0,0.0,0.0
coding,11,11,model.layers.11.mlp,0,0.0029296875,47.0,0.0014129638671875,42.0,0.00923116747289896,36.0,0.0029296875,0.002838529512966884,0.003019932764668176
coding,11,11,model.layers.11.mlp,1,0.0013671875,50.5,0.000421142578125,51.0,0.002325981855392456,47.0,0.0013671875,0.0008460411939296544,0.0007609339594093006
coding,11,11,model.layers.11.mlp,2,0.0109375,20.0,0.003594970703125,23.0,0.012681240448728204,29.0,0.0109375,0.007222003814848789,0.004148607815878246
coding,11,11,model.layers.11.mlp,3,0.0033203125,45.0,0.0011110305786132812,45.0,0.0065071713645011185,42.0,0.0033203125,0.0022319700881522813,0.0021287903254555702
coding,11,11,model.layers.11.mlp,4,0.005078125,36.5,0.0014326095581054688,41.0,0.006892325263470412,41.0,0.005078125,0.0028779961085170446,0.002254791601280305
coding,11,11,model.layers.11.mlp,5,0.01484375,17.0,0.007353019714355469,16.0,0.05284562632441521,14.0,0.01484375,0.01477161868984697,0.01728819663114559
coding,11,11,model.layers.11.mlp,6,0.00078125,54.5,0.00022716522216796874,54.0,0.0014193872222676874,54.0,0.00078125,0.0004563564592256424,0.0004643458144229096
coding,11,11,model.layers.11.mlp,7,0.06171875,4.0,0.025884437561035156,5.0,0.1337973117828369,5.0,0.06171875,0.05199973024773527,0.04377115753383919
coding,11,11,model.layers.11.mlp,8,0.0041015625,41.5,0.0019277572631835938,35.0,0.013519133999943733,26.0,0.0041015625,0.003872707584713323,0.004422720726953546
coding,11,11,model.layers.11.mlp,9,0.0017578125,48.0,0.0005159378051757812,49.0,0.001271021505817771,56.0,0.0017578125,0.0010364770967299436,0.0004158086722276263
coding,11,11,model.layers.11.mlp,10,0.0099609375,23.0,0.0026655197143554688,28.0,0.006267515383660794,44.0,0.0099609375,0.005354812357412555,0.0020503880051734205
coding,11,11,model.layers.11.mlp,11,0.007421875,28.0,0.0028162002563476562,27.0,0.015960234310477973,25.0,0.007421875,0.00565751731357398,0.005221315144319144
coding,11,11,model.layers.11.mlp,12,0.010546875,21.0,0.00415496826171875,20.0,0.02102147163823247,21.0,0.010546875,0.008346993373443657,0.006877074990592135
coding,11,11,model.layers.11.mlp,13,0.11484375,2.0,0.053246498107910156,3.0,0.37325018644332886,3.0,0.11484375,0.10696788492000543,0.1221070325901834
coding,11,11,model.layers.11.mlp,14,0.009375,24.0,0.003959560394287109,21.0,0.018436723574995994,22.0,0.009375,0.007954434857510264,0.0060314868905498855
coding,11,11,model.layers.11.mlp,15,0.006640625,30.5,0.0025096893310546874,29.0,0.012509736232459545,30.0,0.006640625,0.005041761788825359,0.004092501022939107
coding,11,11,model.layers.11.mlp,16,0.0072265625,29.0,0.002212715148925781,31.0,0.009413076099008322,35.0,0.0072265625,0.004445164805605943,0.003079443311061818
coding,11,11,model.layers.11.mlp,17,0.005859375,33.0,0.001752471923828125,38.0,0.012955972831696272,28.0,0.005859375,0.0035205735914065513,0.004238485215164567
coding,11,11,model.layers.11.mlp,18,0.006640625,30.5,0.003265380859375,25.0,0.018166478723287582,23.0,0.006640625,0.006559884619599494,0.005943077565883952
coding,11,11,model.layers.11.mlp,19,0.0001953125,61.0,4.024505615234375e-05,61.0,0.0001512938179075718,61.0,0.0001953125,8.084904525324143e-05,4.949505673385131e-05
coding,11,11,model.layers.11.mlp,20,0.017578125,15.0,0.007984161376953125,15.0,0.05928918570280075,13.0,0.017578125,0.0160395309682497,0.019396176596301662
coding,11,11,model.layers.11.mlp,21,0.0005859375,56.5,0.0001270294189453125,57.0,0.0013866023160517215,55.0,0.0005859375,0.00025519177316899903,0.0004536203874648527
coding,11,11,model.layers.11.mlp,22,0.014453125,18.0,0.006233024597167969,17.0,0.037282150238752365,16.0,0.014453125,0.012521639572657235,0.012196679062949774
coding,11,11,model.layers.11.mlp,23,0.047265625,5.0,0.027106857299804686,4.0,0.10821743011474609,8.0,0.047265625,0.05445547210094866,0.03540282026852655
coding,11,11,model.layers.11.mlp,24,0.0037109375,43.0,0.0010646820068359376,46.0,0.006260849116370082,45.0,0.0037109375,0.0021388595763203494,0.0020482071673684128
coding,11,11,model.layers.11.mlp,25,0.000390625,58.5,8.0108642578125e-05,60.0,0.00020463195396587254,60.0,0.000390625,0.0001609317488453147,6.694437559429731e-05
coding,11,11,model.layers.11.mlp,26,0.0013671875,50.5,0.0005487442016601562,48.0,0.001830059103667736,49.0,0.0013671875,0.0011023824795904056,0.0005986951774703181
coding,11,11,model.layers.11.mlp,27,0.11953125,1.0,0.08726253509521484,1.0,0.5910045146942139,1.0,0.11953125,0.1753033371880319,0.19334433084782648
coding,11,11,model.layers.11.mlp,28,0.011328125,19.0,0.005465126037597657,19.0,0.022575796768069267,20.0,0.011328125,0.01097899380872572,0.007385565103064026
coding,11,11,model.layers.11.mlp,29,0.0091796875,25.0,0.003235149383544922,26.0,0.008213713951408862,39.0,0.0091796875,0.006499152042951917,0.002687077658843731
coding,11,11,model.layers.11.mlp,30,0.0001953125,61.0,9.34600830078125e-05,58.0,0.0006489237770438194,58.0,0.0001953125,0.0001877537069862005,0.00021229234350045106
coding,11,11,model.layers.11.mlp,31,0.005078125,36.5,0.0021852493286132813,33.0,0.013463969528675079,27.0,0.005078125,0.0043899882060018346,0.0044046739311697095
coding,11,11,model.layers.11.mlp,32,0.0013671875,50.5,0.0004055023193359375,52.0,0.0014325862633995713,53.0,0.0013671875,0.0008146211858217596,0.00046866381828248655
coding,11,11,model.layers.11.mlp,33,0.033203125,10.0,0.020865440368652344,7.0,0.1307481437921524,6.0,0.033203125,0.04191697301174572,0.04277363665177531
coding,11,11,model.layers.11.mlp,34,0.003125,46.0,0.0011556625366210937,44.0,0.0063146010506898165,43.0,0.003125,0.0023216320625089565,0.002065791858372343
coding,11,11,model.layers.11.mlp,35,0.0046875,39.0,0.0014879226684570313,40.0,0.008829958550632,37.0,0.0046875,0.0029891156493864284,0.0028886791639304243
coding,11,11,model.layers.11.mlp,36,0.00078125,54.5,0.0001796722412109375,56.0,0.0007709733094088733,57.0,0.00078125,0.00036094692241020584,0.0002522202705783362
coding,11,11,model.layers.11.mlp,37,0.0177734375,14.0,0.009341239929199219,14.0,0.032121799886226654,17.0,0.0177734375,0.018765791427855446,0.010508494859542035
coding,11,11,model.layers.11.mlp,38,0.0044921875,40.0,0.0009565353393554688,47.0,0.0022772298310883344,48.0,0.0044921875,0.0019216017153791743,0.0007449849653116254
coding,11,11,model.layers.11.mlp,39,0.0013671875,50.5,0.00044994354248046876,50.0,0.0017555048689246178,50.0,0.0013671875,0.0009038999893478509,0.0005743051123018005
coding,11,11,model.layers.11.mlp,40,0.0103515625,22.0,0.0033994674682617187,24.0,0.012041724007576703,32.0,0.0103515625,0.006829253713500105,0.003939393037807396
coding,11,11,model.layers.11.mlp,41,0.00546875,35.0,0.0021928787231445313,32.0,0.008622583176475018,38.0,0.00546875,0.004405315039225198,0.0028208372914001537
coding,11,11,model.layers.11.mlp,42,0.0005859375,56.5,0.0002056121826171875,55.0,0.0015822110697627067,52.0,0.0005859375,0.0004130581553696411,0.000517612865785929
coding,11,11,model.layers.11.mlp,43,0.0408203125,7.0,0.02060356140136719,8.0,0.09545873180031776,9.0,0.0408203125,0.04139087946135377,0.03122887247834973
coding,11,11,model.layers.11.mlp,44,0.0453125,6.0,0.024219703674316407,6.0,0.1887693464756012,4.0,0.0453125,0.04865541523839739,0.06175499860232109
coding,11,11,model.layers.11.mlp,45,0.003515625,44.0,0.0012746810913085937,43.0,0.007221558643504977,40.0,0.003515625,0.002560730660793424,0.0023624987439042266
coding,11,11,model.layers.11.mlp,46,0.026171875,11.0,0.01120929718017578,13.0,0.06297401264309883,12.0,0.026171875,0.02251856654259595,0.020601650296330154
coding,11,11,model.layers.11.mlp,47,0.108203125,3.0,0.06101665496826172,2.0,0.48561871647834776,2.0,0.108203125,0.12257749821633979,0.1588678655581271
coding,11,11,model.layers.11.mlp,48,0.0001953125,61.0,3.96728515625e-05,62.0,9.798284154385328e-05,62.0,0.0001953125,7.969953276148919e-05,3.205462303899114e-05
coding,11,11,model.layers.11.mlp,49,0.0056640625,34.0,0.0020732879638671875,34.0,0.012072001025080681,31.0,0.0056640625,0.0041650669284489785,0.003949298020838539
coding,11,11,model.layers.11.mlp,50,0.0,63.5,0.0,63.5,0.0,63.5,0.0,0.0,0.0
coding,11,11,model.layers.11.mlp,51,0.0255859375,12.0,0.016821670532226562,9.0,0.0832182765007019,10.0,0.0255859375,0.03379336823253258,0.02722446543858041
coding,11,11,model.layers.11.mlp,52,0.0048828125,38.0,0.0018077850341796874,37.0,0.01029251255095005,33.0,0.0048828125,0.003631693132275935,0.0033671467855637617
coding,11,11,model.layers.11.mlp,53,0.0,63.5,0.0,63.5,0.0,63.5,0.0,0.0,0.0
coding,11,11,model.layers.11.mlp,54,0.008984375,26.0,0.0039306640625,22.0,0.02651708126068115,18.0,0.008984375,0.007896384476676776,0.008674937677991365
coding,11,11,model.layers.11.mlp,55,0.000390625,58.5,8.563995361328125e-05,59.0,0.00028651442844420674,59.0,0.000390625,0.0001720437029322531,9.373183972114749e-05
coding,11,11,model.layers.11.mlp,56,0.019921875,13.0,0.01130504608154297,12.0,0.05277873985469341,15.0,0.019921875,0.02271091829954916,0.017266315039026408
coding,11,11,model.layers.11.mlp,57,0.0400390625,8.0,0.01593494415283203,10.0,0.11900862082839012,7.0,0.0400390625,0.032012007041147185,0.03893310725569161
coding,11,11,model.layers.11.mlp,58,0.0060546875,32.0,0.0023057937622070314,30.0,0.01744619756937027,24.0,0.0060546875,0.004632152170930975,0.005707440994142199
coding,11,11,model.layers.11.mlp,59,0.0078125,27.0,0.0016475677490234374,39.0,0.004611037019640207,46.0,0.0078125,0.0033098296345853056,0.0015084789454411596
coding,11,11,model.layers.11.mlp,60,0.0009765625,53.0,0.0003238677978515625,53.0,0.001658501336351037,51.0,0.0009765625,0.0006506240703317723,0.0005425708655591708
coding,11,11,model.layers.11.mlp,61,0.0041015625,41.5,0.0018383026123046874,36.0,0.010114165674895047,34.0,0.0041015625,0.0036930004651693884,0.003308801448849209
coding,11,11,model.layers.11.mlp,62,0.0166015625,16.0,0.0058231353759765625,18.0,0.023421021550893782,19.0,0.0166015625,0.011698205457732043,0.007662076391875008
coding,11,11,model.layers.11.mlp,63,0.0353515625,9.0,0.012988662719726563,11.0,0.06968280673027039,11.0,0.0353515625,0.02609316722111486,0.02279640054159886
coding,12,12,model.layers.12.mlp,0,0.0029296875,46.0,0.0010568618774414063,47.0,0.008013137429952622,40.0,0.0029296875,0.0021311247481044008,0.0023361101861439203
coding,12,12,model.layers.12.mlp,1,0.00078125,54.5,0.0002147674560546875,57.0,0.0009953599888831376,56.0,0.00078125,0.00043307100999197897,0.00029018229491712907
coding,12,12,model.layers.12.mlp,2,0.041015625,8.0,0.015436935424804687,11.0,0.10537529960274697,11.0,0.041015625,0.03112803652103981,0.030720590146099624
coding,12,12,model.layers.12.mlp,3,0.0048828125,36.0,0.0015380859375,42.0,0.0059761506970971824,46.0,0.0048828125,0.0031014961141876715,0.001742257216909153
coding,12,12,model.layers.12.mlp,4,0.01171875,21.0,0.003604698181152344,26.0,0.02196878120303154,24.0,0.01171875,0.007268746907494148,0.006404669081767204
coding,12,12,model.layers.12.mlp,5,0.0,61.5,0.0,61.5,0.0,61.5,0.0,0.0,0.0
coding,12,12,model.layers.12.mlp,6,0.0326171875,11.0,0.016475486755371093,10.0,0.17336451709270478,7.0,0.0326171875,0.03322223869635626,0.050541828071278196
coding,12,12,model.layers.12.mlp,7,0.003125,44.0,0.0020946502685546876,35.0,0.017148199118673803,29.0,0.003125,0.004223788482888022,0.004999300584240064
coding,12,12,model.layers.12.mlp,8,0.0658203125,5.0,0.02735729217529297,7.0,0.16456502974033355,8.0,0.0658203125,0.05516501601612747,0.04797646934426076
coding,12,12,model.layers.12.mlp,9,0.0142578125,18.0,0.005677223205566406,18.0,0.035003479570150375,19.0,0.0142578125,0.011447920614930066,0.010204740139442784
coding,12,12,model.layers.12.mlp,10,0.017578125,16.0,0.007384109497070313,16.0,0.03782069347798824,18.0,0.017578125,0.014889796697006637,0.011026056654250802
coding,12,12,model.layers.12.mlp,11,0.0013671875,50.5,0.00048007965087890623,51.0,0.0033927787095308303,50.0,0.0013671875,0.000968063705284024,0.0009891138111572436
coding,12,12,model.layers.12.mlp,12,0.0111328125,22.0,0.003466033935546875,27.0,0.011680069752037526,35.0,0.0111328125,0.00698913534065208,0.003405149376399462
coding,12,12,model.layers.12.mlp,13,0.0037109375,41.5,0.0017253875732421875,38.0,0.00791198150254786,41.0,0.0037109375,0.003479183264997728,0.002306619690758707
coding,12,12,model.layers.12.mlp,14,0.00234375,48.0,0.0009677886962890625,48.0,0.006407623365521431,44.0,0.00234375,0.00195151181589636,0.0018680466102098175
coding,12,12,model.layers.12.mlp,15,0.0037109375,41.5,0.0013742446899414062,43.0,0.011446284502744675,36.0,0.0037109375,0.0027711160097621743,0.0033369927889182896
coding,12,12,model.layers.12.mlp,16,0.0013671875,50.5,0.0006641387939453125,49.0,0.007751401048153639,42.0,0.0013671875,0.0013392124838295476,0.0022598048646702723
coding,12,12,model.layers.12.mlp,17,0.0251953125,12.0,0.010340309143066407,14.0,0.04629208780825138,17.0,0.0251953125,0.020850869151594276,0.013495764775291548
coding,12,12,model.layers.12.mlp,18,0.0,61.5,0.0,61.5,0.0,61.5,0.0,0.0,0.0
coding,12,12,model.layers.12.mlp,19,0.0080078125,29.0,0.0041446685791015625,23.0,0.0268932044506073,21.0,0.0080078125,0.00835757819460542,0.007840310914957837
coding,12,12,model.layers.12.mlp,20,0.0138671875,19.0,0.004839897155761719,22.0,0.022584656439721584,23.0,0.0138671875,0.009759482130147839,0.006584218281615872
coding,12,12,model.layers.12.mlp,21,0.00390625,38.5,0.0017183303833007812,39.0,0.014711938984692096,33.0,0.00390625,0.0034649526900690395,0.0042890454357613905
coding,12,12,model.layers.12.mlp,22,0.00390625,38.5,0.001953887939453125,37.0,0.01988285407423973,27.0,0.00390625,0.003939946204580668,0.005796548273192316
coding,12,12,model.layers.12.mlp,23,0.0087890625,27.0,0.005262565612792969,20.0,0.023828033357858658,22.0,0.0087890625,0.010611778185336316,0.006946706197125569
coding,12,12,model.layers.12.mlp,24,0.007421875,31.0,0.002976799011230469,30.0,0.012850118288770317,34.0,0.007421875,0.006002610348974082,0.003746259500721943
coding,12,12,model.layers.12.mlp,25,0.0005859375,57.0,0.00026073455810546873,54.0,0.0020281146629713477,52.0,0.0005859375,0.0005257620520950579,0.0005912664501578656
coding,12,12,model.layers.12.mlp,26,0.0107421875,23.0,0.0038915634155273437,25.0,0.011111070960760116,37.0,0.0107421875,0.007847200547838674,0.0032392663020323485
coding,12,12,model.layers.12.mlp,27,0.0,61.5,0.0,61.5,0.0,61.5,0.0,0.0,0.0
coding,12,12,model.layers.12.mlp,28,0.0076171875,30.0,0.0024444580078125,33.0,0.009723336435854435,38.0,0.0076171875,0.004929163467191121,0.0028346930886518156
coding,12,12,model.layers.12.mlp,29,0.0162109375,17.0,0.006117057800292969,17.0,0.03475269079208374,20.0,0.0162109375,0.012334831582107244,0.010131626427849356
coding,12,12,model.layers.12.mlp,30,0.0349609375,10.0,0.01952991485595703,8.0,0.10884429216384887,10.0,0.0349609375,0.03938138536954591,0.03173192296404876
coding,12,12,model.layers.12.mlp,31,0.06796875,4.0,0.040010833740234376,3.0,0.2590642303228378,4.0,0.06796875,0.08068043686326591,0.07552629573785988
coding,12,12,model.layers.12.mlp,32,0.0212890625,15.0,0.007867240905761718,15.0,0.05142630524933338,15.0,0.0212890625,0.015864014164421986,0.014992568963019096
coding,12,12,model.layers.12.mlp,33,0.000390625,58.0,9.593963623046874e-05,58.0,0.0004477677633985877,58.0,0.000390625,0.00019345889700352168,0.0001305399841505659
coding,12,12,model.layers.12.mlp,34,0.00078125,54.5,0.000301361083984375,53.0,0.001738956570625305,53.0,0.00078125,0.0006076840104683186,0.0005069667397335146
coding,12,12,model.layers.12.mlp,35,0.0015625,49.0,0.00037097930908203125,52.0,0.0016360401990823449,54.0,0.0015625,0.0007480667090891644,0.0004769630132301114
coding,12,12,model.layers.12.mlp,36,0.0029296875,46.0,0.0010686874389648437,46.0,0.004961503203958273,48.0,0.0029296875,0.0021549705763632843,0.001446451939040455
coding,12,12,model.layers.12.mlp,37,0.0,61.5,0.0,61.5,0.0,61.5,0.0,0.0,0.0
coding,12,12,model.layers.12.mlp,38,0.108203125,1.0,0.06860408782958985,1.0,0.40411615967750547,1.0,0.108203125,0.1383377265425799,0.11781401295816356
coding,12,12,model.layers.12.mlp,39,0.0064453125,33.0,0.0032186508178710938,28.0,0.020870972890406847,26.0,0.0064453125,0.006490295997881567,0.006084619512672121
coding,12,12,model.layers.12.mlp,40,0.0060546875,34.0,0.00164794921875,40.0,0.004668404487892986,49.0,0.0060546875,0.0033230315509153625,0.0013610033987987247
coding,12,12,model.layers.12.mlp,41,0.0037109375,41.5,0.001137542724609375,45.0,0.005031394679099322,47.0,0.0037109375,0.0022938148344512988,0.0014668277516892334
coding,12,12,model.layers.12.mlp,42,0.00078125,54.5,0.0002155303955078125,56.0,0.0007013371214270592,57.0,0.00078125,0.00043460945052481014,0.00020446433218059703
coding,12,12,model.layers.12.mlp,43,0.086328125,2.0,0.04367275238037109,2.0,0.4037011682987213,2.0,0.086328125,0.08806456681072239,0.11769302843797852
coding,12,12,model.layers.12.mlp,44,0.0037109375,41.5,0.001631927490234375,41.0,0.006328425835818052,45.0,0.0037109375,0.003290724299725908,0.0018449577567520037
coding,12,12,model.layers.12.mlp,45,0.04453125,7.0,0.017087364196777345,9.0,0.18987953364849092,6.0,0.04453125,0.03445606800368687,0.0553565337639691
coding,12,12,model.layers.12.mlp,46,0.00078125,54.5,0.00023441314697265626,55.0,0.0011854384560137988,55.0,0.00078125,0.000472685853712382,0.0003455968247579314
coding,12,12,model.layers.12.mlp,47,0.005859375,35.0,0.0026309967041015627,32.0,0.01674867933616042,30.0,0.005859375,0.005305312177468346,0.004882826576193377
coding,12,12,model.layers.12.mlp,48,0.0126953125,20.0,0.005641365051269531,19.0,0.053239965438842775,14.0,0.0126953125,0.011375613909886999,0.015521314423826905
coding,12,12,model.layers.12.mlp,49,0.0009765625,52.0,0.000562286376953125,50.0,0.003375569498166442,51.0,0.0009765625,0.0011338306726965844,0.000984096723366689
coding,12,12,model.layers.12.mlp,50,0.010546875,24.0,0.004925727844238281,21.0,0.05126801803708077,16.0,0.010546875,0.009932556690091347,0.014946422697325778
coding,12,12,model.layers.12.mlp,51,0.074609375,3.0,0.036451530456542966,5.0,0.39216779470443724,3.0,0.074609375,0.07350322716747522,0.11433064612895956
coding,12,12,model.layers.12.mlp,52,0.0044921875,37.0,0.0020832061767578126,36.0,0.018541767448186874,28.0,0.0044921875,0.004200711874895555,0.005405574555967303
coding,12,12,model.layers.12.mlp,53,0.0083984375,28.0,0.002989387512207031,29.0,0.016605565696954726,31.0,0.0083984375,0.006027994617765796,0.004841103938431688
coding,12,12,model.layers.12.mlp,54,0.0234375,13.0,0.013266563415527344,12.0,0.07307157963514328,12.0,0.0234375,0.026751557815268293,0.021302924478145906
coding,12,12,model.layers.12.mlp,55,0.0552734375,6.0,0.03720102310180664,4.0,0.22307374700903893,5.0,0.0552734375,0.07501455268591525,0.06503380944162702
coding,12,12,model.layers.12.mlp,56,0.0072265625,32.0,0.0023365020751953125,34.0,0.0069763337727636095,43.0,0.0072265625,0.004711474131795508,0.0020338456105312643
coding,12,12,model.layers.12.mlp,57,0.0091796875,26.0,0.003970909118652344,24.0,0.02186158560216427,25.0,0.0091796875,0.008007198363253117,0.0063734178100543545
coding,12,12,model.layers.12.mlp,58,0.0232421875,14.0,0.010964393615722656,13.0,0.058218926191329956,13.0,0.0232421875,0.022109313507450188,0.016972855849638303
coding,12,12,model.layers.12.mlp,59,0.03671875,9.0,0.028817367553710938,6.0,0.16361549496650696,9.0,0.03671875,0.058109206585833156,0.04769964670436161
coding,12,12,model.layers.12.mlp,60,0.009375,25.0,0.002750205993652344,31.0,0.015056417929008603,32.0,0.009375,0.005545693510723219,0.004389473111907544
coding,12,12,model.layers.12.mlp,61,0.0,61.5,0.0,61.5,0.0,61.5,0.0,0.0,0.0
coding,12,12,model.layers.12.mlp,62,0.0029296875,46.0,0.0011627197265625,44.0,0.00821737078949809,39.0,0.0029296875,0.002344583372034728,0.0023956513628372277
coding,12,12,model.layers.12.mlp,63,0.0,61.5,0.0,61.5,0.0,61.5,0.0,0.0,0.0
coding,13,13,model.layers.13.mlp,0,0.0052734375,36.0,0.0014707565307617188,38.0,0.012118120957165957,36.0,0.0052734375,0.0028792446080907856,0.0026025039492683535
coding,13,13,model.layers.13.mlp,1,0.0037109375,40.0,0.00126495361328125,40.0,0.01711038313806057,30.0,0.0037109375,0.002476351995961366,0.003674648887207624
coding,13,13,model.layers.13.mlp,2,0.1060546875,1.0,0.08743419647216796,1.0,0.9987901449203491,1.0,0.1060546875,0.1711666298873133,0.21450151437120382
coding,13,13,model.layers.13.mlp,3,0.024609375,13.0,0.009345054626464844,13.0,0.09050666466355324,11.0,0.024609375,0.01829446110406018,0.019437332987068158
coding,13,13,model.layers.13.mlp,4,0.0123046875,21.0,0.004758644104003906,20.0,0.0260182885453105,24.0,0.0123046875,0.009315818146447543,0.005587722628922329
coding,13,13,model.layers.13.mlp,5,0.03671875,9.0,0.024527549743652344,7.0,0.23995138704776764,7.0,0.03671875,0.04801665936680516,0.051532282490954706
coding,13,13,model.layers.13.mlp,6,0.06875,4.0,0.03795547485351562,4.0,0.32218967378139496,5.0,0.06875,0.0743040020790603,0.06919388751716679
coding,13,13,model.layers.13.mlp,7,0.0271484375,12.0,0.009356307983398437,12.0,0.051204147189855574,14.0,0.0271484375,0.01831649137664186,0.010996671493175311
coding,13,13,model.layers.13.mlp,8,0.0017578125,49.0,0.000572967529296875,49.0,0.004017957882024348,47.0,0.0017578125,0.0011216769294131396,0.0008629020367863844
coding,13,13,model.layers.13.mlp,9,0.008203125,27.5,0.0025481224060058595,29.0,0.018611876806244255,27.0,0.008203125,0.004988363161949014,0.0039971116861070456
coding,13,13,model.layers.13.mlp,10,0.0134765625,20.0,0.005916595458984375,18.0,0.03609318435192108,19.0,0.0134765625,0.011582695855657655,0.007751420797792829
coding,13,13,model.layers.13.mlp,11,0.051953125,6.0,0.022729873657226562,8.0,0.24254544377326964,6.0,0.051953125,0.04449741667049396,0.05208938560096723
coding,13,13,model.layers.13.mlp,12,0.0013671875,51.5,0.0006113052368164062,47.0,0.0038482737727463245,48.0,0.0013671875,0.0011967292139710762,0.0008264604493418392
coding,13,13,model.layers.13.mlp,13,0.0009765625,53.5,0.00022029876708984375,55.0,0.002102379687130451,55.0,0.0009765625,0.0004312705903702318,0.0004515098882044963
coding,13,13,model.layers.13.mlp,14,0.0,62.5,0.0,62.5,0.0,62.5,0.0,0.0,0.0
coding,13,13,model.layers.13.mlp,15,0.0005859375,58.0,0.0001789093017578125,56.0,0.001426682434976101,56.0,0.0005859375,0.0003502439946037034,0.0003063962378739479
coding,13,13,model.layers.13.mlp,16,0.0083984375,26.0,0.002480316162109375,30.0,0.012188775651156902,35.0,0.0083984375,0.004855621434783112,0.0026176778463432994
coding,13,13,model.layers.13.mlp,17,0.0185546875,15.0,0.006611442565917969,16.0,0.02814884842373431,22.0,0.0185546875,0.012942971838963936,0.006045284532896542
coding,13,13,model.layers.13.mlp,18,0.0099609375,24.5,0.004172515869140625,22.0,0.028262094780802726,21.0,0.0099609375,0.008168376999947352,0.0060696054727974215
coding,13,13,model.layers.13.mlp,19,0.0078125,30.0,0.003489112854003906,24.0,0.032653348753228784,20.0,0.0078125,0.00683050468367329,0.007012677079845636
coding,13,13,model.layers.13.mlp,20,0.01796875,16.0,0.005725479125976563,19.0,0.04244746109470725,16.0,0.01796875,0.011208554616219583,0.00911607381423809
coding,13,13,model.layers.13.mlp,21,0.015625,18.0,0.004509544372558594,21.0,0.0276404419913888,23.0,0.015625,0.008828164994046225,0.00593609848394642
coding,13,13,model.layers.13.mlp,22,0.0072265625,32.0,0.0032505035400390626,26.0,0.038384008407592776,18.0,0.0072265625,0.006363388226051507,0.008243401251943934
coding,13,13,model.layers.13.mlp,23,0.0099609375,24.5,0.0035646438598632814,23.0,0.014499349356628954,31.0,0.0099609375,0.006978368886085941,0.003113899761838434
coding,13,13,model.layers.13.mlp,24,0.0025390625,43.0,0.00074310302734375,45.0,0.0037773703690618275,49.0,0.0025390625,0.0014547447792921412,0.0008112331390387222
coding,13,13,model.layers.13.mlp,25,0.087109375,2.0,0.057179832458496095,2.0,0.5912517189979554,2.0,0.087109375,0.11193880214313479,0.12697801409499568
coding,13,13,model.layers.13.mlp,26,0.0015625,50.0,0.0005558013916015625,50.0,0.002576314099133015,51.0,0.0015625,0.00108807142886481,0.000553292679719007
coding,13,13,model.layers.13.mlp,27,0.0322265625,10.5,0.012005233764648437,11.0,0.0773005209863186,13.0,0.0322265625,0.02350219350569968,0.0166011638156188
coding,13,13,model.layers.13.mlp,28,0.0146484375,19.0,0.005927085876464844,17.0,0.045718323439359665,15.0,0.0146484375,0.011603232550437189,0.009818528608967408
coding,13,13,model.layers.13.mlp,29,0.010546875,23.0,0.003348541259765625,25.0,0.01190069867298007,37.0,0.010546875,0.006555312973627523,0.002555810047197826
coding,13,13,model.layers.13.mlp,30,0.0009765625,53.5,0.000366973876953125,53.0,0.0023729067761451006,53.0,0.0009765625,0.0007184109228331826,0.0005096086495581171
coding,13,13,model.layers.13.mlp,31,0.017578125,17.0,0.008535003662109375,15.0,0.0841834619641304,12.0,0.017578125,0.016708654872629552,0.018079353473953872
coding,13,13,model.layers.13.mlp,32,0.043359375,8.0,0.02484416961669922,6.0,0.21760241836309432,8.0,0.043359375,0.04863649415469658,0.046732587928610646
coding,13,13,model.layers.13.mlp,33,0.0,62.5,0.0,62.5,0.0,62.5,0.0,0.0,0.0
coding,13,13,model.layers.13.mlp,34,0.0025390625,43.0,0.0010751724243164063,42.0,0.010642034932971,38.0,0.0025390625,0.0021048245176770535,0.002285497730151887
coding,13,13,model.layers.13.mlp,35,0.0041015625,38.5,0.00162353515625,37.0,0.018212569132447242,28.0,0.0041015625,0.0031783335629709205,0.003911355833223323
coding,13,13,model.layers.13.mlp,36,0.0013671875,51.5,0.00042724609375,52.0,0.005560432188212871,45.0,0.0013671875,0.0008364035692028737,0.001194165892601157
coding,13,13,model.layers.13.mlp,37,0.0021484375,47.0,0.0008392333984375,44.0,0.00806448981165886,42.0,0.0021484375,0.0016429355823627879,0.0017319406744546123
coding,13,13,model.layers.13.mlp,38,0.0080078125,29.0,0.002371406555175781,32.0,0.012233406491577625,34.0,0.0080078125,0.004642413203526486,0.002627262825637091
coding,13,13,model.layers.13.mlp,39,0.00703125,33.0,0.002210712432861328,34.0,0.012758743576705455,33.0,0.00703125,0.004327828378949066,0.0027400849243415792
coding,13,13,model.layers.13.mlp,40,0.0,62.5,0.0,62.5,0.0,62.5,0.0,0.0,0.0
coding,13,13,model.layers.13.mlp,41,0.0041015625,38.5,0.0019466400146484375,35.0,0.019333996623754502,26.0,0.0041015625,0.0038108637621805936,0.004152195108987392
coding,13,13,model.layers.13.mlp,42,0.0107421875,22.0,0.0024303913116455076,31.0,0.0102799040148966,39.0,0.0107421875,0.004757885437355053,0.0022077260073103608
coding,13,13,model.layers.13.mlp,43,0.0025390625,43.0,0.0005027294158935547,51.0,0.0023192663793452084,54.0,0.0025390625,0.0009841744230028905,0.0004980887658232144
coding,13,13,model.layers.13.mlp,44,0.000390625,60.0,8.087158203125e-05,60.0,0.00041328193619847296,60.0,0.000390625,0.00015831924702768683,8.875698426510332e-05
coding,13,13,model.layers.13.mlp,45,0.0076171875,31.0,0.001818084716796875,36.0,0.008586044143885373,41.0,0.0076171875,0.0035591959025186577,0.0018439503840601984
coding,13,13,model.layers.13.mlp,46,0.023828125,14.0,0.008736991882324218,14.0,0.04032066650688648,17.0,0.023828125,0.017104079595748233,0.008659320549136125
coding,13,13,model.layers.13.mlp,47,0.00078125,55.5,0.00016498565673828125,57.0,0.0009215325815603137,58.0,0.00078125,0.0003229861997145026,0.00019790957619316102
coding,13,13,model.layers.13.mlp,48,0.0,62.5,0.0,62.5,0.0,62.5,0.0,0.0,0.0
coding,13,13,model.layers.13.mlp,49,0.0005859375,58.0,0.000164794921875,58.0,0.0012374899815768003,57.0,0.0005859375,0.0003226128052639656,0.0002657650122174415
coding,13,13,model.layers.13.mlp,50,0.002734375,41.0,0.0010843276977539062,41.0,0.006248641107231378,43.0,0.002734375,0.0021227474513028292,0.0013419665653290715
coding,13,13,model.layers.13.mlp,51,0.008203125,27.5,0.002307891845703125,33.0,0.008964130841195583,40.0,0.008203125,0.004518072851497666,0.0019251487915025488
coding,13,13,model.layers.13.mlp,52,0.0005859375,58.0,0.00014781951904296875,59.0,0.0006450227461755276,59.0,0.0005859375,0.00028938069916617287,0.00013852595218543832
coding,13,13,model.layers.13.mlp,53,0.0044921875,37.0,0.00132598876953125,39.0,0.005714270193129778,44.0,0.0044921875,0.0025958382201332047,0.0012272043493684217
coding,13,13,model.layers.13.mlp,54,0.0322265625,10.5,0.013080024719238281,10.0,0.11981093287467956,10.0,0.0322265625,0.025606271234475658,0.025730757026937716
coding,13,13,model.layers.13.mlp,55,0.0625,5.0,0.03267040252685547,5.0,0.37086318284273145,4.0,0.0625,0.06395761524913064,0.07964707576348234
coding,13,13,model.layers.13.mlp,56,0.0060546875,34.0,0.00272369384765625,28.0,0.01782588893547654,29.0,0.0060546875,0.005332072753668321,0.0038283118742401417
coding,13,13,model.layers.13.mlp,57,0.0056640625,35.0,0.0030277252197265627,27.0,0.021282556653022765,25.0,0.0056640625,0.005927263507824294,0.004570670480662762
coding,13,13,model.layers.13.mlp,58,0.0021484375,47.0,0.0010311126708984375,43.0,0.014383755810558795,32.0,0.0021484375,0.002018570399603007,0.0030890747364718057
coding,13,13,model.layers.13.mlp,59,0.00234375,45.0,0.000637054443359375,46.0,0.0028483950765803455,50.0,0.00234375,0.0012471374647935708,0.0006117251562415943
coding,13,13,model.layers.13.mlp,60,0.0021484375,47.0,0.00057525634765625,48.0,0.002480565768200904,52.0,0.0021484375,0.0011261576628195838,0.0005327296394368157
coding,13,13,model.layers.13.mlp,61,0.0435546875,7.0,0.019990921020507812,9.0,0.1366828352212906,9.0,0.0435546875,0.03913547236078268,0.029354189458742238
coding,13,13,model.layers.13.mlp,62,0.0818359375,3.0,0.05125694274902344,3.0,0.4660376846790314,3.0,0.0818359375,0.10034378427060942,0.10008687973755868
coding,13,13,model.layers.13.mlp,63,0.00078125,55.5,0.00036106109619140627,54.0,0.004217046126723289,46.0,0.00078125,0.0007068356948665358,0.000905658495887043
coding,14,14,model.layers.14.mlp,0,0.001171875,52.0,0.0005645751953125,52.0,0.007266038376837969,48.0,0.001171875,0.0011660970289246232,0.0013070647968902002
coding,14,14,model.layers.14.mlp,1,0.044140625,6.5,0.025503921508789062,5.0,0.23852002695202829,8.0,0.044140625,0.05267685747487401,0.04290661766611395
coding,14,14,model.layers.14.mlp,2,0.0,61.5,0.0,61.5,0.0,61.5,0.0,0.0,0.0
coding,14,14,model.layers.14.mlp,3,0.0,61.5,0.0,61.5,0.0,61.5,0.0,0.0,0.0
coding,14,14,model.layers.14.mlp,4,0.0060546875,34.5,0.0017223358154296875,41.0,0.010748527944087982,43.0,0.0060546875,0.0035573838416180226,0.0019335188950958784
coding,14,14,model.layers.14.mlp,5,0.0068359375,31.0,0.001935577392578125,38.0,0.013424559612758458,41.0,0.0068359375,0.0039978218410564445,0.0024149018176843865
coding,14,14,model.layers.14.mlp,6,0.0962890625,2.0,0.05516376495361328,1.0,0.7027072429656982,1.0,0.0962890625,0.11393752851840971,0.1264077964036213
coding,14,14,model.layers.14.mlp,7,0.0494140625,5.0,0.02383575439453125,7.0,0.6804064393043519,2.0,0.0494140625,0.049231355915760916,0.12239617495375073
coding,14,14,model.layers.14.mlp,8,0.0052734375,39.0,0.0014316558837890625,44.0,0.008543058950453996,46.0,0.0052734375,0.002957001452401426,0.0015367840125220368
coding,14,14,model.layers.14.mlp,9,0.0255859375,13.0,0.018404197692871094,11.0,0.19996360391378404,12.0,0.0255859375,0.03801279338444791,0.03597082395933387
coding,14,14,model.layers.14.mlp,10,0.0041015625,43.0,0.0015539169311523438,43.0,0.022776614315807818,31.0,0.0041015625,0.003209524491435441,0.004097213532402686
coding,14,14,model.layers.14.mlp,11,0.0498046875,4.0,0.025443410873413085,6.0,0.37855913639068606,4.0,0.0498046875,0.052551876298378625,0.0680978127358514
coding,14,14,model.layers.14.mlp,12,0.0099609375,25.0,0.0029731035232543946,29.0,0.01848065573722124,35.0,0.0099609375,0.00614077135151729,0.0033244270515511284
coding,14,14,model.layers.14.mlp,13,0.0361328125,12.0,0.019766807556152344,10.0,0.16216835752129555,14.0,0.0361328125,0.040827184321825444,0.029171955925979043
coding,14,14,model.layers.14.mlp,14,0.0,61.5,0.0,61.5,0.0,61.5,0.0,0.0,0.0
coding,14,14,model.layers.14.mlp,15,0.00859375,27.0,0.0037450790405273438,24.0,0.06141184493899345,17.0,0.00859375,0.007735241609099654,0.011047183687841942
coding,14,14,model.layers.14.mlp,16,0.001953125,50.0,0.0005914688110351563,51.0,0.006370370835065841,49.0,0.001953125,0.0012216442184781271,0.0011459459790624043
coding,14,14,model.layers.14.mlp,17,0.003125,45.0,0.0008739471435546875,46.0,0.004903309349901974,51.0,0.003125,0.0018050866846393997,0.0008820409014008655
coding,14,14,model.layers.14.mlp,18,0.0009765625,54.0,0.0004024505615234375,53.0,0.0034673022571951153,53.0,0.0009765625,0.000831238084807755,0.0006237221007536014
coding,14,14,model.layers.14.mlp,19,0.006640625,32.0,0.002721405029296875,31.0,0.01609957794426009,38.0,0.006640625,0.005620902840775852,0.002896102454235843
coding,14,14,model.layers.14.mlp,20,0.0041015625,43.0,0.0022579193115234374,34.0,0.03595373369753361,24.0,0.0041015625,0.004663600212300571,0.006467604104956831
coding,14,14,model.layers.14.mlp,21,0.0001953125,58.0,7.4005126953125e-05,58.0,0.00063730594702065,58.0,0.0001953125,0.00015285325919687628,0.00011464296291839394
coding,14,14,model.layers.14.mlp,22,0.0171875,16.0,0.007708215713500976,16.0,0.0487360842525959,20.0,0.0171875,0.015920868498036495,0.008766980954560332
coding,14,14,model.layers.14.mlp,23,0.01015625,24.0,0.004145622253417969,21.0,0.045376021228730676,22.0,0.01015625,0.008562540176917799,0.008162549782296432
coding,14,14,model.layers.14.mlp,24,0.044140625,6.5,0.022408103942871092,8.0,0.3202768564224243,6.0,0.044140625,0.04628262744903767,0.05761359665025384
coding,14,14,model.layers.14.mlp,25,0.0,61.5,0.0,61.5,0.0,61.5,0.0,0.0,0.0
coding,14,14,model.layers.14.mlp,26,0.0072265625,30.0,0.002342987060546875,33.0,0.011987628135830163,42.0,0.0072265625,0.0048393026700371865,0.0021564167324660843
coding,14,14,model.layers.14.mlp,27,0.0134765625,17.5,0.003562736511230469,25.0,0.016289813816547392,37.0,0.0134765625,0.007358623784892918,0.0029303233871399493
coding,14,14,model.layers.14.mlp,28,0.04375,8.0,0.018122482299804687,12.0,0.20392478704452516,10.0,0.04375,0.03743092672508248,0.03668338873751223
coding,14,14,model.layers.14.mlp,29,0.0095703125,26.0,0.003100013732910156,28.0,0.01868589296936989,34.0,0.0095703125,0.006402896963213479,0.003361346531911679
coding,14,14,model.layers.14.mlp,30,0.0009765625,54.0,0.00026264190673828123,54.0,0.0014579649083316325,56.0,0.0009765625,0.0005424714894693264,0.00026226872305769826
coding,14,14,model.layers.14.mlp,31,0.0021484375,49.0,0.0008729934692382812,47.0,0.014074459485709668,40.0,0.0021484375,0.0018031169261445946,0.0025318102623391485
coding,14,14,model.layers.14.mlp,32,0.0009765625,54.0,0.0002315521240234375,55.0,0.0014655355829745532,55.0,0.0009765625,0.0004782573625386799,0.00026363058791462144
coding,14,14,model.layers.14.mlp,33,0.0076171875,28.5,0.0019458770751953126,37.0,0.010006900317966938,45.0,0.0076171875,0.00401909523280034,0.0018001098333444172
coding,14,14,model.layers.14.mlp,34,0.0224609375,15.0,0.01019458770751953,15.0,0.0890761137008667,16.0,0.0224609375,0.02105632435776763,0.0160236220102183
coding,14,14,model.layers.14.mlp,35,0.0060546875,34.5,0.0029598236083984374,30.0,0.02433266118168831,30.0,0.0060546875,0.006113342464477129,0.004377125910403201
coding,14,14,model.layers.14.mlp,36,0.099609375,1.0,0.047634029388427736,2.0,0.3834644019603729,3.0,0.099609375,0.09838530032267599,0.0689802055354784
coding,14,14,model.layers.14.mlp,37,0.0126953125,21.0,0.0060334444046020504,18.0,0.09408076517283917,15.0,0.0126953125,0.012461726361346877,0.01692389302730679
coding,14,14,model.layers.14.mlp,38,0.0076171875,28.5,0.003220939636230469,27.0,0.050546536967158315,19.0,0.0076171875,0.006652662340354767,0.009092657600747912
coding,14,14,model.layers.14.mlp,39,0.038671875,11.0,0.014783477783203125,14.0,0.1961240440607071,13.0,0.038671875,0.03053440828307084,0.03528013761015252
coding,14,14,model.layers.14.mlp,40,0.00625,33.0,0.00271453857421875,32.0,0.015581407770514488,39.0,0.00625,0.005606720579613256,0.0028028904509714045
coding,14,14,model.layers.14.mlp,41,0.0025390625,47.0,0.0008203506469726563,49.0,0.0077045150101184845,47.0,0.0025390625,0.0016943862572313527,0.0013859409797420316
coding,14,14,model.layers.14.mlp,42,0.0419921875,9.0,0.021690559387207032,9.0,0.2836662709712982,7.0,0.0419921875,0.04480058115754631,0.0510278335486926
coding,14,14,model.layers.14.mlp,43,0.000390625,57.0,0.00011043548583984375,57.0,0.0009930266067385673,57.0,0.000390625,0.00022809803369843134,0.00017863243389696376
coding,14,14,model.layers.14.mlp,44,0.0048828125,40.0,0.00168609619140625,42.0,0.024943968281149864,29.0,0.0048828125,0.0034825330188154287,0.004487092022382776
coding,14,14,model.layers.14.mlp,45,0.0046875,41.0,0.0017740249633789063,40.0,0.025463347136974335,28.0,0.0046875,0.0036641447520364594,0.004580521451665904
coding,14,14,model.layers.14.mlp,46,0.0109375,22.0,0.004126739501953125,22.0,0.046896811202168466,21.0,0.0109375,0.008523538958720657,0.008436119908774232
coding,14,14,model.layers.14.mlp,47,0.012890625,19.5,0.006116104125976562,17.0,0.05468037072569132,18.0,0.012890625,0.01263245517888411,0.009836279957491664
coding,14,14,model.layers.14.mlp,48,0.0017578125,51.0,0.0008325576782226562,48.0,0.01016741180792451,44.0,0.0017578125,0.0017195991659648582,0.0018289837405740727
coding,14,14,model.layers.14.mlp,49,0.0029296875,46.0,0.0008806228637695312,45.0,0.005897527653723955,50.0,0.0029296875,0.0018188749941030354,0.0010608877059390925
coding,14,14,model.layers.14.mlp,50,0.00234375,48.0,0.0006795883178710938,50.0,0.004089328739792108,52.0,0.00234375,0.001403649903398119,0.000735616488860285
coding,14,14,model.layers.14.mlp,51,0.0005859375,56.0,0.000139617919921875,56.0,0.001476284395903349,54.0,0.0005859375,0.00028837264363946763,0.00026556415807472034
coding,14,14,model.layers.14.mlp,52,0.0408203125,10.0,0.025727081298828124,4.0,0.21724626719951629,9.0,0.0408203125,0.0531377809626584,0.039079747915653225
coding,14,14,model.layers.14.mlp,53,0.0041015625,43.0,0.0018949508666992188,39.0,0.022127320617437364,33.0,0.0041015625,0.003913910129177747,0.003980414130587252
coding,14,14,model.layers.14.mlp,54,0.0134765625,17.5,0.00431671142578125,20.0,0.02695624027401209,27.0,0.0134765625,0.008915914850885834,0.004849073303960165
coding,14,14,model.layers.14.mlp,55,0.0,61.5,0.0,61.5,0.0,61.5,0.0,0.0,0.0
coding,14,14,model.layers.14.mlp,56,0.0056640625,37.0,0.0019969940185546875,36.0,0.0172931139357388,36.0,0.0056640625,0.004124674288121894,0.0031108038908888875
coding,14,14,model.layers.14.mlp,57,0.0107421875,23.0,0.003916740417480469,23.0,0.03039497947320342,26.0,0.0107421875,0.008089798138164572,0.005467657286020741
coding,14,14,model.layers.14.mlp,58,0.0814453125,3.0,0.04056711196899414,3.0,0.36019536256790163,5.0,0.0814453125,0.08378899592447119,0.06479441120437467
coding,14,14,model.layers.14.mlp,59,0.0,61.5,0.0,61.5,0.0,61.5,0.0,0.0,0.0
coding,14,14,model.layers.14.mlp,60,0.02265625,14.0,0.014981269836425781,13.0,0.20308056175708772,11.0,0.02265625,0.03094293619489342,0.03653152370506601
coding,14,14,model.layers.14.mlp,61,0.012890625,19.5,0.005272865295410156,19.0,0.043411030806601046,23.0,0.012890625,0.010890794717777435,0.007809073833809939
coding,14,14,model.layers.14.mlp,62,0.00546875,38.0,0.002052116394042969,35.0,0.022635078011080622,32.0,0.00546875,0.004238526329121629,0.004071753011580148
coding,14,14,model.layers.14.mlp,63,0.005859375,36.0,0.0033660888671875,26.0,0.031835461407899855,25.0,0.005859375,0.006952459583264105,0.005726781051923193
coding,15,15,model.layers.15.mlp,0,0.0099609375,20.0,0.004277992248535156,20.0,0.1042268805205822,16.0,0.0099609375,0.008018298121675501,0.008457030408028258
coding,15,15,model.layers.15.mlp,1,0.0447265625,8.5,0.037785911560058595,5.0,1.3205233573913575,3.0,0.0447265625,0.07082263970710993,0.10714804215755967
coding,15,15,model.layers.15.mlp,2,0.007421875,27.0,0.00269927978515625,30.0,0.053929368406534194,23.0,0.007421875,0.005059296224439418,0.004375860682213868
coding,15,15,model.layers.15.mlp,3,0.04765625,7.0,0.02193317413330078,9.0,0.5821840032935143,9.0,0.04765625,0.041109641798824335,0.047238752559121217
coding,15,15,model.layers.15.mlp,4,0.002734375,42.0,0.0014650344848632813,38.0,0.034471181035041806,33.0,0.002734375,0.002745933740808308,0.00279701191053518
coding,15,15,model.layers.15.mlp,5,0.00625,30.5,0.0025041580200195314,31.0,0.03740029223263264,30.0,0.00625,0.004693576888825969,0.0030346817164700318
coding,15,15,model.layers.15.mlp,6,0.01796875,16.0,0.005552482604980469,19.0,0.05911832042038441,22.0,0.01796875,0.010407092452632554,0.004796895301572594
coding,15,15,model.layers.15.mlp,7,0.00234375,44.0,0.0008754730224609375,43.0,0.026381459087133408,35.0,0.00234375,0.0016409108020192856,0.002140607112039415
coding,15,15,model.layers.15.mlp,8,0.091015625,3.0,0.04814281463623047,3.0,0.6944842457771301,7.0,0.091015625,0.09023472174407011,0.056350860306846995
coding,15,15,model.layers.15.mlp,9,0.0083984375,24.0,0.003070068359375,27.0,0.049140368774533275,25.0,0.0083984375,0.0057542702111769975,0.003987278434433076
coding,15,15,model.layers.15.mlp,10,0.001171875,50.0,0.0006011962890625,48.0,0.013052554614841939,45.0,0.001171875,0.001126830250101261,0.0010590919610068287
coding,15,15,model.layers.15.mlp,11,0.00390625,37.5,0.001563262939453125,37.0,0.022441638633608818,38.0,0.00390625,0.002930044647788685,0.00182092776242049
coding,15,15,model.layers.15.mlp,12,0.009765625,21.0,0.002765655517578125,29.0,0.05053681768476963,24.0,0.009765625,0.005183705147991207,0.0041005871206197895
coding,15,15,model.layers.15.mlp,13,0.0015625,47.0,0.0007322311401367187,45.0,0.0158853180706501,44.0,0.0015625,0.0013724306250440168,0.0012889440544865908
coding,15,15,model.layers.15.mlp,14,0.0,61.5,0.0,61.5,0.0,61.5,0.0,0.0,0.0
coding,15,15,model.layers.15.mlp,15,0.001953125,45.0,0.000649261474609375,46.0,0.010360066033899783,49.0,0.001953125,0.0012169194706042805,0.0008406218534053636
coding,15,15,model.layers.15.mlp,16,0.0056640625,33.0,0.0017080307006835938,34.0,0.02182075083255768,39.0,0.0056640625,0.003201384800018018,0.0017705485609396745
coding,15,15,model.layers.15.mlp,17,0.1072265625,1.0,0.06874980926513671,1.0,1.7745517253875733,1.0,0.1072265625,0.12885868755020596,0.1439881710674256
coding,15,15,model.layers.15.mlp,18,0.005078125,35.0,0.00175933837890625,33.0,0.021502152271568774,40.0,0.005078125,0.0032975514679359236,0.0017446972862514224
coding,15,15,model.layers.15.mlp,19,0.0087890625,22.5,0.003291893005371094,24.0,0.04776247814297676,26.0,0.0087890625,0.006170039113736568,0.0038754755778973326
coding,15,15,model.layers.15.mlp,20,0.0115234375,19.0,0.006839561462402344,16.0,0.09749502539634705,17.0,0.0115234375,0.012819481579435634,0.007910803722515446
coding,15,15,model.layers.15.mlp,21,0.008203125,25.0,0.0033176422119140627,23.0,0.07014275640249253,18.0,0.008203125,0.0062183011961489,0.005691424523462122
coding,15,15,model.layers.15.mlp,22,0.00703125,28.0,0.0031755447387695314,26.0,0.0437370928004384,28.0,0.00703125,0.00595196600061418,0.0035488534428411507
coding,15,15,model.layers.15.mlp,23,0.0029296875,40.0,0.00134124755859375,39.0,0.018446585163474083,43.0,0.0029296875,0.0025139182483223566,0.0014967667733370997
coding,15,15,model.layers.15.mlp,24,0.017578125,17.0,0.010380935668945313,13.0,0.18887649327516556,12.0,0.017578125,0.019457126647211685,0.015325549791105822
coding,15,15,model.layers.15.mlp,25,0.0,61.5,0.0,61.5,0.0,61.5,0.0,0.0,0.0
coding,15,15,model.layers.15.mlp,26,0.0017578125,46.0,0.0005825042724609375,49.0,0.010498369857668877,48.0,0.0017578125,0.0010917955532389757,0.0008518439070379754
coding,15,15,model.layers.15.mlp,27,0.0009765625,53.0,0.0002880096435546875,53.0,0.002584671601653099,54.0,0.0009765625,0.0005398203292046015,0.00020972177446710422
coding,15,15,model.layers.15.mlp,28,0.005859375,32.0,0.0017950057983398438,32.0,0.030085815861821175,34.0,0.005859375,0.0033644033894996723,0.002441180800220877
coding,15,15,model.layers.15.mlp,29,0.0447265625,8.5,0.025482749938964842,8.0,0.961406409740448,6.0,0.0447265625,0.04776265923359098,0.0780090817362863
coding,15,15,model.layers.15.mlp,30,0.100390625,2.0,0.0603515625,2.0,1.3646318912506104,2.0,0.100390625,0.11311774124874384,0.11072703454645288
coding,15,15,model.layers.15.mlp,31,0.0080078125,26.0,0.004090690612792968,21.0,0.0650396291166544,21.0,0.0080078125,0.007667236159239132,0.005277353773029855
coding,15,15,model.layers.15.mlp,32,0.0087890625,22.5,0.0033258438110351563,22.0,0.03585744742304087,32.0,0.0087890625,0.006233673563139495,0.0029094943808766044
coding,15,15,model.layers.15.mlp,33,0.016015625,18.0,0.006412124633789063,17.0,0.06784242168068885,20.0,0.016015625,0.012018331011390923,0.005504774010717522
coding,15,15,model.layers.15.mlp,34,0.0283203125,11.0,0.010437965393066406,12.0,0.14498793482780456,13.0,0.0283203125,0.019564018222332332,0.011764406336557537
coding,15,15,model.layers.15.mlp,35,0.0189453125,14.0,0.008456802368164063,14.0,0.1247347004711628,14.0,0.0189453125,0.015850697851836838,0.010121046984732571
coding,15,15,model.layers.15.mlp,36,0.0556640625,6.0,0.03256378173828125,7.0,1.251111388206482,4.0,0.0556640625,0.06103473189698226,0.10151591413889859
coding,15,15,model.layers.15.mlp,37,0.00546875,34.0,0.0016611099243164062,35.0,0.01987250819802284,42.0,0.00546875,0.003113440560955546,0.0016124670073118222
coding,15,15,model.layers.15.mlp,38,0.0001953125,57.0,7.59124755859375e-05,57.0,0.0012550154700875283,57.0,0.0001953125,0.00014228376888968968,0.00010183269363971959
coding,15,15,model.layers.15.mlp,39,0.0,61.5,0.0,61.5,0.0,61.5,0.0,0.0,0.0
coding,15,15,model.layers.15.mlp,40,0.002734375,42.0,0.0008152008056640625,44.0,0.012965222634375096,46.0,0.002734375,0.001527941779483753,0.0010520057927293892
coding,15,15,model.layers.15.mlp,41,0.003125,39.0,0.0011325836181640624,42.0,0.025885507930070162,36.0,0.003125,0.002122816632329089,0.002100365343359095
coding,15,15,model.layers.15.mlp,42,0.001171875,50.0,0.000481414794921875,51.0,0.0064946498721838,51.0,0.001171875,0.0009023221926572281,0.0005269797118000555
coding,15,15,model.layers.15.mlp,43,0.0068359375,29.0,0.0032787322998046875,25.0,0.04660189189016819,27.0,0.0068359375,0.006145371827170266,0.0037813049265056943
coding,15,15,model.layers.15.mlp,44,0.0568359375,5.0,0.046006393432617185,4.0,0.6212424337863922,8.0,0.0568359375,0.08623039889147359,0.050407976589604386
coding,15,15,model.layers.15.mlp,45,0.0001953125,57.0,0.000131988525390625,56.0,0.0019177895039319992,56.0,0.0001953125,0.0002473878594765459,0.00015561056869343353
coding,15,15,model.layers.15.mlp,46,0.001171875,50.0,0.000617218017578125,47.0,0.01236322894692421,47.0,0.001171875,0.0011568599902689342,0.0010031596707425776
coding,15,15,model.layers.15.mlp,47,0.001171875,50.0,0.0005313873291015625,50.0,0.008512566797435284,50.0,0.001171875,0.0009959863822278279,0.0006907146783699959
coding,15,15,model.layers.15.mlp,48,0.0001953125,57.0,4.291534423828125e-05,58.0,0.00048472308553755284,58.0,0.0001953125,8.04368040205532e-05,3.933071635061412e-05
coding,15,15,model.layers.15.mlp,49,0.0,61.5,0.0,61.5,0.0,61.5,0.0,0.0,0.0
coding,15,15,model.layers.15.mlp,50,0.00390625,37.5,0.0012224197387695312,41.0,0.0204625491052866,41.0,0.00390625,0.0022911976754121134,0.0016603432736817512
coding,15,15,model.layers.15.mlp,51,0.0,61.5,0.0,61.5,0.0,61.5,0.0,0.0,0.0
coding,15,15,model.layers.15.mlp,52,0.0181640625,15.0,0.008411598205566407,15.0,0.1936274379491806,11.0,0.0181640625,0.015765971084935188,0.01571104423720575
coding,15,15,model.layers.15.mlp,53,0.0265625,12.0,0.012218475341796875,11.0,0.11989167779684066,15.0,0.0265625,0.022901251846918394,0.009728081275513015
coding,15,15,model.layers.15.mlp,54,0.002734375,42.0,0.0013149261474609375,40.0,0.022664792835712433,37.0,0.002734375,0.0024645836751897503,0.0018390346256734575
coding,15,15,model.layers.15.mlp,55,0.00625,30.5,0.002874755859375,28.0,0.03695003837347031,31.0,0.00625,0.005388193378656791,0.002998147853427705
coding,15,15,model.layers.15.mlp,56,0.0041015625,36.0,0.0016345977783203125,36.0,0.04013325273990631,29.0,0.0041015625,0.0030637484909161825,0.0032564357399859673
coding,15,15,model.layers.15.mlp,57,0.0201171875,13.0,0.006401443481445312,18.0,0.06911347433924675,19.0,0.0201171875,0.011998311184612476,0.005607907971265315
coding,15,15,model.layers.15.mlp,58,0.0736328125,4.0,0.03426380157470703,6.0,1.150433111190796,5.0,0.0736328125,0.06422110182691644,0.09334681950710241
coding,15,15,model.layers.15.mlp,59,0.0,61.5,0.0,61.5,0.0,61.5,0.0,0.0,0.0
coding,15,15,model.layers.15.mlp,60,0.04296875,10.0,0.020708847045898437,10.0,0.48598278164863584,10.0,0.04296875,0.03881486915434464,0.0394329288342181
coding,15,15,model.layers.15.mlp,61,0.0005859375,54.0,0.0002105712890625,54.0,0.0028324421495199204,53.0,0.0005859375,0.00039467658506084775,0.0002298260224984913
coding,15,15,model.layers.15.mlp,62,0.000390625,55.0,0.00014190673828125,55.0,0.0019778178073465826,55.0,0.000390625,0.00026597769862796264,0.00016048130055055005
coding,15,15,model.layers.15.mlp,63,0.001171875,50.0,0.0003814697265625,52.0,0.005371728166937828,52.0,0.001171875,0.0007149938135160286,0.0004358651839578375
reasoning,0,0,model.layers.0.mlp,0,0.02488425925925926,6.0,0.006171897605613426,22.0,0.004073370856025981,14.0,0.02488425925925926,0.017010691455558186,0.01715050322801042
reasoning,0,0,model.layers.0.mlp,1,0.007233796296296296,50.0,0.003376430935329861,42.0,0.002604360588722759,30.0,0.007233796296296296,0.00930595880425166,0.010965388682377293
reasoning,0,0,model.layers.0.mlp,2,0.004050925925925926,61.0,0.002098648636429398,55.0,0.0010454767972179172,51.0,0.004050925925925926,0.005784195835565912,0.004401871034887554
reasoning,0,0,model.layers.0.mlp,3,0.011284722222222222,37.0,0.002937034324363426,46.0,0.0009622290747723093,54.0,0.011284722222222222,0.00809491470511271,0.004051365180402007
reasoning,0,0,model.layers.0.mlp,4,0.007233796296296296,50.0,0.00278331615306713,49.0,0.0015622718535639622,46.0,0.007233796296296296,0.007671243972037732,0.006577782729490728
reasoning,0,0,model.layers.0.mlp,5,0.015625,24.5,0.006072150336371528,24.0,0.0037452591307185314,18.0,0.015625,0.016735772762956225,0.01576902302330264
reasoning,0,0,model.layers.0.mlp,6,0.09375,1.0,0.028122513382523147,1.0,0.03351585787755472,1.0,0.09375,0.07750993757087139,0.14111502464063252
reasoning,0,0,model.layers.0.mlp,7,0.006076388888888889,56.0,0.001293888798466435,60.0,0.0003181441117905908,63.0,0.006076388888888889,0.003566154938879266,0.001339512607393741
reasoning,0,0,model.layers.0.mlp,8,0.022858796296296297,9.0,0.008561310944733795,9.0,0.0038751172315743235,16.0,0.022858796296296297,0.023596279174091288,0.016315777015666444
reasoning,0,0,model.layers.0.mlp,9,0.05295138888888889,2.0,0.02215971770109954,2.0,0.015419736090633605,3.0,0.05295138888888889,0.061075562921334314,0.06492319087672917
reasoning,0,0,model.layers.0.mlp,10,0.01273148148148148,34.5,0.006415190520109954,19.0,0.002488113008439541,31.0,0.01273148148148148,0.017681243847428692,0.01047594036761206
reasoning,0,0,model.layers.0.mlp,11,0.006076388888888889,56.0,0.0012902153862847222,61.0,0.0004292000300699362,60.0,0.006076388888888889,0.0035560304544491658,0.0018071019706656587
reasoning,0,0,model.layers.0.mlp,12,0.0026041666666666665,64.0,0.0005741825810185185,64.0,0.000586160312027291,58.0,0.0026041666666666665,0.0015825347970741797,0.0024679668704075224
reasoning,0,0,model.layers.0.mlp,13,0.019386574074074073,14.0,0.006112557870370371,23.0,0.0022782037310578205,34.0,0.019386574074074073,0.01684714209168733,0.009592139244029425
reasoning,0,0,model.layers.0.mlp,14,0.015625,24.5,0.007495456271701389,11.0,0.0031064969349514555,27.0,0.015625,0.02065862107637288,0.013079581406606304
reasoning,0,0,model.layers.0.mlp,15,0.021701388888888888,11.0,0.012020252369068287,5.0,0.007808403905343126,5.0,0.021701388888888888,0.0331296494747729,0.03287647040192363
reasoning,0,0,model.layers.0.mlp,16,0.014756944444444444,29.5,0.005958839699074074,25.0,0.0026649035323687174,28.0,0.014756944444444444,0.016423471358612354,0.011220298433326482
reasoning,0,0,model.layers.0.mlp,17,0.010127314814814815,40.0,0.00348041675708912,40.0,0.0026328898621378123,29.0,0.010127314814814815,0.009592559594272968,0.011085508213127563
reasoning,0,0,model.layers.0.mlp,18,0.022858796296296297,9.0,0.009192572699652778,8.0,0.0057197970648606615,8.0,0.022858796296296297,0.02533613288307934,0.024082609094955344
reasoning,0,0,model.layers.0.mlp,19,0.008969907407407407,45.0,0.0029189498336226853,47.0,0.0014363904138682065,49.0,0.008969907407407407,0.00804507108945683,0.006047772054264626
reasoning,0,0,model.layers.0.mlp,20,0.0234375,7.0,0.007588704427083333,10.0,0.004706667874146391,10.0,0.0234375,0.02091562721959851,0.019816934284121016
reasoning,0,0,model.layers.0.mlp,21,0.017361111111111112,18.0,0.0035487987377025463,39.0,0.0012878820696776664,50.0,0.017361111111111112,0.009781030765971763,0.005422493157142253
reasoning,0,0,model.layers.0.mlp,22,0.016203703703703703,21.5,0.005833943684895833,26.0,0.003618120353806902,20.0,0.016203703703703703,0.016079238887988935,0.015233718460841194
reasoning,0,0,model.layers.0.mlp,23,0.015046296296296295,27.5,0.0030995121708622684,45.0,0.0009734670252159789,53.0,0.015046296296296295,0.008542728439521002,0.004098681398878714
reasoning,0,0,model.layers.0.mlp,24,0.022858796296296297,9.0,0.007303025987413194,14.0,0.003323898029824098,23.0,0.022858796296296297,0.020128253853534537,0.013994926046505813
reasoning,0,0,model.layers.0.mlp,25,0.014178240740740741,31.0,0.006224738226996528,21.0,0.0031226436021151364,26.0,0.014178240740740741,0.01715632827005271,0.01314756526496348
reasoning,0,0,model.layers.0.mlp,26,0.013599537037037037,32.5,0.005127800835503472,30.0,0.003415249098368265,22.0,0.013599537037037037,0.014133001457925757,0.01437955019474196
reasoning,0,0,model.layers.0.mlp,27,0.004340277777777778,60.0,0.0009288081416377315,63.0,0.0003614978416374436,61.0,0.004340277777777778,0.002559936947826195,0.0015220489660915453
reasoning,0,0,model.layers.0.mlp,28,0.01707175925925926,19.0,0.004195884422019676,34.0,0.0023003108109588975,33.0,0.01707175925925926,0.011564497638658707,0.009685218798679944
reasoning,0,0,model.layers.0.mlp,29,0.01099537037037037,38.5,0.005410371003327546,29.0,0.003196867118175659,25.0,0.01099537037037037,0.014911807952548877,0.013460075639487099
reasoning,0,0,model.layers.0.mlp,30,0.01099537037037037,38.5,0.004331518102575232,32.0,0.002199739467835537,36.0,0.01099537037037037,0.011938324756077806,0.009261773645796093
reasoning,0,0,model.layers.0.mlp,31,0.018229166666666668,16.5,0.005612126103153935,28.0,0.0023630040318325714,32.0,0.018229166666666668,0.015467875789709786,0.009949182067670705
reasoning,0,0,model.layers.0.mlp,32,0.019675925925925927,13.0,0.007368582266348379,12.0,0.003979986568016035,15.0,0.019675925925925927,0.0203089369602871,0.016757318421232834
reasoning,0,0,model.layers.0.mlp,33,0.009548611111111112,42.5,0.0028406778971354165,48.0,0.001642447223679887,44.0,0.009548611111111112,0.007829341690446225,0.006915352764869634
reasoning,0,0,model.layers.0.mlp,34,0.01678240740740741,20.0,0.004223293728298611,33.0,0.002001240797754791,41.0,0.01678240740740741,0.01164004186863715,0.008426015694383606
reasoning,0,0,model.layers.0.mlp,35,0.008391203703703705,46.0,0.0035756429036458335,37.0,0.0021780826220357857,37.0,0.008391203703703705,0.00985501738296096,0.00917058975487988
reasoning,0,0,model.layers.0.mlp,36,0.015625,24.5,0.005759910300925926,27.0,0.0038277061000742294,17.0,0.015625,0.015875191586397677,0.016116157390403726
reasoning,0,0,model.layers.0.mlp,37,0.0078125,47.0,0.0034038402416087963,41.0,0.0016310925000450676,45.0,0.0078125,0.009381503034230102,0.006867544885048419
reasoning,0,0,model.layers.0.mlp,38,0.016203703703703703,21.5,0.009307578757957177,7.0,0.007244393367458273,6.0,0.016203703703703703,0.025653107126390948,0.030501762845817824
reasoning,0,0,model.layers.0.mlp,39,0.015625,24.5,0.0035496464482060184,38.0,0.0008824503273461704,56.0,0.015625,0.009783367185455633,0.0037154650834995855
reasoning,0,0,model.layers.0.mlp,40,0.021122685185185185,12.0,0.007335521556712963,13.0,0.0072031040434484125,7.0,0.021122685185185185,0.020217816600416195,0.030327918452625415
reasoning,0,0,model.layers.0.mlp,41,0.037037037037037035,4.0,0.018457483362268517,3.0,0.02384278150620284,2.0,0.037037037037037035,0.0508716402287822,0.1003875452641258
reasoning,0,0,model.layers.0.mlp,42,0.007233796296296296,50.0,0.00232837818287037,53.0,0.0009566169033792836,55.0,0.007233796296296296,0.006417365515694508,0.004027735717975367
reasoning,0,0,model.layers.0.mlp,43,0.007523148148148148,48.0,0.001644840946903935,58.0,0.00033708840837115767,62.0,0.007523148148148148,0.004533432605201181,0.0014192755926806682
reasoning,0,0,model.layers.0.mlp,44,0.009837962962962963,41.0,0.0036824544270833335,36.0,0.0017459767577410847,43.0,0.009837962962962963,0.0101494062379285,0.007351253072224233
reasoning,0,0,model.layers.0.mlp,45,0.006944444444444444,53.0,0.001811557345920139,57.0,0.000619475820847718,57.0,0.006944444444444444,0.004992928437028822,0.002608238346235035
reasoning,0,0,model.layers.0.mlp,46,0.015046296296296295,27.5,0.006527653446903935,18.0,0.0032709597230509476,24.0,0.015046296296296295,0.017991208832288694,0.013772034826116393
reasoning,0,0,model.layers.0.mlp,47,0.003761574074074074,62.0,0.0012950190791377314,59.0,0.0005123450386303442,59.0,0.003761574074074074,0.0035692701648577588,0.0021571753590483287
reasoning,0,0,model.layers.0.mlp,48,0.006944444444444444,53.0,0.0026906331380208335,51.0,0.0014534690460466125,48.0,0.006944444444444444,0.007415795441801348,0.0061196798541332375
reasoning,0,0,model.layers.0.mlp,49,0.01273148148148148,34.5,0.006673177083333333,17.0,0.004625476689802276,11.0,0.01273148148148148,0.0183922941770196,0.01947508726886097
reasoning,0,0,model.layers.0.mlp,50,0.006944444444444444,53.0,0.003269619411892361,43.0,0.00195515348955437,42.0,0.006944444444444444,0.00901156994928412,0.008231969889079059
reasoning,0,0,model.layers.0.mlp,51,0.009259259259259259,44.0,0.003120987503616898,44.0,0.0022606498527306096,35.0,0.009259259259259259,0.00860191773311236,0.009518230469808792
reasoning,0,0,model.layers.0.mlp,52,0.03674768518518518,5.0,0.015654669867621526,4.0,0.008508888107758981,4.0,0.03674768518518518,0.04314665860861547,0.03582578609139268
reasoning,0,0,model.layers.0.mlp,53,0.018229166666666668,16.5,0.00497153953269676,31.0,0.0020782948747553208,40.0,0.018229166666666668,0.013702321466399173,0.008750443850581059
reasoning,0,0,model.layers.0.mlp,54,0.005497685185185185,58.0,0.001037315086082176,62.0,0.00027842876389277754,64.0,0.005497685185185185,0.0028589986417614736,0.0011722952764906746
reasoning,0,0,model.layers.0.mlp,55,0.014756944444444444,29.5,0.00697044089988426,16.0,0.004296648109124767,12.0,0.014756944444444444,0.019211598609363122,0.0180905888193695
reasoning,0,0,model.layers.0.mlp,56,0.006076388888888889,56.0,0.002780490451388889,50.0,0.0014696292044525897,47.0,0.006076388888888889,0.0076634559070915004,0.006187720515959268
reasoning,0,0,model.layers.0.mlp,57,0.003472222222222222,63.0,0.00234222412109375,52.0,0.0048058657320561235,9.0,0.003472222222222222,0.006455527033931041,0.020234596520736607
reasoning,0,0,model.layers.0.mlp,58,0.009548611111111112,42.5,0.002259148491753472,54.0,0.0021453423046127514,39.0,0.009548611111111112,0.0062265579245118444,0.009032740062451519
reasoning,0,0,model.layers.0.mlp,59,0.013599537037037037,32.5,0.006387498643663194,20.0,0.0036913768940225796,19.0,0.013599537037037037,0.017604920810955625,0.015542157484404002
reasoning,0,0,model.layers.0.mlp,60,0.018518518518518517,15.0,0.007117659957320602,15.0,0.004145483141420064,13.0,0.018518518518518517,0.019617356793061768,0.017454124485967042
reasoning,0,0,model.layers.0.mlp,61,0.012152777777777778,36.0,0.0037248399522569445,35.0,0.002154845140736412,38.0,0.012152777777777778,0.010266227212121967,0.009072750763017364
reasoning,0,0,model.layers.0.mlp,62,0.004918981481481482,59.0,0.0019700792100694445,56.0,0.0010042828680188567,52.0,0.004918981481481482,0.005429838880512392,0.004228428291598478
reasoning,0,0,model.layers.0.mlp,63,0.03732638888888889,3.0,0.010501437717013888,6.0,0.0036160548528035483,21.0,0.03732638888888889,0.02894356456617363,0.015225021884252036
reasoning,1,1,model.layers.1.mlp,0,0.008101851851851851,50.5,0.002940142596209491,40.0,0.0023394104403754077,35.0,0.008101851851851851,0.009627920878014567,0.006612204534240614
reasoning,1,1,model.layers.1.mlp,1,0.014467592592592593,31.0,0.005704809118200232,19.0,0.005753873467997268,15.0,0.014467592592592593,0.018681220048653156,0.016262981295592175
reasoning,1,1,model.layers.1.mlp,2,0.006076388888888889,56.5,0.0018067536530671296,51.0,0.0016225471044890583,42.0,0.006076388888888889,0.0059164753574267315,0.004586032932126224
reasoning,1,1,model.layers.1.mlp,3,0.005208333333333333,61.0,0.001068115234375,61.0,0.0005665636865025455,61.0,0.005208333333333333,0.0034976973492450805,0.0016013585782865222
reasoning,1,1,model.layers.1.mlp,4,0.008391203703703705,48.5,0.0025049845377604165,45.0,0.001527125231438765,45.0,0.008391203703703705,0.008202933069062867,0.004316328680679165
reasoning,1,1,model.layers.1.mlp,5,0.020543981481481483,11.0,0.005035965530960648,23.0,0.004515068019153895,20.0,0.020543981481481483,0.016490995279959213,0.012761571340112248
reasoning,1,1,model.layers.1.mlp,6,0.008101851851851851,50.5,0.0017236780237268518,52.0,0.0007163995394000301,56.0,0.008101851851851851,0.005644432230263225,0.0020248607089180205
reasoning,1,1,model.layers.1.mlp,7,0.03819444444444445,3.0,0.013835200557002315,2.0,0.01192206820404088,5.0,0.03819444444444445,0.04530535915707345,0.033697017024355444
reasoning,1,1,model.layers.1.mlp,8,0.01099537037037037,43.5,0.0022017867476851853,49.0,0.00079289884996359,55.0,0.01099537037037037,0.007210068186591975,0.002241081462422686
reasoning,1,1,model.layers.1.mlp,9,0.019965277777777776,12.5,0.008493776674623843,11.0,0.07164052128791809,1.0,0.019965277777777776,0.027814096460570866,0.2024876744669558
reasoning,1,1,model.layers.1.mlp,10,0.012152777777777778,36.5,0.0027344315140335647,44.0,0.0011565283596239708,49.0,0.012152777777777778,0.008954290277419218,0.0032688586540873628
reasoning,1,1,model.layers.1.mlp,11,0.030381944444444444,5.0,0.0107574462890625,4.0,0.01759418762392468,3.0,0.030381944444444444,0.03522680901739688,0.04972892536314673
reasoning,1,1,model.layers.1.mlp,12,0.015046296296296295,28.0,0.004944977936921296,24.0,0.004501652420946845,21.0,0.015046296296296295,0.016193043283542038,0.012723652949323169
reasoning,1,1,model.layers.1.mlp,13,0.005787037037037037,58.5,0.0013331660517939814,58.0,0.0005899275506467179,60.0,0.005787037037037037,0.004365644469242934,0.001667395151332972
reasoning,1,1,model.layers.1.mlp,14,0.015914351851851853,26.0,0.004556443956163194,28.0,0.002866233474816437,27.0,0.015914351851851853,0.014920732739835164,0.008101238522015065
reasoning,1,1,model.layers.1.mlp,15,0.007233796296296296,53.0,0.0014560840747974537,57.0,0.0005602209475236359,62.0,0.007233796296296296,0.004768157259433836,0.001583431203631769
reasoning,1,1,model.layers.1.mlp,16,0.015046296296296295,28.0,0.0038737544307002316,33.0,0.0016823030180401271,41.0,0.015046296296296295,0.012685167449947304,0.004754929469352356
reasoning,1,1,model.layers.1.mlp,17,0.019097222222222224,14.5,0.008326777705439815,12.0,0.004629728453302825,19.0,0.019097222222222224,0.027267234255966673,0.013085652240792459
reasoning,1,1,model.layers.1.mlp,18,0.041666666666666664,2.0,0.011449460630063657,3.0,0.059169785843955144,2.0,0.041666666666666664,0.037492909760333704,0.16723988210664872
reasoning,1,1,model.layers.1.mlp,19,0.016203703703703703,25.0,0.00473502830222801,25.0,0.003314861700076748,26.0,0.016203703703703703,0.015505532931560796,0.009369259530239052
reasoning,1,1,model.layers.1.mlp,20,0.018518518518518517,17.5,0.006212870279947917,15.0,0.005858418290261869,14.0,0.018518518518518517,0.020344939581442217,0.016558471020643777
reasoning,1,1,model.layers.1.mlp,21,0.027488425925925927,6.0,0.010046217176649306,5.0,0.00980552961980855,7.0,0.027488425925925927,0.032897786734844,0.02771474654200672
reasoning,1,1,model.layers.1.mlp,22,0.004629629629629629,62.0,0.001026294849537037,62.0,0.0007122554239618626,57.0,0.004629629629629629,0.003360750468904268,0.0020131476129953275
reasoning,1,1,model.layers.1.mlp,23,0.012152777777777778,36.5,0.00415321632667824,30.0,0.0028231716714799404,28.0,0.012152777777777778,0.013600305724657194,0.007979526894863195
reasoning,1,1,model.layers.1.mlp,24,0.027199074074074073,7.0,0.009242305049189815,7.0,0.006723236430574347,11.0,0.027199074074074073,0.0302652605553196,0.01900282808171172
reasoning,1,1,model.layers.1.mlp,25,0.011863425925925927,39.0,0.0023905436197916665,46.0,0.0020031663589179516,37.0,0.011863425925925927,0.00782817978164375,0.005661830627356715
reasoning,1,1,model.layers.1.mlp,26,0.002025462962962963,64.0,0.0005679660373263889,63.0,0.000377805368905818,63.0,0.002025462962962963,0.0018598866857096855,0.0010678444150820413
reasoning,1,1,model.layers.1.mlp,27,0.008391203703703705,48.5,0.00274516918041088,43.0,0.0017106922265763085,40.0,0.008391203703703705,0.00898945231426348,0.004835169879571401
reasoning,1,1,model.layers.1.mlp,28,0.0028935185185185184,63.0,0.0004730224609375,64.0,0.00016970225260592997,64.0,0.0028935185185185184,0.0015489802546656785,0.0004796533283709338
reasoning,1,1,model.layers.1.mlp,29,0.033854166666666664,4.0,0.009467796043113427,6.0,0.004967665644707503,17.0,0.033854166666666664,0.031003663329049115,0.014040811622288584
reasoning,1,1,model.layers.1.mlp,30,0.01678240740740741,24.0,0.00591278076171875,17.0,0.003968801970283191,24.0,0.01678240740740741,0.01936225318332098,0.011217582827919
reasoning,1,1,model.layers.1.mlp,31,0.012152777777777778,36.5,0.003957395200376157,32.0,0.0026798758621293084,31.0,0.012152777777777778,0.012959061210628928,0.007574509808518193
reasoning,1,1,model.layers.1.mlp,32,0.018518518518518517,17.5,0.006336353443287037,14.0,0.004412820838667729,22.0,0.018518518518518517,0.020749303005151237,0.012472575762955013
reasoning,1,1,model.layers.1.mlp,33,0.013599537037037037,32.0,0.0029811152705439816,39.0,0.0010055561498221424,50.0,0.013599537037037037,0.0097620918080782,0.0028421446782209547
reasoning,1,1,model.layers.1.mlp,34,0.012152777777777778,36.5,0.0031834355107060184,38.0,0.0015535054004026784,44.0,0.012152777777777778,0.010424618607564835,0.004390890659982477
reasoning,1,1,model.layers.1.mlp,35,0.019965277777777776,12.5,0.006137989185474537,16.0,0.006665367978038611,12.0,0.019965277777777776,0.020099730640291438,0.018839266340837865
reasoning,1,1,model.layers.1.mlp,36,0.006655092592592593,54.5,0.0015863489221643518,55.0,0.0009006095243859347,53.0,0.006655092592592593,0.005194728285360286,0.0025455192803915815
reasoning,1,1,model.layers.1.mlp,37,0.01765046296296296,20.5,0.005093327275028935,22.0,0.005357430454481531,16.0,0.01765046296296296,0.0166788345820483,0.015142458686008489
reasoning,1,1,model.layers.1.mlp,38,0.0078125,52.0,0.0015716552734375,56.0,0.0007942241866624465,54.0,0.0078125,0.005146611813889189,0.002244827447812137
reasoning,1,1,model.layers.1.mlp,39,0.01099537037037037,43.5,0.00337360523365162,37.0,0.0018420882557553273,39.0,0.01099537037037037,0.011047356786411909,0.0052065529446907064
reasoning,1,1,model.layers.1.mlp,40,0.022858796296296297,9.0,0.008934303566261573,8.0,0.009873654831338811,6.0,0.022858796296296297,0.029256665287944697,0.02790729840242511
reasoning,1,1,model.layers.1.mlp,41,0.009837962962962963,47.0,0.002048633716724537,50.0,0.001474015397468099,46.0,0.009837962962962963,0.006708546503181701,0.0041662168922846285
reasoning,1,1,model.layers.1.mlp,42,0.026909722222222224,8.0,0.008618107548466435,10.0,0.006995889306482341,9.0,0.026909722222222224,0.028221235834557063,0.019773465226540093
reasoning,1,1,model.layers.1.mlp,43,0.005787037037037037,58.5,0.0013204503942418982,60.0,0.0006166712889723756,59.0,0.005787037037037037,0.004324005215085254,0.001742984737823439
reasoning,1,1,model.layers.1.mlp,44,0.011284722222222222,40.5,0.002879107439959491,41.0,0.0015685465833586124,43.0,0.011284722222222222,0.009428052458057704,0.00443340366942498
reasoning,1,1,model.layers.1.mlp,45,0.015046296296296295,28.0,0.004393683539496528,29.0,0.00468870286864263,18.0,0.015046296296296295,0.014387750286616867,0.013252339919783699
reasoning,1,1,model.layers.1.mlp,46,0.014756944444444444,30.0,0.004143608940972222,31.0,0.0028229654525165205,29.0,0.014756944444444444,0.013568844954849169,0.007978944029222588
reasoning,1,1,model.layers.1.mlp,47,0.07175925925925926,1.0,0.021567733199508103,1.0,0.01526251228319274,4.0,0.07175925925925926,0.07062665226873789,0.04313858362820487
reasoning,1,1,model.layers.1.mlp,48,0.01070601851851852,46.0,0.0034467909071180555,35.0,0.002093694966148447,36.0,0.01070601851851852,0.01128701382700833,0.0059177043538636
reasoning,1,1,model.layers.1.mlp,49,0.01273148148148148,34.0,0.0034385963722511573,36.0,0.0024981924194704603,33.0,0.01273148148148148,0.011260179640995604,0.007060992358731783
reasoning,1,1,model.layers.1.mlp,50,0.006076388888888889,56.5,0.0016270390263310186,53.0,0.001269480110042625,47.0,0.006076388888888889,0.00532797389866486,0.0035881100617833933
reasoning,1,1,model.layers.1.mlp,51,0.005497685185185185,60.0,0.0013280797887731482,59.0,0.0006410077610915458,58.0,0.005497685185185185,0.0043489887675798615,0.0018117703294907033
reasoning,1,1,model.layers.1.mlp,52,0.01099537037037037,43.5,0.00230266429759838,48.0,0.000978047683559082,51.0,0.01099537037037037,0.007540406269576232,0.002764393633677688
reasoning,1,1,model.layers.1.mlp,53,0.019097222222222224,14.5,0.00876419632523148,9.0,0.006137349056424918,13.0,0.019097222222222224,0.02869962459899085,0.01734685224906411
reasoning,1,1,model.layers.1.mlp,54,0.01707175925925926,23.0,0.004713552969473379,26.0,0.002765959059750592,30.0,0.01707175925925926,0.01543520885787227,0.00781781884903955
reasoning,1,1,model.layers.1.mlp,55,0.013310185185185185,33.0,0.003810741283275463,34.0,0.002614307613974368,32.0,0.013310185185185185,0.012478821812677024,0.007389185053071372
reasoning,1,1,model.layers.1.mlp,56,0.006655092592592593,54.5,0.0016075416847511573,54.0,0.0009051586622027335,52.0,0.006655092592592593,0.005264127042289752,0.002558377147989324
reasoning,1,1,model.layers.1.mlp,57,0.011284722222222222,40.5,0.0028779771592881945,42.0,0.0018798081480242588,38.0,0.011284722222222222,0.009424351191021467,0.005313165977781075
reasoning,1,1,model.layers.1.mlp,58,0.01765046296296296,20.5,0.005467167607060185,21.0,0.003760799903560568,25.0,0.01765046296296296,0.017903028654284076,0.010629677351830742
reasoning,1,1,model.layers.1.mlp,59,0.017361111111111112,22.0,0.005741260669849537,18.0,0.006962037886734362,10.0,0.017361111111111112,0.018800585910571835,0.01967778620105359
reasoning,1,1,model.layers.1.mlp,60,0.017939814814814815,19.0,0.004568594473379629,27.0,0.0024689299364884696,34.0,0.017939814814814815,0.014960521360474724,0.0069782836902069
reasoning,1,1,model.layers.1.mlp,61,0.01099537037037037,43.5,0.002356635199652778,47.0,0.001215595467430022,48.0,0.01099537037037037,0.007717141770556606,0.003435808322823977
reasoning,1,1,model.layers.1.mlp,62,0.01880787037037037,16.0,0.00559517189308449,20.0,0.00416505036668645,23.0,0.01880787037037037,0.01832219714613805,0.011772267253592867
reasoning,1,1,model.layers.1.mlp,63,0.021701388888888888,10.0,0.007882859971788194,13.0,0.008349680652221044,8.0,0.021701388888888888,0.02581356162748413,0.023599875983804513
reasoning,2,2,model.layers.2.mlp,0,0.011574074074074073,41.0,0.004666928891782407,34.0,0.004904445847151456,32.0,0.011574074074074073,0.014133766092204297,0.005653455787760759
reasoning,2,2,model.layers.2.mlp,1,0.01707175925925926,27.0,0.005277563024450232,27.0,0.006111933125389947,26.0,0.01707175925925926,0.015983067891989566,0.007045351254558452
reasoning,2,2,model.layers.2.mlp,2,0.002025462962962963,64.0,0.0003455833152488426,64.0,9.946908297327657e-05,64.0,0.002025462962962963,0.001046596992659594,0.00011466006157762755
reasoning,2,2,model.layers.2.mlp,3,0.009259259259259259,47.5,0.002826831958912037,47.0,0.0022599927874075044,48.0,0.009259259259259259,0.008561043593267849,0.0026051402548745405
reasoning,2,2,model.layers.2.mlp,4,0.018518518518518517,21.0,0.004634433322482639,35.0,0.004074518189386085,38.0,0.018518518518518517,0.014035353455936223,0.00469678107537883
reasoning,2,2,model.layers.2.mlp,5,0.004629629629629629,58.5,0.0009545220269097222,59.0,0.0009762157548080992,56.0,0.004629629629629629,0.002890764220117832,0.0011253040162179718
reasoning,2,2,model.layers.2.mlp,6,0.013599537037037037,36.0,0.005004035101996528,31.0,0.006090045147747906,27.0,0.013599537037037037,0.015154690223228741,0.007020120531712435
reasoning,2,2,model.layers.2.mlp,7,0.02806712962962963,6.0,0.007969891583478009,10.0,0.007517314343540756,12.0,0.02806712962962963,0.02413676874731304,0.008665363143644685
reasoning,2,2,model.layers.2.mlp,8,0.008391203703703705,51.5,0.001701072410300926,52.0,0.0017617386399285384,50.0,0.008391203703703705,0.005151687568119997,0.002030792432178768
reasoning,2,2,model.layers.2.mlp,9,0.028356481481481483,5.0,0.007595768681278935,12.0,0.0065727873394886656,19.0,0.028356481481481483,0.023003739787148442,0.007576587403393409
reasoning,2,2,model.layers.2.mlp,10,0.01244212962962963,37.5,0.0022260877821180555,50.0,0.0012911798624339066,55.0,0.01244212962962963,0.006741693465390255,0.0014883696331476053
reasoning,2,2,model.layers.2.mlp,11,0.012152777777777778,39.0,0.00500968650535301,30.0,0.0064155662915220965,21.0,0.012152777777777778,0.01517180546431884,0.007395355461745881
reasoning,2,2,model.layers.2.mlp,12,0.010416666666666666,44.0,0.003944962112991898,39.0,0.005051612716030191,30.0,0.010416666666666666,0.011947294042944066,0.0058230980699999135
reasoning,2,2,model.layers.2.mlp,13,0.015335648148148149,31.0,0.007027802643952546,16.0,0.010560561937314493,7.0,0.015335648148148149,0.021283658057593427,0.0121733773533646
reasoning,2,2,model.layers.2.mlp,14,0.033275462962962965,2.0,0.01604094328703704,2.0,0.01647533283189491,3.0,0.033275462962962965,0.04857990031013887,0.018991455641794705
reasoning,2,2,model.layers.2.mlp,15,0.01765046296296296,24.0,0.008142259385850694,9.0,0.010726565840067688,5.0,0.01765046296296296,0.02465878360056108,0.012364733472701917
reasoning,2,2,model.layers.2.mlp,16,0.027488425925925927,7.5,0.0110321044921875,4.0,0.013444855688484731,4.0,0.027488425925925927,0.03341066213198354,0.015498162193353478
reasoning,2,2,model.layers.2.mlp,17,0.014756944444444444,32.0,0.005069026240596065,29.0,0.006937244700060951,16.0,0.014756944444444444,0.015351515495764887,0.007996704912839683
reasoning,2,2,model.layers.2.mlp,18,0.008391203703703705,51.5,0.0028966267903645835,45.0,0.003377008286339265,42.0,0.008391203703703705,0.008772416820730579,0.003892747037427159
reasoning,2,2,model.layers.2.mlp,19,0.015914351851851853,29.0,0.005641513400607639,24.0,0.004983325316398232,31.0,0.015914351851851853,0.01708528941819198,0.005744381777331567
reasoning,2,2,model.layers.2.mlp,20,0.013888888888888888,34.5,0.00487800880714699,32.0,0.007285215167535676,15.0,0.013888888888888888,0.014773020346919519,0.008397817640887723
reasoning,2,2,model.layers.2.mlp,21,0.009259259259259259,47.5,0.003436053240740741,41.0,0.004012156726309547,41.0,0.009259259259259259,0.010406066582780591,0.00462489573188624
reasoning,2,2,model.layers.2.mlp,22,0.02459490740740741,12.0,0.006555027431911892,21.0,0.006394887618996479,22.0,0.02459490740740741,0.019851861170149778,0.0073715187298261965
reasoning,2,2,model.layers.2.mlp,23,0.016493055555555556,28.0,0.005599127875434028,25.0,0.006368997196356456,23.0,0.016493055555555556,0.016956925110016233,0.007341674306157653
reasoning,2,2,model.layers.2.mlp,24,0.02922453703703704,4.0,0.009351235848885996,8.0,0.010153059330251481,8.0,0.02922453703703704,0.02832016155076065,0.01170364070130919
reasoning,2,2,model.layers.2.mlp,25,0.004629629629629629,58.5,0.0017002246997974537,53.0,0.0018982554923880983,49.0,0.004629629629629629,0.005149120281956482,0.0021881582210400404
reasoning,2,2,model.layers.2.mlp,26,0.017361111111111112,25.5,0.009576585557725694,6.0,0.008681904524564743,11.0,0.017361111111111112,0.029002631789228375,0.01000781024255667
reasoning,2,2,model.layers.2.mlp,27,0.014467592592592593,33.0,0.004761872468171296,33.0,0.004032488705383407,39.0,0.014467592592592593,0.01442130214251797,0.004648332823120209
reasoning,2,2,model.layers.2.mlp,28,0.021701388888888888,14.0,0.006942466453269676,18.0,0.005106546812587314,29.0,0.021701388888888888,0.021025217917132924,0.005886421735059169
reasoning,2,2,model.layers.2.mlp,29,0.017939814814814815,22.5,0.006183765552662037,23.0,0.006776680307531798,17.0,0.017939814814814815,0.018727496800787044,0.007811619029022768
reasoning,2,2,model.layers.2.mlp,30,0.019675925925925927,17.5,0.016341315375434026,1.0,0.5455987188551161,1.0,0.019675925925925927,0.049489575374077666,0.6289228856911175
reasoning,2,2,model.layers.2.mlp,31,0.004340277777777778,60.0,0.0010582252785011573,56.0,0.0006317768345104048,59.0,0.004340277777777778,0.0032048288941211606,0.0007282621753710475
reasoning,2,2,model.layers.2.mlp,32,0.027488425925925927,7.5,0.009516680682146991,7.0,0.009501398903214268,10.0,0.027488425925925927,0.028821210233673317,0.010952458299116301
reasoning,2,2,model.layers.2.mlp,33,0.019675925925925927,17.5,0.007121615939670139,15.0,0.007476974019987715,14.0,0.019675925925925927,0.021567771059689083,0.008618862021442767
reasoning,2,2,model.layers.2.mlp,34,0.026909722222222224,9.0,0.010470284356011285,5.0,0.010633304301235411,6.0,0.026909722222222224,0.031709193227114005,0.012257228975166677
reasoning,2,2,model.layers.2.mlp,35,0.010127314814814815,45.0,0.0025928638599537037,49.0,0.002485876299302887,46.0,0.010127314814814815,0.007852472612137722,0.0028655208335338776
reasoning,2,2,model.layers.2.mlp,36,0.04976851851851852,1.0,0.01497452347366898,3.0,0.017372230412783445,2.0,0.04976851851851852,0.045350254316437064,0.020025327964525715
reasoning,2,2,model.layers.2.mlp,37,0.011284722222222222,42.0,0.003525345413773148,40.0,0.004017760632214723,40.0,0.011284722222222222,0.010676487392004165,0.004631355469695781
reasoning,2,2,model.layers.2.mlp,38,0.02141203703703704,15.0,0.007340325249565972,14.0,0.006640612803123615,18.0,0.02141203703703704,0.022230130889875938,0.007654771212919469
reasoning,2,2,model.layers.2.mlp,39,0.009837962962962963,46.0,0.0030624954788773147,43.0,0.002602504186884121,43.0,0.009837962962962963,0.009274749146725004,0.00299996020275301
reasoning,2,2,model.layers.2.mlp,40,0.005787037037037037,55.0,0.0008320278591579861,61.0,0.0005665835062110866,60.0,0.005787037037037037,0.002519791369489922,0.0006531124824834738
reasoning,2,2,model.layers.2.mlp,41,0.013888888888888888,34.5,0.00314952709056713,42.0,0.0025169377525647483,45.0,0.013888888888888888,0.009538323859512539,0.002901326010753139
reasoning,2,2,model.layers.2.mlp,42,0.005787037037037037,55.0,0.0010579427083333333,57.0,0.0005016833483413966,61.0,0.005787037037037037,0.003203973132066656,0.0005783007331911271
reasoning,2,2,model.layers.2.mlp,43,0.005787037037037037,55.0,0.0010000158239293982,58.0,0.00042757158236647093,62.0,0.005787037037037037,0.0030285419108931344,0.0004928705734238486
reasoning,2,2,model.layers.2.mlp,44,0.01099537037037037,43.0,0.004152651186342593,38.0,0.004181544813844893,37.0,0.01099537037037037,0.012576279153005228,0.004820152870755584
reasoning,2,2,model.layers.2.mlp,45,0.017361111111111112,25.5,0.002875681276674624,46.0,0.0012926262872362578,54.0,0.017361111111111112,0.008708983458440397,0.0014900369568219332
reasoning,2,2,model.layers.2.mlp,46,0.011863425925925927,40.0,0.00270221851490162,48.0,0.0016981660284929806,51.0,0.011863425925925927,0.00818365252723115,0.0019575109730161256
reasoning,2,2,model.layers.2.mlp,47,0.01244212962962963,37.5,0.004351015444155093,36.0,0.0043622177370168545,35.0,0.01244212962962963,0.013177024115267725,0.005028418272195675
reasoning,2,2,model.layers.2.mlp,48,0.015625,30.0,0.005353856969762732,26.0,0.006132848422836374,25.0,0.015625,0.01621412364670591,0.007069460748900187
reasoning,2,2,model.layers.2.mlp,49,0.003472222222222222,61.0,0.0009152447735821759,60.0,0.0006653553918348971,58.0,0.003472222222222222,0.0027718132945416395,0.0007669688703101026
reasoning,2,2,model.layers.2.mlp,50,0.005208333333333333,57.0,0.0015391597041377314,54.0,0.0015581747241042278,52.0,0.005208333333333333,0.004661335910888641,0.0017961401118224102
reasoning,2,2,model.layers.2.mlp,51,0.02488425925925926,11.0,0.00768562599464699,11.0,0.0065059551658729715,20.0,0.02488425925925926,0.023275872120481027,0.007499548579740023
reasoning,2,2,model.layers.2.mlp,52,0.008680555555555556,49.5,0.003016436541521991,44.0,0.0026008784081097,44.0,0.008680555555555556,0.009135259931840691,0.0029980861340593566
reasoning,2,2,model.layers.2.mlp,53,0.008680555555555556,49.5,0.002097235785590278,51.0,0.0023872039574025956,47.0,0.008680555555555556,0.006351465968535983,0.0027517791918085215
reasoning,2,2,model.layers.2.mlp,54,0.025752314814814815,10.0,0.007366321705005787,13.0,0.007516649793143626,13.0,0.025752314814814815,0.022308860998890397,0.008664597102708357
reasoning,2,2,model.layers.2.mlp,55,0.0026041666666666665,63.0,0.00046680591724537036,63.0,0.0001946859351678372,63.0,0.0026041666666666665,0.0014137189140422317,0.00022441848911625582
reasoning,2,2,model.layers.2.mlp,56,0.019386574074074073,19.5,0.005198725947627315,28.0,0.005184193624666444,28.0,0.019386574074074073,0.015744310278782675,0.005975926815313014
reasoning,2,2,model.layers.2.mlp,57,0.0028935185185185184,62.0,0.0007457026728877315,62.0,0.0007891858824425273,57.0,0.0028935185185185184,0.0022583560618386496,0.0009097108284527476
reasoning,2,2,model.layers.2.mlp,58,0.02199074074074074,13.0,0.006893016673900463,19.0,0.009849876303363729,9.0,0.02199074074074074,0.020875459557594553,0.011354155378904232
reasoning,2,2,model.layers.2.mlp,59,0.007523148148148148,53.0,0.0014029255619755498,55.0,0.0013656956143677235,53.0,0.007523148148148148,0.0042487516303604264,0.0015742654758541287
reasoning,2,2,model.layers.2.mlp,60,0.03269675925925926,3.0,0.0069828033447265625,17.0,0.004316696276267369,36.0,0.03269675925925926,0.02114737795041351,0.004975944746386235
reasoning,2,2,model.layers.2.mlp,61,0.017939814814814815,22.5,0.004328409830729167,37.0,0.0044457417119432375,34.0,0.017939814814814815,0.013108563150907327,0.005124698079166855
reasoning,2,2,model.layers.2.mlp,62,0.019386574074074073,19.5,0.006303857873987268,22.0,0.006272989372653818,24.0,0.019386574074074073,0.019091195673951664,0.00723100410946311
reasoning,2,2,model.layers.2.mlp,63,0.019965277777777776,16.0,0.006784227159288194,20.0,0.0048763793375757,33.0,0.019965277777777776,0.02054599116661013,0.00562110294384151
reasoning,3,3,model.layers.3.mlp,0,0.051215277777777776,2.0,0.02192461932146991,2.0,0.031741223125546066,2.0,0.051215277777777776,0.06240278468103724,0.06477875981562602
reasoning,3,3,model.layers.3.mlp,1,0.021701388888888888,18.0,0.007875795717592593,14.0,0.01024217843250544,13.0,0.021701388888888888,0.022416424985563475,0.020902648081449465
reasoning,3,3,model.layers.3.mlp,2,0.01099537037037037,38.0,0.003162242748119213,43.0,0.003685969790374791,42.0,0.01099537037037037,0.009000509902893257,0.007522474820643328
reasoning,3,3,model.layers.3.mlp,3,0.0023148148148148147,59.0,0.0005230373806423611,61.0,0.0005264631644995124,58.0,0.0023148148148148147,0.0014886912546023963,0.0010744271180098584
reasoning,3,3,model.layers.3.mlp,4,0.008391203703703705,44.5,0.002410040961371528,47.0,0.003048279529644383,46.0,0.008391203703703705,0.006859561161806504,0.0062210509885108865
reasoning,3,3,model.layers.3.mlp,5,0.002025462962962963,60.5,0.0006417168511284722,58.0,0.0006065897522839132,57.0,0.002025462962962963,0.0018264818148039125,0.0012379526685030254
reasoning,3,3,model.layers.3.mlp,6,0.016203703703703703,30.0,0.0035312793872974537,39.0,0.002966693248944702,47.0,0.016203703703703703,0.010050877692472256,0.0060545464382359675
reasoning,3,3,model.layers.3.mlp,7,0.0078125,47.0,0.00365589283130787,37.0,0.0038214410758680767,40.0,0.0078125,0.010405557780683848,0.007798950047517014
reasoning,3,3,model.layers.3.mlp,8,0.007233796296296296,49.0,0.0022602787724247684,48.0,0.002866175129181809,48.0,0.007233796296296296,0.0064333016453617334,0.005849405032327188
reasoning,3,3,model.layers.3.mlp,9,0.03153935185185185,5.0,0.008754871509693287,12.0,0.010057204299502902,15.0,0.03153935185185185,0.02491848792077042,0.020525145460126997
reasoning,3,3,model.layers.3.mlp,10,0.024305555555555556,10.0,0.009249369303385416,10.0,0.012907359438637892,10.0,0.024305555555555556,0.026325948588276738,0.026341856254951522
reasoning,3,3,model.layers.3.mlp,11,0.013310185185185185,33.0,0.004818386501736111,31.0,0.004982342667601726,32.0,0.013310185185185185,0.013714296744181557,0.01016816452558065
reasoning,3,3,model.layers.3.mlp,12,0.017939814814814815,26.0,0.007014521846064815,19.0,0.007713994287230351,21.0,0.017939814814814815,0.019965030634386757,0.015743028590143825
reasoning,3,3,model.layers.3.mlp,13,0.001736111111111111,62.5,0.0004207469798900463,62.0,0.00027540139853954315,61.0,0.001736111111111111,0.0011975479622382324,0.0005620502076532266
reasoning,3,3,model.layers.3.mlp,14,0.005497685185185185,52.5,0.001078852900752315,54.0,0.0004804137365513102,60.0,0.005497685185185185,0.003070677044879497,0.0009804476005569609
reasoning,3,3,model.layers.3.mlp,15,0.019965277777777776,21.0,0.00454994484230324,32.0,0.0032757163668672242,44.0,0.019965277777777776,0.01295024666753527,0.006685213197806046
reasoning,3,3,model.layers.3.mlp,16,0.0005787037037037037,64.0,0.00011726661964699074,64.0,0.00011141323139546094,63.0,0.0005787037037037037,0.000333769244008641,0.00022737658622363393
reasoning,3,3,model.layers.3.mlp,17,0.00318287037037037,55.5,0.00054931640625,60.0,0.0002423528478377395,62.0,0.00318287037037037,0.001563487735789875,0.0004946034013439992
reasoning,3,3,model.layers.3.mlp,18,0.018229166666666668,24.0,0.006130359790943287,25.0,0.00806330485890309,19.0,0.018229166666666668,0.017448490960885462,0.016455915599379332
reasoning,3,3,model.layers.3.mlp,19,0.03530092592592592,3.0,0.01720287181712963,3.0,0.023045792071907607,3.0,0.03530092592592592,0.048963545964448345,0.04703277575291227
reasoning,3,3,model.layers.3.mlp,20,0.022858796296296297,15.0,0.007396274142795139,15.0,0.008876095698387534,18.0,0.022858796296296297,0.021051590269701635,0.018114691707755846
reasoning,3,3,model.layers.3.mlp,21,0.0028935185185185184,57.5,0.0008527967664930555,55.0,0.0009865958795503334,53.0,0.0028935185185185184,0.0024272664540194665,0.00201348439736214
reasoning,3,3,model.layers.3.mlp,22,0.02228009259259259,16.0,0.006241692437065972,23.0,0.006440438782899744,26.0,0.02228009259259259,0.017765370676884027,0.013143905493954649
reasoning,3,3,model.layers.3.mlp,23,0.015914351851851853,31.0,0.003326133445457176,41.0,0.0030967328283521864,45.0,0.015914351851851853,0.009466982581266778,0.00631993642171719
reasoning,3,3,model.layers.3.mlp,24,0.002025462962962963,60.5,0.0006013093171296296,59.0,0.0008884801624204825,55.0,0.002025462962962963,0.001711472171687682,0.0018132459109952677
reasoning,3,3,model.layers.3.mlp,25,0.004050925925925926,54.0,0.001102306224681713,53.0,0.0013793103776320263,51.0,0.004050925925925926,0.0031374308936812255,0.0028149518785214834
reasoning,3,3,model.layers.3.mlp,26,0.008391203703703705,44.5,0.001712092646846065,51.0,0.0009488829204605685,54.0,0.008391203703703705,0.004873030962526159,0.0019365182795427474
reasoning,3,3,model.layers.3.mlp,27,0.0028935185185185184,57.5,0.000675342701099537,57.0,0.000777622326967065,56.0,0.0028935185185185184,0.0019221891401943422,0.0015870027990612004
reasoning,3,3,model.layers.3.mlp,28,0.017939814814814815,26.0,0.006562127007378472,22.0,0.009794448398881488,16.0,0.017939814814814815,0.01867740518942812,0.019988902691246604
reasoning,3,3,model.layers.3.mlp,29,0.01880787037037037,22.5,0.008002104582609955,13.0,0.011242348010893221,12.0,0.01880787037037037,0.022775930653206516,0.022943834227207464
reasoning,3,3,model.layers.3.mlp,30,0.01880787037037037,22.5,0.006168224193431713,24.0,0.007462645915371401,22.0,0.01880787037037037,0.017556262234854517,0.01523006676298615
reasoning,3,3,model.layers.3.mlp,31,0.023726851851851853,12.0,0.008826926902488427,11.0,0.013830541322628656,9.0,0.023726851851851853,0.025123575046607054,0.028225922829596038
reasoning,3,3,model.layers.3.mlp,32,0.009548611111111112,40.0,0.003558971263744213,38.0,0.004828432919802489,34.0,0.009548611111111112,0.010129695489852611,0.009854059346125665
reasoning,3,3,model.layers.3.mlp,33,0.01273148148148148,34.0,0.004967866120515046,30.0,0.00722219456953031,24.0,0.01273148148148148,0.014139751997387753,0.01473934402309753
reasoning,3,3,model.layers.3.mlp,34,0.006944444444444444,50.5,0.0018454657660590278,49.0,0.0022410664500461686,49.0,0.006944444444444444,0.005252643211133577,0.004573658195974163
reasoning,3,3,model.layers.3.mlp,35,0.020543981481481483,20.0,0.005103782371238426,29.0,0.005250882184891789,31.0,0.020543981481481483,0.014526602615142346,0.01071621073106971
reasoning,3,3,model.layers.3.mlp,36,0.02141203703703704,19.0,0.0066070556640625,21.0,0.006042369813830765,28.0,0.02141203703703704,0.01880528304436155,0.01233151039388619
reasoning,3,3,model.layers.3.mlp,37,0.012152777777777778,35.0,0.004012778953269676,36.0,0.004221540185864325,36.0,0.012152777777777778,0.011421342251004123,0.00861548834052417
reasoning,3,3,model.layers.3.mlp,38,0.015625,32.0,0.004106592248987268,35.0,0.003639374583683632,43.0,0.015625,0.011688357646211036,0.007427381456066057
reasoning,3,3,model.layers.3.mlp,39,0.007523148148148148,48.0,0.007139983000578704,18.0,0.07997030792412935,1.0,0.007523148148148148,0.020322123512314074,0.16320660829322428
reasoning,3,3,model.layers.3.mlp,40,0.01765046296296296,28.5,0.007355018898292824,16.0,0.007862861716636905,20.0,0.01765046296296296,0.020934167836869678,0.016046843204210653
reasoning,3,3,model.layers.3.mlp,41,0.008391203703703705,44.5,0.0030701248734085647,44.0,0.0048470984868429325,33.0,0.008391203703703705,0.008738320087117795,0.009892152783147699
reasoning,3,3,model.layers.3.mlp,42,0.024016203703703703,11.0,0.009476273148148149,9.0,0.011458090334026902,11.0,0.024016203703703703,0.026971771968852493,0.02338412980362758
reasoning,3,3,model.layers.3.mlp,43,0.001736111111111111,62.5,0.00022365428783275462,63.0,0.00010662835470780178,64.0,0.001736111111111111,0.000636574353332143,0.0002176114181810767
reasoning,3,3,model.layers.3.mlp,44,0.008680555555555556,42.0,0.0032958984375,42.0,0.003962181555969572,37.0,0.008680555555555556,0.00938092641473925,0.008086178857848934
reasoning,3,3,model.layers.3.mlp,45,0.01765046296296296,28.5,0.00567909523292824,27.0,0.007000938851248335,25.0,0.01765046296296296,0.016164082568881126,0.014287796488973471
reasoning,3,3,model.layers.3.mlp,46,0.010127314814814815,39.0,0.003371344672309028,40.0,0.004440722805965278,35.0,0.010127314814814815,0.009595664699438785,0.009062805012825059
reasoning,3,3,model.layers.3.mlp,47,0.011863425925925927,36.5,0.004470542625144676,33.0,0.005794021542425509,29.0,0.011863425925925927,0.012724248697495685,0.011824671291928608
reasoning,3,3,model.layers.3.mlp,48,0.006944444444444444,50.5,0.0026575724283854165,46.0,0.0037392803502303584,41.0,0.006944444444444444,0.007564095758798238,0.007631273146998337
reasoning,3,3,model.layers.3.mlp,49,0.017939814814814815,26.0,0.007272508409288194,17.0,0.009186096558416332,17.0,0.017939814814814815,0.020699322971205768,0.01874735388258807
reasoning,3,3,model.layers.3.mlp,50,0.011863425925925927,36.5,0.004303261085792824,34.0,0.005592593302329381,30.0,0.011863425925925927,0.012248124860259262,0.011413588469642225
reasoning,3,3,model.layers.3.mlp,51,0.028356481481481483,7.0,0.009818889476634838,8.0,0.010161392942622857,14.0,0.028356481481481483,0.027946941145624727,0.020737777817156473
reasoning,3,3,model.layers.3.mlp,52,0.03298611111111111,4.0,0.012444672761140045,4.0,0.016463234468742653,5.0,0.03298611111111111,0.035420557290083275,0.03359882847679861
reasoning,3,3,model.layers.3.mlp,53,0.00318287037037037,55.5,0.000713489673755787,56.0,0.0004829376832478576,59.0,0.00318287037037037,0.002030764677401972,0.0009855985720931366
reasoning,3,3,model.layers.3.mlp,54,0.0234375,13.5,0.005862483271846065,26.0,0.006153987375674424,27.0,0.0234375,0.016686049410716323,0.012559303985874678
reasoning,3,3,model.layers.3.mlp,55,0.009259259259259259,41.0,0.0018141004774305555,50.0,0.001076695431644718,52.0,0.009259259259259259,0.005163369991651748,0.002197363172969884
reasoning,3,3,model.layers.3.mlp,56,0.03009259259259259,6.0,0.009930645978009259,7.0,0.015932594460469705,6.0,0.03009259259259259,0.028265027256481154,0.032515877088677404
reasoning,3,3,model.layers.3.mlp,57,0.027488425925925927,8.0,0.010273686161747685,6.0,0.014787881738609739,8.0,0.027488425925925927,0.029241402828111253,0.03017970150483299
reasoning,3,3,model.layers.3.mlp,58,0.008391203703703705,44.5,0.0028370044849537037,45.0,0.003928028392019095,38.0,0.008391203703703705,0.008074802915293387,0.008016477712567263
reasoning,3,3,model.layers.3.mlp,59,0.025752314814814815,9.0,0.010655438458478009,5.0,0.01576127042924916,7.0,0.025752314814814815,0.03032796246342613,0.03216623214194098
reasoning,3,3,model.layers.3.mlp,60,0.005497685185185185,52.5,0.0015400074146412037,52.0,0.0014313473883602354,50.0,0.005497685185185185,0.00438323465023396,0.002921151094794685
reasoning,3,3,model.layers.3.mlp,61,0.056712962962962965,1.0,0.027209529170283565,1.0,0.01891648410647004,4.0,0.056712962962962965,0.0774449200321062,0.038605518622970465
reasoning,3,3,model.layers.3.mlp,62,0.0234375,13.5,0.006880583586516204,20.0,0.0072403621894341925,23.0,0.0234375,0.01958380985930219,0.014776421229653822
reasoning,3,3,model.layers.3.mlp,63,0.02199074074074074,17.0,0.005503336588541667,28.0,0.0038669506708780923,39.0,0.02199074074074074,0.01566383083448745,0.007891827852282122
reasoning,4,4,model.layers.4.mlp,0,0.004629629629629629,51.5,0.001342490867332176,52.0,0.002441252857722618,47.0,0.004629629629629629,0.00407063245598966,0.003907929890331275
reasoning,4,4,model.layers.4.mlp,1,0.0023148148148148147,60.0,0.0007394861291956018,57.0,0.0013427730925657131,52.0,0.0023148148148148147,0.0022422321905546075,0.00214949593925528
reasoning,4,4,model.layers.4.mlp,2,0.024305555555555556,13.0,0.008418330439814815,14.0,0.016690271596113842,13.0,0.024305555555555556,0.025525632946504728,0.02671759749993556
reasoning,4,4,model.layers.4.mlp,3,0.005787037037037037,48.0,0.001396461769386574,50.0,0.0015511201970555165,50.0,0.005787037037037037,0.0042342802773102295,0.0024830156214234052
reasoning,4,4,model.layers.4.mlp,4,0.001736111111111111,61.0,0.00032891167534722225,61.0,0.00032595896886454686,61.0,0.001736111111111111,0.000997309235691847,0.000521791420916407
reasoning,4,4,model.layers.4.mlp,5,0.015914351851851853,25.0,0.005222744411892361,24.0,0.01014744428296884,21.0,0.015914351851851853,0.015836139693550178,0.016243913734064704
reasoning,4,4,model.layers.4.mlp,6,0.020833333333333332,18.0,0.006536554407190393,20.0,0.0066710469071511866,31.0,0.020833333333333332,0.019819807469623408,0.010678936237919308
reasoning,4,4,model.layers.4.mlp,7,0.019097222222222224,20.0,0.008303606951678241,15.0,0.01106289236081971,19.0,0.019097222222222224,0.025177774226839013,0.0177093526357183
reasoning,4,4,model.layers.4.mlp,8,0.02459490740740741,12.0,0.008091679325810185,16.0,0.013796946999651415,15.0,0.02459490740740741,0.02453517806982107,0.02208599629681639
reasoning,4,4,model.layers.4.mlp,9,0.02546296296296296,9.0,0.009361549660011573,12.0,0.01717394888745966,12.0,0.02546296296296296,0.028385614242672583,0.027491862622921668
reasoning,4,4,model.layers.4.mlp,10,0.008101851851851851,41.5,0.002525894730179398,40.0,0.003849371750321653,39.0,0.008101851851851851,0.007658889396777851,0.006162030645245042
reasoning,4,4,model.layers.4.mlp,11,0.01707175925925926,22.0,0.004339430067274306,30.0,0.005011123846526499,35.0,0.01707175925925926,0.013157798911099392,0.008021750226341294
reasoning,4,4,model.layers.4.mlp,12,0.004340277777777778,53.5,0.000904224537037037,54.0,0.0007359556254447887,60.0,0.004340277777777778,0.002741743603276555,0.001178109419323381
reasoning,4,4,model.layers.4.mlp,13,0.008391203703703705,39.0,0.0025660196940104165,39.0,0.004729806480032427,36.0,0.008391203703703705,0.007780554269173248,0.007571420576254559
reasoning,4,4,model.layers.4.mlp,14,0.011574074074074073,37.0,0.014741685655381944,4.0,0.07234508571801362,1.0,0.011574074074074073,0.04469898868216809,0.11580919280919776
reasoning,4,4,model.layers.4.mlp,15,0.00318287037037037,57.0,0.0007168805157696759,58.0,0.0007691503743882533,58.0,0.00318287037037037,0.0021736886004726937,0.0012312471969967774
reasoning,4,4,model.layers.4.mlp,16,0.005787037037037037,48.0,0.0013645313404224537,51.0,0.001152390969865438,55.0,0.005787037037037037,0.004137462456319526,0.0018447343962092308
reasoning,4,4,model.layers.4.mlp,17,0.07060185185185185,1.0,0.02056263111255787,1.0,0.029026740265113336,4.0,0.07060185185185185,0.06234896312826091,0.046465676647169954
reasoning,4,4,model.layers.4.mlp,18,0.006076388888888889,46.0,0.0018827650282118055,43.0,0.002534319370709084,46.0,0.006076388888888889,0.005708824258947402,0.00405690970892655
reasoning,4,4,model.layers.4.mlp,19,0.0014467592592592592,62.0,0.00025318287037037036,62.0,0.0002855778482087232,62.0,0.0014467592592592592,0.0007676882089174354,0.00045714978090080437
reasoning,4,4,model.layers.4.mlp,20,0.004629629629629629,51.5,0.0015959563078703704,46.0,0.0029528599439395797,44.0,0.004629629629629629,0.00483917745978312,0.004726904712217474
reasoning,4,4,model.layers.4.mlp,21,0.02922453703703704,7.0,0.009140862358940972,13.0,0.015575006052299781,14.0,0.02922453703703704,0.0277164574444979,0.024932293064739385
reasoning,4,4,model.layers.4.mlp,22,0.004340277777777778,53.5,0.0011455394603587963,53.0,0.0018297025709654445,48.0,0.004340277777777778,0.0034734464274009855,0.0029289671263968203
reasoning,4,4,model.layers.4.mlp,23,0.021701388888888888,16.0,0.00601478859230324,23.0,0.010128651228215959,22.0,0.021701388888888888,0.018237735731045233,0.01621383002513341
reasoning,4,4,model.layers.4.mlp,24,0.008101851851851851,41.5,0.0025241993091724537,41.0,0.004161286512734713,38.0,0.008101851851851851,0.007653748627521708,0.006661340259738109
reasoning,4,4,model.layers.4.mlp,25,0.014467592592592593,31.0,0.0030548660843460647,37.0,0.0037293665249038626,40.0,0.014467592592592593,0.009262809404694636,0.005969927641280259
reasoning,4,4,model.layers.4.mlp,26,0.0026041666666666665,58.5,0.0005589237919560185,60.0,0.0007457932181380413,59.0,0.0026041666666666665,0.0016947402647753205,0.0011938573261464091
reasoning,4,4,model.layers.4.mlp,27,0.02806712962962963,8.0,0.00969837330005787,11.0,0.04721693556617807,2.0,0.02806712962962963,0.0294069137348931,0.07558433500454663
reasoning,4,4,model.layers.4.mlp,28,0.005787037037037037,48.0,0.001667446560329861,44.0,0.0018010051679556017,49.0,0.005787037037037037,0.005055946563417172,0.002883028649093135
reasoning,4,4,model.layers.4.mlp,29,0.03501157407407408,4.0,0.011951870388454862,5.0,0.019997342041245213,8.0,0.03501157407407408,0.03623985287118389,0.032011518365640694
reasoning,4,4,model.layers.4.mlp,30,0.005497685185185185,50.0,0.0015422679759837963,48.0,0.0026374817567153108,45.0,0.005497685185185185,0.0046763864333385745,0.0042220508865625775
reasoning,4,4,model.layers.4.mlp,31,0.033854166666666664,5.0,0.011475739655671295,7.0,0.02297718850550828,7.0,0.033854166666666664,0.034796153505083575,0.036781622793559295
reasoning,4,4,model.layers.4.mlp,32,0.00636574074074074,45.0,0.0014662566008391204,49.0,0.0012241165558980018,53.0,0.00636574074074074,0.004445908611688139,0.0019595519009472148
reasoning,4,4,model.layers.4.mlp,33,0.015046296296296295,29.0,0.004668906882957176,27.0,0.007787421759631898,26.0,0.015046296296296295,0.014156821736543286,0.01246601644184927
reasoning,4,4,model.layers.4.mlp,34,0.0234375,15.0,0.010189762821903935,10.0,0.01815577182504866,11.0,0.0234375,0.030896880024298704,0.029063553647339455
reasoning,4,4,model.layers.4.mlp,35,0.023726851851851853,14.0,0.010526869032118056,9.0,0.01950361082951228,9.0,0.023726851851851853,0.03191903631139524,0.031221159040912418
reasoning,4,4,model.layers.4.mlp,36,0.015046296296296295,29.0,0.005144189905237268,25.0,0.008814529688270003,24.0,0.015046296296296295,0.015597950718015527,0.014110199166397323
reasoning,4,4,model.layers.4.mlp,37,0.003761574074074074,56.0,0.0008157800745081018,55.0,0.000986449127257974,56.0,0.003761574074074074,0.002473566807081067,0.0015790965763779353
reasoning,4,4,model.layers.4.mlp,38,0.01244212962962963,35.0,0.004037645128038194,33.0,0.00725689992584564,29.0,0.01244212962962963,0.012242741983505842,0.011616763106551282
reasoning,4,4,model.layers.4.mlp,39,0.01880787037037037,21.0,0.006136011194299768,22.0,0.012964015067727477,16.0,0.01880787037037037,0.018605300732859497,0.020752648305812513
reasoning,4,4,model.layers.4.mlp,40,0.0026041666666666665,58.5,0.0006736472800925925,59.0,0.0011851265509095457,54.0,0.0026041666666666665,0.0020425989844410335,0.0018971371431163954
reasoning,4,4,model.layers.4.mlp,41,0.02488425925925926,10.5,0.011606852213541666,6.0,0.018223554447845177,10.0,0.02488425925925926,0.03519370632755868,0.029172059301243194
reasoning,4,4,model.layers.4.mlp,42,0.015046296296296295,29.0,0.004312020760995371,31.0,0.006801460007274592,30.0,0.015046296296296295,0.01307468980812507,0.010887700049685391
reasoning,4,4,model.layers.4.mlp,43,0.06365740740740741,2.0,0.017935011121961806,2.0,0.02858320596041503,5.0,0.06365740740740741,0.05438162757611444,0.04575567196197943
reasoning,4,4,model.layers.4.mlp,44,0.015625,27.0,0.004572267885561343,28.0,0.007425123135800715,27.0,0.015625,0.013863797888943106,0.011886052913361455
reasoning,4,4,model.layers.4.mlp,45,0.01273148148148148,34.0,0.003505848072193287,34.0,0.00577442492875788,34.0,0.01273148148148148,0.010630254026828817,0.009243633942785528
reasoning,4,4,model.layers.4.mlp,46,0.050347222222222224,3.0,0.016869862874348957,3.0,0.031532005717357,3.0,0.050347222222222224,0.051151939290942264,0.05047607717289449
reasoning,4,4,model.layers.4.mlp,47,0.009259259259259259,38.0,0.00160909582067419,45.0,0.0014238835946242842,51.0,0.009259259259259259,0.004879018421518232,0.0022793367111408123
reasoning,4,4,model.layers.4.mlp,48,0.021122685185185185,17.0,0.006594905146846065,18.0,0.012286841731380534,17.0,0.021122685185185185,0.019996735611522348,0.019668636908273675
reasoning,4,4,model.layers.4.mlp,49,0.008101851851851851,41.5,0.0020650227864583335,42.0,0.0030228979799344583,43.0,0.008101851851851851,0.006261456953982832,0.0048390208059922975
reasoning,4,4,model.layers.4.mlp,50,0.015914351851851853,25.0,0.004985668041087963,26.0,0.0072775341535883924,28.0,0.015914351851851853,0.015117288792566104,0.011649794144325478
reasoning,4,4,model.layers.4.mlp,51,0.007233796296296296,44.0,0.0015498973705150463,47.0,0.0030334861604151904,42.0,0.007233796296296296,0.00469951989499122,0.004855970245233702
reasoning,4,4,model.layers.4.mlp,52,0.01678240740740741,23.0,0.006284077962239583,21.0,0.010593351942521555,20.0,0.01678240740740741,0.019054261247896033,0.01695771765879183
reasoning,4,4,model.layers.4.mlp,53,0.0008680555555555555,63.0,0.00015626130280671296,63.0,0.00020657739757249752,64.0,0.0008680555555555555,0.00047380756644122967,0.000330686755403744
reasoning,4,4,model.layers.4.mlp,54,0.004050925925925926,55.0,0.0008024992766203704,56.0,0.0008189538666219623,57.0,0.004050925925925926,0.0024332974479079426,0.0013109720625826213
reasoning,4,4,model.layers.4.mlp,55,0.0005787037037037037,64.0,0.00011641890914351852,64.0,0.00021508956948916116,63.0,0.0005787037037037037,0.00035299948892185645,0.0003443129436781534
reasoning,4,4,model.layers.4.mlp,56,0.011863425925925927,36.0,0.0034281412760416665,36.0,0.006621244225513052,32.0,0.011863425925925927,0.010394635435922239,0.010599212669925666
reasoning,4,4,model.layers.4.mlp,57,0.008101851851851851,41.5,0.0027225635669849537,38.0,0.004267569821051977,37.0,0.008101851851851851,0.008255218630490502,0.00683147737441774
reasoning,4,4,model.layers.4.mlp,58,0.019386574074074073,19.0,0.00655647560402199,19.0,0.009830557154836479,23.0,0.019386574074074073,0.019880211508383094,0.015736644412915834
reasoning,4,4,model.layers.4.mlp,59,0.02488425925925926,10.5,0.007362083152488426,17.0,0.011132567293114133,18.0,0.02488425925925926,0.0223229336999273,0.0178208874772071
reasoning,4,4,model.layers.4.mlp,60,0.014178240740740741,32.0,0.004435221354166667,29.0,0.007982189732569235,25.0,0.014178240740740741,0.013448252374071502,0.01277779880421836
reasoning,4,4,model.layers.4.mlp,61,0.015914351851851853,25.0,0.004271330656828704,32.0,0.006278897670132143,33.0,0.015914351851851853,0.012951311345977627,0.010051188186352478
reasoning,4,4,model.layers.4.mlp,62,0.030671296296296297,6.0,0.01099960892288773,8.0,0.024896041662604722,6.0,0.030671296296296297,0.033352454138983266,0.03985330116724857
reasoning,4,4,model.layers.4.mlp,63,0.013020833333333334,33.0,0.003428988986545139,35.0,0.00319088457359208,41.0,0.013020833333333334,0.010397205820550311,0.0051079318401167865
reasoning,5,5,model.layers.5.mlp,0,0.06365740740740741,1.0,0.018645957664207177,3.0,0.03260137899606316,4.0,0.06365740740740741,0.05345080787372108,0.04695889168773259
reasoning,5,5,model.layers.5.mlp,1,0.013020833333333334,34.0,0.004177517361111111,34.0,0.006770620122551918,36.0,0.013020833333333334,0.011975339742753761,0.00975237326715817
reasoning,5,5,model.layers.5.mlp,2,0.00028935185185185184,62.0,7.007740162037037e-05,61.0,3.774757755713331e-05,63.0,0.00028935185185185184,0.00020088502815225466,5.437145484532295e-05
reasoning,5,5,model.layers.5.mlp,3,0.00028935185185185184,62.0,4.9449779369212966e-05,62.0,0.00011792022700387019,61.0,0.00028935185185185184,0.00014175354809130872,0.00016985180805806585
reasoning,5,5,model.layers.5.mlp,4,0.002025462962962963,58.0,0.0005693788881655093,57.0,0.0012096312172986843,55.0,0.002025462962962963,0.001632190853737069,0.0017423478105661843
reasoning,5,5,model.layers.5.mlp,5,0.011863425925925927,35.0,0.002797162091290509,43.0,0.0025121050679849256,49.0,0.011863425925925927,0.008018390700319228,0.0036184257668963444
reasoning,5,5,model.layers.5.mlp,6,0.022858796296296297,12.0,0.00908519603587963,9.0,0.02040572409276609,9.0,0.022858796296296297,0.026043771875610047,0.02939232072353967
reasoning,5,5,model.layers.5.mlp,7,0.0078125,45.5,0.0022594310619212963,46.0,0.0049580469451568744,42.0,0.0078125,0.006476922117360597,0.007141550346947908
reasoning,5,5,model.layers.5.mlp,8,0.017939814814814815,21.5,0.005132887098524306,27.0,0.010817248719157997,25.0,0.017939814814814815,0.014714018291877845,0.015581120388298444
reasoning,5,5,model.layers.5.mlp,9,0.009837962962962963,42.0,0.002896344220196759,40.0,0.005899296556082036,37.0,0.009837962962962963,0.008302707816776654,0.008497322399899797
reasoning,5,5,model.layers.5.mlp,10,0.034722222222222224,6.0,0.013917711046006944,6.0,0.029715507739671954,5.0,0.034722222222222224,0.03989673861536754,0.04280209464641786
reasoning,5,5,model.layers.5.mlp,11,0.01070601851851852,40.5,0.002865261501736111,41.0,0.005249477095074124,39.0,0.01070601851851852,0.008213605586547832,0.007561325131510131
reasoning,5,5,model.layers.5.mlp,12,0.0023148148148148147,56.5,0.0006586710611979166,56.0,0.0012849291303643473,53.0,0.0023148148148148147,0.0018881572605762321,0.0018508066136244772
reasoning,5,5,model.layers.5.mlp,13,0.016203703703703703,25.5,0.004058272750289352,36.0,0.007309537380933762,35.0,0.016203703703703703,0.011633511186785005,0.010528627460824603
reasoning,5,5,model.layers.5.mlp,14,0.028645833333333332,7.0,0.010876408329716435,7.0,0.02106130826804373,8.0,0.028645833333333332,0.031178490397614653,0.03033662146255969
reasoning,5,5,model.layers.5.mlp,15,0.005497685185185185,49.0,0.0012040314850983796,50.0,0.002130421050996692,50.0,0.005497685185185185,0.0034514963909546654,0.0030686496848829573
reasoning,5,5,model.layers.5.mlp,16,0.0008680555555555555,59.0,0.00031986942997685184,59.0,0.0006190955086990639,58.0,0.0008680555555555555,0.0009169429510820656,0.0008917426143498928
reasoning,5,5,model.layers.5.mlp,17,0.026041666666666668,8.0,0.00802047164351852,12.0,0.012388748565205821,19.0,0.026041666666666668,0.022991615480135466,0.017844702277480484
reasoning,5,5,model.layers.5.mlp,18,0.01765046296296296,23.0,0.005614669234664352,24.0,0.011574376650430538,21.0,0.01765046296296296,0.016095102860424596,0.01667168433415723
reasoning,5,5,model.layers.5.mlp,19,0.01880787037037037,18.5,0.007050125687210648,17.0,0.012578720476961246,18.0,0.01880787037037037,0.020210005856446587,0.018118337034737583
reasoning,5,5,model.layers.5.mlp,20,0.024305555555555556,10.0,0.007744965729890046,14.0,0.015971101544521474,11.0,0.024305555555555556,0.022201845712198177,0.0230047087165708
reasoning,5,5,model.layers.5.mlp,21,0.059027777777777776,2.0,0.026985451027199073,1.0,0.08584021970077797,1.0,0.059027777777777776,0.07735693624411419,0.1236438980040313
reasoning,5,5,model.layers.5.mlp,22,0.018518518518518517,20.0,0.006285490813078704,21.0,0.013674431239013319,14.0,0.018518518518518517,0.01801809099281755,0.01969659429196893
reasoning,5,5,model.layers.5.mlp,23,0.009548611111111112,43.0,0.002829657660590278,42.0,0.005017553757945144,41.0,0.009548611111111112,0.008111543031922089,0.007227263714371537
reasoning,5,5,model.layers.5.mlp,24,0.015335648148148149,28.0,0.00461295798972801,30.0,0.009938199961282037,27.0,0.015335648148148149,0.013223580986232086,0.014314942187237754
reasoning,5,5,model.layers.5.mlp,25,0.0234375,11.0,0.008325929994936343,11.0,0.01223626149887288,20.0,0.0234375,0.023867247397202352,0.017625060536786835
reasoning,5,5,model.layers.5.mlp,26,0.00318287037037037,54.0,0.0007852624963831018,55.0,0.0006569474935531616,57.0,0.00318287037037037,0.0022510463436899828,0.0009462644570346429
reasoning,5,5,model.layers.5.mlp,27,0.014756944444444444,29.5,0.005933125813802083,23.0,0.017236470348305173,10.0,0.014756944444444444,0.017007995710132624,0.024827340716557365
reasoning,5,5,model.layers.5.mlp,28,0.0026041666666666665,55.0,0.000812389232494213,54.0,0.0012212301199151963,54.0,0.0026041666666666665,0.0023288082900715006,0.001759054822000612
reasoning,5,5,model.layers.5.mlp,29,0.0005787037037037037,60.0,0.00012772171585648148,60.0,0.00025546877575969256,60.0,0.0005787037037037037,0.00036612916421298027,0.00036797616971802664
reasoning,5,5,model.layers.5.mlp,30,0.011574074074074073,36.0,0.003215365939670139,38.0,0.0050179705161739275,40.0,0.011574074074074073,0.009217220707034297,0.007227864011203391
reasoning,5,5,model.layers.5.mlp,31,0.02459490740740741,9.0,0.007845560709635416,13.0,0.01040434271649078,26.0,0.02459490740740741,0.02249021293002964,0.014986372287035433
reasoning,5,5,model.layers.5.mlp,32,0.013599537037037037,32.0,0.004533838342737268,32.0,0.010821106067548195,24.0,0.013599537037037037,0.012996775309285991,0.015586676496991856
reasoning,5,5,model.layers.5.mlp,33,0.01099537037037037,38.5,0.004184299045138889,33.0,0.00942559851574953,32.0,0.01099537037037037,0.01199478022934914,0.01357659318173578
reasoning,5,5,model.layers.5.mlp,34,0.005208333333333333,50.0,0.001350685402199074,49.0,0.0025222078138203534,48.0,0.005208333333333333,0.003871896913579747,0.003632977720281256
reasoning,5,5,model.layers.5.mlp,35,0.014756944444444444,29.5,0.005452756528501157,25.0,0.012762536743172893,17.0,0.014756944444444444,0.01563096124295991,0.018383105225571426
reasoning,5,5,model.layers.5.mlp,36,0.015625,27.0,0.004606741446035879,31.0,0.009518966725510027,31.0,0.015625,0.013205760540186321,0.013711080365537122
reasoning,5,5,model.layers.5.mlp,37,0.016203703703703703,25.5,0.005210311324508102,26.0,0.010908893430260596,23.0,0.016203703703703703,0.014935963847175094,0.01571312505174965
reasoning,5,5,model.layers.5.mlp,38,0.052083333333333336,3.0,0.02029645001446759,2.0,0.0415716541034204,2.0,0.052083333333333336,0.05818213629887156,0.05987963891214967
reasoning,5,5,model.layers.5.mlp,39,0.011284722222222222,37.0,0.005014490198206018,29.0,0.008005985507258662,34.0,0.011284722222222222,0.014374619796733512,0.011531788466196942
reasoning,5,5,model.layers.5.mlp,40,0.0023148148148148147,56.5,0.0004981712058738425,58.0,0.0005191100946696544,59.0,0.0023148148148148147,0.0014280657444855846,0.00074772403684349
reasoning,5,5,model.layers.5.mlp,41,0.009259259259259259,44.0,0.00258495189525463,44.0,0.0038795774043710145,45.0,0.009259259259259259,0.007410065473938813,0.005588127273635657
reasoning,5,5,model.layers.5.mlp,42,0.00028935185185185184,62.0,4.0690104166666664e-05,63.0,5.78122627404001e-05,62.0,0.00028935185185185184,0.0001166429195722769,8.327254453184381e-05
reasoning,5,5,model.layers.5.mlp,43,0.003761574074074074,52.5,0.0008867051866319445,53.0,0.0008315396305449583,56.0,0.003761574074074074,0.0025418436223458673,0.0011977462502286546
reasoning,5,5,model.layers.5.mlp,44,0.004629629629629629,51.0,0.0010774400499131945,51.0,0.001651074616583409,51.0,0.004629629629629629,0.0030886073078409152,0.0023782010600799284
reasoning,5,5,model.layers.5.mlp,45,0.006076388888888889,48.0,0.0017629552770543982,48.0,0.00359085604927882,46.0,0.006076388888888889,0.005053716494523858,0.005172254225954239
reasoning,5,5,model.layers.5.mlp,46,0.003761574074074074,52.5,0.0009149622034143518,52.0,0.0016344592872041244,52.0,0.003761574074074074,0.002622845649826615,0.0023542684082503216
reasoning,5,5,model.layers.5.mlp,47,0.01099537037037037,38.5,0.005043877495659722,28.0,0.008898611904846298,33.0,0.01099537037037037,0.01445886190531349,0.012817523843433296
reasoning,5,5,model.layers.5.mlp,48,0.013310185185185185,33.0,0.004155759458188657,35.0,0.009682435680318761,29.0,0.013310185185185185,0.011912968181593585,0.013946540373044693
reasoning,5,5,model.layers.5.mlp,49,0.006944444444444444,47.0,0.002074347601996528,47.0,0.004228470872880684,44.0,0.006944444444444444,0.005946358837361699,0.00609067198501984
reasoning,5,5,model.layers.5.mlp,50,0.0078125,45.5,0.0023023817274305555,45.0,0.004612261291455339,43.0,0.0078125,0.006600045199131334,0.006643482119180518
reasoning,5,5,model.layers.5.mlp,51,0.021122685185185185,14.5,0.009874697084780093,8.0,0.012875813300962801,16.0,0.021122685185185185,0.02830696852342214,0.018546268311668425
reasoning,5,5,model.layers.5.mlp,52,0.02228009259259259,13.0,0.006580211498119213,20.0,0.013322150265728985,15.0,0.02228009259259259,0.01886294213944175,0.019189170232695067
reasoning,5,5,model.layers.5.mlp,53,0.013888888888888888,31.0,0.0039031417281539353,37.0,0.005782098474877852,38.0,0.013888888888888888,0.0111888100559157,0.0083285107676697
reasoning,5,5,model.layers.5.mlp,54,0.019675925925925927,17.0,0.007568924515335648,15.0,0.014643911548234799,12.0,0.019675925925925927,0.021697203080993117,0.02109302972617613
reasoning,5,5,model.layers.5.mlp,55,0.04716435185185185,4.0,0.017233954535590276,4.0,0.02824302652367839,6.0,0.04716435185185185,0.04940313656050811,0.04068113878309648
reasoning,5,5,model.layers.5.mlp,56,0.04282407407407408,5.0,0.017104819968894677,5.0,0.03854718142085605,3.0,0.04282407407407408,0.04903295729492109,0.055523200948890634
reasoning,5,5,model.layers.5.mlp,57,0.017939814814814815,21.5,0.008786519368489584,10.0,0.021173458960321214,7.0,0.017939814814814815,0.02518758044513854,0.030498162856621533
reasoning,5,5,model.layers.5.mlp,58,0.021122685185185185,14.5,0.006606490523726852,19.0,0.013780717220571306,13.0,0.021122685185185185,0.018938274024998845,0.01984968818092708
reasoning,5,5,model.layers.5.mlp,59,0.02025462962962963,16.0,0.005972968207465278,22.0,0.011235417323876862,22.0,0.02025462962962963,0.01712220856888048,0.016183448719826223
reasoning,5,5,model.layers.5.mlp,60,0.01070601851851852,40.5,0.003017284252025463,39.0,0.003469206841179618,47.0,0.01070601851851852,0.008649396494394255,0.004997031208924233
reasoning,5,5,model.layers.5.mlp,61,0.01880787037037037,18.5,0.006928903085214121,18.0,0.00975709629279596,28.0,0.01880787037037037,0.019862507158554178,0.014054081210966912
reasoning,5,5,model.layers.5.mlp,62,0.01678240740740741,24.0,0.007500825104890046,16.0,0.009588311771275821,30.0,0.01678240740740741,0.021501988194764517,0.013810964683117367
reasoning,5,5,model.layers.5.mlp,63,0.0,64.0,0.0,64.0,0.0,64.0,0.0,0.0,0.0
reasoning,6,6,model.layers.6.mlp,0,0.01880787037037037,22.0,0.005603931568287037,25.0,0.013012993252939649,24.0,0.01880787037037037,0.015051049255150651,0.015096838745642823
reasoning,6,6,model.layers.6.mlp,1,0.030381944444444444,8.0,0.010586773907696759,11.0,0.01452656380004353,21.0,0.030381944444444444,0.02843397596780326,0.016852786054277587
reasoning,6,6,model.layers.6.mlp,2,0.026909722222222224,9.0,0.008418047869646991,16.0,0.018254820395399024,16.0,0.026909722222222224,0.022609207763220705,0.02117806983245417
reasoning,6,6,model.layers.6.mlp,3,0.022569444444444444,17.0,0.007052103678385417,23.0,0.014220753184485214,22.0,0.022569444444444444,0.018940552453650405,0.016498004225066483
reasoning,6,6,model.layers.6.mlp,4,0.013888888888888888,29.0,0.00820781566478588,18.0,0.015554111588884282,19.0,0.013888888888888888,0.022044565737916546,0.018044880983556548
reasoning,6,6,model.layers.6.mlp,5,0.04832175925925926,4.0,0.01652668140552662,4.0,0.044420781510847586,3.0,0.04832175925925926,0.04438738996500585,0.05153413687302159
reasoning,6,6,model.layers.6.mlp,6,0.015335648148148149,26.5,0.005215962727864583,28.0,0.012416095231418256,28.0,0.015335648148148149,0.0140090418616794,0.014404356009092874
reasoning,6,6,model.layers.6.mlp,7,0.004050925925925926,50.0,0.0011384752061631945,49.0,0.0029617017479958356,46.0,0.004050925925925926,0.00305771870961083,0.003435976091978765
reasoning,6,6,model.layers.6.mlp,8,0.005208333333333333,46.5,0.001331470630787037,46.0,0.0032878139366706214,44.0,0.005208333333333333,0.0035760661602596746,0.003814310502034631
reasoning,6,6,model.layers.6.mlp,9,0.01707175925925926,24.0,0.008663318775318287,15.0,0.036355420067492455,6.0,0.01707175925925926,0.023267956792742225,0.04217722268971857
reasoning,6,6,model.layers.6.mlp,10,0.0026041666666666665,52.0,0.0005832248263888889,52.0,0.0009604973580550264,53.0,0.0026041666666666665,0.0015664262637470222,0.0011143073271706353
reasoning,6,6,model.layers.6.mlp,11,0.0,62.5,0.0,62.5,0.0,62.5,0.0,0.0,0.0
reasoning,6,6,model.layers.6.mlp,12,0.015335648148148149,26.5,0.004777978967737268,29.0,0.01266608194068626,25.0,0.015335648148148149,0.012832704308962401,0.014694374528661415
reasoning,6,6,model.layers.6.mlp,13,0.011284722222222222,34.0,0.00346515796802662,35.0,0.007717695259661587,32.0,0.011284722222222222,0.009306727360624871,0.008953574212973839
reasoning,6,6,model.layers.6.mlp,14,0.0008680555555555555,56.0,0.0001819751880787037,56.0,0.00037916057260224114,56.0,0.0008680555555555555,0.0004887492799675787,0.00043987773696789917
reasoning,6,6,model.layers.6.mlp,15,0.0005787037037037037,57.5,0.00011528862847222222,57.0,0.0002525974823920815,57.0,0.0005787037037037037,0.0003096424009732486,0.0002930473708166375
reasoning,6,6,model.layers.6.mlp,16,0.037905092592592594,6.0,0.011700948079427084,9.0,0.02798175315062205,9.0,0.037905092592592594,0.03142642691642463,0.032462632303286214
reasoning,6,6,model.layers.6.mlp,17,0.02228009259259259,18.0,0.008315757468894677,17.0,0.02065374619430966,13.0,0.02228009259259259,0.022334476025102284,0.02396114942413343
reasoning,6,6,model.layers.6.mlp,18,0.04861111111111111,3.0,0.021563212076822918,3.0,0.07124175352078897,2.0,0.04861111111111111,0.05791451289379797,0.0826501054718691
reasoning,6,6,model.layers.6.mlp,19,0.005787037037037037,45.0,0.0013831809714988427,45.0,0.002058495422480283,50.0,0.005787037037037037,0.003714949884225617,0.002388134140068693
reasoning,6,6,model.layers.6.mlp,20,0.026041666666666668,11.0,0.012945387098524306,7.0,0.026666491119949905,10.0,0.026041666666666668,0.03476874342104764,0.030936749794983325
reasoning,6,6,model.layers.6.mlp,21,0.023148148148148147,15.5,0.008971885398582177,13.0,0.021354166100974434,12.0,0.023148148148148147,0.024096705571817683,0.024773731601010197
reasoning,6,6,model.layers.6.mlp,22,0.006076388888888889,43.5,0.0024611861617476853,40.0,0.005804612059836034,37.0,0.006076388888888889,0.006610258118816164,0.00673413799154643
reasoning,6,6,model.layers.6.mlp,23,0.019097222222222224,21.0,0.00546547218605324,27.0,0.006126185948098147,36.0,0.019097222222222224,0.014679174803001406,0.007107207357028948
reasoning,6,6,model.layers.6.mlp,24,0.023148148148148147,15.5,0.009591279206452545,12.0,0.020005882890136155,14.0,0.023148148148148147,0.02576027454959553,0.023209540040941192
reasoning,6,6,model.layers.6.mlp,25,0.01070601851851852,35.0,0.00273895263671875,38.0,0.005425374816965174,38.0,0.01070601851851852,0.007356283805474751,0.006294171306658599
reasoning,6,6,model.layers.6.mlp,26,0.018518518518518517,23.0,0.007622047706886574,21.0,0.015954190796172177,18.0,0.018518518518518517,0.02047130912708923,0.018509027176558338
reasoning,6,6,model.layers.6.mlp,27,0.0005787037037037037,57.5,9.946469907407407e-05,58.0,0.00016792777373834892,58.0,0.0005787037037037037,0.00026714246358476346,0.00019481901448538353
reasoning,6,6,model.layers.6.mlp,28,0.0,62.5,0.0,62.5,0.0,62.5,0.0,0.0,0.0
reasoning,6,6,model.layers.6.mlp,29,0.02546296296296296,12.0,0.012829250759548612,8.0,0.02420410555269983,11.0,0.02546296296296296,0.03445682423771429,0.02808004825708197
reasoning,6,6,model.layers.6.mlp,30,0.007523148148148148,41.0,0.002196417914496528,42.0,0.00427023123052937,42.0,0.007523148148148148,0.005899143095012405,0.00495404793046724
reasoning,6,6,model.layers.6.mlp,31,0.005208333333333333,46.5,0.0012348316333912037,47.0,0.0021875182347786096,48.0,0.005208333333333333,0.003316512971208569,0.0025378181177605403
reasoning,6,6,model.layers.6.mlp,32,0.02141203703703704,19.5,0.008729722764756944,14.0,0.012628991553490912,26.0,0.02141203703703704,0.02344630474428319,0.014651344644328296
reasoning,6,6,model.layers.6.mlp,33,0.00636574074074074,42.0,0.001537746853298611,43.0,0.0036428702167338794,43.0,0.00636574074074074,0.004130083201216712,0.004226223987391424
reasoning,6,6,model.layers.6.mlp,34,0.015914351851851853,25.0,0.006249321831597222,24.0,0.012484254496585991,27.0,0.015914351851851853,0.01678443955863815,0.014483430009613572
reasoning,6,6,model.layers.6.mlp,35,0.011574074074074073,33.0,0.004222163447627315,32.0,0.011332780398704388,29.0,0.011574074074074073,0.011339894008191864,0.013147563738294624
reasoning,6,6,model.layers.6.mlp,36,0.06626157407407407,2.0,0.03204684787326389,1.0,0.09410528893823977,1.0,0.06626157407407407,0.0860714803411227,0.10917491038365024
reasoning,6,6,model.layers.6.mlp,37,0.0078125,39.5,0.00263355396412037,39.0,0.006153364286378578,35.0,0.0078125,0.007073203865369306,0.007138737919015638
reasoning,6,6,model.layers.6.mlp,38,0.006076388888888889,43.5,0.001468799732349537,44.0,0.002751134163527577,47.0,0.006076388888888889,0.003944904902595456,0.003191689108501024
reasoning,6,6,model.layers.6.mlp,39,0.002025462962962963,53.0,0.0005597715024594907,53.0,0.0011533634668147122,52.0,0.002025462962962963,0.0015034352851176604,0.0013380581957716652
reasoning,6,6,model.layers.6.mlp,40,0.04398148148148148,5.0,0.016275476526331017,5.0,0.039817598130967885,5.0,0.04398148148148148,0.04371270345896366,0.04619381924955948
reasoning,6,6,model.layers.6.mlp,41,0.0,62.5,0.0,62.5,0.0,62.5,0.0,0.0,0.0
reasoning,6,6,model.layers.6.mlp,42,0.0,62.5,0.0,62.5,0.0,62.5,0.0,0.0,0.0
reasoning,6,6,model.layers.6.mlp,43,0.0011574074074074073,55.0,0.0002472488968460648,55.0,0.0005158323242708489,55.0,0.0011574074074074073,0.0006640615216950797,0.0005984355227071185
reasoning,6,6,model.layers.6.mlp,44,0.008680555555555556,37.5,0.0027573196976273147,37.0,0.005017131342794056,41.0,0.008680555555555556,0.007405614089943528,0.005820553455736399
reasoning,6,6,model.layers.6.mlp,45,0.00028935185185185184,59.5,5.905716507523148e-05,59.0,7.484347938939377e-05,59.0,0.00028935185185185184,0.0001586158377534533,8.68285964299009e-05
reasoning,6,6,model.layers.6.mlp,46,0.004629629629629629,48.5,0.001079700611255787,50.0,0.002094162628054619,49.0,0.004629629629629629,0.0028998617993107423,0.002429512940518144
reasoning,6,6,model.layers.6.mlp,47,0.010416666666666666,36.0,0.004021821198640046,33.0,0.009596455497322258,30.0,0.010416666666666666,0.010801814443755506,0.011133191138793843
reasoning,6,6,model.layers.6.mlp,48,0.02141203703703704,19.5,0.008182949490017362,19.0,0.01985888127927427,15.0,0.02141203703703704,0.021977780122020354,0.023038998216213028
reasoning,6,6,model.layers.6.mlp,49,0.014756944444444444,28.0,0.004687839084201389,30.0,0.005043638456198905,40.0,0.014756944444444444,0.01259060645133871,0.005851305305745624
reasoning,6,6,model.layers.6.mlp,50,0.0078125,39.5,0.003300702130353009,36.0,0.0072341058403253555,33.0,0.0078125,0.008865031582765972,0.00839254483710992
reasoning,6,6,model.layers.6.mlp,51,0.004629629629629629,48.5,0.0012048791956018518,48.0,0.003262220916372758,45.0,0.004629629629629629,0.003236066661151794,0.00378461912412175
reasoning,6,6,model.layers.6.mlp,52,0.00028935185185185184,59.5,4.57763671875e-05,60.0,5.182497962205498e-05,60.0,0.00028935185185185184,0.00012294624744526046,6.0124011835143775e-05
reasoning,6,6,model.layers.6.mlp,53,0.013310185185185185,30.5,0.003957960340711806,34.0,0.006831365051092925,34.0,0.013310185185185185,0.010630296839294834,0.007925310847730772
reasoning,6,6,model.layers.6.mlp,54,0.001736111111111111,54.0,0.00037016691984953704,54.0,0.0005428027016697106,54.0,0.001736111111111111,0.000994194963909205,0.0006297248218395657
reasoning,6,6,model.layers.6.mlp,55,0.024305555555555556,13.5,0.007424813729745371,22.0,0.017513678305678897,17.0,0.024305555555555556,0.019941577764639902,0.020318244395014104
reasoning,6,6,model.layers.6.mlp,56,0.008680555555555556,37.5,0.002337985568576389,41.0,0.005370097959207164,39.0,0.008680555555555556,0.006279365749148673,0.006230042647577799
reasoning,6,6,model.layers.6.mlp,57,0.07118055555555555,1.0,0.023917021574797453,2.0,0.0441184358464347,4.0,0.07118055555555555,0.06423637858033512,0.05118337485752185
reasoning,6,6,model.layers.6.mlp,58,0.01244212962962963,32.0,0.004642062717013889,31.0,0.008640891285958114,31.0,0.01244212962962963,0.01246766020389345,0.010024606931481432
reasoning,6,6,model.layers.6.mlp,59,0.024305555555555556,13.5,0.007786503544560185,20.0,0.015428761917131918,20.0,0.024305555555555556,0.020913004904948133,0.017899458347543327
reasoning,6,6,model.layers.6.mlp,60,0.00318287037037037,51.0,0.0008225617585358796,51.0,0.0017452618555614241,51.0,0.00318287037037037,0.002209237816747859,0.002024740679580401
reasoning,6,6,model.layers.6.mlp,61,0.026331018518518517,10.0,0.011304219563802084,10.0,0.030461670089237117,7.0,0.026331018518518517,0.03036089277189904,0.03533967261193329
reasoning,6,6,model.layers.6.mlp,62,0.032407407407407406,7.0,0.01389171459056713,6.0,0.030087080818635446,8.0,0.032407407407407406,0.03731039146236972,0.03490509820586082
reasoning,6,6,model.layers.6.mlp,63,0.013310185185185185,30.5,0.005575109411168982,26.0,0.01331977925642773,23.0,0.013310185185185185,0.01497363865490734,0.015452752157265744
reasoning,7,7,model.layers.7.mlp,0,0.014178240740740741,31.5,0.004299870243778935,34.0,0.007662602182891633,37.0,0.014178240740740741,0.011340660257905559,0.008561422377227214
reasoning,7,7,model.layers.7.mlp,1,0.017361111111111112,27.0,0.004531577781394676,32.0,0.009134176428671236,35.0,0.017361111111111112,0.011951775550767658,0.010205611697886212
reasoning,7,7,model.layers.7.mlp,2,0.011284722222222222,38.0,0.0030992296006944445,39.0,0.004760193121102121,42.0,0.011284722222222222,0.008174039673306708,0.005318561884619126
reasoning,7,7,model.layers.7.mlp,3,0.0008680555555555555,60.0,0.00020288538049768518,60.0,0.0004943968314263555,60.0,0.0008680555555555555,0.000535098512530472,0.000552389383498769
reasoning,7,7,model.layers.7.mlp,4,0.038483796296296294,3.0,0.01334946243851273,3.0,0.0360127204546222,3.0,0.038483796296296294,0.03520843875693187,0.040236998268475946
reasoning,7,7,model.layers.7.mlp,5,0.024305555555555556,20.0,0.00906513355396412,19.0,0.02487249810386587,16.0,0.024305555555555556,0.02390876793940121,0.027790032258156475
reasoning,7,7,model.layers.7.mlp,6,0.013599537037037037,33.0,0.003931681315104167,38.0,0.011485085029292989,32.0,0.013599537037037037,0.010369583152296639,0.012832280944153103
reasoning,7,7,model.layers.7.mlp,7,0.00318287037037037,53.0,0.0006648876048900463,55.0,0.0008996960543165052,59.0,0.00318287037037037,0.0017536027854933153,0.0010052300443478851
reasoning,7,7,model.layers.7.mlp,8,0.003761574074074074,50.5,0.0009550871672453704,52.0,0.002437886212848955,46.0,0.003761574074074074,0.002518987426675481,0.002723849297882038
reasoning,7,7,model.layers.7.mlp,9,0.01765046296296296,25.5,0.006278426558883102,28.0,0.012679685183145382,31.0,0.01765046296296296,0.016558988648906068,0.014167007221848417
reasoning,7,7,model.layers.7.mlp,10,0.014178240740740741,31.5,0.004116199634693287,37.0,0.007517271011170966,38.0,0.014178240740740741,0.010856239598929505,0.008399043916753824
reasoning,7,7,model.layers.7.mlp,11,0.008680555555555556,40.0,0.0024852046260127316,41.0,0.00636390755297961,39.0,0.008680555555555556,0.0065545841472221455,0.007110391382751423
reasoning,7,7,model.layers.7.mlp,12,0.008391203703703705,41.0,0.004202666106047454,36.0,0.01094137544579873,33.0,0.008391203703703705,0.011084289939924385,0.012224794442343867
reasoning,7,7,model.layers.7.mlp,13,0.022569444444444444,21.0,0.008284674750434028,23.0,0.015454904900656806,26.0,0.022569444444444444,0.021850352770029117,0.0172677591105832
reasoning,7,7,model.layers.7.mlp,14,0.013020833333333334,35.5,0.005103499801070602,31.0,0.01531918829789868,27.0,0.013020833333333334,0.013460186956563862,0.017116123004195096
reasoning,7,7,model.layers.7.mlp,15,0.03298611111111111,5.0,0.010707431369357638,13.0,0.026433044561633357,12.0,0.03298611111111111,0.028240233893199403,0.02953363019595146
reasoning,7,7,model.layers.7.mlp,16,0.013020833333333334,35.5,0.005245632595486111,30.0,0.014084617572802084,29.0,0.013020833333333334,0.013835054020356102,0.0157367376231152
reasoning,7,7,model.layers.7.mlp,17,0.005497685185185185,45.0,0.0011848167136863427,47.0,0.0019228452368190996,51.0,0.005497685185185185,0.0031248858816716836,0.0021483942198126005
reasoning,7,7,model.layers.7.mlp,18,0.006076388888888889,44.0,0.0018610071252893518,44.0,0.004330851655039523,43.0,0.006076388888888889,0.004908299169255833,0.00483885883501715
reasoning,7,7,model.layers.7.mlp,19,0.01707175925925926,28.0,0.006751731589988426,27.0,0.015929929498169158,25.0,0.01707175925925926,0.017807303423959742,0.01779850390481978
reasoning,7,7,model.layers.7.mlp,20,0.0078125,42.5,0.002349288375289352,42.0,0.006221989618131408,40.0,0.0078125,0.006196112859579866,0.0069518265304807335
reasoning,7,7,model.layers.7.mlp,21,0.027199074074074073,12.5,0.011207297996238427,12.0,0.018086121865996608,21.0,0.027199074074074073,0.029558603348166543,0.020207616781479414
reasoning,7,7,model.layers.7.mlp,22,0.004629629629629629,47.0,0.0012351142035590278,45.0,0.002418838613839061,48.0,0.004629629629629629,0.0032575426159758953,0.002702567423069347
reasoning,7,7,model.layers.7.mlp,23,0.027199074074074073,12.5,0.011233859592013888,11.0,0.03317761310824641,5.0,0.027199074074074073,0.029628658028080002,0.03706933395578379
reasoning,7,7,model.layers.7.mlp,24,0.01765046296296296,25.5,0.008693553783275463,21.0,0.018912401878171496,20.0,0.01765046296296296,0.02292874768316504,0.021130819111085428
reasoning,7,7,model.layers.7.mlp,25,0.019965277777777776,23.0,0.007077817563657407,26.0,0.016725698761917925,23.0,0.019965277777777776,0.018667336409280307,0.01868761658732072
reasoning,7,7,model.layers.7.mlp,26,0.02546296296296296,17.0,0.010286119249131944,15.0,0.025999656981892057,13.0,0.02546296296296296,0.027129047427763564,0.0290494064251424
reasoning,7,7,model.layers.7.mlp,27,0.004629629629629629,47.0,0.0011591028284143518,48.0,0.001481149906154584,54.0,0.004629629629629629,0.003057066989415036,0.0016548882021948466
reasoning,7,7,model.layers.7.mlp,28,0.0,63.0,0.0,63.0,0.0,63.0,0.0,0.0,0.0
reasoning,7,7,model.layers.7.mlp,29,0.03125,7.0,0.011397185149016205,7.0,0.03028567687228874,7.0,0.03125,0.030059419783292556,0.03383817474732036
reasoning,7,7,model.layers.7.mlp,30,0.002025462962962963,56.5,0.0004600242332175926,59.0,0.001051105213937936,58.0,0.002025462962962963,0.0012132874350969476,0.001174399438290102
reasoning,7,7,model.layers.7.mlp,31,0.004340277777777778,49.0,0.0011896204065393518,46.0,0.002421098830247367,47.0,0.004340277777777778,0.003137555345060288,0.00270509276196514
reasoning,7,7,model.layers.7.mlp,32,0.026909722222222224,14.0,0.011264659740306713,10.0,0.030128767093022663,8.0,0.026909722222222224,0.029709891646277527,0.03366285951323268
reasoning,7,7,model.layers.7.mlp,33,0.011574074074074073,37.0,0.0026996753833912037,40.0,0.00418859551212302,44.0,0.011574074074074073,0.007120238424395723,0.004679916103006002
reasoning,7,7,model.layers.7.mlp,34,0.010416666666666666,39.0,0.004281503182870371,35.0,0.009464683942496777,34.0,0.010416666666666666,0.011292218192007953,0.010574887611886474
reasoning,7,7,model.layers.7.mlp,35,0.04658564814814815,2.0,0.02031990333839699,2.0,0.056787127146014464,1.0,0.04658564814814815,0.053592575396349255,0.06344823461823854
reasoning,7,7,model.layers.7.mlp,36,0.028645833333333332,9.0,0.01129291675708912,9.0,0.029280156449035363,10.0,0.028645833333333332,0.02978441790150461,0.03271470717756694
reasoning,7,7,model.layers.7.mlp,37,0.015914351851851853,29.0,0.007193106192129629,25.0,0.013154269894585013,30.0,0.015914351851851853,0.018971403530606817,0.014697260531550562
reasoning,7,7,model.layers.7.mlp,38,0.03443287037037037,4.0,0.012317516185619213,6.0,0.029507699112097423,9.0,0.03443287037037037,0.03248673991603872,0.03296894050468171
reasoning,7,7,model.layers.7.mlp,39,0.02922453703703704,8.0,0.012816252531828705,5.0,0.027159845387494122,11.0,0.02922453703703704,0.03380212832079677,0.030345684470177586
reasoning,7,7,model.layers.7.mlp,40,0.003761574074074074,50.5,0.0010746143482349537,49.0,0.0024132676836517123,49.0,0.003761574074074074,0.002834233486286051,0.002696343024982437
reasoning,7,7,model.layers.7.mlp,41,0.019097222222222224,24.0,0.006194220648871528,29.0,0.01482376801194968,28.0,0.019097222222222224,0.01633690040832935,0.016562590115364442
reasoning,7,7,model.layers.7.mlp,42,0.004629629629629629,47.0,0.00102996826171875,50.0,0.00135820172727108,56.0,0.004629629629629629,0.0027164820030272565,0.001517518250733352
reasoning,7,7,model.layers.7.mlp,43,0.002025462962962963,56.5,0.0008349948459201389,53.0,0.002166914443174998,50.0,0.002025462962962963,0.0022022508419603684,0.002421092647189256
reasoning,7,7,model.layers.7.mlp,44,0.0,63.0,0.0,63.0,0.0,63.0,0.0,0.0,0.0
reasoning,7,7,model.layers.7.mlp,45,0.032407407407407406,6.0,0.013198569968894677,4.0,0.02223458665388602,18.0,0.032407407407407406,0.03481046855401924,0.024842694842229347
reasoning,7,7,model.layers.7.mlp,46,0.026331018518518517,15.0,0.010699519404658565,14.0,0.030811946701120446,6.0,0.026331018518518517,0.028219366541735822,0.03442617581816794
reasoning,7,7,model.layers.7.mlp,47,0.0,63.0,0.0,63.0,0.0,63.0,0.0,0.0,0.0
reasoning,7,7,model.layers.7.mlp,48,0.028356481481481483,10.0,0.011357342755353009,8.0,0.025296609986711432,14.0,0.028356481481481483,0.029954337763422365,0.028263892296505968
reasoning,7,7,model.layers.7.mlp,49,0.0005787037037037037,61.0,9.409586588541667e-05,61.0,9.730547942497112e-05,61.0,0.0005787037037037037,0.0002481724299061938,0.0001087193735355048
reasoning,7,7,model.layers.7.mlp,50,0.002025462962962963,56.5,0.00046595820674189816,58.0,0.0011342439662527155,57.0,0.002025462962962963,0.0012289379486946355,0.00126729033324896
reasoning,7,7,model.layers.7.mlp,51,0.00318287037037037,53.0,0.0007256401909722222,54.0,0.0015658121642277197,53.0,0.00318287037037037,0.0019138342342315485,0.001749481309532751
reasoning,7,7,model.layers.7.mlp,52,0.014467592592592593,30.0,0.00747398093894676,24.0,0.016439113903928687,24.0,0.014467592592592593,0.01971219450756404,0.018367415439250984
reasoning,7,7,model.layers.7.mlp,53,0.00318287037037037,53.0,0.001010470920138889,51.0,0.002755868490095492,45.0,0.00318287037037037,0.0026650588869205675,0.0030791307700245504
reasoning,7,7,model.layers.7.mlp,54,0.02488425925925926,18.0,0.0086669921875,22.0,0.03363724715179867,4.0,0.02488425925925926,0.02285869300325158,0.03758288289019013
reasoning,7,7,model.layers.7.mlp,55,0.02806712962962963,11.0,0.009945904767071759,17.0,0.023717972449958324,17.0,0.02806712962962963,0.02623175131482946,0.026500081203341713
reasoning,7,7,model.layers.7.mlp,56,0.02459490740740741,19.0,0.008977254231770834,20.0,0.017253722857545922,22.0,0.02459490740740741,0.023676991285644978,0.01927757769976343
reasoning,7,7,model.layers.7.mlp,57,0.002025462962962963,56.5,0.0005122997142650463,57.0,0.001390491741605931,55.0,0.002025462962962963,0.001351161007267055,0.001553595870931959
reasoning,7,7,model.layers.7.mlp,58,0.013310185185185185,34.0,0.004349037452980324,33.0,0.00893354460735012,36.0,0.013310185185185185,0.011470335942000687,0.009981445843566177
reasoning,7,7,model.layers.7.mlp,59,0.025752314814814815,16.0,0.009807445384837963,18.0,0.01947626733669528,19.0,0.025752314814814815,0.02586657266421674,0.02176082576406415
reasoning,7,7,model.layers.7.mlp,60,0.0078125,42.5,0.0022145024052372684,43.0,0.005769848909780935,41.0,0.0078125,0.005840622622146669,0.006446649896520817
reasoning,7,7,model.layers.7.mlp,61,0.020833333333333332,22.0,0.01003463179976852,16.0,0.024926977577032865,15.0,0.020833333333333332,0.026465763756242506,0.027850902151899993
reasoning,7,7,model.layers.7.mlp,62,0.001736111111111111,59.0,0.0005241676613136575,56.0,0.0017261907579032359,52.0,0.001736111111111111,0.0013824620344624308,0.0019286722485831248
reasoning,7,7,model.layers.7.mlp,63,0.048900462962962965,1.0,0.02516795970775463,1.0,0.05189581160192137,2.0,0.048900462962962965,0.06637904500566028,0.05798316970246146
reasoning,8,8,model.layers.8.mlp,0,0.02141203703703704,20.0,0.006275883427372685,24.0,0.01680731055913148,25.0,0.02141203703703704,0.015270655349009418,0.014417305926204362
reasoning,8,8,model.layers.8.mlp,1,0.02199074074074074,17.0,0.00719522546838831,22.0,0.01832023980440917,23.0,0.02199074074074074,0.017507624154862733,0.015715096176294026
reasoning,8,8,model.layers.8.mlp,2,0.008101851851851851,40.5,0.003764964916087963,36.0,0.009948877686703647,35.0,0.008101851851851851,0.009161018094110828,0.00853414427769144
reasoning,8,8,model.layers.8.mlp,3,0.00028935185185185184,62.5,5.538375289351852e-05,63.0,0.0001158820620427529,63.0,0.00028935185185185184,0.00013476129889265404,9.940359785415287e-05
reasoning,8,8,model.layers.8.mlp,4,0.004340277777777778,50.0,0.001354358814380787,51.0,0.00478984139583729,49.0,0.004340277777777778,0.0032954638040433204,0.004108724504067974
reasoning,8,8,model.layers.8.mlp,5,0.0008680555555555555,61.0,0.00021107991536458334,61.0,0.0005687795303486011,60.0,0.0008680555555555555,0.0005136055626163906,0.00048789890951014657
reasoning,8,8,model.layers.8.mlp,6,0.013020833333333334,29.0,0.005970707646122685,25.0,0.016121335603572703,27.0,0.013020833333333334,0.014528093089804999,0.01382887681631134
reasoning,8,8,model.layers.8.mlp,7,0.007233796296296296,43.5,0.0018471611870659722,49.0,0.002175813627049879,52.0,0.007233796296296296,0.004494564341128976,0.0018664122727558763
reasoning,8,8,model.layers.8.mlp,8,0.001736111111111111,55.0,0.0003681889286747685,57.0,0.0007193467355574723,57.0,0.001736111111111111,0.0008958876145771847,0.0006170554127063403
reasoning,8,8,model.layers.8.mlp,9,0.010416666666666666,33.0,0.003814414695457176,35.0,0.013748397567757854,29.0,0.010416666666666666,0.009281340682407841,0.011793371285196964
reasoning,8,8,model.layers.8.mlp,10,0.02806712962962963,10.0,0.010612770363136573,12.0,0.02470269192148138,16.0,0.02806712962962963,0.025823290121481123,0.021189961676484785
reasoning,8,8,model.layers.8.mlp,11,0.048900462962962965,3.0,0.02044140851056134,3.0,0.06032317627600774,5.0,0.048900462962962965,0.049738607771395334,0.051745202407713374
reasoning,8,8,model.layers.8.mlp,12,0.014756944444444444,27.5,0.005654511628327546,28.0,0.01617424686749776,26.0,0.014756944444444444,0.013758716082351529,0.01387426408254087
reasoning,8,8,model.layers.8.mlp,13,0.005787037037037037,47.5,0.0022865577980324073,47.0,0.007197459211090097,45.0,0.005787037037037037,0.005563716482853859,0.006173978339519993
reasoning,8,8,model.layers.8.mlp,14,0.06799768518518519,1.0,0.03739590115017361,1.0,0.1002713723315133,1.0,0.06799768518518519,0.09099275417373276,0.08601275293020316
reasoning,8,8,model.layers.8.mlp,15,0.0014467592592592592,58.0,0.00038231743706597225,56.0,0.0010269426447511822,54.0,0.0014467592592592592,0.0009302654969477597,0.0008809110907990678
reasoning,8,8,model.layers.8.mlp,16,0.015914351851851853,25.0,0.005278975875289352,30.0,0.008872095495462418,40.0,0.015914351851851853,0.012844951968941646,0.007610480838951737
reasoning,8,8,model.layers.8.mlp,17,0.022569444444444444,15.5,0.008260373716001157,19.0,0.02375556500973525,17.0,0.022569444444444444,0.020099372706780385,0.020377516497373942
reasoning,8,8,model.layers.8.mlp,18,0.056712962962962965,2.0,0.02387774432146991,2.0,0.061207580345648306,3.0,0.056712962962962965,0.05809999632156659,0.05250384395179199
reasoning,8,8,model.layers.8.mlp,19,0.0,64.0,0.0,64.0,0.0,64.0,0.0,0.0,0.0
reasoning,8,8,model.layers.8.mlp,20,0.01707175925925926,24.0,0.005572001139322917,29.0,0.01782875535664735,24.0,0.01707175925925926,0.013557949249307371,0.015293500965303892
reasoning,8,8,model.layers.8.mlp,21,0.009548611111111112,38.0,0.003235710991753472,41.0,0.008324163103545154,42.0,0.009548611111111112,0.007873222620509088,0.0071404645984976
reasoning,8,8,model.layers.8.mlp,22,0.005497685185185185,49.0,0.010481092664930556,13.0,0.06533583281216798,2.0,0.005497685185185185,0.025502888257787362,0.05604505767191839
reasoning,8,8,model.layers.8.mlp,23,0.010127314814814815,36.5,0.004313998752170139,33.0,0.008376571315306204,41.0,0.010127314814814815,0.010496942603031374,0.007185420346732635
reasoning,8,8,model.layers.8.mlp,24,0.007523148148148148,42.0,0.002688372576678241,43.0,0.007626498325003518,44.0,0.007523148148148148,0.006541423457473013,0.006542007961977155
reasoning,8,8,model.layers.8.mlp,25,0.010416666666666666,33.0,0.0035451253255208335,38.0,0.010304099535224613,34.0,0.010416666666666666,0.00862609824442468,0.008838853472168492
reasoning,8,8,model.layers.8.mlp,26,0.0014467592592592592,58.0,0.0004145304361979167,55.0,0.0009599953062004513,55.0,0.0014467592592592592,0.0010086470687526708,0.0008234836839908639
reasoning,8,8,model.layers.8.mlp,27,0.010416666666666666,33.0,0.003108836986400463,42.0,0.009723257411409307,36.0,0.010416666666666666,0.007564509236821324,0.008340607273622357
reasoning,8,8,model.layers.8.mlp,28,0.014756944444444444,27.5,0.005919562445746528,26.0,0.019819209697069944,22.0,0.014756944444444444,0.014403645155623517,0.017000912097920984
reasoning,8,8,model.layers.8.mlp,29,0.03616898148148148,7.0,0.015549129909939237,6.0,0.0457763092385398,7.0,0.03616898148148148,0.03783457844293633,0.039266904252328365
reasoning,8,8,model.layers.8.mlp,30,0.02141203703703704,20.0,0.008073029694733795,20.0,0.03098166016516862,10.0,0.02141203703703704,0.01964352198654656,0.02657605874131102
reasoning,8,8,model.layers.8.mlp,31,0.006655092592592593,45.0,0.002308033130787037,46.0,0.0067988986632338275,46.0,0.006655092592592593,0.005615970864057134,0.005832093221830088
reasoning,8,8,model.layers.8.mlp,32,0.041087962962962965,4.0,0.01713335955584491,5.0,0.060783212935483014,4.0,0.041087962962962965,0.0416893703931489,0.05213982171540033
reasoning,8,8,model.layers.8.mlp,33,0.00318287037037037,53.0,0.0005481861255787037,54.0,0.0006935352640640405,58.0,0.00318287037037037,0.0013338618359783102,0.0005949143402475983
reasoning,8,8,model.layers.8.mlp,34,0.021701388888888888,18.0,0.008405049641927084,18.0,0.022853388278572646,18.0,0.021701388888888888,0.020451402222255072,0.019603629569604434
reasoning,8,8,model.layers.8.mlp,35,0.024305555555555556,13.0,0.008913958514178241,17.0,0.025472300748030346,15.0,0.024305555555555556,0.021689693545243183,0.0218501318956776
reasoning,8,8,model.layers.8.mlp,36,0.010416666666666666,33.0,0.0038192183883101853,34.0,0.01264012301409686,30.0,0.010416666666666666,0.009293029162413835,0.010842693707476057
reasoning,8,8,model.layers.8.mlp,37,0.03009259259259259,9.0,0.01852558277271412,4.0,0.059623783385312115,6.0,0.03009259259259259,0.04507696692194536,0.05114526339710868
reasoning,8,8,model.layers.8.mlp,38,0.008969907407407407,39.0,0.0025007459852430555,45.0,0.006540273626645406,47.0,0.008969907407407407,0.006084885179591776,0.005610244743481763
reasoning,8,8,model.layers.8.mlp,39,0.00028935185185185184,62.5,6.103515625e-05,62.0,0.00012535742415046251,62.0,0.00028935185185185184,0.00014851245184088402,0.00010753156061106127
reasoning,8,8,model.layers.8.mlp,40,0.007233796296296296,43.5,0.0025787353515625,44.0,0.0077896544847775384,43.0,0.007233796296296296,0.006274651090277351,0.006681963266600758
reasoning,8,8,model.layers.8.mlp,41,0.0014467592592592592,58.0,0.0006290011935763889,53.0,0.0019240522826159442,53.0,0.0014467592592592592,0.0015305033231379993,0.0016504514674666267
reasoning,8,8,model.layers.8.mlp,42,0.02141203703703704,20.0,0.006303010163483796,23.0,0.014908624571506624,28.0,0.02141203703703704,0.015336660883160923,0.012788613658927092
reasoning,8,8,model.layers.8.mlp,43,0.003472222222222222,51.5,0.0009016814055266204,52.0,0.002631596479288958,51.0,0.003472222222222222,0.002193996452890097,0.0022573826658791626
reasoning,8,8,model.layers.8.mlp,44,0.00636574074074074,46.0,0.003382647479021991,40.0,0.01073036135898696,33.0,0.00636574074074074,0.008230752597163068,0.009204500735972078
reasoning,8,8,model.layers.8.mlp,45,0.026331018518518517,11.0,0.015335648148148149,7.0,0.03476105547613568,9.0,0.026331018518518517,0.037315128640316934,0.02981802289866815
reasoning,8,8,model.layers.8.mlp,46,0.0014467592592592592,58.0,0.00032326027199074077,59.0,0.0008315612148079607,56.0,0.0014467592592592592,0.0007865659486387562,0.000713312959147941
reasoning,8,8,model.layers.8.mlp,47,0.010416666666666666,33.0,0.0036109641746238427,37.0,0.011466595378738863,31.0,0.010416666666666666,0.00878629917627156,0.00983604205596485
reasoning,8,8,model.layers.8.mlp,48,0.003472222222222222,51.5,0.0015784369574652778,50.0,0.0031005094103791096,50.0,0.003472222222222222,0.0038406970184406398,0.002659616036679045
reasoning,8,8,model.layers.8.mlp,49,0.010127314814814815,36.5,0.004378142180266204,32.0,0.009453205529738355,37.0,0.010127314814814815,0.010653018188993783,0.00810895685101016
reasoning,8,8,model.layers.8.mlp,50,0.01273148148148148,30.0,0.004378707320601852,31.0,0.010858343017322046,32.0,0.01273148148148148,0.010654393304288606,0.009314283363874876
reasoning,8,8,model.layers.8.mlp,51,0.037905092592592594,6.0,0.012002733018663194,10.0,0.02996018749696237,11.0,0.037905092592592594,0.029205386189098292,0.025699839794741688
reasoning,8,8,model.layers.8.mlp,52,0.008101851851851851,40.5,0.0034377486617476853,39.0,0.009313231541050805,38.0,0.008101851851851851,0.00836482633840831,0.00798888720574957
reasoning,8,8,model.layers.8.mlp,53,0.015046296296296295,26.0,0.00790207474320023,21.0,0.022635357523405994,19.0,0.015046296296296295,0.0192275496098626,0.01941660285361083
reasoning,8,8,model.layers.8.mlp,54,0.04079861111111111,5.0,0.012080439814814815,9.0,0.028975063038093073,12.0,0.04079861111111111,0.029394464542136456,0.02485480033117393
reasoning,8,8,model.layers.8.mlp,55,0.019965277777777776,22.0,0.008960865162037037,15.0,0.022178756418051542,21.0,0.019965277777777776,0.021803828114713493,0.019024930563212077
reasoning,8,8,model.layers.8.mlp,56,0.030960648148148147,8.0,0.014940897623697916,8.0,0.04279047857832025,8.0,0.030960648148148147,0.036354610606883074,0.03670565961293316
reasoning,8,8,model.layers.8.mlp,57,0.023726851851851853,14.0,0.009478816279658565,14.0,0.02793635814278214,13.0,0.023726851851851853,0.023064121282418772,0.02396379958539384
reasoning,8,8,model.layers.8.mlp,58,0.0014467592592592592,58.0,0.0002842655888310185,60.0,0.0006837875116616488,59.0,0.0014467592592592592,0.0006916829932959691,0.0005865527211781023
reasoning,8,8,model.layers.8.mlp,59,0.0026041666666666665,54.0,0.0003655045120804398,58.0,0.0003345920639629993,61.0,0.0026041666666666665,0.0008893558169267755,0.00028701297150803494
reasoning,8,8,model.layers.8.mlp,60,0.017939814814814815,23.0,0.005734196415653935,27.0,0.009280266171252285,39.0,0.017939814814814815,0.013952607338921572,0.007960609521483334
reasoning,8,8,model.layers.8.mlp,61,0.005787037037037037,47.5,0.0019016972294560186,48.0,0.005443716456216795,48.0,0.005787037037037037,0.004627262967079396,0.004669618333562003
reasoning,8,8,model.layers.8.mlp,62,0.026041666666666668,12.0,0.011371188693576388,11.0,0.02256696146947366,20.0,0.026041666666666668,0.02766869484713359,0.019357932739185423
reasoning,8,8,model.layers.8.mlp,63,0.022569444444444444,15.5,0.008951540346498843,16.0,0.027784821611863596,14.0,0.022569444444444444,0.021781138712348914,0.023833811594896368
reasoning,9,9,model.layers.9.mlp,0,0.019965277777777776,15.5,0.007050408257378472,28.0,0.020752207824477443,29.0,0.019965277777777776,0.015734768471688643,0.012295868948247322
reasoning,9,9,model.layers.9.mlp,1,0.017361111111111112,23.0,0.00825359203197338,17.0,0.03210857441579854,17.0,0.017361111111111112,0.018419977246986234,0.019024617836856456
reasoning,9,9,model.layers.9.mlp,2,0.013310185185185185,33.5,0.005941037778501157,35.0,0.026124023728900485,25.0,0.013310185185185185,0.013258927783145111,0.015478717970074695
reasoning,9,9,model.layers.9.mlp,3,0.006944444444444444,49.5,0.0023487232349537037,49.0,0.010871181471480263,46.0,0.006944444444444444,0.005241769690059557,0.006441272360826588
reasoning,9,9,model.layers.9.mlp,4,0.0005787037037037037,62.0,0.00012574372468171296,63.0,0.0002734800800681114,63.0,0.0005787037037037037,0.0002806289114625244,0.000162039396141136
reasoning,9,9,model.layers.9.mlp,5,0.08333333333333333,1.0,0.0408864904333044,1.0,0.13017297674108436,2.0,0.08333333333333333,0.09124854009903363,0.07712865426895484
reasoning,9,9,model.layers.9.mlp,6,0.01273148148148148,37.5,0.003677085593894676,44.0,0.007965758166931293,49.0,0.01273148148148148,0.00820634612328501,0.00471978303814449
reasoning,9,9,model.layers.9.mlp,7,0.028356481481481483,7.5,0.017259385850694444,4.0,0.10083995814676638,3.0,0.028356481481481483,0.03851868294860896,0.05974857810824793
reasoning,9,9,model.layers.9.mlp,8,0.03356481481481482,4.0,0.02341828522858796,2.0,0.1752180545418351,1.0,0.03356481481481482,0.05226382396936667,0.1038182661929614
reasoning,9,9,model.layers.9.mlp,9,0.007233796296296296,48.0,0.0023097285517939816,50.0,0.005018896250813095,54.0,0.007233796296296296,0.0051547431961678075,0.0029737409670723357
reasoning,9,9,model.layers.9.mlp,10,0.01099537037037037,42.0,0.0033809520580150463,46.0,0.010176738275697938,47.0,0.01099537037037037,0.007545449271121583,0.006029808549382393
reasoning,9,9,model.layers.9.mlp,11,0.010416666666666666,43.5,0.004733898021556713,40.0,0.013909339766811442,42.0,0.010416666666666666,0.010564890233104878,0.008241408354036906
reasoning,9,9,model.layers.9.mlp,12,0.030671296296296297,6.0,0.012139214409722222,10.0,0.03704326241104691,14.0,0.030671296296296297,0.027091725924561903,0.021948464658518244
reasoning,9,9,model.layers.9.mlp,13,0.030960648148148147,5.0,0.013591059932002315,8.0,0.03906657574353395,10.0,0.030960648148148147,0.03033188625511123,0.023147295924469517
reasoning,9,9,model.layers.9.mlp,14,0.008969907407407407,46.0,0.007172478569878472,23.0,0.019831198785040114,33.0,0.008969907407407407,0.016007199235175858,0.011750162845799994
reasoning,9,9,model.layers.9.mlp,15,0.00028935185185185184,63.5,5.255805121527778e-05,64.0,9.517472547789414e-05,64.0,0.00028935185185185184,0.00011729657872366187,5.6391877026273466e-05
reasoning,9,9,model.layers.9.mlp,16,0.019097222222222224,17.5,0.007105509440104167,24.0,0.023300714514873647,28.0,0.019097222222222224,0.015857740691318286,0.01380588198126456
reasoning,9,9,model.layers.9.mlp,17,0.004340277777777778,56.0,0.0011585376880787037,57.0,0.0029887368523136334,55.0,0.004340277777777778,0.0025855697460592133,0.0017708533457100255
reasoning,9,9,model.layers.9.mlp,18,0.014178240740740741,31.0,0.005065070258246528,39.0,0.012753344727335152,44.0,0.014178240740740741,0.011303984804417414,0.007556470942536096
reasoning,9,9,model.layers.9.mlp,19,0.00028935185185185184,63.5,0.00014693648726851852,62.0,0.0007846110534888727,60.0,0.00028935185185185184,0.000327925919012388,0.00046488907448518095
reasoning,9,9,model.layers.9.mlp,20,0.013020833333333334,35.5,0.006902058919270833,30.0,0.029568209140389053,22.0,0.013020833333333334,0.015403689418839597,0.017519428665115893
reasoning,9,9,model.layers.9.mlp,21,0.028356481481481483,7.5,0.011257595486111112,11.0,0.044099891627276386,8.0,0.028356481481481483,0.025124170410487576,0.02612958065316378
reasoning,9,9,model.layers.9.mlp,22,0.006655092592592593,51.0,0.002899452492042824,47.0,0.013505466282367706,43.0,0.006655092592592593,0.00647086125958868,0.008002109698279674
reasoning,9,9,model.layers.9.mlp,23,0.008391203703703705,47.0,0.0026519210250289353,48.0,0.009407132898491842,48.0,0.008391203703703705,0.005918432211406272,0.005573810472453395
reasoning,9,9,model.layers.9.mlp,24,0.004629629629629629,54.5,0.0016106499565972222,52.0,0.0054339660262620005,52.0,0.004629629629629629,0.003594572573789638,0.0032196735255000893
reasoning,9,9,model.layers.9.mlp,25,0.0023148148148148147,59.0,0.0006510416666666666,59.0,0.0017963756151773312,59.0,0.0023148148148148147,0.0014529640719318116,0.0010643686364780235
reasoning,9,9,model.layers.9.mlp,26,0.018229166666666668,19.0,0.009626600477430556,14.0,0.03714637844650834,13.0,0.018229166666666668,0.021484192709450067,0.022009561832815095
reasoning,9,9,model.layers.9.mlp,27,0.016203703703703703,26.5,0.007952654803240741,18.0,0.031891140396948216,18.0,0.016203703703703703,0.01774835973977817,0.01889578623381512
reasoning,9,9,model.layers.9.mlp,28,0.03530092592592592,3.0,0.017593666359230323,3.0,0.05928446269697613,5.0,0.03530092592592592,0.03926471441436215,0.03512657497239724
reasoning,9,9,model.layers.9.mlp,29,0.014756944444444444,29.0,0.005952623155381944,34.0,0.01900007079044978,35.0,0.014756944444444444,0.013284783480605704,0.011257712067206285
reasoning,9,9,model.layers.9.mlp,30,0.013310185185185185,33.5,0.006640964084201389,31.0,0.01985924580582866,32.0,0.013310185185185185,0.014820990285825276,0.011766780956746143
reasoning,9,9,model.layers.9.mlp,31,0.0028935185185185184,58.0,0.0009830616138599537,58.0,0.0020045541847745576,58.0,0.0028935185185185184,0.002193950523546342,0.0011877163029649525
reasoning,9,9,model.layers.9.mlp,32,0.019097222222222224,17.5,0.008801495587384259,15.0,0.030859372682041593,21.0,0.019097222222222224,0.019642762548842042,0.0182844546244352
reasoning,9,9,model.layers.9.mlp,33,0.014178240740740741,31.0,0.007097880045572917,26.0,0.031050730910566118,20.0,0.014178240740740741,0.015840713768600335,0.01839783608822967
reasoning,9,9,model.layers.9.mlp,34,0.02662037037037037,10.5,0.01385695845992477,6.0,0.03519746219670331,16.0,0.02662037037037037,0.030925306043170186,0.02085481150449355
reasoning,9,9,model.layers.9.mlp,35,0.010127314814814815,45.0,0.00364063404224537,45.0,0.014452496888460937,41.0,0.010127314814814815,0.008124995270299244,0.00856323381196394
reasoning,9,9,model.layers.9.mlp,36,0.010416666666666666,43.5,0.003775985152633102,43.0,0.011683092211131696,45.0,0.010416666666666666,0.008427065491851042,0.006922336743800497
reasoning,9,9,model.layers.9.mlp,37,0.024305555555555556,12.5,0.009878370496961806,13.0,0.03801832596460978,12.0,0.024305555555555556,0.022046081159142448,0.0225261985445812
reasoning,9,9,model.layers.9.mlp,38,0.016203703703703703,26.5,0.007442333080150463,21.0,0.02577273851191556,26.0,0.016203703703703703,0.016609447797977454,0.015270578333654491
reasoning,9,9,model.layers.9.mlp,39,0.0014467592592592592,60.0,0.0003390842013888889,60.0,0.000748916287665014,61.0,0.0014467592592592592,0.0007567521207978185,0.00044373960612881355
reasoning,9,9,model.layers.9.mlp,40,0.013020833333333334,35.5,0.00616172507957176,33.0,0.015663399343827256,40.0,0.013020833333333334,0.013751447288431026,0.009280704359012593
reasoning,9,9,model.layers.9.mlp,41,0.024305555555555556,12.5,0.011074772587528935,12.0,0.04200822032160229,9.0,0.024305555555555556,0.024716154892024084,0.024890246676031846
reasoning,9,9,model.layers.9.mlp,42,0.027488425925925927,9.0,0.012180752224392362,9.0,0.04768772036940963,7.0,0.027488425925925927,0.027184428059359635,0.028255401307773396
reasoning,9,9,model.layers.9.mlp,43,0.01765046296296296,21.5,0.008530228226273149,16.0,0.03605859754262147,15.0,0.01765046296296296,0.01903736085220379,0.021365041907430445
reasoning,9,9,model.layers.9.mlp,44,0.014178240740740741,31.0,0.006396540889033565,32.0,0.027088593553613732,24.0,0.014178240740740741,0.014275498132083515,0.016050234227834928
reasoning,9,9,model.layers.9.mlp,45,0.011574074074074073,40.0,0.004429004810474537,41.0,0.018214876867002912,37.0,0.011574074074074073,0.009884443951154172,0.010792477637052059
reasoning,9,9,model.layers.9.mlp,46,0.0008680555555555555,61.0,0.00018338803891782408,61.0,0.00046268216748204496,62.0,0.0008680555555555555,0.00040927677199815353,0.00027414332702180804
reasoning,9,9,model.layers.9.mlp,47,0.011863425925925927,39.0,0.006993894223813657,29.0,0.038316712335303975,11.0,0.011863425925925927,0.015608643118222338,0.022702995140925587
reasoning,9,9,model.layers.9.mlp,48,0.015625,28.0,0.005937646936487268,36.0,0.020724827768626036,30.0,0.015625,0.013251360261937134,0.012279646019998335
reasoning,9,9,model.layers.9.mlp,49,0.011284722222222222,41.0,0.004192211009837963,42.0,0.017595698022180133,39.0,0.011284722222222222,0.009355978720130362,0.010425608627457426
reasoning,9,9,model.layers.9.mlp,50,0.03674768518518518,2.0,0.016946580674913194,5.0,0.04874424636363983,6.0,0.03674768518518518,0.03782057911717297,0.028881402419334564
reasoning,9,9,model.layers.9.mlp,51,0.017939814814814815,20.0,0.005520290798611111,38.0,0.018152625472457322,38.0,0.017939814814814815,0.012319924526588486,0.010755593128393883
reasoning,9,9,model.layers.9.mlp,52,0.02662037037037037,10.5,0.013709456832320601,7.0,0.06149007435198183,4.0,0.02662037037037037,0.030596118870623135,0.03643341962671343
reasoning,9,9,model.layers.9.mlp,53,0.016493055555555556,25.0,0.007100988317418982,25.0,0.027536242924354696,23.0,0.016493055555555556,0.015847650663040985,0.016315470488186174
reasoning,9,9,model.layers.9.mlp,54,0.019965277777777776,15.5,0.007066232186776621,27.0,0.018423179716423706,36.0,0.019965277777777776,0.015770083570659208,0.010915898940447236
reasoning,9,9,model.layers.9.mlp,55,0.01707175925925926,24.0,0.00761131004050926,20.0,0.03151999993456735,19.0,0.01707175925925926,0.0169865626048417,0.018675882186716848
reasoning,9,9,model.layers.9.mlp,56,0.004629629629629629,54.5,0.0014580620659722222,54.0,0.005247684057663988,53.0,0.004629629629629629,0.0032540341194306197,0.0031092997911641687
reasoning,9,9,model.layers.9.mlp,57,0.005208333333333333,52.5,0.001575328685619213,53.0,0.0022236904025905663,57.0,0.005208333333333333,0.0035157442278731985,0.001317556474134695
reasoning,9,9,model.layers.9.mlp,58,0.021122685185185185,14.0,0.007744118019386574,19.0,0.025233731777579697,27.0,0.021122685185185185,0.017282957185487512,0.014951212017372748
reasoning,9,9,model.layers.9.mlp,59,0.01273148148148148,37.5,0.005576239691840278,37.0,0.020502630207273696,31.0,0.01273148148148148,0.012444788626520126,0.012147991975372491
reasoning,9,9,model.layers.9.mlp,60,0.005208333333333333,52.5,0.001407764576099537,55.0,0.002895636035612336,56.0,0.005208333333333333,0.00314178255484561,0.0017156902782033624
reasoning,9,9,model.layers.9.mlp,61,0.01765046296296296,21.5,0.007214298954716435,22.0,0.01903793981505765,34.0,0.01765046296296296,0.01610053199674092,0.011280149803360175
reasoning,9,9,model.layers.9.mlp,62,0.003761574074074074,57.0,0.001400135181568287,56.0,0.005663359434240394,51.0,0.003761574074074074,0.003124755632127659,0.0033555911736824306
reasoning,9,9,model.layers.9.mlp,63,0.006944444444444444,49.5,0.002295600043402778,51.0,0.007171001423288275,50.0,0.006944444444444444,0.005123211857801232,0.004248882551399946
reasoning,10,10,model.layers.10.mlp,0,0.01678240740740741,23.5,0.00990493209273727,19.0,0.040520361728138395,21.0,0.01678240740740741,0.02039284129996873,0.01795491367373247
reasoning,10,10,model.layers.10.mlp,1,0.021701388888888888,15.0,0.009146513762297455,22.0,0.03702256800951781,25.0,0.021701388888888888,0.01883136621797529,0.016405011807413626
reasoning,10,10,model.layers.10.mlp,2,0.031828703703703706,8.5,0.013014899359809028,10.0,0.06448929674095577,11.0,0.031828703703703706,0.026795819970765977,0.02857575072089008
reasoning,10,10,model.layers.10.mlp,3,0.01273148148148148,33.5,0.007732532642505787,27.0,0.043937576589760954,20.0,0.01273148148148148,0.015920180930980066,0.019469110369622813
reasoning,10,10,model.layers.10.mlp,4,0.03153935185185185,10.0,0.022727118598090276,2.0,0.11722964821038423,2.0,0.03153935185185185,0.046791893012195385,0.051945444804798305
reasoning,10,10,model.layers.10.mlp,5,0.01273148148148148,33.5,0.007499977394386574,28.0,0.03128158480480865,30.0,0.01273148148148148,0.015441382871188486,0.013861133780497586
reasoning,10,10,model.layers.10.mlp,6,0.03674768518518518,4.0,0.020473056369357638,4.0,0.09293853243192036,5.0,0.03674768518518518,0.04215110063922159,0.041181846745946604
reasoning,10,10,model.layers.10.mlp,7,0.008969907407407407,45.0,0.003463179976851852,47.0,0.015514898907255244,46.0,0.008969907407407407,0.007130193220905964,0.0068747824218708484
reasoning,10,10,model.layers.10.mlp,8,0.002025462962962963,60.5,0.0008219966182002315,60.0,0.004146476586659749,58.0,0.002025462962962963,0.0016923737010130098,0.0018373387104273775
reasoning,10,10,model.layers.10.mlp,9,0.009548611111111112,43.5,0.0037700511791087963,45.0,0.015935049288802676,45.0,0.009548611111111112,0.007761997222040419,0.007060954595783879
reasoning,10,10,model.layers.10.mlp,10,0.011284722222222222,37.0,0.004049513075086806,41.0,0.020542106694645353,38.0,0.011284722222222222,0.008337369374086436,0.009102380547674942
reasoning,10,10,model.layers.10.mlp,11,0.007523148148148148,48.5,0.004236857096354167,39.0,0.017065404828085943,42.0,0.007523148148148148,0.008723083971464101,0.007561824658707397
reasoning,10,10,model.layers.10.mlp,12,0.01678240740740741,23.5,0.007325914171006944,29.0,0.028413462694044465,32.0,0.01678240740740741,0.01508301154089491,0.012590244708726701
reasoning,10,10,model.layers.10.mlp,13,0.020543981481481483,18.5,0.01350967972366898,9.0,0.049260079860687256,16.0,0.020543981481481483,0.02781450211255827,0.021827556412104154
reasoning,10,10,model.layers.10.mlp,14,0.013599537037037037,28.5,0.007184346516927083,30.0,0.034558547867669,28.0,0.013599537037037037,0.014791543949211335,0.015313183722707483
reasoning,10,10,model.layers.10.mlp,15,0.015625,27.0,0.006750036168981482,32.0,0.027857522169748943,33.0,0.015625,0.013897360938397656,0.012343902778503408
reasoning,10,10,model.layers.10.mlp,16,0.038483796296296294,2.0,0.015745940031828703,7.0,0.07413050063230374,7.0,0.038483796296296294,0.03241864287220659,0.03284784939417996
reasoning,10,10,model.layers.10.mlp,17,0.027199074074074073,11.0,0.012341252079716435,11.0,0.0692609151204427,9.0,0.027199074074074073,0.025408876380798626,0.03069009502666139
reasoning,10,10,model.layers.10.mlp,18,0.004340277777777778,57.5,0.00314952709056713,49.0,0.02212418891765453,37.0,0.004340277777777778,0.006484426700409422,0.009803414510043313
reasoning,10,10,model.layers.10.mlp,19,0.0014467592592592592,62.0,0.0003758183232060185,62.0,0.0009833572915306798,63.0,0.0014467592592592592,0.0007737562813156766,0.00043573390085527975
reasoning,10,10,model.layers.10.mlp,20,0.005787037037037037,53.5,0.002441123679832176,54.0,0.00735028508912634,57.0,0.005787037037037037,0.005025925198711376,0.003256973250585283
reasoning,10,10,model.layers.10.mlp,21,0.005787037037037037,53.5,0.002711260760271991,52.0,0.012792715043933303,50.0,0.005787037037037037,0.005582098886634523,0.005668559817099978
reasoning,10,10,model.layers.10.mlp,22,0.03530092592592592,5.5,0.010610792371961806,17.0,0.03289463453822666,29.0,0.03530092592592592,0.021846106856905995,0.014575889707635457
reasoning,10,10,model.layers.10.mlp,23,0.017361111111111112,22.0,0.011547795048466435,13.0,0.058062064150969185,13.0,0.017361111111111112,0.0237752616154344,0.025727789809571956
reasoning,10,10,model.layers.10.mlp,24,0.010416666666666666,41.0,0.0038048073097511573,44.0,0.015454415093969416,47.0,0.010416666666666666,0.007833555133771116,0.006847981534615909
reasoning,10,10,model.layers.10.mlp,25,0.00028935185185185184,64.0,9.04224537037037e-05,64.0,0.00035091172213907594,64.0,0.00028935185185185184,0.00018616692482783194,0.0001554919405799038
reasoning,10,10,model.layers.10.mlp,26,0.007523148148148148,48.5,0.004125807020399306,40.0,0.02265442176549523,36.0,0.007523148148148148,0.00849444771690992,0.010038365152237258
reasoning,10,10,model.layers.10.mlp,27,0.010127314814814815,42.0,0.004833645290798611,36.0,0.02345757586536584,35.0,0.010127314814814815,0.009951785675327791,0.01039424950062073
reasoning,10,10,model.layers.10.mlp,28,0.021701388888888888,15.0,0.010910316749855323,16.0,0.05379680102622068,14.0,0.021701388888888888,0.022462784795398188,0.023837815783317565
reasoning,10,10,model.layers.10.mlp,29,0.006944444444444444,51.0,0.0034278587058738427,48.0,0.016076349687797052,44.0,0.006944444444444444,0.007057471765895092,0.00712356599306186
reasoning,10,10,model.layers.10.mlp,30,0.031828703703703706,8.5,0.01632464373553241,6.0,0.1252473349924441,1.0,0.031828703703703706,0.03361011119110471,0.05549814936851258
reasoning,10,10,model.layers.10.mlp,31,0.011574074074074073,36.0,0.004426179108796296,38.0,0.020172151702421683,39.0,0.011574074074074073,0.009112870970322375,0.008938450373677269
reasoning,10,10,model.layers.10.mlp,32,0.02141203703703704,17.0,0.008879767523871528,23.0,0.03992192060859115,22.0,0.02141203703703704,0.018282173789733184,0.017689739371677286
reasoning,10,10,model.layers.10.mlp,33,0.006655092592592593,52.0,0.0022984257450810184,56.0,0.008484217717691703,56.0,0.006655092592592593,0.004732130520467453,0.003759428351907376
reasoning,10,10,model.layers.10.mlp,34,0.013599537037037037,28.5,0.006969593189380787,31.0,0.035234815544552274,26.0,0.013599537037037037,0.014349397502745234,0.015612843628022269
reasoning,10,10,model.layers.10.mlp,35,0.019675925925925927,20.5,0.011351691351996528,14.0,0.06861678538499055,10.0,0.019675925925925927,0.02337151209721404,0.03040467571396319
reasoning,10,10,model.layers.10.mlp,36,0.020543981481481483,18.5,0.009688200774016205,20.0,0.045721931038079436,17.0,0.020543981481481483,0.01994662245202202,0.020259772859208904
reasoning,10,10,model.layers.10.mlp,37,0.024305555555555556,12.0,0.011864556206597222,12.0,0.05883105761475033,12.0,0.024305555555555556,0.0244274276239719,0.026068537292294126
reasoning,10,10,model.layers.10.mlp,38,0.023726851851851853,13.0,0.009166293674045138,21.0,0.04463470809989505,18.0,0.023726851851851853,0.01887209023278138,0.019778015215232925
reasoning,10,10,model.layers.10.mlp,39,0.013020833333333334,32.0,0.006124990957754629,34.0,0.027308305104573567,34.0,0.013020833333333334,0.012610482070525267,0.012100540069662713
reasoning,10,10,model.layers.10.mlp,40,0.0011574074074074073,63.0,0.00030800148292824077,63.0,0.0010171517453811786,62.0,0.0011574074074074073,0.0006341310876948026,0.0004507085080813372
reasoning,10,10,model.layers.10.mlp,41,0.019675925925925927,20.5,0.011315239800347222,15.0,0.04410916635835612,19.0,0.019675925925925927,0.02329646355564282,0.019545143241764783
reasoning,10,10,model.layers.10.mlp,42,0.013310185185185185,30.5,0.006201850043402778,33.0,0.030614640011831565,31.0,0.013310185185185185,0.012768723956628925,0.01356560492358876
reasoning,10,10,model.layers.10.mlp,43,0.03530092592592592,5.5,0.021201239691840276,3.0,0.10458204702094749,3.0,0.03530092592592592,0.04365032615572573,0.04634118615923844
reasoning,10,10,model.layers.10.mlp,44,0.04398148148148148,1.0,0.017900254991319444,5.0,0.0760283492229603,6.0,0.04398148148148148,0.03685406985622968,0.03368880209444646
reasoning,10,10,model.layers.10.mlp,45,0.01244212962962963,35.0,0.004645736129195602,37.0,0.018680437709446305,40.0,0.01244212962962963,0.009564907534669953,0.008277459335406937
reasoning,10,10,model.layers.10.mlp,46,0.01070601851851852,39.5,0.0038508662471064816,43.0,0.012246507875345371,52.0,0.01070601851851852,0.007928383911105293,0.005426530818796149
reasoning,10,10,model.layers.10.mlp,47,0.016493055555555556,25.0,0.007768419053819444,26.0,0.034570252177891905,27.0,0.016493055555555556,0.015994065929271113,0.015318370001178363
reasoning,10,10,model.layers.10.mlp,48,0.013310185185185185,30.5,0.005323480676721643,35.0,0.01656096539011708,43.0,0.013310185185185185,0.010960286813418563,0.007338303293742199
reasoning,10,10,model.layers.10.mlp,49,0.005208333333333333,56.0,0.0024315162941261573,55.0,0.00971747852034039,53.0,0.005208333333333333,0.005006144962948419,0.004305896604025136
reasoning,10,10,model.layers.10.mlp,50,0.004340277777777778,57.5,0.001865245677806713,57.0,0.008514826565429016,55.0,0.004340277777777778,0.003840274596214121,0.0037729913902253246
reasoning,10,10,model.layers.10.mlp,51,0.007233796296296296,50.0,0.003051192672164352,50.0,0.018107028954007006,41.0,0.007233796296296296,0.006281970169659154,0.008023377084790563
reasoning,10,10,model.layers.10.mlp,52,0.021701388888888888,15.0,0.010288379810474537,18.0,0.052799015685364055,15.0,0.021701388888888888,0.021182305415566753,0.023395688692246817
reasoning,10,10,model.layers.10.mlp,53,0.016203703703703703,26.0,0.00869185836226852,24.0,0.03724340515004264,24.0,0.016203703703703703,0.017895295649075348,0.016502866604976397
reasoning,10,10,model.layers.10.mlp,54,0.008391203703703705,46.0,0.0026061446578414353,53.0,0.01240267495935162,51.0,0.008391203703703705,0.005365679836522169,0.0054957297694576265
reasoning,10,10,model.layers.10.mlp,55,0.005497685185185185,55.0,0.0017934728551793982,58.0,0.003248158462897495,60.0,0.005497685185185185,0.0036925045996320295,0.0014392863812819534
reasoning,10,10,model.layers.10.mlp,56,0.01099537037037037,38.0,0.002774273907696759,51.0,0.009052750257844175,54.0,0.01099537037037037,0.005711833962373919,0.004011349910447087
reasoning,10,10,model.layers.10.mlp,57,0.002025462962962963,60.5,0.0007406164098668982,61.0,0.0015459124481788389,61.0,0.002025462962962963,0.001524823468667961,0.0006850068304036012
reasoning,10,10,model.layers.10.mlp,58,0.008101851851851851,47.0,0.003708733452690972,46.0,0.014051364734768867,49.0,0.008101851851851851,0.007635752776141545,0.006226278099479706
reasoning,10,10,model.layers.10.mlp,59,0.03819444444444445,3.0,0.026166845251012733,1.0,0.09927067270985356,4.0,0.03819444444444445,0.05387379918697413,0.043987671452622494
reasoning,10,10,model.layers.10.mlp,60,0.009548611111111112,43.5,0.008256135163483795,25.0,0.03767825442331808,23.0,0.009548611111111112,0.01699820378006123,0.016695551981655156
reasoning,10,10,model.layers.10.mlp,61,0.01070601851851852,39.5,0.003938180428964121,42.0,0.01414552648310308,48.0,0.01070601851851852,0.00810815134789217,0.0062680019634977924
reasoning,10,10,model.layers.10.mlp,62,0.033854166666666664,7.0,0.015217533817997685,8.0,0.07295923045387974,8.0,0.033854166666666664,0.031330729905243944,0.03232884970993933
reasoning,10,10,model.layers.10.mlp,63,0.0026041666666666665,59.0,0.0008397985387731482,59.0,0.003362691926735419,59.0,0.0026041666666666665,0.0017290253143384892,0.0014900371240754323
reasoning,11,11,model.layers.11.mlp,0,0.016203703703703703,27.0,0.00882862232349537,26.0,0.05921378786917086,22.0,0.016203703703703703,0.017954180751433377,0.020080354623663955
reasoning,11,11,model.layers.11.mlp,1,0.034722222222222224,5.0,0.014894273546006944,8.0,0.1038884074875602,6.0,0.034722222222222224,0.03028949133939487,0.03523024178502238
reasoning,11,11,model.layers.11.mlp,2,0.0028935185185185184,56.0,0.0008310388635706018,57.0,0.003514109938232987,59.0,0.0028935185185185184,0.0016900283443210078,0.0011916916023370808
reasoning,11,11,model.layers.11.mlp,3,0.013599537037037037,30.0,0.006221629955150463,32.0,0.04509588579336802,27.0,0.013599537037037037,0.012652514139836772,0.015292745345050648
reasoning,11,11,model.layers.11.mlp,4,0.01273148148148148,33.5,0.006092777958622685,33.0,0.04357009905355948,29.0,0.01273148148148148,0.012390476423070238,0.014775326346571221
reasoning,11,11,model.layers.11.mlp,5,0.014467592592592593,29.0,0.013077629937065972,12.0,0.09342363918269123,9.0,0.014467592592592593,0.026595104319456157,0.03168146934235192
reasoning,11,11,model.layers.11.mlp,6,0.007233796296296296,49.0,0.0018838953088831018,53.0,0.00823795236647129,53.0,0.007233796296296296,0.003831152319479143,0.0027936230875329664
reasoning,11,11,model.layers.11.mlp,7,0.043402777777777776,2.0,0.01697398998119213,6.0,0.08939229779773289,10.0,0.043402777777777776,0.03451887203106526,0.030314376178207928
reasoning,11,11,model.layers.11.mlp,8,0.01678240740740741,25.0,0.008918479636863427,25.0,0.054863013603069166,24.0,0.01678240740740741,0.018136917580231095,0.01860493659528413
reasoning,11,11,model.layers.11.mlp,9,0.015625,28.0,0.006889625831886574,30.0,0.023631976434478053,39.0,0.015625,0.014010972829389599,0.008013986004591564
reasoning,11,11,model.layers.11.mlp,10,0.006076388888888889,52.0,0.0021718343098958335,52.0,0.008039319611809871,54.0,0.006076388888888889,0.004416714673393834,0.0027262635029326847
reasoning,11,11,model.layers.11.mlp,11,0.013020833333333334,32.0,0.006500809280960648,31.0,0.043467620456660236,30.0,0.013020833333333334,0.013220262526164265,0.014740574194393102
reasoning,11,11,model.layers.11.mlp,12,0.005497685185185185,53.0,0.004797476309317129,37.0,0.030952144000265334,34.0,0.005497685185185185,0.009756307796627702,0.010496373399743858
reasoning,11,11,model.layers.11.mlp,13,0.00028935185185185184,64.0,5.538375289351852e-05,64.0,0.0002734535028813062,64.0,0.00028935185185185184,0.00011263024668035278,9.273251228365691e-05
reasoning,11,11,model.layers.11.mlp,14,0.009837962962962963,41.0,0.0034578111436631945,45.0,0.016680450627097377,48.0,0.009837962962962963,0.00703192004401774,0.005656611001050679
reasoning,11,11,model.layers.11.mlp,15,0.024016203703703703,15.0,0.011387295193142362,17.0,0.06878985299004449,15.0,0.024016203703703703,0.023157583219242533,0.02332775342124293
reasoning,11,11,model.layers.11.mlp,16,0.009837962962962963,41.0,0.004492865668402778,38.0,0.024905545154103526,38.0,0.009837962962962963,0.009136841439885761,0.008445873786947063
reasoning,11,11,model.layers.11.mlp,17,0.009837962962962963,41.0,0.003677650734230324,42.0,0.025144236231291736,37.0,0.009837962962962963,0.007478993166044854,0.008526817797589204
reasoning,11,11,model.layers.11.mlp,18,0.025752314814814815,12.0,0.0117340087890625,16.0,0.06863565798158999,16.0,0.025752314814814815,0.02386267154922617,0.02327546339619325
reasoning,11,11,model.layers.11.mlp,19,0.008680555555555556,45.5,0.0035572758427372684,43.0,0.02237543049785826,41.0,0.008680555555555556,0.007234194772749801,0.0075878709236918635
reasoning,11,11,model.layers.11.mlp,20,0.019386574074074073,20.0,0.010125901963975694,21.0,0.07732080806184698,14.0,0.019386574074074073,0.020592371886685928,0.02622073847227235
reasoning,11,11,model.layers.11.mlp,21,0.008101851851851851,47.0,0.003166481300636574,47.0,0.025844607157287775,35.0,0.008101851851851851,0.006439461960714455,0.00876432492334811
reasoning,11,11,model.layers.11.mlp,22,0.02662037037037037,11.0,0.013245194046585649,11.0,0.08893239939654315,12.0,0.02662037037037037,0.026935868280075794,0.030158417180834715
reasoning,11,11,model.layers.11.mlp,23,0.01070601851851852,36.0,0.00414276123046875,39.0,0.013596632966288814,49.0,0.01070601851851852,0.008424857380513531,0.004610838479951855
reasoning,11,11,model.layers.11.mlp,24,0.019097222222222224,21.0,0.007898118760850694,28.0,0.04861781828933292,26.0,0.019097222222222224,0.01606187767838031,0.016487089703426033
reasoning,11,11,model.layers.11.mlp,25,0.024305555555555556,14.0,0.00924060962818287,24.0,0.05241988626895128,25.0,0.024305555555555556,0.01879201187214743,0.017776432542001026
reasoning,11,11,model.layers.11.mlp,26,0.009837962962962963,41.0,0.005219070999710648,36.0,0.025352845589319866,36.0,0.009837962962962963,0.0106136768172761,0.008597560609994228
reasoning,11,11,model.layers.11.mlp,27,0.010416666666666666,37.0,0.002391391330295139,51.0,0.00959115120133868,51.0,0.010416666666666666,0.004863213151305232,0.0032525147318321363
reasoning,11,11,model.layers.11.mlp,28,0.010127314814814815,38.0,0.003444530345775463,46.0,0.01063806563615799,50.0,0.010127314814814815,0.007004911770579083,0.0036075403748167087
reasoning,11,11,model.layers.11.mlp,29,0.016493055555555556,26.0,0.007348802354600694,29.0,0.022476317429984058,40.0,0.016493055555555556,0.014944769517428238,0.0076220833165631914
reasoning,11,11,model.layers.11.mlp,30,0.01244212962962963,35.0,0.005498250325520833,35.0,0.03197897418781563,33.0,0.01244212962962963,0.011181425203603594,0.010844588149150701
reasoning,11,11,model.layers.11.mlp,31,0.017361111111111112,24.0,0.00939037181712963,23.0,0.06482534055356626,19.0,0.017361111111111112,0.019096573253476957,0.02198332303603772
reasoning,11,11,model.layers.11.mlp,32,0.013310185185185185,31.0,0.008568940339265045,27.0,0.04502672564100336,28.0,0.013310185185185185,0.017426082809090294,0.015269292017113287
reasoning,11,11,model.layers.11.mlp,33,0.03414351851851852,6.0,0.021280359338831017,4.0,0.12341599994235569,5.0,0.03414351851851852,0.0432764483545784,0.04185236469843985
reasoning,11,11,model.layers.11.mlp,34,0.021122685185185185,17.0,0.011218318232783565,19.0,0.06533085692811895,18.0,0.021122685185185185,0.022813946038044312,0.022154751827107716
reasoning,11,11,model.layers.11.mlp,35,0.008680555555555556,45.5,0.0035050003616898147,44.0,0.017655978048289264,47.0,0.008680555555555556,0.007127885611342325,0.005987428151372526
reasoning,11,11,model.layers.11.mlp,36,0.01273148148148148,33.5,0.006073563187210648,34.0,0.03513209025065104,31.0,0.01273148148148148,0.012351400623201543,0.011913860880886732
reasoning,11,11,model.layers.11.mlp,37,0.02488425925925926,13.0,0.011363841869212963,18.0,0.033865876219890734,32.0,0.02488425925925926,0.023109887757638097,0.011484467192658188
reasoning,11,11,model.layers.11.mlp,38,0.0026041666666666665,57.5,0.00039757622612847225,62.0,0.0007978839825631843,62.0,0.0026041666666666665,0.0008085242708125324,0.0002705753827775584
reasoning,11,11,model.layers.11.mlp,39,0.00636574074074074,51.0,0.0030161539713541665,48.0,0.01931412226554972,45.0,0.00636574074074074,0.006133751291153498,0.006549731714409794
reasoning,11,11,model.layers.11.mlp,40,0.003472222222222222,54.5,0.001225224247685185,55.0,0.005000956770446565,55.0,0.003472222222222222,0.002491656885744947,0.0016959054473943485
reasoning,11,11,model.layers.11.mlp,41,0.0023148148148148147,59.5,0.001190185546875,56.0,0.004699280175069968,57.0,0.0023148148148148147,0.0024204010153961526,0.001593602027282027
reasoning,11,11,model.layers.11.mlp,42,0.0078125,48.0,0.00281383373119213,49.0,0.017823661022164202,46.0,0.0078125,0.005722306104300781,0.006044292163977139
reasoning,11,11,model.layers.11.mlp,43,0.02922453703703704,8.0,0.013975920500578705,10.0,0.06300629454630392,21.0,0.02922453703703704,0.028421897963317594,0.021366455069690222
reasoning,11,11,model.layers.11.mlp,44,0.022569444444444444,16.0,0.012393668845847802,13.0,0.07956953070781848,13.0,0.022569444444444444,0.02520417823736537,0.026983316746797523
reasoning,11,11,model.layers.11.mlp,45,0.020833333333333332,18.0,0.014539082845052084,9.0,0.09563061319015644,8.0,0.020833333333333332,0.02956716368593975,0.032429889977306496
reasoning,11,11,model.layers.11.mlp,46,0.008969907407407407,44.0,0.00376750804759838,41.0,0.01955548204757549,44.0,0.008969907407407407,0.007661729994842569,0.006631580726090585
reasoning,11,11,model.layers.11.mlp,47,0.05324074074074074,1.0,0.021422209563078703,3.0,0.13014326879271754,4.0,0.05324074074074074,0.04356491970066788,0.04413369053529491
reasoning,11,11,model.layers.11.mlp,48,0.038483796296296294,4.0,0.017629835340711806,5.0,0.13464813513888252,3.0,0.038483796296296294,0.0358526210236423,0.0456613636840397
reasoning,11,11,model.layers.11.mlp,49,0.009837962962962963,41.0,0.0037940696433738427,40.0,0.020414714184072282,42.0,0.009837962962962963,0.0077157465417198815,0.006922960261597163
reasoning,11,11,model.layers.11.mlp,50,0.0023148148148148147,59.5,0.0006394562897858796,59.0,0.0035638400112037306,58.0,0.0023148148148148147,0.0013004196338655017,0.0012085558756195053
reasoning,11,11,model.layers.11.mlp,51,0.030381944444444444,7.0,0.026165432400173612,1.0,0.14753054468720048,2.0,0.030381944444444444,0.053210895827078095,0.050029997433818446
reasoning,11,11,model.layers.11.mlp,52,0.026909722222222224,10.0,0.011936046459056713,15.0,0.06394653960510537,20.0,0.026909722222222224,0.024273542091963172,0.021685307399414436
reasoning,11,11,model.layers.11.mlp,53,0.0005787037037037037,63.0,0.00011387577763310185,63.0,0.0006940134076608552,63.0,0.0005787037037037037,0.0002315815786335825,0.00023535118831104378
reasoning,11,11,model.layers.11.mlp,54,0.01880787037037037,22.0,0.00973652027271412,22.0,0.05645889154186955,23.0,0.01880787037037037,0.01980051229522916,0.01914612465469348
reasoning,11,11,model.layers.11.mlp,55,0.0026041666666666665,57.5,0.0008064552589699075,58.0,0.004990596876100257,56.0,0.0026041666666666665,0.0016400343062537082,0.0016923922394097963
reasoning,11,11,model.layers.11.mlp,56,0.020543981481481483,19.0,0.015515927915219907,7.0,0.08899256035133644,11.0,0.020543981481481483,0.03155370839397026,0.030178818735104758
reasoning,11,11,model.layers.11.mlp,57,0.04195601851851852,3.0,0.02342450177228009,2.0,0.17189295075971772,1.0,0.04195601851851852,0.04763684790463206,0.05829168396032
reasoning,11,11,model.layers.11.mlp,58,0.027488425925925927,9.0,0.012008101851851851,14.0,0.09568706485960218,7.0,0.027488425925925927,0.024420076341470774,0.03244903365283141
reasoning,11,11,model.layers.11.mlp,59,0.001736111111111111,62.0,0.00042894151475694444,61.0,0.001472980042712556,61.0,0.001736111111111111,0.000872309767657018,0.0004995113921203361
reasoning,11,11,model.layers.11.mlp,60,0.006655092592592593,50.0,0.0027372572157118055,50.0,0.020023004600295314,43.0,0.006655092592592593,0.005566577548941721,0.006790125196745239
reasoning,11,11,model.layers.11.mlp,61,0.018518518518518517,23.0,0.010231583206741899,20.0,0.06533799348054109,17.0,0.018518518518518517,0.020807288785963742,0.02215717194763342
reasoning,11,11,model.layers.11.mlp,62,0.003472222222222222,54.5,0.001765498408564815,54.0,0.008940391656425264,52.0,0.003472222222222222,0.0035903764349941025,0.003031831629013797
reasoning,11,11,model.layers.11.mlp,63,0.002025462962962963,61.0,0.0004899766710069445,60.0,0.00258917099347821,60.0,0.002025462962962963,0.0009964328966516924,0.0008780298238177003
reasoning,12,12,model.layers.12.mlp,0,0.011863425925925927,33.5,0.004956563313802083,38.0,0.03245791020216765,40.0,0.011863425925925927,0.009105559551195219,0.007764830634934462
reasoning,12,12,model.layers.12.mlp,1,0.01099537037037037,35.0,0.005175837764033565,36.0,0.0351133261013914,39.0,0.01099537037037037,0.009508382321375224,0.008400079626454797
reasoning,12,12,model.layers.12.mlp,2,0.04513888888888889,3.0,0.024475662796585647,5.0,0.21896702804844137,5.0,0.04513888888888889,0.0449635344168193,0.05238297465366526
reasoning,12,12,model.layers.12.mlp,3,0.0023148148148148147,58.5,0.0007911964699074075,59.0,0.0026990728176854275,60.0,0.0023148148148148147,0.0014534842222989916,0.0006456929349469655
reasoning,12,12,model.layers.12.mlp,4,0.016493055555555556,21.0,0.00837142379195602,26.0,0.0654583501595038,20.0,0.016493055555555556,0.01537890127493926,0.015659449405859713
reasoning,12,12,model.layers.12.mlp,5,0.0078125,43.0,0.0027400829173900463,50.0,0.024973665674527485,45.0,0.0078125,0.005033727322726186,0.005974392161675025
reasoning,12,12,model.layers.12.mlp,6,0.03761574074074074,5.0,0.01994691071686921,7.0,0.24038739999135336,4.0,0.03761574074074074,0.03664389454868147,0.05750732059085088
reasoning,12,12,model.layers.12.mlp,7,0.014756944444444444,27.0,0.010164614076967593,17.0,0.08397567272186279,15.0,0.014756944444444444,0.01867311944447833,0.02008930556768882
reasoning,12,12,model.layers.12.mlp,8,0.00028935185185185184,62.5,5.6514033564814815e-05,63.0,0.0003044607324732675,62.0,0.00028935185185185184,0.00010382030159278511,7.283543542754428e-05
reasoning,12,12,model.layers.12.mlp,9,0.02228009259259259,15.0,0.010281880696614584,16.0,0.06734108041833949,19.0,0.02228009259259259,0.018888546570283358,0.016109850602365246
reasoning,12,12,model.layers.12.mlp,10,0.006655092592592593,48.0,0.002784305148654514,48.0,0.015157185080978606,51.0,0.006655092592592593,0.00511496670872254,0.0036260182594347774
reasoning,12,12,model.layers.12.mlp,11,0.05758101851851852,2.0,0.029222559045862267,3.0,0.27042696211073136,3.0,0.05758101851851852,0.053683920649105286,0.06469361541857474
reasoning,12,12,model.layers.12.mlp,12,0.010416666666666666,38.0,0.0038279780635127316,43.0,0.010576472376231794,56.0,0.010416666666666666,0.007032268128387299,0.0025301849750948586
reasoning,12,12,model.layers.12.mlp,13,0.006944444444444444,45.5,0.003204910843460648,45.0,0.01865862516893281,49.0,0.006944444444444444,0.005887649303326844,0.00446365965692434
reasoning,12,12,model.layers.12.mlp,14,0.019675925925925927,18.0,0.009777492947048612,19.0,0.06487580913084524,22.0,0.019675925925925927,0.01796195037856775,0.0155200894656399
reasoning,12,12,model.layers.12.mlp,15,0.019965277777777776,16.5,0.008563571506076388,23.0,0.06421895490752326,23.0,0.019965277777777776,0.01573189030035473,0.015362951752085071
reasoning,12,12,model.layers.12.mlp,16,0.008680555555555556,42.0,0.00414756492332176,42.0,0.04384637092826543,30.0,0.008680555555555556,0.0076193719338945,0.010489265701146654
reasoning,12,12,model.layers.12.mlp,17,0.014756944444444444,27.0,0.008887396918402778,22.0,0.03538579993915779,38.0,0.014756944444444444,0.016326780628481388,0.008465262911192744
reasoning,12,12,model.layers.12.mlp,18,0.015046296296296295,25.0,0.00591278076171875,33.0,0.043545224600368075,31.0,0.015046296296296295,0.010862199054145143,0.010417223163044517
reasoning,12,12,model.layers.12.mlp,19,0.006944444444444444,45.5,0.0022074381510416665,53.0,0.016828007168240018,50.0,0.006944444444444444,0.004055220980214187,0.004025725155161728
reasoning,12,12,model.layers.12.mlp,20,0.006655092592592593,48.0,0.002826549388744213,47.0,0.011922697985061893,54.0,0.006655092592592593,0.005192572384163148,0.002852239407554258
reasoning,12,12,model.layers.12.mlp,21,0.014467592592592593,29.0,0.008476539894386573,25.0,0.0678475030042507,18.0,0.014467592592592593,0.01557200703590184,0.01623100090393468
reasoning,12,12,model.layers.12.mlp,22,0.015914351851851853,22.0,0.008023297345196759,29.0,0.08068718402474015,16.0,0.015914351851851853,0.014739368217127702,0.019302608037903055
reasoning,12,12,model.layers.12.mlp,23,0.01880787037037037,19.5,0.009737650553385416,20.0,0.04630965767083345,28.0,0.01880787037037037,0.017888757065944838,0.011078552079788575
reasoning,12,12,model.layers.12.mlp,24,0.005787037037037037,50.5,0.005213984736689815,35.0,0.041344501354076246,32.0,0.005787037037037037,0.009578461024950354,0.009890749241113522
reasoning,12,12,model.layers.12.mlp,25,0.019965277777777776,16.5,0.010046217176649306,18.0,0.08691126439306471,13.0,0.019965277777777776,0.018455615912641447,0.020791580359818995
reasoning,12,12,model.layers.12.mlp,26,0.001736111111111111,61.0,0.0005428172923900463,61.0,0.0020288523734995614,61.0,0.001736111111111111,0.000997193996798701,0.00048535765135171275
reasoning,12,12,model.layers.12.mlp,27,0.003472222222222222,54.5,0.001327797218605324,56.0,0.010670962433020273,55.0,0.003472222222222222,0.0024392579859224862,0.002552789612395226
reasoning,12,12,model.layers.12.mlp,28,0.003472222222222222,54.5,0.002044395164207176,55.0,0.01304521525485648,53.0,0.003472222222222222,0.0037556994101190016,0.003120776612520766
reasoning,12,12,model.layers.12.mlp,29,0.009259259259259259,41.0,0.004399900083188657,39.0,0.029742013525079797,42.0,0.009259259259259259,0.008082929580506285,0.007115112967092737
reasoning,12,12,model.layers.12.mlp,30,0.02546296296296296,12.0,0.012170014558015045,12.0,0.05944250303286093,24.0,0.02546296296296296,0.02235718284649831,0.014220292239760976
reasoning,12,12,model.layers.12.mlp,31,0.0023148148148148147,58.5,0.0006889060691550925,60.0,0.0033495908051177307,59.0,0.0023148148148148147,0.0012655694764160505,0.0008013148454744315
reasoning,12,12,model.layers.12.mlp,32,0.02806712962962963,11.0,0.011336997703269677,13.0,0.07685361747388486,17.0,0.02806712962962963,0.020826871601020657,0.018385512796412328
reasoning,12,12,model.layers.12.mlp,33,0.0023148148148148147,58.5,0.001033076533564815,58.0,0.00563802542509856,57.0,0.0023148148148148147,0.0018978351131161118,0.00134877175605782
reasoning,12,12,model.layers.12.mlp,34,0.01273148148148148,30.5,0.005850615324797454,34.0,0.03768598039944967,37.0,0.01273148148148148,0.010747996722393079,0.009015529751932209
reasoning,12,12,model.layers.12.mlp,35,0.040219907407407406,4.0,0.029074492277922453,4.0,0.28294298163166753,2.0,0.040219907407407406,0.05341191145893219,0.06768779376210571
reasoning,12,12,model.layers.12.mlp,36,0.004050925925925926,53.0,0.0024159749348958335,51.0,0.019477045370472804,47.0,0.004050925925925926,0.004438317893091563,0.004659448425011527
reasoning,12,12,model.layers.12.mlp,37,0.0,64.0,0.0,64.0,0.0,64.0,0.0,0.0,0.0
reasoning,12,12,model.layers.12.mlp,38,0.00028935185185185184,62.5,6.21654369212963e-05,62.0,0.00022942607325536233,63.0,0.00028935185185185184,0.00011420233175206362,5.4885067799188864e-05
reasoning,12,12,model.layers.12.mlp,39,0.005787037037037037,50.5,0.004157737449363426,41.0,0.02936444541922322,43.0,0.005787037037037037,0.007638059588181201,0.007024788224160473
reasoning,12,12,model.layers.12.mlp,40,0.007523148148148148,44.0,0.002780773021556713,49.0,0.014493484394969764,52.0,0.007523148148148148,0.005108477939872991,0.0034672426824783687
reasoning,12,12,model.layers.12.mlp,41,0.01273148148148148,30.5,0.006127251519097222,31.0,0.04793063827134945,26.0,0.01273148148148148,0.011256197098689762,0.011466335512151406
reasoning,12,12,model.layers.12.mlp,42,0.015625,23.0,0.008242571795428241,28.0,0.04606491934370111,29.0,0.015625,0.01514219098730771,0.011020003896981266
reasoning,12,12,model.layers.12.mlp,43,0.078125,1.0,0.04138211850766783,1.0,0.42588854719091346,1.0,0.078125,0.07602189673980893,0.10188433012778765
reasoning,12,12,model.layers.12.mlp,44,0.009837962962962963,40.0,0.008927521882233795,21.0,0.050389122079919885,25.0,0.009837962962962963,0.016400493042612263,0.012054472896024111
reasoning,12,12,model.layers.12.mlp,45,0.010416666666666666,38.0,0.0034987838179976853,44.0,0.032435482298886334,41.0,0.010416666666666666,0.006427514871609326,0.007759465259610191
reasoning,12,12,model.layers.12.mlp,46,0.01880787037037037,19.5,0.010316636827256944,15.0,0.08472314256208914,14.0,0.01880787037037037,0.018952396055762922,0.02026812104526974
reasoning,12,12,model.layers.12.mlp,47,0.010416666666666666,38.0,0.00848586470992477,24.0,0.06499084581931432,21.0,0.010416666666666666,0.015589137385664649,0.015547609426019434
reasoning,12,12,model.layers.12.mlp,48,0.022569444444444444,14.0,0.01236724853515625,11.0,0.11761677817062095,9.0,0.022569444444444444,0.02271951569905713,0.02813718925935462
reasoning,12,12,model.layers.12.mlp,49,0.011863425925925927,33.5,0.00633720115379051,30.0,0.04128892498987692,33.0,0.011863425925925927,0.011641889519106958,0.009877453836306952
reasoning,12,12,model.layers.12.mlp,50,0.028935185185185185,9.0,0.013686568648726851,10.0,0.13621839329048438,7.0,0.028935185185185185,0.0251432006397407,0.03258721053436356
reasoning,12,12,model.layers.12.mlp,51,0.014756944444444444,27.0,0.005118052164713542,37.0,0.038892674501295445,36.0,0.014756944444444444,0.009402226062996602,0.009304204385346564
reasoning,12,12,model.layers.12.mlp,52,0.0234375,13.0,0.011042842158564815,14.0,0.09628205166922675,11.0,0.0234375,0.02028648693123021,0.02303333208265597
reasoning,12,12,model.layers.12.mlp,53,0.012152777777777778,32.0,0.006011962890625,32.0,0.047521588978944,27.0,0.012152777777777778,0.01104440368344048,0.011368479597920181
reasoning,12,12,model.layers.12.mlp,54,0.03125,7.0,0.017561170789930556,8.0,0.09540962952154654,12.0,0.03125,0.03226112051694205,0.0228246245541457
reasoning,12,12,model.layers.12.mlp,55,0.02980324074074074,8.0,0.021423481128833913,6.0,0.11436867437980792,10.0,0.02980324074074074,0.03935645947854696,0.02736015291711139
reasoning,12,12,model.layers.12.mlp,56,0.0023148148148148147,58.5,0.0012079874674479167,57.0,0.004908145439845545,58.0,0.0023148148148148147,0.0022191589465457816,0.0011741642587168592
reasoning,12,12,model.layers.12.mlp,57,0.015335648148148149,24.0,0.00825641773365162,27.0,0.041136139520892394,34.0,0.015335648148148149,0.01516762696119794,0.009840903322649275
reasoning,12,12,model.layers.12.mlp,58,0.028356481481481483,10.0,0.01611808494285301,9.0,0.13059497983367355,8.0,0.028356481481481483,0.029610069115770278,0.031241934365615287
reasoning,12,12,model.layers.12.mlp,59,0.033275462962962965,6.0,0.03878614637586805,2.0,0.1785650341599076,6.0,0.033275462962962965,0.07125291118614435,0.04271769928922818
reasoning,12,12,model.layers.12.mlp,60,0.00318287037037037,56.0,0.0023815013744212963,52.0,0.028407902629287156,44.0,0.00318287037037037,0.004374987509119964,0.006795956709356872
reasoning,12,12,model.layers.12.mlp,61,0.004918981481481482,52.0,0.002140186451099537,54.0,0.0213534421528931,46.0,0.004918981481481482,0.003931674821318772,0.005108334478632335
reasoning,12,12,model.layers.12.mlp,62,0.006655092592592593,48.0,0.002906234176070602,46.0,0.019152468760256416,48.0,0.006655092592592593,0.005338959009408974,0.004581800714770987
reasoning,12,12,model.layers.12.mlp,63,0.01070601851851852,36.0,0.004312303331163194,40.0,0.04079438856354466,35.0,0.01070601851851852,0.007922008113037468,0.00975914703314686
reasoning,13,13,model.layers.13.mlp,0,0.016203703703703703,20.5,0.008574591742621528,21.0,0.07964277764161427,23.0,0.016203703703703703,0.015916703372471183,0.0162490954914112
reasoning,13,13,model.layers.13.mlp,1,0.018518518518518517,19.0,0.008443196614583334,23.0,0.12749473695401792,11.0,0.018518518518518517,0.015672799366269204,0.02601207814148004
reasoning,13,13,model.layers.13.mlp,2,0.021122685185185185,14.0,0.01784119782624421,8.0,0.06489367838259097,29.0,0.021122685185185185,0.0331179678442728,0.013239914629455089
reasoning,13,13,model.layers.13.mlp,3,0.025173611111111112,11.5,0.010744730631510416,16.0,0.10497981365080233,14.0,0.025173611111111112,0.019945053410387766,0.021418477195239434
reasoning,13,13,model.layers.13.mlp,4,0.020833333333333332,16.0,0.01275832564742477,12.0,0.08304723545357033,21.0,0.020833333333333332,0.023682816739840053,0.01694368904679782
reasoning,13,13,model.layers.13.mlp,5,0.041087962962962965,6.0,0.02495716236255787,6.0,0.18881656063927543,7.0,0.041087962962962965,0.04632707448552974,0.03852324611270594
reasoning,13,13,model.layers.13.mlp,6,0.0,63.0,0.0,63.0,0.0,63.0,0.0,0.0,0.0
reasoning,13,13,model.layers.13.mlp,7,0.004340277777777778,52.0,0.0009129842122395834,55.0,0.004667804369495975,56.0,0.004340277777777778,0.0016947394495453747,0.0009523474843691953
reasoning,13,13,model.layers.13.mlp,8,0.02228009259259259,13.0,0.010680869773582177,17.0,0.10111726544521472,15.0,0.02228009259259259,0.01982651081812616,0.02063042187507971
reasoning,13,13,model.layers.13.mlp,9,0.010416666666666666,36.5,0.003292648880570023,45.0,0.025922390597837942,44.0,0.010416666666666666,0.006112024585523825,0.005288808510488699
reasoning,13,13,model.layers.13.mlp,10,0.006655092592592593,46.5,0.004821494773582176,39.0,0.03636629962258869,38.0,0.006655092592592593,0.008949965715751386,0.007419624135860782
reasoning,13,13,model.layers.13.mlp,11,0.0,63.0,0.0,63.0,0.0,63.0,0.0,0.0,0.0
reasoning,13,13,model.layers.13.mlp,12,0.008391203703703705,41.0,0.004682752821180556,40.0,0.03354319902481856,41.0,0.008391203703703705,0.008692424066191876,0.0068436418239247185
reasoning,13,13,model.layers.13.mlp,13,0.006655092592592593,46.5,0.0020274409541377316,49.0,0.02081687127550443,47.0,0.006655092592592593,0.0037634650419337864,0.004247156354970524
reasoning,13,13,model.layers.13.mlp,14,0.008680555555555556,40.0,0.0028056391963252316,47.0,0.029336496911667013,43.0,0.008680555555555556,0.005208006188342936,0.005985370598778441
reasoning,13,13,model.layers.13.mlp,15,0.01273148148148148,31.5,0.005341989022714121,38.0,0.04299588804995572,34.0,0.01273148148148148,0.009916140295157942,0.008772224065383508
reasoning,13,13,model.layers.13.mlp,16,0.003472222222222222,54.5,0.0007345411512586805,57.0,0.003806218573892558,57.0,0.003472222222222222,0.0013635020733807496,0.0007765626827666925
reasoning,13,13,model.layers.13.mlp,17,0.014756944444444444,25.0,0.004550509982638889,41.0,0.01785388257768419,49.0,0.014756944444444444,0.008446946485756333,0.0036426334124445158
reasoning,13,13,model.layers.13.mlp,18,0.008101851851851851,42.5,0.005722893608940972,36.0,0.042462618814574346,36.0,0.008101851851851851,0.010623199650771424,0.008663423958394069
reasoning,13,13,model.layers.13.mlp,19,0.05700231481481482,2.0,0.0326150964807581,3.0,0.2990725288788478,2.0,0.05700231481481482,0.06054221958677678,0.061018189276098325
reasoning,13,13,model.layers.13.mlp,20,0.06105324074074074,1.0,0.028524610731336806,4.0,0.2486193025553668,6.0,0.06105324074074074,0.05294919938509964,0.05072448384973637
reasoning,13,13,model.layers.13.mlp,21,0.004050925925925926,53.0,0.0011116310402199073,54.0,0.006533361488470325,53.0,0.004050925925925926,0.0020634803449432076,0.0013329672551575132
reasoning,13,13,model.layers.13.mlp,22,0.025752314814814815,10.0,0.012728373209635416,13.0,0.13657010815761708,10.0,0.025752314814814815,0.023627217116920892,0.027863678219655026
reasoning,13,13,model.layers.13.mlp,23,0.008101851851851851,42.5,0.003975762261284722,43.0,0.024417922970045497,45.0,0.008101851851851851,0.007380063155401864,0.004981859922410288
reasoning,13,13,model.layers.13.mlp,24,0.006655092592592593,46.5,0.0025807133427372684,48.0,0.017327566527658038,50.0,0.006655092592592593,0.004790484491704707,0.003535251927157535
reasoning,13,13,model.layers.13.mlp,25,0.0008680555555555555,61.0,0.0001648090503833912,61.0,0.0006343980440524993,61.0,0.0008680555555555555,0.0003059290572415165,0.00012943288396796568
reasoning,13,13,model.layers.13.mlp,26,0.00318287037037037,56.0,0.0019093266239872686,50.0,0.019635000162654452,48.0,0.00318287037037037,0.003544213698724264,0.004006025430862658
reasoning,13,13,model.layers.13.mlp,27,0.03674768518518518,7.0,0.026019626193576388,5.0,0.25224004713473497,5.0,0.03674768518518518,0.0482992875249264,0.05146320525250952
reasoning,13,13,model.layers.13.mlp,28,0.011863425925925927,33.0,0.006475660536024306,32.0,0.042974407198252504,35.0,0.011863425925925927,0.01202053357017374,0.008767841440606994
reasoning,13,13,model.layers.13.mlp,29,0.004629629629629629,51.0,0.0014063517252604167,52.0,0.005168457722498311,54.0,0.004629629629629629,0.002610559653477973,0.001054493145054684
reasoning,13,13,model.layers.13.mlp,30,0.010416666666666666,36.5,0.005965056242766204,34.0,0.055180004349461305,32.0,0.010416666666666666,0.011072717356825398,0.011258084994544254
reasoning,13,13,model.layers.13.mlp,31,0.013020833333333334,29.0,0.006451076931423611,33.0,0.06674034727944268,27.0,0.013020833333333334,0.011974899917400465,0.01361668073599384
reasoning,13,13,model.layers.13.mlp,32,0.0546875,3.0,0.03632792720088252,1.0,0.2864345709482829,4.0,0.0546875,0.06743421246740243,0.05843973343476306
reasoning,13,13,model.layers.13.mlp,33,0.013020833333333334,29.0,0.007201583297164352,27.0,0.06993098612184878,26.0,0.013020833333333334,0.013368037638846617,0.01426764993576435
reasoning,13,13,model.layers.13.mlp,34,0.014467592592592593,26.0,0.006583884910300926,31.0,0.05921727750036451,30.0,0.014467592592592593,0.012221426547325049,0.012081788522931227
reasoning,13,13,model.layers.13.mlp,35,0.015625,22.0,0.008390073423032407,24.0,0.09684725271330939,16.0,0.015625,0.01557418871429937,0.01975923371860314
reasoning,13,13,model.layers.13.mlp,36,0.019386574074074073,18.0,0.008265177408854166,25.0,0.08641576380641372,19.0,0.019386574074074073,0.015342348777221359,0.01763095210431176
reasoning,13,13,model.layers.13.mlp,37,0.013020833333333334,29.0,0.007234078866464121,26.0,0.08750489188565148,18.0,0.013020833333333334,0.013428357984466462,0.01785316115685822
reasoning,13,13,model.layers.13.mlp,38,0.016203703703703703,20.5,0.008643821433738427,20.0,0.06630005880638405,28.0,0.016203703703703703,0.016045211934878678,0.013526851003099654
reasoning,13,13,model.layers.13.mlp,39,0.009837962962962963,38.0,0.008858009620949073,19.0,0.07518067955970764,25.0,0.009837962962962963,0.016442801691225133,0.01533871717498419
reasoning,13,13,model.layers.13.mlp,40,0.003472222222222222,54.5,0.0013755515769675927,53.0,0.013626840517476754,51.0,0.003472222222222222,0.0025533864563252505,0.0027802123352741338
reasoning,13,13,model.layers.13.mlp,41,0.025173611111111112,11.5,0.013279950177228009,11.0,0.15448948520201225,9.0,0.025173611111111112,0.024651089418224692,0.0315196741224001
reasoning,13,13,model.layers.13.mlp,42,0.0023148148148148147,57.0,0.0004024505615234375,59.0,0.003062748376073109,58.0,0.0023148148148148147,0.0007470543673831631,0.0006248763830528778
reasoning,13,13,model.layers.13.mlp,43,0.001736111111111111,60.0,0.00016523290563512732,60.0,0.0006695689323047797,60.0,0.001736111111111111,0.0003067158443582971,0.0001366086146324678
reasoning,13,13,model.layers.13.mlp,44,0.004918981481481482,50.0,0.0017530653211805555,51.0,0.013613104268356605,52.0,0.004918981481481482,0.0032541515150044894,0.0027774098008792204
reasoning,13,13,model.layers.13.mlp,45,0.015335648148148149,23.5,0.005748183638961227,35.0,0.029750540852546692,42.0,0.015335648148148149,0.010670144615406,0.006069845798315917
reasoning,13,13,model.layers.13.mlp,46,0.03211805555555555,9.0,0.013965465404369213,10.0,0.0810445773380774,22.0,0.03211805555555555,0.025923586448431152,0.0165350972834401
reasoning,13,13,model.layers.13.mlp,47,0.002025462962962963,58.5,0.000758983470775463,56.0,0.0050847551750916025,55.0,0.002025462962962963,0.0014088734637817632,0.0010374157561694511
reasoning,13,13,model.layers.13.mlp,48,0.01070601851851852,35.0,0.005411218713831018,37.0,0.0479631056940114,33.0,0.01070601851851852,0.010044648857565437,0.009785659259571287
reasoning,13,13,model.layers.13.mlp,49,0.020833333333333332,16.0,0.009677463107638888,18.0,0.08458044214381112,20.0,0.020833333333333332,0.01796392345033426,0.01725650111407529
reasoning,13,13,model.layers.13.mlp,50,0.006655092592592593,46.5,0.0034612019856770835,44.0,0.034227531748237436,39.0,0.006655092592592593,0.006424903595630237,0.0069832626169207745
reasoning,13,13,model.layers.13.mlp,51,0.006076388888888889,49.0,0.006630226417824074,30.0,0.037043503727074024,37.0,0.006076388888888889,0.012307448605426392,0.007557790514367503
reasoning,13,13,model.layers.13.mlp,52,0.0,63.0,0.0,63.0,0.0,63.0,0.0,0.0,0.0
reasoning,13,13,model.layers.13.mlp,53,0.01099537037037037,34.0,0.00433829978660301,42.0,0.03408383591859429,40.0,0.01099537037037037,0.008053028402621521,0.006953945115362806
reasoning,13,13,model.layers.13.mlp,54,0.035590277777777776,8.0,0.01568123146339699,9.0,0.15720176034503514,8.0,0.035590277777777776,0.02910850069715895,0.03207304530184691
reasoning,13,13,model.layers.13.mlp,55,0.05005787037037037,4.0,0.03420610781069155,2.0,0.41844785654986344,1.0,0.05005787037037037,0.06349555616079883,0.0853737072035808
reasoning,13,13,model.layers.13.mlp,56,0.007233796296296296,44.0,0.0031031855830439816,46.0,0.023865001207148587,46.0,0.007233796296296296,0.005760330744322905,0.004869050213976703
reasoning,13,13,model.layers.13.mlp,57,0.013888888888888888,27.0,0.008464106807002315,22.0,0.0757622613951012,24.0,0.013888888888888888,0.01571161419736371,0.015457374246713972
reasoning,13,13,model.layers.13.mlp,58,0.01273148148148148,31.5,0.007107487431278935,28.0,0.08928270831152245,17.0,0.01273148148148148,0.013193370898921327,0.018215879657212008
reasoning,13,13,model.layers.13.mlp,59,0.015335648148148149,23.5,0.010999043782552084,15.0,0.11346274000351075,13.0,0.015335648148148149,0.020417125680456116,0.02314920387797814
reasoning,13,13,model.layers.13.mlp,60,0.020833333333333332,16.0,0.011414704499421295,14.0,0.11965038806751922,12.0,0.020833333333333332,0.021188701579645607,0.024411637048149044
reasoning,13,13,model.layers.13.mlp,61,0.009259259259259259,39.0,0.006826895254629629,29.0,0.05918433696583465,31.0,0.009259259259259259,0.012672517827612582,0.012075067839562768
reasoning,13,13,model.layers.13.mlp,62,0.002025462962962963,58.5,0.0004741527416087963,58.0,0.0030110263507123346,59.0,0.002025462962962963,0.0008801525213052116,0.0006143238112568726
reasoning,13,13,model.layers.13.mlp,63,0.041666666666666664,5.0,0.023146735297309026,7.0,0.2915500380374767,3.0,0.041666666666666664,0.04296644444738761,0.05948341518063991
reasoning,14,14,model.layers.14.mlp,0,0.011284722222222222,37.5,0.005510683412905093,41.0,0.06662594664979864,34.0,0.011284722222222222,0.010358472627223524,0.01034069222839977
reasoning,14,14,model.layers.14.mlp,1,0.03414351851851852,3.0,0.019164897777416087,5.0,0.15938217330861976,16.0,0.03414351851851852,0.03602440099643599,0.02473693934197767
reasoning,14,14,model.layers.14.mlp,2,0.007523148148148148,50.0,0.0026180126048900463,51.0,0.040812648004955716,44.0,0.007523148148148148,0.0049210977792649956,0.006334334493790437
reasoning,14,14,model.layers.14.mlp,3,0.006944444444444444,51.5,0.00264598705150463,50.0,0.024259037441677518,50.0,0.006944444444444444,0.0049736815547800775,0.0037651283404672178
reasoning,14,14,model.layers.14.mlp,4,0.009259259259259259,46.5,0.00235748291015625,53.0,0.016553711973958544,54.0,0.009259259259259259,0.0044313781729528184,0.0025692218927863995
reasoning,14,14,model.layers.14.mlp,5,0.009837962962962963,43.0,0.003490589283130787,48.0,0.0283627109947028,49.0,0.009837962962962963,0.006561286655937451,0.004402039744378751
reasoning,14,14,model.layers.14.mlp,6,0.0,63.0,0.0,63.0,0.0,63.0,0.0,0.0,0.0
reasoning,14,14,model.layers.14.mlp,7,0.0234375,13.0,0.011620133011429399,14.0,0.23916377623875937,6.0,0.0234375,0.02184245051016885,0.037119457608102216
reasoning,14,14,model.layers.14.mlp,8,0.030960648148148147,6.0,0.012454562717013888,12.0,0.109696916408009,24.0,0.030960648148148147,0.023410934238411653,0.017025529962704795
reasoning,14,14,model.layers.14.mlp,9,0.03153935185185185,4.0,0.027047899034288194,2.0,0.2471495204501682,5.0,0.03153935185185185,0.050842137132112754,0.038358886498155415
reasoning,14,14,model.layers.14.mlp,10,0.017939814814814815,24.5,0.009064003273292823,25.0,0.16578638332861442,15.0,0.017939814814814815,0.01703767441613419,0.025730905928762357
reasoning,14,14,model.layers.14.mlp,11,0.030960648148148147,6.0,0.0170000570791739,7.0,0.28375085194905597,4.0,0.030960648148148147,0.03195513382305294,0.04403960284383118
reasoning,14,14,model.layers.14.mlp,12,0.020833333333333332,18.0,0.008984353807237413,27.0,0.06081968987429583,37.0,0.020833333333333332,0.016887956721959304,0.009439531084226866
reasoning,14,14,model.layers.14.mlp,13,0.015625,30.5,0.007729424370659722,30.0,0.06105635604924626,36.0,0.015625,0.01452905651959144,0.009476262901170474
reasoning,14,14,model.layers.14.mlp,14,0.00636574074074074,53.0,0.0017304597077546296,56.0,0.012734665569883806,57.0,0.00636574074074074,0.0032527579924683035,0.001976486097554992
reasoning,14,14,model.layers.14.mlp,15,0.026331018518518517,10.0,0.013481705277054399,10.0,0.22964972699130023,7.0,0.026331018518518517,0.025341661753536127,0.035642827855568555
reasoning,14,14,model.layers.14.mlp,16,0.02025462962962963,21.0,0.01055908203125,19.0,0.14309295680787829,18.0,0.02025462962962963,0.019847985085329128,0.0222087685174593
reasoning,14,14,model.layers.14.mlp,17,0.01099537037037037,39.5,0.006888212981047454,33.0,0.0689518126072707,32.0,0.01099537037037037,0.012947825209405591,0.01070167867947639
reasoning,14,14,model.layers.14.mlp,18,0.009548611111111112,44.5,0.004864162868923611,42.0,0.05116098843238972,39.0,0.009548611111111112,0.00914320314865274,0.00794045056141295
reasoning,14,14,model.layers.14.mlp,19,0.006944444444444444,51.5,0.006504200122974537,34.0,0.049241584760171396,43.0,0.006944444444444444,0.012225993381880374,0.0076425491636167514
reasoning,14,14,model.layers.14.mlp,20,0.01765046296296296,26.5,0.010600337275752315,18.0,0.1729475579879902,13.0,0.01765046296296296,0.019925532875482682,0.026842357350768446
reasoning,14,14,model.layers.14.mlp,21,0.020543981481481483,19.5,0.011744181315104166,13.0,0.1691461542138347,14.0,0.020543981481481483,0.022075625029877144,0.026252359783138564
reasoning,14,14,model.layers.14.mlp,22,0.01099537037037037,39.5,0.005549430847167969,40.0,0.03750036436098593,48.0,0.01099537037037037,0.010431306467804389,0.005820250905372748
reasoning,14,14,model.layers.14.mlp,23,0.022569444444444444,15.5,0.00966079146773727,23.0,0.10989334572244573,23.0,0.022569444444444444,0.018159461627122606,0.01705601681035744
reasoning,14,14,model.layers.14.mlp,24,0.015335648148148149,32.5,0.008636474609375,28.0,0.10220524779072514,28.0,0.015335648148148149,0.0162340456044744,0.01586278416555029
reasoning,14,14,model.layers.14.mlp,25,0.026041666666666668,11.0,0.011580290617766205,15.0,0.12658086639863472,20.0,0.026041666666666668,0.02176755846625343,0.019646006507232534
reasoning,14,14,model.layers.14.mlp,26,0.008969907407407407,48.0,0.004333778663917824,45.0,0.019333863699877704,52.0,0.008969907407407407,0.00814623601085669,0.0030007158495941612
reasoning,14,14,model.layers.14.mlp,27,0.0026041666666666665,59.0,0.001544528537326389,58.0,0.00965911039599666,58.0,0.0026041666666666665,0.002903261787529678,0.0014991439946082919
reasoning,14,14,model.layers.14.mlp,28,0.0,63.0,0.0,63.0,0.0,63.0,0.0,0.0,0.0
reasoning,14,14,model.layers.14.mlp,29,0.004918981481481482,55.5,0.0018550731517650463,55.0,0.01494344216943891,56.0,0.004918981481481482,0.0034869948106718506,0.0023192996734332384
reasoning,14,14,model.layers.14.mlp,30,0.017939814814814815,24.5,0.0128173828125,11.0,0.19498349836579076,11.0,0.017939814814814815,0.024092929872364836,0.030262449505074694
reasoning,14,14,model.layers.14.mlp,31,0.01244212962962963,35.5,0.006481029369212963,35.0,0.09998745167696918,29.0,0.01244212962962963,0.012182439143574954,0.015518570714321814
reasoning,14,14,model.layers.14.mlp,32,0.005497685185185185,54.0,0.002266495316116898,54.0,0.019573844624338328,51.0,0.005497685185185185,0.004260348115216895,0.0030379621328414054
reasoning,14,14,model.layers.14.mlp,33,0.02806712962962963,9.0,0.018721403899016203,6.0,0.19557440981130908,10.0,0.02806712962962963,0.03519076225228527,0.03035416202398961
reasoning,14,14,model.layers.14.mlp,34,0.01244212962962963,35.5,0.005789015028211806,39.0,0.0501994788646698,41.0,0.01244212962962963,0.010881654636136207,0.007791219293199767
reasoning,14,14,model.layers.14.mlp,35,0.009259259259259259,46.5,0.006214000560619213,37.0,0.06397171925615382,35.0,0.009259259259259259,0.011680503104567353,0.00992874238060047
reasoning,14,14,model.layers.14.mlp,36,0.0,63.0,0.0,63.0,0.0,63.0,0.0,0.0,0.0
reasoning,14,14,model.layers.14.mlp,37,0.018229166666666668,23.0,0.00811696935583044,29.0,0.10808022104902193,25.0,0.018229166666666668,0.015257527712711995,0.016774610463995983
reasoning,14,14,model.layers.14.mlp,38,0.022569444444444444,15.5,0.01104538529007523,17.0,0.21019456342414575,8.0,0.022569444444444444,0.02076209294049535,0.032623285637901185
reasoning,14,14,model.layers.14.mlp,39,0.015335648148148149,32.5,0.007040518301504629,32.0,0.07874335238227138,30.0,0.015335648148148149,0.013234114653876593,0.012221376400059887
reasoning,14,14,model.layers.14.mlp,40,0.003761574074074074,57.5,0.0012048791956018518,59.0,0.0077136558377080494,59.0,0.003761574074074074,0.002264820391881915,0.0011971993642776889
reasoning,14,14,model.layers.14.mlp,41,0.01070601851851852,41.0,0.004149260344328704,46.0,0.04961732692188687,42.0,0.01070601851851852,0.007799395552156201,0.007700866294508055
reasoning,14,14,model.layers.14.mlp,42,0.02980324074074074,8.0,0.01572135642722801,8.0,0.20675751898023817,9.0,0.02980324074074074,0.029551550690228447,0.03208983852672401
reasoning,14,14,model.layers.14.mlp,43,0.015625,30.5,0.005880850332754629,38.0,0.06989016825402225,31.0,0.015625,0.011054278141615012,0.01084731633915335
reasoning,14,14,model.layers.14.mlp,44,0.021701388888888888,17.0,0.010106687192563657,21.0,0.1855765249994066,12.0,0.021701388888888888,0.018997615139878153,0.02880243848423577
reasoning,14,14,model.layers.14.mlp,45,0.02546296296296296,12.0,0.010331895616319444,20.0,0.15084138843748304,17.0,0.02546296296296296,0.019420941090236947,0.023411365264875018
reasoning,14,14,model.layers.14.mlp,46,0.018518518518518517,22.0,0.00904987476490162,26.0,0.11872683189533374,22.0,0.018518518518518517,0.017011116953752833,0.01842701964650155
reasoning,14,14,model.layers.14.mlp,47,0.01765046296296296,26.5,0.013832657425491899,9.0,0.10595145600813406,26.0,0.01765046296296296,0.02600134911908897,0.016444215096706072
reasoning,14,14,model.layers.14.mlp,48,0.020543981481481483,19.5,0.009958620424623843,22.0,0.12336247938650625,21.0,0.020543981481481483,0.01871929293412156,0.019146496162723226
reasoning,14,14,model.layers.14.mlp,49,0.009548611111111112,44.5,0.00371692798755787,47.0,0.03940714757751535,46.0,0.009548611111111112,0.006986737203286752,0.006116193543036846
reasoning,14,14,model.layers.14.mlp,50,0.003761574074074074,57.5,0.0017072889539930555,57.0,0.015249518263671134,55.0,0.003761574074074074,0.003209203754162882,0.00236680426958648
reasoning,14,14,model.layers.14.mlp,51,0.0008680555555555555,60.0,0.0002701370804398148,60.0,0.0021723108021197497,60.0,0.0008680555555555555,0.0005077786807314987,0.0003371538951216756
reasoning,14,14,model.layers.14.mlp,52,0.030960648148148147,6.0,0.026469477900752315,3.0,0.29088332124606325,3.0,0.030960648148148147,0.0497548746222201,0.04514659904482379
reasoning,14,14,model.layers.14.mlp,53,0.01678240740740741,28.5,0.00960399486400463,24.0,0.13161449962192112,19.0,0.01678240740740741,0.01805270062834956,0.02042725247175512
reasoning,14,14,model.layers.14.mlp,54,0.0078125,49.0,0.004480715151186343,44.0,0.05198012954658932,38.0,0.0078125,0.008422433619622778,0.008067585507773855
reasoning,14,14,model.layers.14.mlp,55,0.00028935185185185184,61.0,9.381329571759259e-05,61.0,0.00123019571657534,61.0,0.00028935185185185184,0.00017634155021219414,0.0001909327510596767
reasoning,14,14,model.layers.14.mlp,56,0.004918981481481482,55.5,0.002792640968605324,49.0,0.03755362097311903,47.0,0.004918981481481482,0.005249348014298538,0.00582851660759369
reasoning,14,14,model.layers.14.mlp,57,0.01678240740740741,28.5,0.007517496744791667,31.0,0.06881950685271511,33.0,0.01678240740740741,0.014130694583871123,0.010681144140656297
reasoning,14,14,model.layers.14.mlp,58,0.010416666666666666,42.0,0.0025842454698350695,52.0,0.018760156783240813,53.0,0.010416666666666666,0.004857625444173558,0.0029116735627291203
reasoning,14,14,model.layers.14.mlp,59,0.011284722222222222,37.5,0.00452903464988426,43.0,0.05041865480166895,40.0,0.011284722222222222,0.00851326014096701,0.00782523653456509
reasoning,14,14,model.layers.14.mlp,60,0.038483796296296294,2.0,0.029761137785734953,1.0,0.3981167475382487,1.0,0.038483796296296294,0.055942232207828076,0.06178978257379858
reasoning,14,14,model.layers.14.mlp,61,0.01273148148148148,34.0,0.006297358760127315,36.0,0.039941171529116457,45.0,0.01273148148148148,0.011837192132617344,0.006199076828059822
reasoning,14,14,model.layers.14.mlp,62,0.04658564814814815,1.0,0.022762722439236112,4.0,0.3324700318000935,2.0,0.04658564814814815,0.04278725879184792,0.051601072058034936
reasoning,14,14,model.layers.14.mlp,63,0.022858796296296297,14.0,0.011461611147280093,16.0,0.10425949317437631,27.0,0.022858796296296297,0.021544475782250053,0.016181613695817262
reasoning,15,15,model.layers.15.mlp,0,0.00636574074074074,48.5,0.0033690841109664353,47.0,0.06574580514872516,41.0,0.00636574074074074,0.006635493629970637,0.006713155413478207
reasoning,15,15,model.layers.15.mlp,1,0.015914351851851853,22.5,0.013015464500144677,13.0,0.4477086243806062,4.0,0.015914351851851853,0.02563427594481905,0.04571451469219442
reasoning,15,15,model.layers.15.mlp,2,0.02459490740740741,13.5,0.012258741590711806,15.0,0.311247984568278,12.0,0.02459490740740741,0.02414389165050878,0.031780827503931366
reasoning,15,15,model.layers.15.mlp,3,0.03877314814814815,5.0,0.01883075855396412,5.0,0.408526090560136,6.0,0.03877314814814815,0.03708763993918253,0.041713674814491855
reasoning,15,15,model.layers.15.mlp,4,0.0078125,43.0,0.005339445891203704,38.0,0.12509134204851258,28.0,0.0078125,0.010516169389576882,0.012772793916700699
reasoning,15,15,model.layers.15.mlp,5,0.013310185185185185,31.5,0.005268520779079861,40.0,0.06847914942988644,38.0,0.013310185185185185,0.010376480645039213,0.006992251013820601
reasoning,15,15,model.layers.15.mlp,6,0.008969907407407407,40.0,0.007025824652777778,30.0,0.1472947867932143,26.0,0.008969907407407407,0.01383753364216975,0.015039937424162163
reasoning,15,15,model.layers.15.mlp,7,0.026909722222222224,12.0,0.011677777325665509,17.0,0.43659634281087806,5.0,0.026909722222222224,0.022999668308797832,0.04457986476270974
reasoning,15,15,model.layers.15.mlp,8,0.005497685185185185,52.0,0.0017996893988715278,55.0,0.020453922312568734,56.0,0.005497685185185185,0.0035445323265355187,0.002088503730220817
reasoning,15,15,model.layers.15.mlp,9,0.01099537037037037,36.5,0.004106027108651621,44.0,0.04239151102525217,49.0,0.01099537037037037,0.008086920903891917,0.004328501279753676
reasoning,15,15,model.layers.15.mlp,10,0.014467592592592593,26.5,0.008015950520833334,27.0,0.159035826170886,23.0,0.014467592592592593,0.01578761077707012,0.016238788390847844
reasoning,15,15,model.layers.15.mlp,11,0.004050925925925926,56.5,0.001590304904513889,57.0,0.018103500207265217,57.0,0.004050925925925926,0.0031321444392749098,0.0018485074468916577
reasoning,15,15,model.layers.15.mlp,12,0.007523148148148148,44.0,0.002884476273148148,48.0,0.047278526756498546,47.0,0.007523148148148148,0.005681046630440348,0.004827503399170354
reasoning,15,15,model.layers.15.mlp,13,0.014178240740740741,28.0,0.008387812861689815,26.0,0.2240523453112002,19.0,0.014178240740740741,0.016520002760383158,0.022877478060020946
reasoning,15,15,model.layers.15.mlp,14,0.00028935185185185184,63.5,7.911964699074074e-05,63.0,0.0009312978083336795,63.0,0.00028935185185185184,0.00015582808155596565,9.509271214236333e-05
reasoning,15,15,model.layers.15.mlp,15,0.013599537037037037,29.5,0.005527072482638889,37.0,0.09880957117787113,33.0,0.013599537037037037,0.010885704554409601,0.010089221755755592
reasoning,15,15,model.layers.15.mlp,16,0.0026041666666666665,60.0,0.0006476508246527778,60.0,0.008247660335015368,60.0,0.0026041666666666665,0.0012755641533081189,0.0008421499364299976
reasoning,15,15,model.layers.15.mlp,17,0.05179398148148148,2.0,0.023580763075086806,2.0,0.47549938493304783,1.0,0.05179398148148148,0.046442890121167466,0.04855216637545041
reasoning,15,15,model.layers.15.mlp,18,0.0014467592592592592,62.0,0.00040294505931712964,62.0,0.006023639468131242,61.0,0.0014467592592592592,0.0007936101582100251,0.0006150601975723213
reasoning,15,15,model.layers.15.mlp,19,0.006944444444444444,45.5,0.00233600757740162,50.0,0.028829379421141412,52.0,0.006944444444444444,0.004600824107939886,0.0029437027060578245
reasoning,15,15,model.layers.15.mlp,20,0.01273148148148148,33.0,0.008392899124710649,25.0,0.14524738738934198,27.0,0.01273148148148148,0.016530020279911756,0.014830882103285559
reasoning,15,15,model.layers.15.mlp,21,0.02228009259259259,16.0,0.010435881438078705,19.0,0.2372845941119724,17.0,0.02228009259259259,0.02055372395723187,0.02422859304702962
reasoning,15,15,model.layers.15.mlp,22,0.01070601851851852,38.0,0.006047566731770833,33.0,0.07839681152944211,36.0,0.01070601851851852,0.011910830719502774,0.008004921052039319
reasoning,15,15,model.layers.15.mlp,23,0.020833333333333332,17.0,0.011679755316840278,16.0,0.15967429567266395,22.0,0.020833333333333332,0.02300356401083673,0.01630398106713351
reasoning,15,15,model.layers.15.mlp,24,0.027777777777777776,11.0,0.013405976472077545,12.0,0.23903697066836888,16.0,0.027777777777777776,0.02640339883307028,0.02440752425244134
reasoning,15,15,model.layers.15.mlp,25,0.004629629629629629,54.0,0.0016016077112268518,56.0,0.02704495122587239,53.0,0.004629629629629629,0.0031544055937829047,0.0027614987803178466
reasoning,15,15,model.layers.15.mlp,26,0.041666666666666664,3.0,0.018035323531539353,6.0,0.3573640717400445,9.0,0.041666666666666664,0.03552101119068237,0.036489636827130904
reasoning,15,15,model.layers.15.mlp,27,0.006076388888888889,50.5,0.003387451171875,46.0,0.05040277651062718,46.0,0.006076388888888889,0.006671668006046129,0.005146513472931589
reasoning,15,15,model.layers.15.mlp,28,0.014467592592592593,26.5,0.006093343098958333,32.0,0.11681344442897373,30.0,0.014467592592592593,0.012000988395260155,0.011927556519560038
reasoning,15,15,model.layers.15.mlp,29,0.014756944444444444,24.5,0.0092315673828125,24.0,0.3542065487967597,10.0,0.014756944444444444,0.01818179794440499,0.036167229303305716
reasoning,15,15,model.layers.15.mlp,30,0.002025462962962963,61.0,0.000515125415943287,61.0,0.00553088938748395,62.0,0.002025462962962963,0.0010145521167018764,0.0005647466016872866
reasoning,15,15,model.layers.15.mlp,31,0.006944444444444444,45.5,0.004370795355902778,41.0,0.0667562026668478,40.0,0.006944444444444444,0.008608388448241702,0.006816324818023577
reasoning,15,15,model.layers.15.mlp,32,0.006076388888888889,50.5,0.0023238570601851853,51.0,0.020834226299215247,55.0,0.006076388888888889,0.004576893366843791,0.0021273357098573593
reasoning,15,15,model.layers.15.mlp,33,0.011863425925925927,34.0,0.005873503508391204,35.0,0.05439395816237838,43.0,0.011863425925925927,0.01156800894007965,0.005554044001320715
reasoning,15,15,model.layers.15.mlp,34,0.05873842592592592,1.0,0.027287235966435185,1.0,0.3850342388506289,8.0,0.05873842592592592,0.053742879213201755,0.0393149749868822
reasoning,15,15,model.layers.15.mlp,35,0.017939814814814815,21.0,0.009475142867476851,21.0,0.12416133836463646,29.0,0.017939814814814815,0.018661525824052286,0.012677833344678735
reasoning,15,15,model.layers.15.mlp,36,0.018518518518518517,20.0,0.010008070203993056,20.0,0.2947146980850785,13.0,0.018518518518518517,0.019711139259104254,0.030092651027786577
reasoning,15,15,model.layers.15.mlp,37,0.011284722222222222,35.0,0.004332930953414352,42.0,0.05200775961081187,45.0,0.011284722222222222,0.00853381358063992,0.005310394666008055
reasoning,15,15,model.layers.15.mlp,38,0.040219907407407406,4.0,0.019417374222366897,4.0,0.40524945435700593,7.0,0.040219907407407406,0.03824299385814747,0.041379104905198284
reasoning,15,15,model.layers.15.mlp,39,0.029513888888888888,9.0,0.01500136763961227,10.0,0.19645852043672843,20.0,0.029513888888888888,0.029545560791873787,0.020059935033274374
reasoning,15,15,model.layers.15.mlp,40,0.004050925925925926,56.5,0.0019658406575520835,54.0,0.029602462494814838,51.0,0.004050925925925926,0.0038717712978030465,0.003022640469605766
reasoning,15,15,model.layers.15.mlp,41,0.006655092592592593,47.0,0.00215911865234375,53.0,0.034411242300713504,50.0,0.006655092592592593,0.004252437039889763,0.0035136540956944152
reasoning,15,15,model.layers.15.mlp,42,0.004629629629629629,54.0,0.00225208423755787,52.0,0.024925854470994737,54.0,0.004629629629629629,0.004435535035718022,0.0025451226051457507
reasoning,15,15,model.layers.15.mlp,43,0.008101851851851851,42.0,0.005957709418402778,34.0,0.0966791930022063,34.0,0.008101851851851851,0.011733854541164214,0.009871693660231197
reasoning,15,15,model.layers.15.mlp,44,0.013599537037037037,29.5,0.00616737648292824,31.0,0.06997887072739778,37.0,0.013599537037037037,0.012146798957287522,0.007145384162381518
reasoning,15,15,model.layers.15.mlp,45,0.03616898148148148,6.0,0.01951316550925926,3.0,0.2647058676790308,14.0,0.03616898148148148,0.03843165714260273,0.027028517250174536
reasoning,15,15,model.layers.15.mlp,46,0.013310185185185185,31.5,0.007454201027199074,29.0,0.10957058050014355,31.0,0.013310185185185185,0.014681231398022764,0.011188004070808026
reasoning,15,15,model.layers.15.mlp,47,0.00636574074074074,48.5,0.0026911982783564816,49.0,0.044663059490698355,48.0,0.00636574074074074,0.0053003808883536315,0.004560443954169062
reasoning,15,15,model.layers.15.mlp,48,0.02025462962962963,18.0,0.011029561360677084,18.0,0.14927147363347035,25.0,0.02025462962962963,0.02172299109776431,0.01524177244515549
reasoning,15,15,model.layers.15.mlp,49,0.003761574074074074,58.5,0.001175209327980324,59.0,0.018010172027128714,58.0,0.003761574074074074,0.00231460353996879,0.0018389779175734576
reasoning,15,15,model.layers.15.mlp,50,0.003761574074074074,58.5,0.0014207628038194445,58.0,0.016651988857322268,59.0,0.003761574074074074,0.0027982271216549833,0.0017002969070016687
reasoning,15,15,model.layers.15.mlp,51,0.009259259259259259,39.0,0.00366069652416088,45.0,0.05375436500266746,44.0,0.009259259259259259,0.007209831416276911,0.005488736590865795
reasoning,15,15,model.layers.15.mlp,52,0.03009259259259259,8.0,0.017136185257523147,8.0,0.46384638327139394,2.0,0.03009259259259259,0.033750136349571365,0.047362304740761474
reasoning,15,15,model.layers.15.mlp,53,0.024305555555555556,15.0,0.01695618806061921,9.0,0.18959974028446056,21.0,0.024305555555555556,0.03339562746403154,0.01935960050995541
reasoning,15,15,model.layers.15.mlp,54,0.02459490740740741,13.5,0.013749864366319444,11.0,0.23505325008321692,18.0,0.02459490740740741,0.02708069445897603,0.024000755556681956
reasoning,15,15,model.layers.15.mlp,55,0.015914351851851853,22.5,0.009397718641493056,22.0,0.15400975942611694,24.0,0.015914351851851853,0.01850903691567252,0.015725588087044075
reasoning,15,15,model.layers.15.mlp,56,0.01880787037037037,19.0,0.009286668565538194,23.0,0.24523862423720183,15.0,0.01880787037037037,0.01829032107263147,0.025040761067078397
reasoning,15,15,model.layers.15.mlp,57,0.004629629629629629,54.0,0.005315992567274306,39.0,0.05811750005792688,42.0,0.004629629629629629,0.010469977493972792,0.005934246439740454
reasoning,15,15,model.layers.15.mlp,58,0.033854166666666664,7.0,0.017255147298177082,7.0,0.4478124159353751,3.0,0.033854166666666664,0.03398443500076801,0.04572511261302289
reasoning,15,15,model.layers.15.mlp,59,0.00028935185185185184,63.5,6.668655960648148e-05,64.0,0.0009140327434848856,64.0,0.00028935185185185184,0.00013134081159717106,9.332981543296041e-05
reasoning,15,15,model.layers.15.mlp,60,0.028356481481481483,10.0,0.012434782805266205,14.0,0.32230375872717965,11.0,0.028356481481481483,0.024490609131970802,0.03290970758954489
reasoning,15,15,model.layers.15.mlp,61,0.014756944444444444,24.5,0.007845278139467593,28.0,0.10703233491491389,32.0,0.014756944444444444,0.015451467343999395,0.0109288295568953
reasoning,15,15,model.layers.15.mlp,62,0.008391203703703705,41.0,0.004208882649739583,43.0,0.06690401942641647,39.0,0.008391203703703705,0.008289497409914673,0.006831418052906876
reasoning,15,15,model.layers.15.mlp,63,0.01099537037037037,36.5,0.005576239691840278,36.0,0.07956032510156985,35.0,0.01099537037037037,0.01098254057651938,0.008123724790433206
